order_id,line_no,product_id,unit_price,quantity,discount
100001,1,1,27.27,3,0.0
100002,1,45,12.54,1,0.0
100002,2,56,30.7,9,0.0
100002,3,112,73.05,2,0.2
100002,4,53,28.73,4,0.0
100003,1,63,43.25,1,0.05
100004,1,44,14.29,5,0.0
100004,2,13,35.55,1,0.0
100004,3,4,6.51,4,0.0
100005,1,21,30.57,6,0.0
100005,2,70,12.9,6,0.0
100005,3,61,23.62,4,0.03
100005,4,3,58.65,4,0.0
100005,5,2,28.65,2,0.05
100005,6,66,8.32,4,0.0
100006,1,67,33.94,3,0.0
100007,1,4,7.16,5,0.0
100007,2,60,11.7,7,0.05
100007,3,72,8.06,5,0.05
100007,4,81,25.59,3,0.0
100007,5,98,12.15,8,0.05
100008,1,78,9.94,2,0.15
100008,2,90,51.32,14,0.0
100008,3,95,20.4,1,0.0
100009,1,59,21.43,3,0.0
100009,2,97,15.42,2,0.0
100009,3,34,24.84,2,0.15
100010,1,40,23.15,9,0.0
100010,2,59,23.29,4,0.0
100010,3,108,31.0,7,0.0
100010,4,32,18.26,3,0.0
100011,1,25,12.16,5,0.0
100011,2,79,20.07,2,0.0
100011,3,94,29.05,1,0.03
100012,1,76,23.1,13,0.0
100012,2,58,7.55,5,0.05
100012,3,92,24.59,6,0.0
100013,1,33,12.24,2,0.0
100013,2,110,27.41,5,0.1
100013,3,107,40.39,4,0.03
100013,4,75,16.01,2,0.0
100014,1,71,6.51,5,0.1
100014,2,53,22.89,2,0.0
100015,1,58,6.81,5,0.1
100015,2,5,24.35,10,0.05
100015,3,63,37.66,6,0.0
100015,4,25,11.89,2,0.0
100015,5,94,29.64,8,0.0
100016,1,83,31.58,10,0.1
100016,2,108,37.53,5,0.03
100016,3,9,24.67,3,0.0
100017,1,71,6.89,2,0.15
100017,2,97,14.54,10,0.0
100017,3,106,22.5,1,0.0
100017,4,20,31.4,11,0.0
100018,1,104,23.34,4,0.0
100018,2,81,27.32,3,0.0
100018,3,101,24.88,2,0.0
100018,4,79,18.36,5,0.15
100019,1,32,19.55,6,0.05
100019,2,71,7.13,3,0.1
100019,3,88,40.39,1,0.15
100019,4,108,37.66,4,0.2
100019,5,45,13.06,3,0.1
100020,1,87,26.86,4,0.1
100020,2,52,48.9,3,0.0
100021,1,71,6.91,6,0.0
100021,2,3,55.11,5,0.0
100021,3,72,9.78,1,0.1
100022,1,65,10.38,15,0.03
100022,2,118,19.48,5,0.1
100022,3,40,28.57,3,0.05
100022,4,116,39.71,5,0.05
100022,5,31,5.35,4,0.0
100022,6,98,12.31,1,0.1
100023,1,81,26.15,8,0.15
100023,2,45,12.04,6,0.0
100023,3,40,24.41,4,0.0
100024,1,114,25.74,2,0.03
100025,1,80,23.84,3,0.15
100026,1,32,16.39,4,0.05
100026,2,81,23.67,3,0.05
100026,3,45,13.58,12,0.0
100027,1,71,7.23,2,0.15
100027,2,72,8.35,11,0.0
100027,3,10,54.44,5,0.0
100027,4,14,26.13,3,0.0
100028,1,89,18.0,1,0.1
100028,2,112,90.16,5,0.15
100028,3,108,40.92,3,0.0
100028,4,13,39.6,4,0.03
100028,5,15,11.15,4,0.1
100028,6,97,14.33,2,0.0
100029,1,110,26.19,4,0.0
100029,2,116,38.63,6,0.05
100029,3,97,14.85,1,0.03
100029,4,101,26.16,3,0.0
100030,1,24,47.87,6,0.0
100030,2,81,23.39,5,0.05
100030,3,54,22.42,6,0.0
100030,4,7,14.32,7,0.0
100030,5,75,18.9,6,0.0
100031,1,70,12.24,9,0.15
100032,1,49,27.99,3,0.0
100032,2,110,26.42,2,0.0
100032,3,85,28.08,3,0.05
100033,1,45,12.22,3,0.1
100033,2,114,26.27,3,0.1
100033,3,81,27.02,4,0.1
100033,4,72,8.65,2,0.15
100034,1,81,25.45,4,0.2
100035,1,116,36.97,3,0.05
100035,2,75,18.24,10,0.0
100035,3,53,23.5,4,0.0
100035,4,113,9.63,2,0.2
100035,5,85,30.04,3,0.0
100035,6,37,16.5,3,0.05
100036,1,52,40.49,2,0.0
100036,2,109,3.87,2,0.15
100036,3,89,14.81,5,0.15
100037,1,17,17.21,4,0.03
100037,2,44,14.39,6,0.1
100037,3,97,13.99,6,0.05
100038,1,19,27.41,9,0.0
100038,2,3,62.13,4,0.0
100038,3,68,30.66,6,0.0
100039,1,84,14.48,4,0.0
100039,2,71,6.46,5,0.0
100039,3,8,5.44,2,0.0
100040,1,104,27.26,9,0.0
100040,2,80,24.84,2,0.0
100040,3,49,26.29,7,0.0
100041,1,67,29.61,1,0.1
100041,2,5,24.94,1,0.0
100041,3,43,35.66,12,0.0
100041,4,15,11.86,6,0.0
100041,5,82,7.47,5,0.0
100042,1,99,27.85,3,0.0
100042,2,24,49.33,3,0.03
100043,1,15,11.07,3,0.0
100043,2,27,7.11,2,0.03
100043,3,45,12.54,6,0.15
100043,4,67,30.85,1,0.0
100043,5,14,22.71,3,0.0
100044,1,3,60.18,3,0.0
100044,2,80,25.11,2,0.0
100045,1,32,20.31,1,0.0
100045,2,71,7.04,3,0.0
100045,3,106,20.14,5,0.0
100045,4,104,24.54,10,0.0
100045,5,45,11.79,4,0.0
100045,6,39,131.61,4,0.15
100045,7,83,26.98,5,0.05
100046,1,113,9.38,5,0.03
100046,2,97,15.3,6,0.05
100046,3,27,9.62,2,0.0
100046,4,63,35.64,3,0.03
100047,1,79,19.14,1,0.0
100047,2,113,10.48,3,0.05
100047,3,75,19.43,5,0.1
100047,4,25,12.2,4,0.0
100048,1,27,8.77,7,0.0
100048,2,45,12.52,6,0.0
100049,1,56,26.37,1,0.05
100049,2,40,22.7,2,0.0
100049,3,67,31.97,5,0.03
100050,1,81,23.2,5,0.05
100050,2,45,12.0,2,0.0
100050,3,49,24.4,3,0.0
100050,4,100,62.33,3,0.15
100050,5,65,12.06,7,0.0
100050,6,12,77.82,5,0.1
100051,1,65,12.99,6,0.0
100051,2,94,30.53,4,0.1
100051,3,105,5.15,6,0.0
100052,1,97,13.59,1,0.05
100052,2,24,43.1,4,0.0
100052,3,81,20.27,3,0.0
100052,4,106,22.98,2,0.0
100052,5,56,25.91,6,0.1
100052,6,66,6.79,6,0.1
100053,1,113,10.89,4,0.0
100053,2,49,22.99,2,0.0
100053,3,45,12.06,1,0.03
100053,4,52,47.86,3,0.0
100054,1,20,33.0,3,0.0
100055,1,86,32.06,5,0.0
100055,2,31,5.55,5,0.05
100055,3,14,26.55,2,0.0
100056,1,24,50.64,3,0.0
100056,2,45,10.56,1,0.0
100056,3,114,24.17,3,0.0
100056,4,79,17.64,2,0.0
100056,5,117,9.78,1,0.0
100057,1,45,12.28,16,0.0
100057,2,72,8.77,5,0.03
100057,3,116,39.94,6,0.05
100057,4,99,26.13,4,0.0
100057,5,58,7.96,1,0.1
100057,6,21,28.42,1,0.15
100058,1,51,42.71,5,0.05
100058,2,69,4.31,4,0.05
100058,3,114,27.12,5,0.0
100059,1,110,21.38,4,0.0
100060,1,21,26.11,5,0.0
100060,2,24,53.16,5,0.2
100061,1,72,9.37,2,0.03
100061,2,28,6.71,2,0.15
100061,3,69,3.54,9,0.0
100062,1,108,41.05,5,0.0
100062,2,9,25.89,2,0.05
100062,3,51,40.09,2,0.0
100062,4,8,4.28,1,0.03
100062,5,78,10.37,1,0.03
100062,6,76,25.77,2,0.0
100062,7,23,23.12,2,0.1
100063,1,27,10.17,3,0.1
100063,2,50,11.5,2,0.05
100063,3,75,17.81,6,0.0
100064,1,92,25.58,4,0.2
100064,2,112,79.44,7,0.1
100064,3,40,23.08,2,0.15
100065,1,45,11.05,4,0.05
100065,2,71,7.33,1,0.0
100066,1,116,39.47,4,0.05
100066,2,80,22.09,5,0.1
100066,3,81,22.56,5,0.0
100066,4,108,40.15,4,0.0
100066,5,45,10.87,3,0.05
100066,6,84,16.04,3,0.03
100066,7,60,12.56,4,0.0
100067,1,116,34.73,1,0.0
100067,2,71,7.45,13,0.0
100067,3,54,27.27,4,0.0
100068,1,45,10.78,5,0.0
100069,1,71,7.49,4,0.0
100069,2,91,18.93,5,0.05
100070,1,113,10.23,4,0.0
100070,2,24,53.22,4,0.05
100070,3,12,93.59,2,0.0
100070,4,58,9.35,3,0.0
100070,5,27,9.33,5,0.0
100070,6,108,35.88,7,0.0
100070,7,77,36.02,5,0.0
100071,1,40,25.42,3,0.0
100071,2,80,22.01,3,0.05
100071,3,6,11.54,4,0.1
100071,4,30,4.77,4,0.1
100072,1,82,7.04,2,0.0
100072,2,113,9.31,4,0.0
100072,3,40,23.14,2,0.0
100072,4,59,23.61,1,0.0
100073,1,116,33.67,1,0.0
100073,2,9,23.59,3,0.0
100073,3,53,25.51,8,0.0
100074,1,100,50.31,5,0.0
100074,2,66,7.85,4,0.05
100075,1,110,25.07,3,0.1
100075,2,60,12.07,2,0.05
100075,3,98,11.78,9,0.0
100075,4,104,27.95,2,0.0
100075,5,7,13.07,1,0.0
100075,6,117,9.06,3,0.0
100076,1,6,10.17,1,0.15
100076,2,76,22.64,1,0.1
100076,3,52,44.58,4,0.03
100076,4,79,20.56,2,0.0
100077,1,8,5.28,4,0.0
100077,2,81,29.77,4,0.03
100078,1,12,90.41,2,0.0
100078,2,45,11.92,4,0.1
100078,3,65,13.28,5,0.03
100078,4,37,18.18,4,0.0
100078,5,108,40.83,4,0.15
100079,1,101,23.96,4,0.0
100079,2,15,11.31,8,0.1
100079,3,65,13.61,3,0.0
100079,4,87,27.15,3,0.15
100079,5,71,7.16,9,0.0
100080,1,108,36.63,4,0.0
100081,1,71,6.86,1,0.0
100081,2,88,33.41,3,0.0
100081,3,41,47.6,4,0.15
100082,1,24,45.18,7,0.2
100082,2,51,44.33,3,0.0
100083,1,44,18.34,4,0.05
100083,2,106,19.73,9,0.0
100083,3,60,11.63,3,0.0
100083,4,117,9.08,3,0.0
100084,1,24,45.47,2,0.05
100084,2,83,33.22,2,0.05
100084,3,78,8.94,7,0.03
100085,1,110,26.22,9,0.1
100085,2,80,23.81,3,0.0
100085,3,53,24.98,3,0.0
100086,1,45,11.2,5,0.0
100086,2,71,8.36,6,0.0
100086,3,32,19.64,3,0.0
100086,4,79,19.81,5,0.0
100086,5,107,42.42,4,0.0
100087,1,117,9.13,1,0.15
100087,2,43,37.36,3,0.0
100087,3,79,21.19,1,0.15
100087,4,45,12.55,4,0.03
100088,1,76,19.58,4,0.0
100089,1,110,23.45,4,0.2
100089,2,92,29.18,7,0.0
100089,3,45,11.44,1,0.05
100090,1,24,42.41,11,0.0
100091,1,65,12.52,4,0.2
100091,2,71,8.09,1,0.1
100091,3,108,35.7,5,0.0
100091,4,80,25.32,4,0.05
100092,1,76,24.64,1,0.0
100092,2,110,26.94,17,0.0
100092,3,106,22.74,8,0.1
100093,1,32,16.23,6,0.0
100093,2,110,24.76,2,0.0
100094,1,98,12.74,1,0.05
100094,2,24,44.05,5,0.03
100094,3,40,24.75,1,0.0
100095,1,49,26.58,4,0.0
100096,1,87,24.78,6,0.05
100096,2,68,29.55,5,0.03
100097,1,94,32.06,5,0.0
100097,2,58,7.87,2,0.1
100097,3,101,21.57,2,0.05
100097,4,63,41.92,7,0.0
100097,5,15,10.42,2,0.03
100097,6,100,60.01,5,0.1
100098,1,26,13.06,5,0.05
100098,2,10,56.76,7,0.0
100098,3,118,20.65,1,0.0
100098,4,87,28.78,5,0.0
100098,5,116,44.22,8,0.0
100099,1,116,38.8,5,0.0
100099,2,75,17.48,2,0.0
100099,3,85,26.89,1,0.2
100100,1,6,10.9,6,0.05
100100,2,71,7.82,2,0.15
100100,3,26,15.75,9,0.1
100101,1,23,20.5,4,0.05
100101,2,103,27.25,4,0.0
100101,3,85,27.14,3,0.0
100101,4,83,33.17,6,0.0
100101,5,33,9.82,7,0.0
100102,1,95,20.2,2,0.05
100102,2,24,48.42,1,0.0
100102,3,13,40.41,4,0.0
100102,4,105,6.0,6,0.1
100102,5,81,22.64,3,0.0
100103,1,106,18.73,5,0.03
100103,2,82,5.04,4,0.03
100104,1,60,13.39,4,0.15
100104,2,76,26.3,6,0.1
100104,3,97,13.93,3,0.0
100104,4,87,26.03,3,0.0
100104,5,53,23.23,4,0.03
100104,6,40,26.31,4,0.0
100104,7,71,7.29,6,0.05
100104,8,31,4.62,1,0.05
100105,1,8,4.95,2,0.0
100105,2,113,10.21,10,0.1
100105,3,71,7.29,4,0.0
100105,4,110,25.94,2,0.0
100106,1,64,22.72,5,0.1
100106,2,45,11.92,6,0.05
100106,3,53,25.97,4,0.03
100106,4,108,39.29,5,0.05
100107,1,113,9.63,2,0.03
100107,2,45,11.28,8,0.2
100107,3,116,41.14,1,0.05
100107,4,82,7.23,12,0.0
100108,1,72,7.74,6,0.05
100108,2,107,41.21,4,0.0
100108,3,88,36.96,3,0.0
100108,4,78,10.16,2,0.0
100109,1,23,22.55,3,0.05
100109,2,15,10.73,6,0.0
100109,3,83,29.93,2,0.0
100109,4,112,80.47,3,0.05
100109,5,38,28.9,6,0.0
100110,1,69,4.49,7,0.0
100110,2,44,15.03,7,0.0
100110,3,90,48.92,3,0.0
100110,4,20,31.8,1,0.05
100110,5,49,22.52,6,0.0
100111,1,108,36.37,6,0.0
100111,2,70,10.51,5,0.1
100111,3,104,23.66,3,0.1
100111,4,107,38.99,2,0.0
100112,1,82,6.52,4,0.2
100112,2,89,15.82,2,0.0
100112,3,90,52.1,1,0.15
100112,4,76,21.1,1,0.0
100113,1,81,21.15,4,0.0
100113,2,97,13.86,3,0.0
100114,1,81,26.74,9,0.0
100114,2,44,15.35,4,0.05
100115,1,88,29.62,4,0.0
100115,2,37,19.83,3,0.0
100115,3,45,12.85,3,0.1
100115,4,21,28.45,3,0.05
100115,5,23,24.75,7,0.0
100116,1,93,23.91,1,0.1
100116,2,44,14.1,2,0.0
100116,3,27,8.4,5,0.0
100116,4,99,29.04,1,0.0
100117,1,40,25.18,3,0.15
100117,2,8,4.77,8,0.0
100117,3,63,40.22,5,0.1
100117,4,11,33.79,1,0.0
100117,5,72,7.36,2,0.0
100117,6,37,17.04,2,0.1
100117,7,82,7.18,7,0.0
100118,1,9,25.67,2,0.05
100118,2,110,28.85,5,0.0
100118,3,15,10.96,3,0.0
100118,4,24,50.56,5,0.1
100118,5,58,7.2,11,0.0
100118,6,105,5.54,6,0.0
100119,1,34,28.76,4,0.0
100120,1,24,50.35,4,0.1
100120,2,108,36.18,2,0.1
100121,1,83,34.56,4,0.05
100121,2,99,24.18,7,0.0
100121,3,58,6.81,6,0.0
100121,4,40,25.62,4,0.0
100122,1,14,26.01,2,0.0
100123,1,85,26.96,4,0.0
100123,2,115,34.59,6,0.0
100123,3,15,11.96,3,0.0
100124,1,76,24.48,7,0.0
100124,2,116,39.46,7,0.0
100125,1,110,23.25,2,0.1
100125,2,85,29.85,5,0.15
100126,1,23,21.49,2,0.0
100126,2,71,7.62,1,0.0
100126,3,94,29.56,4,0.0
100126,4,57,51.49,5,0.0
100127,1,94,30.93,2,0.03
100127,2,81,23.55,5,0.05
100127,3,58,8.1,4,0.1
100128,1,117,9.79,6,0.0
100128,2,76,24.71,3,0.0
100129,1,67,34.01,1,0.0
100129,2,95,18.4,4,0.0
100129,3,87,29.33,1,0.1
100129,4,71,7.73,3,0.03
100129,5,51,49.37,2,0.05
100130,1,33,11.13,5,0.1
100130,2,79,22.49,7,0.05
100130,3,22,18.85,6,0.03
100131,1,103,30.0,5,0.0
100131,2,76,25.8,7,0.0
100131,3,109,3.4,9,0.1
100132,1,68,26.78,3,0.0
100132,2,71,8.41,2,0.0
100132,3,72,8.31,2,0.0
100133,1,65,12.6,12,0.03
100133,2,60,13.61,9,0.15
100133,3,66,8.24,8,0.0
100133,4,112,81.09,4,0.1
100134,1,46,16.34,4,0.0
100134,2,60,11.83,3,0.1
100135,1,8,4.99,8,0.03
100135,2,98,13.02,3,0.0
100135,3,34,22.24,4,0.0
100135,4,105,5.86,1,0.0
100135,5,45,11.29,3,0.0
100135,6,50,10.87,1,0.0
100136,1,2,29.38,2,0.0
100136,2,112,83.95,1,0.0
100136,3,111,90.75,1,0.1
100136,4,84,15.54,6,0.05
100137,1,53,25.08,3,0.0
100137,2,116,33.51,6,0.0
100137,3,117,9.2,9,0.0
100138,1,26,15.71,4,0.1
100138,2,76,23.37,8,0.0
100138,3,72,8.74,2,0.1
100138,4,45,10.83,6,0.05
100138,5,1,29.97,4,0.2
100139,1,68,24.27,1,0.0
100139,2,51,48.84,14,0.1
100139,3,105,5.58,11,0.0
100139,4,87,28.82,4,0.0
100140,1,45,11.81,3,0.0
100140,2,32,18.82,5,0.03
100140,3,76,21.83,4,0.1
100141,1,90,54.63,1,0.0
100141,2,54,20.91,9,0.05
100142,1,94,29.53,7,0.0
100142,2,67,35.59,3,0.0
100143,1,94,34.15,7,0.0
100143,2,82,6.25,6,0.0
100144,1,99,28.48,1,0.0
100144,2,112,75.1,2,0.15
100144,3,23,24.01,2,0.05
100145,1,78,10.0,7,0.0
100146,1,97,16.82,3,0.0
100146,2,24,53.19,3,0.15
100147,1,71,7.09,4,0.03
100147,2,16,4.6,4,0.0
100147,3,65,12.55,12,0.0
100148,1,118,19.72,4,0.0
100148,2,27,9.2,5,0.0
100148,3,110,23.65,3,0.15
100148,4,71,6.72,4,0.0
100149,1,118,23.47,1,0.2
100149,2,45,10.43,3,0.0
100150,1,34,22.01,1,0.0
100150,2,19,27.42,4,0.0
100150,3,53,25.86,1,0.0
100150,4,18,16.54,3,0.0
100151,1,34,25.32,4,0.0
100152,1,72,8.86,12,0.03
100152,2,60,12.96,6,0.0
100152,3,87,29.77,2,0.1
100153,1,27,9.27,10,0.2
100153,2,89,18.12,7,0.0
100153,3,83,32.09,2,0.0
100154,1,68,25.92,3,0.05
100154,2,80,23.66,6,0.2
100154,3,110,22.92,7,0.03
100154,4,81,22.83,3,0.1
100154,5,75,18.42,5,0.0
100155,1,99,25.21,9,0.2
100155,2,83,30.91,3,0.05
100155,3,8,5.93,5,0.05
100155,4,93,23.8,2,0.0
100155,5,60,13.84,5,0.0
100156,1,72,8.21,8,0.0
100156,2,35,33.87,4,0.1
100156,3,92,25.13,2,0.05
100156,4,56,27.43,7,0.03
100157,1,110,24.76,1,0.05
100157,2,56,29.29,3,0.05
100157,3,58,8.7,7,0.2
100158,1,14,28.36,7,0.0
100158,2,8,5.19,4,0.0
100158,3,58,8.12,4,0.0
100158,4,100,63.65,3,0.0
100159,1,113,9.31,1,0.0
100159,2,65,12.53,4,0.0
100159,3,41,46.86,5,0.0
100159,4,24,47.02,3,0.0
100159,5,14,20.81,13,0.0
100159,6,106,20.33,3,0.0
100160,1,106,20.37,3,0.15
100160,2,45,11.36,5,0.05
100160,3,66,7.79,5,0.05
100161,1,105,5.16,7,0.0
100161,2,11,37.15,2,0.05
100161,3,67,31.83,4,0.1
100162,1,17,16.36,2,0.0
100162,2,25,11.17,1,0.03
100162,3,79,18.71,3,0.05
100163,1,105,4.83,2,0.15
100163,2,2,26.23,4,0.0
100164,1,37,18.15,1,0.1
100164,2,53,21.64,3,0.1
100164,3,45,12.68,1,0.0
100165,1,110,25.0,3,0.15
100165,2,89,17.59,2,0.0
100165,3,53,25.09,4,0.03
100165,4,60,11.59,3,0.0
100166,1,62,38.08,2,0.05
100166,2,112,79.09,4,0.0
100166,3,30,4.95,4,0.0
100166,4,16,4.9,2,0.0
100167,1,3,67.25,2,0.15
100167,2,66,7.54,3,0.05
100168,1,27,9.23,4,0.1
100168,2,83,33.33,4,0.0
100168,3,45,12.52,5,0.05
100168,4,24,46.21,1,0.0
100168,5,97,13.85,11,0.0
100168,6,30,4.93,3,0.0
100169,1,45,10.98,2,0.03
100169,2,30,5.3,6,0.03
100169,3,22,15.69,2,0.0
100169,4,82,6.78,5,0.0
100169,5,114,26.91,2,0.0
100169,6,3,57.1,1,0.0
100170,1,81,25.47,2,0.05
100170,2,85,24.73,6,0.05
100171,1,117,8.79,3,0.05
100171,2,87,28.15,5,0.0
100171,3,112,81.58,4,0.03
100172,1,79,16.02,7,0.0
100172,2,107,40.15,7,0.0
100172,3,97,12.84,1,0.0
100172,4,34,20.73,1,0.0
100172,5,14,27.13,2,0.0
100173,1,11,37.91,6,0.0
100173,2,79,16.65,3,0.0
100173,3,32,18.5,3,0.0
100173,4,45,12.78,3,0.0
100173,5,60,9.86,5,0.1
100173,6,14,24.65,3,0.05
100174,1,76,21.74,4,0.0
100174,2,101,25.67,6,0.0
100174,3,120,5.26,1,0.0
100175,1,82,6.01,1,0.03
100175,2,44,17.07,3,0.05
100175,3,116,42.94,7,0.0
100175,4,85,31.47,6,0.1
100175,5,53,21.6,2,0.0
100176,1,53,26.94,1,0.0
100176,2,33,9.9,4,0.0
100177,1,107,42.63,7,0.05
100177,2,15,11.32,3,0.05
100177,3,71,7.15,11,0.05
100177,4,90,52.24,6,0.0
100178,1,116,41.74,1,0.0
100178,2,58,6.65,3,0.0
100178,3,34,28.34,1,0.0
100179,1,17,15.24,2,0.0
100179,2,76,27.26,7,0.15
100180,1,65,10.82,4,0.05
100180,2,13,36.02,2,0.0
100180,3,81,24.32,1,0.0
100181,1,104,30.42,5,0.1
100181,2,56,30.13,7,0.0
100182,1,65,10.38,5,0.05
100182,2,51,49.56,1,0.1
100182,3,67,25.86,7,0.0
100182,4,79,18.29,3,0.0
100183,1,75,18.09,1,0.05
100183,2,31,5.53,2,0.0
100183,3,69,4.02,7,0.0
100183,4,81,24.14,2,0.0
100183,5,33,11.95,2,0.0
100183,6,97,15.64,2,0.0
100184,1,81,27.19,3,0.0
100184,2,66,7.84,6,0.0
100185,1,8,4.54,5,0.0
100186,1,31,4.77,4,0.0
100186,2,24,52.19,5,0.05
100186,3,45,11.06,4,0.0
100186,4,104,22.74,5,0.05
100187,1,59,20.07,2,0.0
100187,2,76,23.67,2,0.05
100187,3,80,27.46,1,0.03
100188,1,19,27.32,5,0.1
100188,2,116,43.91,8,0.0
100188,3,24,50.89,10,0.1
100189,1,58,8.64,2,0.0
100189,2,116,38.28,5,0.05
100189,3,108,40.17,5,0.0
100189,4,72,9.16,4,0.1
100189,5,93,24.83,3,0.05
100189,6,10,55.92,3,0.1
100189,7,26,14.34,2,0.05
100189,8,105,5.46,4,0.05
100190,1,58,7.79,6,0.0
100190,2,56,27.07,4,0.03
100190,3,25,11.84,5,0.1
100190,4,110,23.31,10,0.0
100191,1,43,39.92,8,0.0
100191,2,116,34.76,3,0.0
100191,3,16,5.49,5,0.0
100192,1,79,18.86,2,0.0
100192,2,107,41.78,8,0.05
100192,3,97,14.78,7,0.05
100192,4,110,26.08,2,0.15
100193,1,13,41.7,3,0.0
100194,1,110,27.44,4,0.0
100195,1,72,8.73,1,0.03
100195,2,83,34.5,2,0.0
100195,3,76,22.11,3,0.0
100196,1,97,15.97,4,0.15
100196,2,78,9.73,6,0.0
100196,3,105,5.97,7,0.0
100196,4,76,24.12,2,0.0
100197,1,97,16.11,7,0.15
100197,2,64,25.3,4,0.05
100198,1,54,23.13,6,0.0
100198,2,23,24.45,5,0.05
100198,3,82,6.55,6,0.15
100198,4,45,12.76,2,0.03
100198,5,51,46.84,4,0.0
100199,1,116,40.27,2,0.0
100199,2,24,46.0,5,0.0
100199,3,65,10.06,3,0.05
100200,1,116,38.71,3,0.1
100200,2,105,5.58,6,0.05
100200,3,108,35.21,1,0.1
100201,1,101,24.13,1,0.0
100201,2,95,17.77,4,0.05
100201,3,15,9.88,7,0.0
100202,1,24,49.63,3,0.05
100202,2,97,14.31,4,0.0
100202,3,21,26.05,14,0.1
100203,1,96,76.42,4,0.15
100203,2,81,25.29,3,0.1
100203,3,78,9.0,2,0.05
100203,4,82,5.74,5,0.1
100204,1,65,10.17,1,0.0
100205,1,75,18.36,3,0.0
100205,2,60,11.0,3,0.1
100205,3,69,3.8,3,0.0
100206,1,89,13.65,1,0.0
100206,2,45,10.39,3,0.0
100206,3,58,7.67,4,0.0
100207,1,83,25.93,4,0.0
100207,2,40,22.45,4,0.0
100207,3,72,8.44,1,0.0
100207,4,101,27.64,3,0.05
100207,5,67,32.38,3,0.0
100207,6,89,17.41,3,0.1
100207,7,44,14.93,1,0.0
100207,8,36,33.36,16,0.0
100208,1,53,22.43,3,0.0
100208,2,85,28.92,1,0.1
100208,3,83,32.89,5,0.0
100209,1,71,7.24,3,0.05
100209,2,51,42.21,7,0.0
100209,3,65,11.48,3,0.0
100209,4,25,12.58,2,0.0
100210,1,81,22.59,11,0.1
100210,2,38,23.96,2,0.0
100210,3,58,7.95,3,0.0
100211,1,110,27.33,4,0.0
100211,2,2,29.07,3,0.0
100211,3,113,9.45,5,0.0
100211,4,97,13.86,3,0.0
100211,5,5,26.87,10,0.05
100212,1,50,10.89,2,0.2
100212,2,110,25.14,2,0.0
100212,3,104,25.87,14,0.0
100212,4,97,15.65,1,0.0
100213,1,76,24.37,1,0.03
100214,1,15,10.9,7,0.0
100214,2,98,10.79,8,0.1
100214,3,65,10.99,6,0.0
100214,4,68,21.94,7,0.0
100215,1,112,82.76,3,0.0
100215,2,37,19.51,6,0.15
100215,3,60,12.18,5,0.05
100215,4,110,23.17,4,0.0
100216,1,110,25.72,3,0.0
100216,2,94,29.95,4,0.05
100216,3,24,50.55,7,0.1
100217,1,79,21.71,15,0.1
100218,1,27,9.48,4,0.0
100218,2,45,11.16,5,0.1
100218,3,80,25.42,5,0.0
100219,1,76,23.4,6,0.0
100220,1,81,26.6,3,0.1
100220,2,94,28.3,6,0.03
100220,3,41,52.27,2,0.0
100220,4,26,15.7,2,0.0
100221,1,53,24.22,4,0.0
100221,2,107,43.55,2,0.03
100222,1,37,20.6,6,0.03
100222,2,54,28.44,5,0.0
100222,3,47,19.51,6,0.05
100223,1,113,10.36,2,0.0
100223,2,110,27.77,4,0.05
100223,3,15,10.95,6,0.05
100224,1,71,6.46,3,0.0
100224,2,45,11.87,3,0.0
100224,3,116,42.18,2,0.05
100225,1,87,27.17,3,0.0
100225,2,34,27.43,10,0.0
100225,3,14,24.94,2,0.0
100225,4,24,48.25,4,0.0
100225,5,80,23.23,4,0.05
100225,6,92,29.99,7,0.05
100226,1,82,6.16,1,0.0
100226,2,114,26.46,2,0.15
100226,3,72,8.03,13,0.0
100227,1,53,22.98,3,0.03
100227,2,82,6.8,6,0.05
100227,3,51,47.44,3,0.0
100227,4,54,24.43,4,0.03
100227,5,17,15.72,3,0.05
100228,1,107,39.88,2,0.0
100228,2,91,16.31,5,0.1
100228,3,44,14.61,1,0.2
100228,4,113,10.81,3,0.1
100228,5,60,12.81,8,0.05
100229,1,50,10.56,4,0.0
100229,2,94,33.32,9,0.1
100229,3,33,12.19,6,0.0
100229,4,79,19.5,6,0.0
100230,1,51,48.24,4,0.0
100230,2,106,20.61,2,0.0
100230,3,102,22.81,5,0.0
100230,4,60,12.89,6,0.05
100230,5,45,13.0,4,0.15
100231,1,116,38.14,3,0.05
100231,2,110,26.23,3,0.0
100232,1,71,6.77,3,0.0
100233,1,45,11.43,3,0.0
100233,2,76,25.09,3,0.05
100233,3,14,26.22,5,0.0
100234,1,80,20.54,6,0.2
100234,2,81,27.14,3,0.0
100234,3,71,7.38,4,0.0
100234,4,106,20.1,9,0.05
100234,5,14,28.05,1,0.0
100235,1,92,25.22,3,0.1
100235,2,91,21.45,2,0.0
100236,1,101,25.63,3,0.2
100236,2,110,24.69,3,0.0
100236,3,100,61.18,3,0.0
100236,4,117,7.93,6,0.0
100236,5,83,32.03,2,0.1
100237,1,94,28.41,2,0.0
100237,2,100,54.03,4,0.0
100237,3,79,16.77,3,0.0
100237,4,65,11.22,3,0.05
100237,5,67,27.53,7,0.05
100238,1,23,20.7,3,0.0
100238,2,76,25.58,2,0.0
100238,3,54,21.26,4,0.0
100238,4,60,11.43,1,0.1
100239,1,82,6.89,5,0.03
100239,2,87,24.09,5,0.0
100239,3,12,88.9,2,0.0
100239,4,40,23.86,12,0.0
100239,5,10,58.38,4,0.03
100239,6,65,12.4,5,0.03
100239,7,117,7.98,2,0.1
100240,1,94,32.78,2,0.03
100240,2,91,16.43,5,0.1
100240,3,116,34.5,6,0.03
100240,4,72,9.23,5,0.0
100240,5,55,23.1,1,0.0
100241,1,76,24.3,5,0.0
100241,2,98,12.19,17,0.1
100241,3,116,35.81,6,0.05
100241,4,102,26.77,2,0.03
100242,1,88,37.32,3,0.0
100242,2,24,46.4,1,0.05
100242,3,72,9.13,5,0.0
100242,4,21,28.53,4,0.0
100242,5,94,30.89,2,0.15
100243,1,110,25.35,4,0.03
100243,2,80,24.47,2,0.0
100243,3,81,25.34,1,0.0
100243,4,44,14.35,4,0.0
100244,1,99,24.99,11,0.1
100244,2,116,42.06,3,0.0
100244,3,45,12.67,12,0.0
100244,4,10,49.67,3,0.0
100244,5,100,59.39,2,0.05
100245,1,75,18.39,5,0.05
100245,2,26,15.83,7,0.05
100245,3,45,11.79,7,0.0
100245,4,24,50.99,3,0.03
100245,5,118,20.8,8,0.1
100246,1,98,13.09,3,0.0
100246,2,94,34.6,7,0.0
100246,3,41,49.38,3,0.05
100246,4,40,26.49,2,0.0
100247,1,110,22.52,1,0.0
100247,2,81,24.07,4,0.15
100247,3,118,19.55,4,0.0
100248,1,71,7.03,1,0.03
100248,2,6,11.77,7,0.15
100248,3,78,9.96,6,0.1
100249,1,26,15.03,4,0.05
100249,2,40,21.56,4,0.0
100249,3,108,38.91,4,0.0
100250,1,40,23.36,4,0.0
100250,2,72,7.69,3,0.0
100251,1,27,10.39,3,0.1
100251,2,49,31.86,5,0.0
100252,1,71,7.52,5,0.2
100252,2,116,31.76,3,0.0
100253,1,72,8.75,4,0.15
100253,2,45,11.61,2,0.0
100253,3,40,24.35,3,0.0
100254,1,44,16.77,7,0.0
100254,2,25,13.75,12,0.0
100254,3,71,7.4,2,0.0
100254,4,79,19.71,6,0.0
100254,5,72,8.98,4,0.1
100254,6,37,16.13,5,0.0
100255,1,72,8.45,11,0.03
100255,2,117,10.11,3,0.05
100255,3,45,13.0,5,0.05
100255,4,91,16.63,6,0.0
100255,5,34,21.74,3,0.1
100255,6,81,23.71,4,0.05
100256,1,97,15.21,3,0.05
100256,2,14,24.45,9,0.1
100256,3,45,11.15,6,0.0
100257,1,60,12.3,5,0.0
100257,2,58,7.33,5,0.0
100257,3,103,27.89,2,0.15
100258,1,23,23.26,8,0.0
100258,2,22,14.48,3,0.0
100258,3,81,25.47,1,0.0
100258,4,52,47.84,2,0.05
100259,1,51,43.17,4,0.0
100259,2,41,48.38,2,0.0
100259,3,8,5.52,10,0.0
100259,4,45,11.34,5,0.0
100259,5,10,54.25,2,0.03
100260,1,81,22.1,6,0.0
100260,2,83,32.9,4,0.0
100260,3,97,14.79,6,0.03
100260,4,104,26.29,4,0.1
100260,5,45,11.42,4,0.0
100261,1,65,13.02,11,0.15
100261,2,71,8.04,2,0.0
100262,1,99,25.6,7,0.0
100262,2,81,24.18,5,0.0
100263,1,17,15.03,5,0.05
100263,2,59,19.59,2,0.0
100263,3,66,7.12,4,0.0
100263,4,24,46.61,2,0.05
100263,5,40,23.56,3,0.0
100264,1,110,22.72,3,0.0
100264,2,56,28.74,4,0.0
100264,3,54,22.95,8,0.05
100264,4,27,9.51,2,0.05
100265,1,97,14.18,6,0.1
100266,1,109,3.51,2,0.0
100266,2,51,48.53,3,0.05
100266,3,97,15.11,1,0.0
100267,1,80,24.46,1,0.0
100267,2,79,20.75,6,0.0
100268,1,11,35.65,4,0.0
100268,2,50,9.75,9,0.0
100268,3,33,11.32,6,0.05
100268,4,110,23.1,5,0.15
100268,5,51,41.24,5,0.0
100268,6,25,11.82,3,0.15
100269,1,113,10.49,3,0.03
100269,2,107,44.64,2,0.0
100270,1,80,24.38,5,0.1
100270,2,120,4.99,5,0.0
100270,3,41,52.41,7,0.0
100271,1,6,10.42,4,0.0
100271,2,110,23.68,5,0.0
100271,3,99,28.3,3,0.15
100271,4,51,49.93,4,0.0
100271,5,106,20.75,6,0.0
100271,6,97,14.94,2,0.0
100271,7,109,3.75,1,0.0
100272,1,37,18.39,6,0.0
100272,2,94,30.19,6,0.0
100272,3,51,49.4,3,0.0
100272,4,65,13.93,2,0.05
100272,5,81,24.75,1,0.05
100272,6,10,54.49,7,0.0
100273,1,76,23.76,6,0.03
100273,2,24,50.64,2,0.0
100274,1,24,56.48,3,0.0
100274,2,21,22.87,5,0.0
100274,3,34,23.38,2,0.1
100275,1,91,18.36,4,0.0
100275,2,83,31.87,1,0.03
100275,3,79,20.79,8,0.0
100275,4,96,77.75,1,0.0
100276,1,60,12.59,5,0.0
100276,2,45,13.66,2,0.05
100276,3,53,22.59,4,0.0
100276,4,93,25.94,1,0.05
100276,5,81,23.59,1,0.0
100276,6,26,15.08,3,0.0
100276,7,9,27.1,2,0.0
100277,1,79,19.54,2,0.0
100277,2,91,17.07,5,0.0
100277,3,89,19.89,5,0.0
100277,4,40,24.77,1,0.1
100277,5,53,21.56,4,0.0
100278,1,60,11.42,2,0.0
100278,2,76,24.36,4,0.0
100278,3,14,26.12,2,0.1
100278,4,9,20.09,2,0.15
100279,1,72,8.23,4,0.0
100279,2,80,22.85,7,0.1
100280,1,97,15.04,3,0.05
100280,2,64,25.67,2,0.05
100280,3,108,32.26,6,0.0
100281,1,34,22.25,3,0.15
100281,2,60,12.01,8,0.03
100281,3,106,16.82,1,0.0
100282,1,52,45.22,6,0.0
100282,2,50,10.31,9,0.0
100282,3,12,81.47,6,0.05
100282,4,99,26.43,5,0.15
100283,1,93,21.32,6,0.0
100283,2,97,16.87,3,0.15
100283,3,23,21.74,2,0.0
100283,4,90,53.2,2,0.1
100284,1,74,32.82,4,0.0
100284,2,76,23.24,5,0.0
100285,1,40,24.08,2,0.05
100285,2,94,34.67,1,0.0
100285,3,70,11.16,4,0.0
100286,1,98,13.05,2,0.1
100286,2,24,45.39,2,0.15
100286,3,57,51.08,4,0.0
100287,1,36,31.89,9,0.05
100287,2,59,18.95,8,0.05
100287,3,106,21.4,1,0.0
100288,1,99,24.4,2,0.0
100288,2,2,28.86,7,0.0
100288,3,87,26.96,9,0.05
100289,1,49,22.76,8,0.0
100289,2,80,25.33,8,0.05
100289,3,107,47.61,6,0.15
100290,1,69,4.4,2,0.1
100290,2,92,28.44,3,0.0
100290,3,97,14.73,3,0.0
100290,4,24,49.06,15,0.05
100290,5,93,23.08,4,0.05
100291,1,65,12.36,7,0.0
100292,1,110,23.96,4,0.0
100292,2,21,28.89,5,0.05
100292,3,99,25.12,3,0.0
100292,4,31,5.44,4,0.0
100293,1,68,28.82,3,0.05
100293,2,114,26.74,5,0.05
100293,3,65,12.82,10,0.0
100294,1,60,11.31,1,0.03
100294,2,62,35.47,3,0.0
100295,1,22,14.43,1,0.0
100295,2,51,45.71,1,0.0
100295,3,83,30.96,3,0.0
100296,1,65,10.86,1,0.05
100296,2,103,26.94,4,0.0
100297,1,83,30.03,6,0.2
100297,2,27,9.71,1,0.05
100298,1,91,17.04,5,0.05
100298,2,110,26.28,2,0.1
100298,3,60,10.67,7,0.0
100298,4,97,14.17,3,0.1
100299,1,32,18.97,1,0.0
100299,2,34,26.93,2,0.05
100299,3,95,22.42,1,0.1
100300,1,58,8.34,3,0.0
100300,2,97,13.3,2,0.0
100300,3,116,37.83,1,0.15
100300,4,71,7.8,5,0.05
100301,1,116,36.41,7,0.0
100301,2,81,25.97,4,0.05
100301,3,21,27.79,5,0.0
100302,1,53,22.57,6,0.0
100302,2,91,19.78,6,0.0
100302,3,80,24.56,5,0.0
100303,1,83,29.37,7,0.1
100303,2,85,31.0,1,0.15
100303,3,28,7.28,11,0.0
100304,1,83,37.22,2,0.0
100304,2,12,78.55,1,0.0
100304,3,65,13.74,2,0.05
100305,1,94,30.81,2,0.0
100305,2,107,42.58,4,0.15
100305,3,35,30.74,4,0.0
100306,1,81,27.31,2,0.05
100306,2,82,5.75,3,0.0
100306,3,79,19.47,8,0.15
100307,1,43,36.79,4,0.0
100307,2,6,10.63,19,0.05
100307,3,16,5.15,2,0.0
100307,4,113,10.12,1,0.05
100307,5,76,24.85,4,0.1
100308,1,65,11.31,5,0.15
100308,2,21,29.38,4,0.0
100308,3,101,25.84,3,0.15
100309,1,116,36.91,6,0.2
100309,2,106,20.5,5,0.0
100310,1,9,26.24,4,0.1
100310,2,8,4.84,1,0.0
100311,1,110,27.75,1,0.0
100311,2,9,23.24,2,0.0
100311,3,45,11.96,5,0.03
100311,4,116,45.27,2,0.0
100312,1,53,25.88,4,0.0
100312,2,45,12.14,2,0.05
100312,3,82,6.48,4,0.0
100313,1,26,14.73,5,0.1
100313,2,60,11.9,5,0.0
100314,1,106,22.62,3,0.0
100315,1,21,27.05,6,0.05
100315,2,53,24.77,6,0.2
100315,3,1,28.8,3,0.0
100315,4,32,16.57,3,0.0
100316,1,4,7.92,3,0.2
100316,2,97,14.1,4,0.0
100316,3,58,9.53,3,0.05
100317,1,20,29.39,2,0.0
100317,2,98,11.49,2,0.0
100317,3,70,12.47,8,0.0
100318,1,56,21.2,2,0.03
100318,2,81,26.13,3,0.05
100319,1,74,29.79,5,0.05
100319,2,75,19.04,4,0.05
100319,3,63,42.6,8,0.0
100320,1,114,29.54,2,0.0
100320,2,71,6.67,4,0.1
100320,3,24,52.19,7,0.0
100321,1,104,25.27,1,0.05
100321,2,114,24.14,7,0.15
100321,3,79,20.23,9,0.03
100321,4,51,45.97,3,0.05
100322,1,76,25.44,2,0.05
100322,2,55,18.04,6,0.1
100322,3,60,11.68,7,0.0
100323,1,45,12.67,3,0.05
100323,2,60,11.28,2,0.0
100323,3,114,24.51,2,0.03
100323,4,52,45.04,2,0.0
100324,1,104,26.01,6,0.05
100324,2,5,23.42,2,0.0
100324,3,53,23.81,2,0.0
100324,4,109,4.25,10,0.05
100325,1,83,26.99,3,0.1
100325,2,79,19.91,4,0.1
100325,3,81,20.91,9,0.03
100325,4,45,11.79,1,0.0
100326,1,72,8.04,8,0.0
100326,2,99,28.2,6,0.1
100326,3,34,24.54,1,0.0
100326,4,24,52.92,3,0.0
100327,1,93,24.65,4,0.1
100327,2,71,6.82,1,0.15
100327,3,14,29.16,8,0.0
100328,1,34,25.52,2,0.0
100328,2,53,26.94,2,0.0
100328,3,8,4.35,10,0.0
100328,4,32,18.69,10,0.1
100329,1,45,12.61,4,0.0
100329,2,44,14.45,1,0.0
100329,3,66,8.28,7,0.1
100329,4,51,46.16,4,0.0
100330,1,104,25.19,6,0.0
100330,2,60,11.79,2,0.0
100330,3,38,26.12,3,0.0
100330,4,81,23.99,4,0.0
100331,1,45,11.13,4,0.05
100331,2,85,28.14,1,0.0
100331,3,53,24.19,1,0.0
100331,4,51,43.37,1,0.0
100332,1,103,28.16,1,0.2
100332,2,116,44.81,2,0.0
100332,3,51,47.18,14,0.2
100333,1,90,46.71,2,0.0
100333,2,74,30.51,2,0.0
100333,3,8,4.49,4,0.03
100333,4,88,34.92,2,0.05
100333,5,21,30.53,2,0.15
100334,1,71,7.27,9,0.15
100334,2,27,9.03,3,0.0
100334,3,77,32.86,1,0.15
100335,1,55,18.21,6,0.0
100335,2,65,11.81,6,0.0
100336,1,5,27.68,3,0.0
100336,2,11,34.71,3,0.0
100336,3,69,4.57,1,0.0
100336,4,2,31.52,3,0.0
100336,5,14,23.46,2,0.0
100337,1,24,47.34,5,0.1
100337,2,71,7.65,1,0.03
100337,3,64,23.18,24,0.0
100337,4,51,42.96,7,0.0
100337,5,118,20.45,2,0.05
100337,6,44,15.25,2,0.2
100337,7,55,20.5,2,0.1
100338,1,36,33.22,6,0.0
100339,1,81,22.26,5,0.0
100339,2,19,23.95,2,0.1
100339,3,98,12.55,1,0.03
100339,4,88,30.96,2,0.0
100340,1,105,5.14,4,0.0
100340,2,27,9.38,5,0.0
100340,3,60,14.35,2,0.0
100340,4,44,14.79,3,0.2
100341,1,55,19.39,8,0.1
100341,2,27,9.69,5,0.0
100341,3,39,129.6,2,0.0
100341,4,107,40.08,4,0.03
100342,1,99,24.0,3,0.0
100342,2,60,12.18,1,0.1
100342,3,110,25.67,5,0.0
100343,1,37,21.0,7,0.0
100344,1,15,8.57,5,0.05
100344,2,67,35.61,4,0.0
100345,1,85,33.07,3,0.0
100345,2,81,22.89,4,0.0
100345,3,53,23.12,5,0.05
100345,4,75,17.79,3,0.0
100345,5,71,6.47,4,0.1
100346,1,5,27.48,6,0.0
100346,2,75,18.09,11,0.0
100346,3,28,8.03,2,0.0
100346,4,116,38.59,2,0.0
100346,5,79,16.99,4,0.0
100347,1,109,3.55,2,0.0
100347,2,11,31.23,6,0.0
100347,3,81,23.88,5,0.0
100348,1,35,30.82,3,0.0
100348,2,72,9.12,5,0.0
100348,3,51,42.58,2,0.0
100349,1,88,36.27,7,0.0
100350,1,84,14.7,3,0.03
100350,2,72,9.15,2,0.0
100350,3,108,32.99,3,0.0
100351,1,79,17.34,2,0.05
100351,2,45,11.5,18,0.0
100351,3,84,15.17,5,0.0
100351,4,23,26.49,11,0.0
100351,5,58,8.77,2,0.2
100351,6,41,54.5,3,0.0
100352,1,81,21.45,4,0.0
100352,2,53,27.79,9,0.0
100352,3,108,35.69,4,0.0
100352,4,97,14.58,2,0.0
100353,1,52,39.45,4,0.0
100353,2,1,28.6,1,0.0
100354,1,107,37.35,5,0.05
100354,2,45,12.87,11,0.05
100355,1,85,28.41,6,0.05
100355,2,32,20.93,15,0.0
100355,3,94,30.15,5,0.0
100355,4,107,41.52,2,0.0
100355,5,39,114.03,4,0.1
100356,1,110,22.63,4,0.0
100356,2,99,27.83,6,0.0
100356,3,103,26.62,3,0.0
100357,1,52,45.58,1,0.0
100357,2,31,4.29,5,0.0
100357,3,41,47.23,4,0.0
100358,1,97,12.16,4,0.2
100358,2,45,10.64,2,0.05
100358,3,99,28.37,4,0.0
100358,4,64,25.36,3,0.0
100359,1,60,12.41,4,0.05
100359,2,104,25.27,3,0.0
100359,3,45,11.54,1,0.0
100360,1,40,24.76,4,0.0
100360,2,101,23.19,4,0.0
100361,1,79,21.96,1,0.0
100362,1,14,23.91,7,0.0
100362,2,26,17.35,3,0.0
100362,3,8,5.27,8,0.0
100362,4,110,24.52,2,0.05
100363,1,11,32.56,2,0.1
100363,2,86,26.63,9,0.0
100363,3,8,5.36,5,0.0
100363,4,97,16.08,2,0.0
100364,1,78,9.63,5,0.0
100364,2,72,8.65,2,0.1
100364,3,14,23.5,1,0.0
100364,4,71,7.12,4,0.05
100364,5,95,19.57,5,0.0
100365,1,107,36.78,5,0.1
100365,2,120,4.86,3,0.0
100365,3,92,27.68,5,0.0
100365,4,116,34.37,3,0.1
100365,5,8,4.4,3,0.0
100366,1,110,28.03,5,0.1
100366,2,88,36.28,3,0.05
100366,3,106,20.33,4,0.0
100366,4,80,21.76,6,0.2
100367,1,52,44.58,9,0.05
100367,2,26,16.61,6,0.03
100367,3,50,10.77,2,0.03
100367,4,70,10.37,3,0.0
100368,1,26,14.76,11,0.05
100368,2,76,20.53,3,0.15
100369,1,52,46.06,5,0.0
100369,2,107,35.06,2,0.03
100369,3,49,26.2,7,0.0
100369,4,81,22.96,6,0.2
100370,1,44,12.76,1,0.05
100370,2,79,17.56,2,0.0
100370,3,12,93.76,3,0.2
100370,4,95,21.37,4,0.0
100370,5,89,16.71,2,0.0
100370,6,15,9.28,6,0.0
100370,7,76,20.58,4,0.1
100371,1,15,8.7,6,0.0
100371,2,27,9.3,4,0.1
100372,1,94,34.2,9,0.0
100372,2,103,26.42,1,0.0
100372,3,62,31.8,4,0.05
100372,4,97,14.34,3,0.0
100373,1,101,23.74,1,0.0
100373,2,32,19.71,2,0.03
100373,3,19,26.52,5,0.1
100373,4,75,19.88,6,0.2
100373,5,120,4.66,12,0.03
100374,1,10,49.5,7,0.1
100374,2,12,96.43,5,0.0
100374,3,72,8.35,3,0.0
100374,4,76,24.86,4,0.15
100375,1,81,23.28,2,0.05
100375,2,110,23.98,4,0.0
100375,3,70,9.8,6,0.05
100375,4,8,5.36,5,0.03
100376,1,75,17.49,1,0.0
100376,2,67,35.46,3,0.1
100376,3,24,54.86,1,0.0
100376,4,81,25.1,2,0.0
100377,1,34,25.24,8,0.0
100377,2,58,7.68,1,0.0
100377,3,53,25.1,5,0.0
100377,4,29,48.39,9,0.15
100377,5,45,12.65,7,0.0
100377,6,76,25.79,4,0.1
100378,1,43,40.57,17,0.03
100378,2,13,39.38,4,0.03
100378,3,81,22.95,3,0.1
100378,4,31,5.12,1,0.2
100379,1,48,45.19,2,0.0
100379,2,71,7.13,8,0.03
100379,3,46,15.51,2,0.0
100379,4,83,34.03,3,0.0
100379,5,45,12.18,2,0.0
100380,1,10,48.83,5,0.0
100381,1,71,7.16,2,0.2
100381,2,97,15.9,6,0.0
100381,3,116,32.16,10,0.0
100381,4,59,19.49,4,0.1
100381,5,51,44.86,5,0.0
100381,6,58,8.78,5,0.05
100382,1,67,31.13,4,0.1
100382,2,81,23.49,3,0.0
100383,1,2,29.14,4,0.05
100383,2,43,37.31,3,0.0
100383,3,10,55.37,3,0.05
100384,1,6,10.84,7,0.03
100384,2,87,30.32,2,0.0
100384,3,26,15.24,4,0.0
100385,1,97,13.89,5,0.2
100385,2,106,19.56,4,0.05
100385,3,67,33.41,3,0.05
100385,4,31,4.41,5,0.0
100385,5,116,39.86,5,0.0
100386,1,61,17.69,1,0.0
100387,1,15,11.09,9,0.1
100387,2,52,50.71,4,0.0
100387,3,14,27.56,9,0.0
100388,1,65,12.99,3,0.0
100388,2,83,31.12,1,0.05
100388,3,75,17.53,3,0.0
100389,1,56,27.63,1,0.05
100389,2,75,20.01,2,0.1
100389,3,81,27.06,1,0.0
100390,1,8,4.13,4,0.1
100391,1,60,13.15,10,0.0
100391,2,85,31.88,3,0.0
100391,3,33,11.38,3,0.0
100391,4,81,24.08,2,0.05
100392,1,81,25.58,1,0.0
100392,2,71,6.84,7,0.0
100392,3,45,11.28,2,0.0
100393,1,81,25.97,2,0.1
100393,2,59,24.01,2,0.0
100393,3,27,9.51,1,0.05
100393,4,13,36.0,4,0.0
100394,1,65,12.29,2,0.0
100394,2,39,112.53,7,0.03
100394,3,80,23.31,3,0.1
100394,4,51,39.25,2,0.05
100394,5,22,16.37,3,0.0
100395,1,78,9.98,4,0.05
100395,2,67,31.74,7,0.05
100395,3,83,32.63,1,0.0
100395,4,12,74.56,3,0.05
100395,5,71,7.07,2,0.15
100396,1,15,9.25,8,0.0
100396,2,45,13.1,3,0.1
100397,1,68,22.2,5,0.0
100397,2,25,13.14,6,0.0
100397,3,51,41.76,10,0.1
100397,4,17,15.61,3,0.1
100398,1,24,49.54,7,0.0
100398,2,103,28.39,2,0.0
100398,3,81,21.83,4,0.0
100399,1,117,9.21,7,0.0
100399,2,98,13.11,8,0.0
100399,3,69,3.94,4,0.0
100400,1,110,22.74,3,0.0
100400,2,71,6.61,3,0.05
100400,3,44,16.34,3,0.03
100401,1,16,5.11,5,0.0
100402,1,60,11.43,11,0.15
100402,2,14,24.33,3,0.0
100402,3,101,25.34,6,0.1
100402,4,45,12.79,7,0.03
100403,1,5,26.69,2,0.03
100403,2,97,16.12,14,0.0
100403,3,76,21.02,8,0.0
100404,1,15,11.05,9,0.03
100404,2,41,41.84,5,0.1
100405,1,71,7.45,6,0.05
100405,2,81,25.25,3,0.0
100405,3,45,12.05,2,0.1
100406,1,26,16.27,2,0.0
100406,2,24,47.82,5,0.0
100407,1,51,45.42,1,0.03
100407,2,72,7.36,2,0.0
100407,3,15,11.1,1,0.05
100407,4,109,3.99,7,0.05
100407,5,97,13.75,8,0.0
100407,6,81,26.74,4,0.1
100408,1,28,6.48,3,0.1
100408,2,108,33.47,8,0.03
100409,1,65,11.39,5,0.15
100410,1,112,73.15,6,0.0
100410,2,110,26.22,1,0.0
100410,3,94,29.85,6,0.0
100411,1,40,24.69,1,0.0
100411,2,31,4.97,1,0.05
100412,1,65,13.56,8,0.0
100413,1,45,12.07,3,0.03
100413,2,67,29.31,4,0.0
100413,3,71,6.8,3,0.15
100413,4,39,119.09,1,0.0
100414,1,60,14.22,6,0.15
100414,2,75,20.02,2,0.0
100414,3,51,40.79,4,0.05
100414,4,66,7.27,4,0.0
100414,5,55,20.13,10,0.0
100414,6,65,12.39,4,0.0
100414,7,45,11.11,5,0.0
100415,1,26,15.33,1,0.0
100415,2,110,23.46,6,0.0
100416,1,46,18.1,3,0.0
100417,1,32,18.86,1,0.0
100417,2,84,13.86,6,0.0
100418,1,107,42.27,4,0.0
100418,2,27,9.7,2,0.05
100418,3,8,4.54,8,0.0
100418,4,103,29.73,7,0.0
100419,1,4,6.9,4,0.0
100419,2,80,23.62,2,0.1
100420,1,116,38.81,3,0.0
100420,2,45,13.06,5,0.0
100420,3,44,15.05,9,0.0
100421,1,24,42.58,2,0.15
100421,2,83,33.34,6,0.0
100421,3,10,48.91,2,0.0
100422,1,97,15.72,1,0.05
100422,2,106,19.54,5,0.0
100422,3,7,15.08,2,0.1
100422,4,15,11.06,1,0.0
100422,5,92,25.88,5,0.0
100422,6,110,23.63,3,0.0
100422,7,60,11.89,2,0.05
100423,1,1,23.31,4,0.03
100423,2,32,17.57,6,0.0
100423,3,14,21.76,2,0.05
100423,4,87,26.19,2,0.0
100423,5,8,5.46,6,0.0
100423,6,25,13.35,3,0.0
100424,1,78,10.66,4,0.0
100424,2,99,31.55,6,0.0
100424,3,72,10.37,4,0.0
100424,4,67,26.02,1,0.05
100424,5,97,16.07,6,0.05
100425,1,114,27.45,5,0.03
100425,2,52,44.33,10,0.0
100425,3,118,19.4,4,0.15
100425,4,79,20.32,11,0.05
100426,1,110,27.37,3,0.0
100426,2,55,22.6,6,0.0
100426,3,104,30.23,1,0.0
100426,4,113,9.24,4,0.0
100427,1,94,28.18,3,0.05
100427,2,60,11.0,5,0.1
100427,3,71,7.6,5,0.1
100427,4,51,44.18,1,0.0
100428,1,4,6.39,6,0.1
100428,2,21,25.66,4,0.0
100428,3,46,17.49,6,0.03
100429,1,21,26.92,1,0.0
100429,2,112,82.47,3,0.0
100429,3,45,11.34,4,0.1
100429,4,79,16.94,4,0.1
100429,5,102,24.45,5,0.0
100430,1,27,8.68,5,0.0
100430,2,118,20.35,4,0.1
100430,3,5,26.01,10,0.0
100430,4,67,27.76,6,0.0
100430,5,97,11.22,2,0.0
100431,1,33,12.37,2,0.05
100431,2,15,10.35,6,0.1
100431,3,97,16.03,3,0.15
100432,1,110,24.47,3,0.05
100432,2,75,20.61,7,0.0
100432,3,45,11.52,2,0.05
100432,4,111,86.09,2,0.0
100432,5,44,16.48,4,0.15
100432,6,104,28.44,2,0.0
100433,1,116,38.95,3,0.0
100433,2,71,7.75,11,0.0
100433,3,44,16.91,6,0.0
100433,4,70,10.55,2,0.0
100434,1,45,11.68,2,0.0
100434,2,40,27.7,6,0.03
100434,3,110,30.9,2,0.2
100434,4,38,27.24,7,0.0
100435,1,116,39.48,2,0.0
100436,1,88,35.24,3,0.0
100436,2,16,5.14,2,0.0
100436,3,84,14.71,5,0.05
100436,4,52,43.97,4,0.0
100436,5,68,26.01,5,0.1
100437,1,13,34.66,8,0.0
100437,2,46,16.4,1,0.0
100437,3,51,48.9,1,0.0
100438,1,97,12.05,3,0.05
100439,1,11,36.86,3,0.05
100439,2,99,27.57,6,0.0
100439,3,35,29.21,4,0.05
100440,1,93,22.26,2,0.2
100440,2,109,3.42,1,0.03
100440,3,61,20.29,5,0.05
100440,4,97,14.5,5,0.0
100441,1,21,29.3,7,0.05
100441,2,84,15.57,3,0.0
100442,1,97,16.18,4,0.0
100442,2,113,10.31,4,0.2
100442,3,53,23.73,3,0.03
100442,4,72,8.42,8,0.05
100442,5,95,21.87,2,0.0
100443,1,54,22.58,6,0.05
100443,2,53,23.84,1,0.05
100444,1,53,23.97,7,0.15
100445,1,49,28.63,15,0.03
100445,2,73,21.32,4,0.15
100445,3,44,15.3,2,0.0
100445,4,9,26.65,6,0.1
100445,5,11,37.38,5,0.1
100446,1,104,27.96,1,0.2
100446,2,4,7.08,4,0.0
100447,1,99,26.18,3,0.05
100447,2,80,24.94,8,0.15
100447,3,60,11.92,3,0.0
100447,4,19,26.03,9,0.05
100448,1,72,8.58,1,0.1
100448,2,79,18.04,6,0.1
100449,1,60,12.15,7,0.0
100449,2,108,37.01,7,0.0
100449,3,15,10.64,2,0.03
100450,1,94,33.42,4,0.0
100450,2,51,45.24,3,0.0
100450,3,109,3.93,2,0.0
100450,4,67,30.72,6,0.1
100450,5,86,33.62,8,0.0
100450,6,97,15.32,3,0.15
100451,1,35,27.94,4,0.0
100451,2,52,47.16,4,0.0
100451,3,55,16.34,4,0.0
100451,4,59,19.64,1,0.03
100451,5,4,7.46,5,0.15
100451,6,83,32.47,1,0.15
100452,1,79,21.74,1,0.05
100452,2,8,4.92,10,0.0
100452,3,97,16.35,4,0.0
100453,1,59,19.56,1,0.0
100453,2,60,12.17,5,0.0
100453,3,96,77.64,8,0.1
100453,4,75,17.89,4,0.0
100454,1,71,7.38,5,0.03
100454,2,75,19.0,5,0.0
100454,3,21,30.24,2,0.0
100455,1,28,5.6,4,0.0
100455,2,24,51.71,1,0.0
100456,1,72,8.37,9,0.0
100456,2,12,91.66,4,0.05
100456,3,93,25.18,11,0.0
100456,4,88,38.48,3,0.0
100456,5,116,33.31,4,0.0
100457,1,57,37.6,2,0.0
100458,1,37,19.45,4,0.0
100458,2,110,27.8,3,0.1
100459,1,51,39.56,2,0.0
100459,2,60,10.33,4,0.0
100459,3,97,15.21,1,0.1
100459,4,61,20.89,2,0.0
100459,5,53,26.73,3,0.15
100460,1,108,31.37,7,0.03
100460,2,27,8.67,1,0.0
100460,3,89,18.81,9,0.03
100460,4,45,12.08,3,0.1
100461,1,40,23.18,7,0.0
100461,2,112,83.43,3,0.05
100462,1,67,34.55,1,0.0
100462,2,5,23.94,3,0.1
100462,3,45,10.93,4,0.0
100462,4,51,41.63,7,0.0
100463,1,98,12.06,7,0.0
100464,1,76,24.28,3,0.0
100464,2,68,22.55,5,0.05
100464,3,60,11.94,3,0.05
100465,1,79,18.9,6,0.0
100465,2,76,25.1,2,0.15
100465,3,67,35.08,1,0.0
100465,4,23,23.78,1,0.0
100465,5,65,13.54,7,0.0
100465,6,40,23.5,7,0.1
100466,1,100,60.85,6,0.0
100466,2,28,6.26,3,0.2
100466,3,116,34.69,10,0.05
100466,4,110,24.67,5,0.1
100466,5,51,47.98,5,0.05
100467,1,40,25.34,6,0.03
100467,2,84,15.36,6,0.05
100467,3,81,27.2,6,0.1
100467,4,72,7.52,6,0.0
100468,1,18,18.79,2,0.0
100468,2,65,12.31,5,0.0
100468,3,9,24.89,4,0.0
100468,4,50,9.51,4,0.0
100469,1,110,25.3,1,0.0
100469,2,53,23.31,9,0.0
100469,3,82,6.68,5,0.0
100470,1,53,26.79,10,0.0
100470,2,80,24.87,4,0.03
100471,1,75,18.75,4,0.03
100472,1,15,11.08,3,0.0
100472,2,85,29.64,2,0.0
100472,3,67,32.04,13,0.0
100472,4,47,22.92,11,0.0
100473,1,110,25.39,5,0.0
100473,2,111,87.9,4,0.0
100474,1,79,19.41,2,0.05
100474,2,63,41.95,3,0.05
100474,3,77,35.32,11,0.03
100474,4,23,26.8,4,0.0
100475,1,106,23.27,7,0.0
100475,2,85,31.5,5,0.1
100475,3,103,30.92,2,0.0
100476,1,38,26.63,6,0.0
100476,2,72,8.42,3,0.1
100476,3,45,13.2,3,0.0
100476,4,40,23.89,1,0.0
100477,1,77,27.42,3,0.0
100477,2,53,23.53,3,0.0
100477,3,83,31.6,8,0.0
100477,4,24,46.19,5,0.0
100478,1,97,16.02,7,0.0
100478,2,69,3.53,4,0.15
100478,3,65,13.1,2,0.0
100479,1,85,28.58,5,0.0
100479,2,44,16.04,6,0.05
100479,3,91,20.78,5,0.2
100479,4,25,12.46,5,0.05
100480,1,88,30.8,1,0.0
100480,2,35,29.06,3,0.0
100480,3,9,28.55,2,0.0
100480,4,57,47.88,5,0.0
100480,5,71,8.28,1,0.0
100480,6,51,49.32,4,0.0
100481,1,75,19.91,2,0.0
100481,2,49,25.81,7,0.03
100481,3,51,39.04,5,0.0
100481,4,107,41.19,1,0.0
100481,5,65,12.84,2,0.0
100482,1,98,11.65,2,0.15
100482,2,67,31.52,10,0.0
100482,3,116,33.09,4,0.0
100482,4,51,48.49,5,0.0
100482,5,45,9.55,4,0.1
100482,6,72,9.14,3,0.0
100483,1,80,21.82,7,0.0
100484,1,72,7.58,4,0.0
100484,2,78,10.9,4,0.0
100485,1,105,4.6,4,0.0
100485,2,44,14.04,8,0.1
100485,3,41,48.16,1,0.0
100486,1,71,7.52,5,0.0
100486,2,117,10.58,5,0.0
100486,3,51,45.16,3,0.0
100487,1,45,11.73,8,0.0
100487,2,47,21.2,7,0.0
100487,3,109,4.13,3,0.0
100487,4,60,12.52,4,0.0
100488,1,83,35.03,2,0.03
100488,2,59,17.19,3,0.0
100488,3,116,38.47,3,0.0
100488,4,76,22.56,1,0.0
100489,1,104,25.48,5,0.1
100489,2,71,6.78,2,0.0
100489,3,120,4.36,4,0.1
100489,4,83,31.3,6,0.05
100489,5,106,22.14,3,0.0
100489,6,51,44.46,8,0.0
100489,7,49,25.44,3,0.0
100489,8,8,5.12,3,0.05
100490,1,37,19.84,2,0.05
100490,2,51,44.56,4,0.05
100490,3,8,5.49,4,0.0
100490,4,79,21.26,1,0.0
100491,1,5,27.08,9,0.1
100491,2,106,20.47,2,0.05
100492,1,113,9.93,4,0.15
100492,2,71,6.3,1,0.0
100492,3,54,24.61,4,0.03
100492,4,106,21.86,2,0.0
100492,5,94,31.16,6,0.0
100492,6,87,26.69,4,0.0
100493,1,55,17.69,3,0.05
100493,2,27,10.61,4,0.03
100494,1,78,10.25,2,0.15
100494,2,76,23.97,2,0.05
100494,3,83,33.48,5,0.03
100495,1,3,57.8,3,0.03
100495,2,2,27.49,11,0.03
100496,1,45,10.18,1,0.0
100496,2,63,41.16,5,0.15
100496,3,70,11.81,3,0.0
100496,4,110,27.25,4,0.0
100497,1,82,6.95,5,0.0
100497,2,40,24.9,8,0.03
100498,1,45,11.31,5,0.0
100498,2,40,25.59,9,0.0
100498,3,8,5.05,2,0.1
100498,4,97,16.31,1,0.0
100499,1,27,8.37,2,0.0
100499,2,11,35.11,1,0.0
100500,1,71,6.51,3,0.05
100500,2,78,9.26,5,0.05
100501,1,98,12.82,2,0.0
100501,2,44,13.99,2,0.0
100501,3,52,47.49,6,0.0
100501,4,65,11.45,1,0.0
100502,1,31,5.14,4,0.0
100502,2,105,5.0,2,0.05
100502,3,16,5.08,2,0.03
100503,1,80,22.84,8,0.0
100503,2,49,26.21,3,0.1
100503,3,36,32.99,3,0.0
100504,1,93,22.07,1,0.1
100504,2,15,11.89,4,0.1
100504,3,45,12.09,3,0.0
100504,4,67,33.71,2,0.0
100504,5,44,15.22,2,0.0
100505,1,116,37.75,6,0.15
100505,2,14,24.51,10,0.0
100505,3,107,40.91,4,0.0
100506,1,37,17.08,6,0.1
100507,1,99,21.75,3,0.03
100507,2,46,16.88,2,0.0
100507,3,51,46.5,4,0.15
100508,1,58,7.55,2,0.0
100508,2,80,23.39,3,0.0
100508,3,57,44.47,9,0.0
100509,1,92,31.02,1,0.0
100509,2,45,11.62,2,0.0
100509,3,75,16.58,2,0.0
100509,4,71,6.67,9,0.0
100509,5,116,38.2,6,0.0
100510,1,37,20.48,8,0.03
100510,2,98,11.99,5,0.0
100510,3,79,15.73,10,0.0
100510,4,14,20.68,1,0.05
100511,1,72,8.42,4,0.03
100511,2,105,4.8,3,0.0
100511,3,23,25.81,7,0.0
100511,4,87,23.4,3,0.15
100511,5,109,3.8,3,0.0
100512,1,120,5.44,5,0.0
100512,2,50,13.22,3,0.0
100513,1,24,42.42,5,0.0
100513,2,105,4.87,8,0.0
100514,1,75,18.15,5,0.05
100514,2,71,7.39,14,0.0
100514,3,26,15.41,5,0.05
100514,4,45,12.1,11,0.0
100514,5,14,24.02,5,0.0
100514,6,114,26.91,1,0.0
100515,1,71,7.14,5,0.0
100516,1,24,47.2,2,0.05
100516,2,101,25.14,3,0.0
100516,3,68,22.0,7,0.0
100516,4,51,51.89,8,0.2
100517,1,79,18.8,5,0.1
100518,1,32,15.45,6,0.0
100518,2,79,19.43,6,0.0
100519,1,110,26.55,8,0.1
100519,2,70,13.59,4,0.03
100519,3,8,5.25,1,0.0
100519,4,44,13.94,6,0.15
100519,5,104,24.96,6,0.15
100520,1,35,31.72,1,0.0
100520,2,109,3.78,4,0.0
100521,1,32,17.53,4,0.0
100521,2,44,16.29,7,0.0
100522,1,66,8.29,2,0.0
100522,2,76,25.62,2,0.1
100522,3,71,7.34,8,0.0
100523,1,72,8.54,8,0.0
100523,2,6,10.84,2,0.0
100523,3,120,4.92,6,0.0
100523,4,95,21.44,4,0.0
100523,5,108,33.72,5,0.03
100523,6,5,28.19,6,0.1
100524,1,116,40.21,4,0.0
100524,2,101,23.32,5,0.05
100525,1,101,22.09,2,0.0
100525,2,110,24.23,7,0.0
100525,3,112,68.91,4,0.0
100525,4,103,27.57,2,0.0
100525,5,98,11.99,6,0.05
100525,6,66,7.88,4,0.0
100525,7,52,45.56,5,0.0
100525,8,37,18.03,4,0.03
100526,1,46,16.9,1,0.0
100526,2,71,7.75,3,0.1
100527,1,91,20.71,5,0.1
100527,2,48,40.02,6,0.1
100528,1,51,36.94,3,0.0
100528,2,76,21.3,3,0.05
100528,3,94,28.33,2,0.05
100528,4,69,4.32,6,0.05
100529,1,88,33.34,1,0.03
100529,2,45,11.63,1,0.0
100529,3,54,25.45,2,0.0
100530,1,110,26.06,4,0.0
100531,1,2,28.97,1,0.1
100531,2,76,25.3,9,0.0
100531,3,78,9.97,1,0.0
100531,4,8,5.22,4,0.0
100531,5,88,34.89,2,0.0
100532,1,35,37.81,1,0.0
100532,2,56,28.42,5,0.05
100532,3,107,43.74,5,0.0
100532,4,9,23.86,3,0.0
100532,5,76,25.5,2,0.1
100532,6,101,26.69,5,0.0
100533,1,83,35.54,3,0.15
100533,2,77,32.95,1,0.0
100533,3,79,19.68,3,0.03
100534,1,103,30.84,3,0.0
100534,2,13,38.1,3,0.0
100534,3,79,19.56,3,0.15
100535,1,112,77.77,2,0.0
100535,2,12,95.27,4,0.0
100535,3,78,10.09,2,0.0
100535,4,99,26.65,1,0.03
100535,5,41,44.96,5,0.0
100535,6,45,12.77,3,0.0
100536,1,4,6.99,1,0.0
100537,1,53,22.77,1,0.0
100537,2,22,17.53,4,0.05
100537,3,80,25.23,5,0.05
100538,1,87,26.04,3,0.0
100539,1,45,11.33,8,0.15
100539,2,107,37.58,12,0.0
100539,3,21,31.53,3,0.1
100539,4,81,21.21,3,0.0
100539,5,104,26.86,4,0.1
100540,1,72,10.26,5,0.0
100540,2,78,9.94,1,0.0
100540,3,52,44.02,5,0.1
100540,4,116,45.46,3,0.0
100540,5,45,13.45,3,0.05
100541,1,24,49.6,3,0.1
100541,2,14,25.76,2,0.0
100541,3,31,4.78,3,0.0
100542,1,33,10.17,2,0.05
100542,2,101,26.6,3,0.0
100542,3,8,4.46,3,0.0
100542,4,113,10.95,6,0.15
100543,1,72,8.87,2,0.0
100543,2,97,13.82,9,0.0
100543,3,76,27.74,3,0.0
100543,4,102,23.04,2,0.05
100544,1,8,4.59,2,0.03
100544,2,51,44.42,2,0.1
100545,1,41,54.43,2,0.0
100545,2,81,26.94,3,0.0
100545,3,96,80.46,2,0.1
100545,4,36,24.01,5,0.0
100545,5,98,12.42,2,0.0
100545,6,72,8.42,7,0.0
100546,1,76,25.65,3,0.0
100546,2,71,8.12,6,0.0
100546,3,79,16.83,5,0.03
100546,4,118,22.14,6,0.05
100546,5,2,33.9,2,0.2
100547,1,9,27.18,3,0.0
100547,2,47,22.08,1,0.0
100547,3,82,6.24,10,0.03
100548,1,109,3.39,4,0.0
100548,2,84,15.67,1,0.0
100548,3,16,5.25,2,0.05
100548,4,92,28.45,1,0.05
100549,1,84,14.72,3,0.05
100549,2,116,38.35,3,0.0
100549,3,110,24.97,2,0.15
100550,1,72,8.18,6,0.0
100550,2,64,24.15,3,0.2
100550,3,12,69.17,2,0.03
100551,1,76,23.34,5,0.03
100551,2,45,12.07,3,0.2
100551,3,110,23.47,4,0.2
100552,1,28,6.8,3,0.0
100552,2,111,72.97,3,0.0
100552,3,58,7.27,8,0.0
100553,1,22,13.43,9,0.05
100553,2,36,28.72,4,0.0
100553,3,19,27.63,3,0.0
100553,4,98,11.48,3,0.03
100554,1,79,19.56,5,0.0
100554,2,45,12.31,4,0.0
100554,3,106,18.06,11,0.15
100554,4,72,9.17,2,0.0
100555,1,90,57.07,3,0.03
100556,1,14,27.95,1,0.0
100556,2,98,12.94,5,0.0
100557,1,116,38.4,7,0.0
100557,2,72,8.46,7,0.15
100557,3,24,45.56,1,0.05
100557,4,112,79.55,6,0.0
100557,5,45,11.1,6,0.0
100557,6,106,19.96,3,0.05
100557,7,71,7.28,5,0.1
100558,1,44,15.86,3,0.05
100558,2,99,29.76,8,0.0
100559,1,88,27.07,1,0.03
100559,2,100,64.95,4,0.0
100559,3,72,8.74,6,0.0
100560,1,8,5.09,4,0.0
100560,2,72,8.91,1,0.1
100561,1,81,26.37,5,0.05
100561,2,53,20.56,3,0.05
100561,3,113,9.86,5,0.0
100561,4,27,10.13,2,0.1
100562,1,112,85.48,4,0.03
100562,2,44,17.55,2,0.0
100562,3,12,86.05,6,0.05
100563,1,72,8.91,7,0.0
100563,2,45,12.67,4,0.0
100563,3,65,12.64,3,0.03
100563,4,110,26.7,1,0.0
100564,1,23,23.24,5,0.1
100564,2,45,11.45,1,0.0
100564,3,12,79.51,10,0.0
100564,4,79,21.52,4,0.0
100565,1,44,15.98,3,0.1
100565,2,63,39.41,2,0.0
100565,3,48,43.34,3,0.05
100565,4,70,10.52,2,0.15
100565,5,113,10.27,4,0.05
100565,6,27,8.82,4,0.03
100566,1,96,74.1,1,0.15
100566,2,83,35.77,5,0.03
100566,3,40,21.5,4,0.0
100567,1,81,22.42,10,0.0
100567,2,52,44.47,2,0.0
100567,3,51,50.8,11,0.0
100567,4,45,12.21,4,0.2
100568,1,40,21.83,2,0.05
100568,2,110,26.69,4,0.0
100568,3,94,25.68,2,0.03
100569,1,112,72.97,6,0.1
100569,2,97,14.7,2,0.1
100569,3,108,39.52,1,0.15
100569,4,91,20.62,4,0.2
100569,5,106,19.92,2,0.0
100569,6,49,25.53,9,0.05
100569,7,45,11.67,6,0.0
100570,1,79,20.35,4,0.0
100570,2,110,25.3,8,0.0
100570,3,11,34.6,2,0.1
100570,4,89,17.81,3,0.0
100571,1,112,78.35,6,0.05
100572,1,110,24.51,1,0.03
100572,2,45,10.55,7,0.1
100572,3,23,23.76,2,0.0
100572,4,97,14.64,3,0.2
100573,1,61,20.12,7,0.1
100573,2,60,10.8,7,0.0
100574,1,52,49.25,2,0.0
100574,2,31,4.75,4,0.1
100574,3,83,26.98,2,0.0
100574,4,34,22.01,2,0.0
100575,1,40,24.09,1,0.0
100575,2,79,20.8,1,0.0
100575,3,110,23.74,2,0.0
100575,4,80,23.83,3,0.0
100576,1,90,58.47,1,0.05
100576,2,45,11.04,1,0.0
100577,1,97,13.97,7,0.0
100577,2,113,9.1,2,0.03
100578,1,72,8.06,9,0.05
100578,2,15,9.77,8,0.0
100578,3,45,12.27,3,0.0
100578,4,64,22.59,6,0.0
100579,1,67,28.4,5,0.0
100580,1,26,16.88,1,0.1
100580,2,76,24.49,3,0.0
100580,3,81,23.42,7,0.0
100581,1,69,4.59,3,0.0
100581,2,11,34.04,3,0.0
100581,3,117,8.58,6,0.15
100582,1,64,26.64,2,0.0
100582,2,11,39.39,3,0.0
100582,3,7,12.72,4,0.0
100582,4,4,6.81,3,0.0
100583,1,83,37.78,2,0.0
100583,2,51,42.78,4,0.05
100584,1,29,51.18,4,0.03
100584,2,49,28.74,6,0.03
100585,1,44,15.8,4,0.1
100585,2,51,37.33,3,0.03
100585,3,69,3.92,3,0.05
100585,4,99,26.49,2,0.0
100585,5,56,27.15,4,0.0
100586,1,82,7.31,2,0.03
100586,2,66,7.53,5,0.0
100586,3,97,14.44,1,0.05
100586,4,90,60.62,5,0.0
100586,5,116,39.07,6,0.0
100587,1,21,29.6,4,0.0
100587,2,116,39.35,3,0.1
100588,1,65,13.41,4,0.1
100588,2,75,19.77,3,0.1
100588,3,87,28.7,4,0.1
100588,4,85,27.81,5,0.0
100589,1,59,21.18,3,0.0
100590,1,97,14.01,2,0.15
100590,2,70,11.3,2,0.1
100590,3,87,25.45,4,0.0
100590,4,49,29.31,4,0.0
100590,5,45,12.0,4,0.03
100590,6,15,10.79,3,0.0
100590,7,40,23.15,8,0.0
100591,1,90,52.97,2,0.0
100591,2,83,30.01,6,0.0
100591,3,88,31.57,5,0.1
100592,1,61,19.9,1,0.05
100592,2,15,10.36,3,0.05
100592,3,112,64.51,2,0.0
100592,4,71,7.77,5,0.0
100593,1,107,45.27,4,0.05
100593,2,106,22.04,1,0.03
100593,3,44,13.69,1,0.03
100593,4,66,6.5,3,0.0
100594,1,75,18.78,4,0.0
100594,2,94,32.19,4,0.0
100595,1,45,12.42,6,0.1
100595,2,15,10.37,3,0.0
100595,3,55,16.41,2,0.1
100595,4,31,5.74,12,0.0
100595,5,37,17.72,6,0.0
100595,6,51,44.12,6,0.1
100595,7,71,8.04,4,0.05
100596,1,33,10.97,4,0.0
100596,2,83,32.31,3,0.0
100596,3,110,21.01,2,0.05
100596,4,118,21.95,2,0.03
100596,5,68,25.58,7,0.0
100597,1,63,38.11,11,0.0
100598,1,97,15.41,1,0.0
100598,2,116,35.8,3,0.15
100598,3,67,33.14,2,0.0
100598,4,52,40.66,2,0.0
100598,5,15,11.8,7,0.05
100598,6,106,20.14,5,0.0
100599,1,72,8.57,6,0.0
100599,2,97,16.42,4,0.05
100600,1,28,7.1,9,0.0
100600,2,45,11.82,2,0.0
100600,3,80,24.71,1,0.0
100600,4,55,17.57,5,0.03
100601,1,64,22.16,7,0.0
100601,2,72,7.74,1,0.0
100601,3,16,5.22,9,0.0
100602,1,82,5.71,11,0.1
100602,2,51,45.76,1,0.0
100602,3,98,12.03,10,0.05
100603,1,24,50.75,1,0.05
100603,2,80,21.8,4,0.2
100603,3,77,33.02,1,0.0
100603,4,106,20.65,3,0.03
100603,5,45,12.14,4,0.0
100604,1,108,37.34,4,0.0
100604,2,45,12.27,2,0.05
100604,3,9,24.55,3,0.1
100604,4,116,42.93,2,0.0
100604,5,72,8.56,7,0.1
100604,6,112,70.25,2,0.0
100604,7,53,24.99,5,0.0
100605,1,110,24.76,4,0.05
100605,2,26,14.46,8,0.1
100605,3,16,5.61,3,0.0
100605,4,81,20.69,3,0.05
100605,5,54,23.44,5,0.0
100605,6,45,12.65,1,0.0
100605,7,28,6.84,9,0.0
100606,1,79,19.63,9,0.0
100606,2,116,37.87,2,0.0
100606,3,97,13.07,9,0.0
100607,1,83,30.81,6,0.0
100607,2,69,3.93,1,0.0
100607,3,107,40.39,1,0.0
100607,4,103,29.85,8,0.03
100608,1,71,7.41,4,0.03
100608,2,53,20.67,2,0.05
100609,1,118,19.02,9,0.0
100609,2,81,25.35,8,0.0
100609,3,71,8.07,3,0.1
100609,4,50,11.99,12,0.0
100610,1,66,7.08,8,0.05
100610,2,40,22.59,3,0.0
100611,1,71,7.18,1,0.05
100611,2,52,48.89,2,0.0
100612,1,82,7.47,1,0.0
100612,2,30,5.12,1,0.05
100613,1,112,92.26,1,0.1
100614,1,60,10.75,3,0.15
100615,1,92,30.08,2,0.0
100615,2,46,17.31,2,0.0
100615,3,15,10.59,6,0.0
100615,4,71,7.17,10,0.05
100616,1,96,78.76,2,0.1
100616,2,67,32.54,3,0.2
100616,3,37,17.86,3,0.05
100616,4,81,23.21,4,0.0
100617,1,46,18.24,1,0.0
100617,2,81,27.02,3,0.05
100617,3,109,3.87,6,0.0
100618,1,85,28.73,2,0.1
100618,2,10,53.7,3,0.05
100619,1,112,82.92,10,0.0
100619,2,46,18.56,1,0.0
100619,3,72,8.18,8,0.05
100619,4,116,38.68,4,0.05
100620,1,65,11.44,3,0.03
100620,2,52,55.02,4,0.0
100620,3,84,14.37,14,0.05
100620,4,24,51.72,4,0.05
100621,1,67,30.24,4,0.1
100621,2,58,6.83,5,0.1
100621,3,26,16.22,3,0.0
100621,4,2,33.3,1,0.03
100621,5,112,70.3,5,0.1
100621,6,33,9.98,7,0.1
100622,1,45,11.88,2,0.0
100622,2,97,15.51,8,0.0
100622,3,10,50.54,7,0.1
100623,1,83,31.5,3,0.15
100623,2,32,17.1,6,0.1
100623,3,63,40.88,4,0.05
100623,4,76,24.97,4,0.0
100624,1,45,12.01,3,0.0
100624,2,72,9.69,5,0.05
100624,3,58,6.93,5,0.05
100624,4,53,29.6,10,0.0
100624,5,54,22.72,3,0.0
100625,1,72,8.43,4,0.0
100625,2,17,13.86,4,0.1
100625,3,97,9.9,7,0.0
100626,1,25,9.76,3,0.0
100626,2,45,12.89,6,0.03
100626,3,99,29.42,3,0.05
100626,4,35,27.63,2,0.1
100626,5,33,12.91,3,0.2
100626,6,84,13.65,1,0.0
100626,7,44,13.61,6,0.0
100627,1,63,43.89,6,0.0
100627,2,58,7.75,6,0.0
100627,3,97,13.21,4,0.0
100627,4,54,23.47,2,0.1
100627,5,33,11.07,10,0.1
100627,6,6,11.62,3,0.05
100627,7,51,52.86,2,0.2
100628,1,83,30.47,6,0.0
100628,2,97,11.62,6,0.05
100628,3,116,37.49,4,0.1
100628,4,1,28.95,1,0.0
100628,5,32,18.15,4,0.0
100628,6,45,10.96,4,0.2
100629,1,105,5.6,5,0.0
100630,1,94,30.09,6,0.0
100630,2,36,25.78,4,0.0
100631,1,115,36.41,6,0.0
100631,2,109,4.3,5,0.0
100631,3,118,20.96,7,0.0
100631,4,88,36.92,5,0.1
100632,1,82,6.55,5,0.1
100632,2,76,24.92,7,0.0
100632,3,40,27.69,2,0.0
100632,4,105,5.56,7,0.0
100632,5,79,20.4,2,0.05
100632,6,44,15.78,1,0.0
100633,1,12,95.37,7,0.0
100633,2,14,23.07,2,0.1
100634,1,53,29.24,6,0.05
100634,2,75,18.47,10,0.0
100634,3,40,26.4,1,0.0
100634,4,103,29.47,1,0.0
100635,1,40,22.79,10,0.05
100635,2,113,12.3,3,0.05
100636,1,24,44.76,3,0.0
100636,2,66,7.7,4,0.0
100636,3,76,26.92,1,0.05
100637,1,83,33.34,3,0.05
100637,2,16,5.53,12,0.0
100637,3,26,16.98,4,0.0
100638,1,79,19.13,6,0.0
100638,2,98,13.7,2,0.0
100638,3,95,21.61,3,0.05
100638,4,110,22.2,18,0.0
100639,1,89,19.47,7,0.1
100639,2,52,48.67,3,0.0
100639,3,32,16.77,7,0.05
100640,1,89,17.64,8,0.15
100640,2,64,24.77,3,0.1
100641,1,110,24.33,5,0.0
100641,2,32,18.48,3,0.0
100641,3,116,40.24,7,0.0
100642,1,12,80.18,3,0.05
100642,2,70,13.02,4,0.1
100642,3,45,12.05,12,0.0
100642,4,51,47.7,1,0.0
100643,1,81,21.31,5,0.03
100643,2,79,18.9,3,0.0
100643,3,91,20.34,5,0.0
100643,4,38,25.38,3,0.05
100644,1,106,22.75,5,0.0
100644,2,82,6.86,3,0.0
100644,3,110,23.72,1,0.0
100644,4,54,21.96,6,0.15
100644,5,98,11.77,3,0.0
100644,6,11,34.09,3,0.0
100644,7,99,22.62,4,0.15
100645,1,113,9.04,4,0.0
100646,1,71,7.17,2,0.0
100646,2,45,11.89,3,0.1
100646,3,47,20.81,2,0.0
100646,4,116,36.92,11,0.0
100646,5,23,24.08,1,0.1
100646,6,54,24.74,2,0.1
100646,7,78,8.78,4,0.1
100647,1,116,38.83,2,0.0
100647,2,14,25.48,7,0.0
100647,3,4,7.34,5,0.05
100647,4,33,12.21,9,0.0
100647,5,72,7.56,10,0.15
100648,1,63,38.71,4,0.0
100648,2,80,22.65,1,0.0
100648,3,72,7.78,4,0.0
100648,4,44,15.83,12,0.05
100649,1,97,15.47,5,0.1
100649,2,84,17.64,1,0.1
100649,3,45,10.8,2,0.15
100649,4,69,3.59,7,0.0
100650,1,32,17.7,2,0.2
100650,2,79,19.13,6,0.0
100650,3,98,11.76,3,0.0
100651,1,110,22.84,5,0.0
100651,2,83,32.65,10,0.15
100651,3,52,48.79,6,0.05
100652,1,75,17.29,5,0.0
100653,1,103,32.15,5,0.0
100653,2,6,10.26,5,0.0
100653,3,83,35.59,3,0.0
100653,4,106,19.11,7,0.05
100654,1,84,13.1,3,0.0
100654,2,85,27.02,7,0.0
100655,1,10,51.83,6,0.0
100655,2,81,23.63,9,0.0
100655,3,68,25.4,6,0.05
100655,4,120,5.1,3,0.0
100656,1,76,25.35,3,0.0
100656,2,103,31.02,2,0.0
100656,3,5,27.71,8,0.0
100656,4,45,11.11,5,0.15
100656,5,97,12.57,5,0.0
100657,1,37,18.6,9,0.0
100657,2,110,24.12,6,0.05
100657,3,116,36.86,13,0.0
100658,1,26,17.23,5,0.0
100658,2,11,34.96,1,0.0
100658,3,120,5.37,7,0.15
100659,1,78,9.97,5,0.1
100659,2,22,16.51,5,0.1
100660,1,76,21.79,3,0.0
100660,2,90,57.44,1,0.0
100660,3,27,10.35,2,0.0
100660,4,60,12.41,6,0.0
100660,5,104,24.66,4,0.1
100661,1,85,28.73,1,0.15
100661,2,70,13.28,1,0.15
100661,3,97,14.89,2,0.0
100661,4,110,25.24,6,0.0
100662,1,97,14.45,3,0.0
100662,2,95,19.03,2,0.03
100662,3,65,12.36,2,0.1
100662,4,17,14.77,3,0.03
100663,1,76,25.6,2,0.0
100663,2,117,10.23,4,0.0
100664,1,58,7.71,6,0.05
100664,2,76,25.4,6,0.0
100664,3,81,20.54,3,0.0
100665,1,76,28.13,3,0.0
100666,1,111,83.47,2,0.0
100666,2,101,24.29,4,0.0
100667,1,65,13.23,6,0.0
100667,2,79,20.69,2,0.05
100667,3,94,33.05,4,0.05
100667,4,113,9.72,6,0.0
100667,5,96,65.13,6,0.0
100667,6,60,13.39,9,0.1
100668,1,90,57.93,1,0.0
100668,2,27,9.89,2,0.1
100668,3,67,32.47,4,0.0
100668,4,2,32.93,2,0.0
100669,1,81,20.52,3,0.0
100669,2,31,5.24,3,0.05
100670,1,45,12.02,5,0.0
100670,2,60,10.21,7,0.0
100670,3,64,24.18,5,0.0
100670,4,97,14.73,3,0.0
100671,1,110,22.63,1,0.0
100671,2,8,5.15,5,0.0
100671,3,71,6.95,9,0.05
100672,1,86,34.45,8,0.0
100672,2,81,23.88,2,0.1
100672,3,52,39.79,2,0.15
100672,4,108,42.36,5,0.0
100673,1,4,6.2,6,0.15
100674,1,110,24.33,7,0.1
100675,1,18,19.21,8,0.1
100675,2,81,24.91,2,0.0
100675,3,45,10.04,5,0.05
100676,1,63,41.09,7,0.0
100676,2,90,55.33,4,0.0
100676,3,45,10.16,5,0.0
100676,4,17,15.76,1,0.0
100677,1,51,42.88,6,0.1
100677,2,91,18.31,1,0.15
100678,1,4,6.61,4,0.03
100678,2,98,10.65,1,0.2
100678,3,83,32.31,3,0.05
100678,4,10,54.32,3,0.15
100679,1,91,19.37,6,0.0
100680,1,93,25.91,2,0.1
100681,1,111,92.41,7,0.0
100681,2,60,11.18,7,0.0
100681,3,99,26.66,3,0.0
100681,4,42,22.27,2,0.0
100681,5,78,10.5,2,0.0
100681,6,45,11.7,1,0.0
100682,1,6,9.88,2,0.03
100683,1,97,15.06,4,0.05
100683,2,53,22.35,2,0.15
100683,3,116,41.12,1,0.05
100683,4,56,27.25,4,0.0
100684,1,97,14.61,2,0.0
100684,2,94,27.43,1,0.05
100684,3,69,4.23,6,0.1
100684,4,27,9.77,3,0.05
100685,1,15,10.48,7,0.1
100685,2,33,10.69,5,0.1
100686,1,71,7.41,3,0.0
100686,2,16,5.66,4,0.15
100686,3,76,26.53,2,0.0
100687,1,107,43.39,11,0.0
100687,2,15,10.85,2,0.03
100687,3,106,22.81,7,0.05
100687,4,44,14.17,4,0.05
100688,1,82,7.42,3,0.0
100688,2,110,21.09,8,0.0
100688,3,65,12.43,2,0.05
100688,4,95,20.94,6,0.0
100688,5,31,4.88,3,0.0
100689,1,116,34.99,4,0.0
100689,2,40,26.81,9,0.0
100689,3,105,5.47,10,0.0
100689,4,53,24.76,1,0.0
100690,1,112,79.97,4,0.15
100690,2,44,13.29,8,0.0
100690,3,24,49.17,5,0.0
100690,4,45,11.88,2,0.0
100690,5,67,33.62,9,0.0
100691,1,59,19.56,5,0.0
100691,2,32,18.12,3,0.1
100691,3,67,32.44,6,0.0
100691,4,39,94.64,2,0.1
100692,1,99,26.9,5,0.0
100692,2,98,12.01,3,0.15
100693,1,53,27.33,3,0.03
100694,1,21,28.91,3,0.0
100694,2,99,24.95,5,0.05
100694,3,93,28.69,5,0.0
100694,4,65,11.49,5,0.05
100695,1,27,9.07,3,0.0
100695,2,67,29.26,3,0.0
100696,1,25,10.73,6,0.0
100696,2,16,4.35,3,0.03
100696,3,114,26.04,4,0.1
100696,4,34,23.56,2,0.1
100697,1,23,21.61,2,0.1
100697,2,45,12.35,5,0.1
100698,1,24,42.2,1,0.0
100698,2,79,18.84,1,0.0
100698,3,45,12.5,3,0.0
100698,4,49,26.69,4,0.0
100698,5,21,31.74,3,0.1
100699,1,23,23.44,2,0.1
100699,2,36,31.51,7,0.15
100699,3,71,7.66,2,0.2
100700,1,116,40.89,6,0.05
100700,2,81,23.79,4,0.03
100700,3,97,15.08,6,0.0
100700,4,110,25.37,2,0.0
100700,5,76,23.1,4,0.05
100700,6,23,23.4,9,0.0
100701,1,17,15.68,5,0.0
100701,2,25,11.0,2,0.1
100701,3,53,25.22,4,0.0
100701,4,113,10.16,5,0.0
100702,1,76,24.06,3,0.1
100702,2,84,15.96,5,0.1
100703,1,79,19.3,5,0.05
100703,2,45,11.27,5,0.15
100704,1,76,24.71,4,0.0
100704,2,8,5.29,5,0.0
100704,3,97,14.35,5,0.0
100705,1,106,22.15,1,0.1
100705,2,62,30.2,2,0.0
100706,1,14,28.26,4,0.0
100706,2,63,48.16,8,0.03
100706,3,85,30.94,4,0.1
100706,4,116,35.65,2,0.0
100706,5,10,51.01,1,0.05
100707,1,13,37.22,1,0.0
100707,2,76,25.48,7,0.05
100707,3,51,41.14,4,0.0
100707,4,115,34.71,4,0.1
100708,1,99,26.74,6,0.0
100708,2,22,14.65,6,0.0
100708,3,26,16.63,3,0.0
100708,4,69,4.92,5,0.1
100709,1,109,3.23,2,0.0
100709,2,45,13.01,1,0.05
100710,1,67,37.64,6,0.1
100710,2,80,22.78,2,0.15
100710,3,82,7.12,4,0.0
100711,1,10,51.47,4,0.05
100711,2,106,22.57,4,0.0
100712,1,15,10.58,3,0.05
100712,2,64,23.24,3,0.0
100712,3,116,34.8,4,0.15
100713,1,60,12.73,5,0.0
100713,2,103,28.86,8,0.1
100713,3,97,14.42,5,0.05
100713,4,45,12.78,2,0.0
100713,5,10,44.78,1,0.1
100713,6,81,23.13,1,0.0
100714,1,106,22.37,6,0.15
100714,2,110,22.08,4,0.05
100714,3,14,23.35,5,0.0
100714,4,45,13.54,2,0.2
100714,5,71,7.45,7,0.0
100715,1,82,6.99,2,0.0
100715,2,70,11.47,3,0.0
100716,1,14,22.45,9,0.03
100716,2,93,24.55,7,0.05
100716,3,26,16.2,4,0.0
100716,4,34,24.96,3,0.03
100716,5,111,82.74,1,0.1
100716,6,21,31.62,4,0.05
100717,1,33,10.16,8,0.0
100717,2,81,29.41,5,0.0
100717,3,82,6.69,4,0.0
100718,1,71,7.56,5,0.0
100718,2,110,26.25,2,0.05
100718,3,98,12.7,2,0.0
100718,4,72,7.42,2,0.05
100718,5,65,11.25,3,0.03
100719,1,103,27.72,3,0.1
100719,2,44,15.36,3,0.05
100719,3,48,42.31,1,0.0
100720,1,15,11.19,12,0.0
100720,2,76,21.53,2,0.0
100720,3,60,11.19,3,0.03
100720,4,44,13.66,4,0.0
100721,1,94,29.34,3,0.0
100722,1,83,36.67,3,0.0
100722,2,79,21.75,4,0.0
100723,1,45,13.94,1,0.0
100723,2,110,20.19,8,0.0
100723,3,90,56.31,3,0.0
100723,4,60,10.79,2,0.0
100723,5,99,24.25,4,0.05
100723,6,71,7.1,1,0.0
100724,1,112,82.89,5,0.0
100724,2,24,52.98,3,0.2
100724,3,58,8.47,9,0.03
100724,4,51,45.61,1,0.0
100724,5,66,7.42,3,0.1
100724,6,116,42.6,3,0.05
100724,7,15,11.32,2,0.15
100724,8,109,3.84,5,0.0
100725,1,24,46.86,3,0.15
100725,2,105,4.86,2,0.1
100725,3,70,12.74,1,0.0
100725,4,28,6.6,1,0.2
100726,1,116,40.38,2,0.0
100727,1,79,17.53,4,0.0
100727,2,89,19.9,3,0.0
100727,3,12,80.39,6,0.0
100727,4,104,27.29,3,0.0
100727,5,97,14.35,6,0.0
100728,1,58,8.01,7,0.0
100728,2,116,39.83,5,0.15
100729,1,24,56.44,1,0.1
100729,2,97,13.84,8,0.0
100730,1,116,42.84,6,0.03
100730,2,104,25.15,8,0.0
100730,3,112,84.71,4,0.0
100731,1,71,8.2,3,0.0
100731,2,40,26.75,6,0.1
100731,3,110,26.32,5,0.0
100732,1,97,13.92,2,0.1
100732,2,70,12.73,2,0.0
100732,3,3,55.69,1,0.0
100732,4,71,7.23,4,0.1
100733,1,81,23.27,4,0.03
100733,2,65,12.52,7,0.0
100734,1,116,36.13,8,0.03
100734,2,58,6.99,3,0.05
100734,3,86,30.32,3,0.0
100734,4,71,7.68,6,0.0
100734,5,97,13.99,10,0.0
100734,6,113,9.22,2,0.0
100735,1,32,17.95,4,0.0
100735,2,10,54.24,2,0.2
100735,3,44,15.57,3,0.0
100735,4,81,27.1,2,0.1
100736,1,33,11.29,2,0.0
100736,2,65,14.89,1,0.0
100736,3,72,9.66,3,0.05
100736,4,3,58.24,3,0.0
100737,1,53,23.4,4,0.0
100737,2,117,8.97,3,0.0
100737,3,79,19.15,6,0.0
100737,4,40,23.61,3,0.03
100738,1,14,26.16,3,0.0
100738,2,44,15.02,7,0.1
100738,3,82,7.03,8,0.0
100738,4,101,20.79,6,0.15
100739,1,51,35.86,4,0.0
100739,2,32,17.13,3,0.03
100739,3,45,11.51,2,0.15
100740,1,88,28.14,1,0.05
100740,2,71,7.27,9,0.0
100740,3,97,14.93,2,0.0
100740,4,28,6.69,4,0.0
100740,5,24,49.66,6,0.1
100741,1,32,18.4,3,0.1
100741,2,76,28.88,2,0.05
100741,3,83,33.74,4,0.03
100742,1,7,14.24,4,0.05
100742,2,45,13.0,2,0.15
100742,3,88,30.73,1,0.03
100742,4,65,12.13,2,0.15
100742,5,106,20.18,1,0.0
100743,1,12,75.06,5,0.0
100743,2,52,51.64,7,0.0
100744,1,87,27.2,5,0.0
100744,2,67,30.29,4,0.05
100744,3,116,35.83,5,0.1
100745,1,78,10.07,1,0.0
100745,2,110,23.74,1,0.0
100745,3,47,20.41,4,0.0
100745,4,113,10.29,4,0.0
100746,1,9,22.33,2,0.0
100746,2,51,43.28,2,0.05
100746,3,71,8.31,4,0.15
100747,1,44,15.28,6,0.03
100747,2,85,31.6,3,0.1
100747,3,49,23.51,3,0.0
100748,1,108,36.73,6,0.1
100748,2,100,68.85,4,0.0
100748,3,109,3.73,5,0.05
100748,4,18,18.18,3,0.05
100748,5,106,22.51,1,0.0
100749,1,17,15.18,3,0.0
100750,1,26,15.77,4,0.1
100750,2,50,10.78,5,0.1
100750,3,83,30.13,4,0.05
100751,1,8,4.97,3,0.0
100751,2,114,26.38,5,0.1
100751,3,56,27.61,4,0.05
100752,1,94,32.4,3,0.0
100752,2,106,19.44,4,0.0
100752,3,117,8.69,2,0.0
100752,4,72,7.94,1,0.0
100752,5,8,4.42,1,0.0
100753,1,59,22.34,1,0.1
100753,2,70,10.89,12,0.0
100753,3,94,33.03,4,0.1
100753,4,38,26.08,6,0.1
100753,5,110,26.93,6,0.0
100753,6,29,52.69,4,0.03
100754,1,80,24.95,2,0.15
100754,2,67,29.21,1,0.0
100755,1,107,44.07,4,0.0
100755,2,24,51.52,4,0.05
100755,3,13,35.8,10,0.1
100755,4,45,11.54,5,0.05
100756,1,45,11.57,2,0.0
100756,2,72,9.38,9,0.05
100757,1,65,12.08,5,0.1
100757,2,72,9.4,5,0.05
100758,1,104,21.33,6,0.0
100758,2,67,36.0,7,0.0
100758,3,109,3.86,4,0.2
100758,4,72,8.32,1,0.0
100759,1,3,58.97,1,0.0
100759,2,45,12.27,5,0.05
100760,1,96,79.59,2,0.0
100761,1,89,19.03,7,0.05
100761,2,2,28.29,4,0.0
100761,3,81,21.49,4,0.0
100761,4,24,42.98,2,0.05
100761,5,32,18.3,2,0.0
100761,6,94,30.89,7,0.0
100762,1,42,21.45,4,0.1
100762,2,44,13.49,3,0.0
100762,3,97,15.36,5,0.05
100762,4,51,45.95,8,0.0
100762,5,81,25.5,8,0.05
100763,1,65,13.59,5,0.1
100763,2,110,30.13,4,0.0
100763,3,15,9.96,4,0.03
100763,4,56,26.62,11,0.0
100764,1,91,19.27,10,0.0
100764,2,114,22.92,1,0.1
100765,1,94,28.54,1,0.0
100765,2,47,21.8,2,0.0
100765,3,22,14.7,5,0.0
100766,1,116,37.2,4,0.05
100766,2,50,10.3,4,0.15
100766,3,60,11.05,6,0.0
100766,4,105,5.67,2,0.0
100767,1,64,25.24,8,0.05
100767,2,32,19.13,1,0.2
100767,3,110,27.83,3,0.0
100767,4,45,12.07,7,0.0
100768,1,116,36.89,6,0.0
100768,2,109,3.97,2,0.1
100768,3,16,5.37,5,0.0
100768,4,92,22.74,6,0.0
100769,1,8,4.65,5,0.0
100769,2,93,22.93,9,0.0
100769,3,27,8.96,1,0.05
100769,4,101,25.69,1,0.1
100769,5,98,13.87,8,0.05
100770,1,67,37.02,10,0.03
100770,2,87,26.76,2,0.0
100771,1,53,24.94,1,0.0
100772,1,79,21.08,5,0.0
100772,2,80,24.42,2,0.0
100772,3,11,32.71,5,0.15
100773,1,75,20.4,7,0.1
100773,2,106,21.11,7,0.05
100773,3,45,10.52,5,0.15
100774,1,45,9.77,3,0.0
100774,2,24,45.85,2,0.0
100774,3,81,25.8,5,0.0
100774,4,99,28.27,5,0.0
100774,5,101,24.56,1,0.0
100774,6,11,33.82,3,0.03
100774,7,63,46.2,4,0.1
100775,1,85,32.28,5,0.0
100775,2,94,28.43,8,0.05
100776,1,95,20.86,9,0.0
100776,2,94,27.66,2,0.0
100776,3,15,9.88,2,0.0
100776,4,75,21.17,1,0.0
100777,1,45,12.04,6,0.0
100777,2,82,6.51,5,0.1
100777,3,85,29.88,3,0.03
100777,4,60,12.65,3,0.03
100778,1,110,23.16,3,0.05
100778,2,112,76.76,2,0.1
100778,3,70,10.65,4,0.05
100778,4,6,10.53,4,0.0
100778,5,120,5.27,8,0.05
100779,1,52,47.06,2,0.1
100779,2,10,54.08,2,0.1
100779,3,32,18.08,8,0.0
100780,1,64,22.26,2,0.15
100780,2,5,26.24,2,0.0
100780,3,60,12.87,4,0.0
100780,4,72,8.32,4,0.0
100780,5,83,32.24,3,0.05
100781,1,66,7.59,1,0.03
100782,1,82,6.41,7,0.1
100782,2,51,35.91,1,0.0
100782,3,32,19.9,9,0.0
100782,4,110,26.92,4,0.0
100782,5,76,25.16,16,0.05
100783,1,101,25.16,8,0.0
100783,2,87,24.57,5,0.05
100783,3,99,23.05,1,0.0
100784,1,71,8.15,2,0.05
100784,2,44,14.65,3,0.1
100784,3,78,9.65,5,0.0
100785,1,110,24.8,4,0.0
100785,2,79,17.67,12,0.0
100785,3,69,4.24,6,0.05
100785,4,45,10.75,4,0.0
100785,5,51,45.18,4,0.0
100785,6,60,13.54,7,0.05
100785,7,23,26.92,4,0.0
100785,8,116,39.51,3,0.0
100786,1,45,12.48,1,0.0
100786,2,82,5.96,8,0.0
100786,3,61,20.7,1,0.05
100787,1,13,34.53,8,0.1
100787,2,103,30.57,4,0.0
100787,3,60,13.0,2,0.0
100788,1,79,21.15,7,0.0
100788,2,101,22.14,2,0.0
100788,3,70,12.24,4,0.03
100788,4,112,79.55,6,0.0
100788,5,114,29.2,5,0.03
100788,6,117,9.04,6,0.0
100788,7,102,21.34,4,0.1
100789,1,98,10.81,1,0.0
100789,2,116,36.78,14,0.0
100789,3,72,8.72,2,0.05
100789,4,117,10.61,4,0.0
100789,5,110,26.54,3,0.0
100789,6,85,28.34,5,0.1
100789,7,88,33.44,4,0.15
100790,1,54,23.98,1,0.2
100790,2,45,11.6,2,0.0
100790,3,40,24.44,3,0.0
100790,4,15,11.28,2,0.05
100791,1,27,9.88,7,0.03
100792,1,51,49.62,9,0.0
100792,2,41,47.43,1,0.1
100792,3,116,36.07,6,0.0
100792,4,56,22.34,2,0.0
100792,5,112,76.27,5,0.1
100792,6,19,26.78,3,0.0
100793,1,72,7.5,3,0.1
100793,2,89,17.32,4,0.1
100793,3,110,25.95,4,0.0
100794,1,67,34.21,1,0.15
100794,2,45,12.71,4,0.0
100794,3,11,31.81,4,0.0
100794,4,59,24.05,4,0.2
100795,1,45,12.37,3,0.0
100795,2,94,31.7,3,0.03
100796,1,37,16.73,2,0.0
100796,2,27,9.41,12,0.1
100796,3,45,12.72,7,0.0
100797,1,112,77.67,2,0.03
100797,2,71,7.75,3,0.0
100797,3,72,7.16,2,0.1
100797,4,45,12.54,1,0.0
100798,1,38,28.27,4,0.0
100798,2,61,22.76,9,0.0
100798,3,97,15.33,4,0.05
100799,1,42,22.8,4,0.0
100799,2,34,22.88,2,0.0
100799,3,78,9.08,3,0.1
100799,4,85,30.63,2,0.05
100799,5,68,22.04,2,0.1
100800,1,56,30.24,2,0.0
100800,2,71,6.2,3,0.03
100800,3,110,22.34,4,0.0
100800,4,33,10.86,2,0.0
100800,5,34,24.99,2,0.1
100801,1,71,6.45,9,0.0
100801,2,72,8.35,4,0.0
100801,3,53,22.1,3,0.1
100801,4,68,28.5,3,0.05
100802,1,61,19.41,5,0.1
100802,2,97,15.69,2,0.03
100803,1,92,27.63,1,0.1
100803,2,97,16.6,8,0.0
100803,3,99,25.93,2,0.0
100803,4,110,24.79,4,0.0
100803,5,87,29.18,1,0.05
100804,1,76,24.69,6,0.1
100804,2,104,25.17,3,0.0
100804,3,9,24.85,3,0.0
100804,4,8,4.72,5,0.0
100805,1,65,13.04,7,0.0
100805,2,71,7.3,8,0.0
100805,3,120,4.73,3,0.1
100806,1,33,11.23,8,0.1
100806,2,34,23.72,6,0.0
100807,1,45,11.41,4,0.05
100807,2,22,13.86,5,0.0
100807,3,70,11.8,3,0.0
100808,1,83,36.29,1,0.1
100808,2,58,8.2,2,0.0
100809,1,52,44.58,1,0.03
100809,2,79,19.97,2,0.05
100810,1,67,32.53,4,0.0
100810,2,58,6.71,3,0.03
100810,3,112,67.27,3,0.15
100811,1,107,43.89,2,0.15
100811,2,58,8.15,8,0.1
100811,3,14,22.17,3,0.0
100811,4,45,11.69,2,0.1
100811,5,24,49.15,3,0.0
100811,6,71,6.4,2,0.0
100811,7,53,22.68,2,0.0
100812,1,94,24.89,2,0.0
100812,2,28,6.37,4,0.0
100812,3,30,5.07,8,0.05
100813,1,52,50.28,5,0.1
100813,2,28,6.63,1,0.0
100814,1,72,10.28,5,0.0
100814,2,51,38.8,6,0.0
100814,3,24,50.29,1,0.03
100814,4,78,9.55,7,0.0
100814,5,8,4.88,6,0.2
100815,1,16,5.5,5,0.0
100815,2,24,46.03,2,0.0
100815,3,110,25.38,6,0.0
100815,4,15,10.08,5,0.03
100815,5,116,39.67,1,0.0
100815,6,45,12.98,10,0.1
100816,1,78,10.58,3,0.0
100816,2,67,31.78,4,0.0
100816,3,81,22.92,3,0.03
100816,4,50,11.13,2,0.0
100817,1,67,31.15,5,0.0
100817,2,103,32.22,5,0.05
100817,3,52,44.02,2,0.0
100817,4,116,41.2,9,0.1
100817,5,32,17.79,7,0.0
100818,1,15,11.52,4,0.05
100818,2,52,52.01,4,0.15
100818,3,81,25.96,5,0.0
100818,4,57,48.96,2,0.0
100819,1,97,15.19,1,0.1
100819,2,113,9.8,6,0.0
100820,1,58,8.83,1,0.1
100820,2,24,41.62,7,0.0
100820,3,100,60.34,2,0.0
100820,4,79,21.3,8,0.0
100820,5,49,27.99,3,0.0
100821,1,45,12.39,11,0.0
100821,2,56,25.87,3,0.03
100821,3,13,38.56,4,0.0
100821,4,92,30.4,1,0.0
100822,1,45,11.15,3,0.0
100822,2,65,10.39,3,0.1
100822,3,32,18.52,6,0.1
100822,4,83,27.85,3,0.0
100823,1,116,37.12,2,0.0
100823,2,81,24.85,8,0.0
100823,3,58,7.78,2,0.1
100824,1,45,10.14,1,0.0
100824,2,65,11.96,3,0.15
100825,1,45,10.01,8,0.1
100825,2,96,81.38,4,0.0
100825,3,92,27.95,8,0.03
100826,1,106,20.36,1,0.0
100826,2,85,34.66,1,0.0
100827,1,95,19.7,5,0.05
100827,2,89,17.31,2,0.0
100827,3,25,12.27,1,0.05
100827,4,8,3.98,7,0.0
100827,5,84,15.91,5,0.0
100828,1,112,81.51,4,0.03
100828,2,26,14.84,8,0.0
100829,1,67,28.13,3,0.0
100829,2,97,15.57,4,0.0
100829,3,32,21.36,1,0.0
100829,4,56,29.14,6,0.0
100830,1,107,39.51,4,0.0
100830,2,11,34.38,7,0.0
100830,3,99,29.25,2,0.0
100830,4,86,31.38,5,0.0
100831,1,76,20.67,5,0.0
100832,1,45,12.02,3,0.0
100833,1,58,7.44,4,0.15
100833,2,76,24.2,4,0.1
100833,3,1,28.21,3,0.0
100833,4,94,33.32,1,0.1
100833,5,99,26.1,4,0.0
100833,6,71,6.08,6,0.0
100833,7,60,12.17,5,0.1
100833,8,23,27.12,3,0.05
100834,1,21,24.85,3,0.0
100834,2,9,28.35,6,0.15
100834,3,91,18.61,2,0.2
100834,4,67,33.63,2,0.0
100834,5,34,21.19,2,0.05
100834,6,57,50.9,5,0.0
100835,1,4,7.64,1,0.0
100835,2,97,13.92,2,0.0
100835,3,70,10.61,5,0.0
100835,4,15,12.27,4,0.0
100835,5,30,4.12,3,0.15
100836,1,52,52.48,4,0.0
100836,2,76,25.39,4,0.0
100837,1,45,13.48,6,0.1
100837,2,78,10.32,6,0.05
100837,3,53,24.87,4,0.0
100837,4,72,9.1,8,0.0
100837,5,11,31.13,2,0.0
100838,1,94,29.86,2,0.0
100838,2,110,26.91,3,0.0
100838,3,49,23.39,5,0.0
100839,1,45,14.22,5,0.03
100839,2,84,14.09,6,0.0
100840,1,112,82.72,4,0.0
100840,2,88,33.23,2,0.0
100841,1,53,20.38,3,0.0
100841,2,30,4.94,2,0.0
100841,3,6,10.73,5,0.0
100842,1,45,12.55,5,0.05
100842,2,16,5.26,10,0.15
100843,1,116,38.52,6,0.05
100843,2,24,48.84,4,0.0
100843,3,108,36.48,4,0.03
100843,4,16,4.8,8,0.1
100844,1,98,12.17,6,0.0
100844,2,44,15.1,6,0.0
100845,1,10,51.41,4,0.0
100845,2,79,18.74,6,0.0
100845,3,21,31.54,2,0.0
100846,1,16,4.68,6,0.0
100846,2,53,25.0,11,0.1
100846,3,81,26.09,3,0.05
100847,1,110,26.72,4,0.0
100847,2,64,25.5,3,0.05
100847,3,113,10.11,3,0.15
100848,1,85,28.77,2,0.0
100848,2,116,40.15,10,0.0
100848,3,41,43.96,7,0.15
100848,4,34,27.99,10,0.03
100849,1,106,22.9,4,0.0
100850,1,24,49.73,3,0.0
100851,1,60,12.84,1,0.0
100851,2,116,41.67,3,0.0
100851,3,109,3.69,8,0.05
100852,1,95,17.11,3,0.05
100852,2,43,33.94,2,0.0
100852,3,40,23.39,4,0.0
100852,4,14,25.92,3,0.1
100852,5,41,52.07,1,0.0
100853,1,97,15.69,5,0.0
100853,2,3,55.88,2,0.0
100854,1,52,49.49,4,0.05
100854,2,67,32.71,2,0.1
100854,3,83,36.04,4,0.0
100855,1,17,15.92,2,0.0
100855,2,26,16.65,2,0.0
100855,3,33,12.63,2,0.0
100856,1,9,24.45,1,0.15
100856,2,81,20.78,4,0.05
100856,3,110,27.97,2,0.0
100857,1,8,4.41,5,0.0
100857,2,60,11.78,3,0.0
100858,1,8,4.87,5,0.0
100858,2,14,22.17,2,0.03
100858,3,116,38.33,3,0.0
100858,4,27,10.32,5,0.0
100858,5,32,17.61,4,0.0
100859,1,78,9.99,2,0.0
100860,1,67,31.94,4,0.03
100860,2,116,35.68,2,0.0
100860,3,62,34.57,3,0.0
100860,4,102,22.87,7,0.0
100861,1,32,16.81,9,0.05
100861,2,99,25.73,11,0.0
100861,3,39,121.17,2,0.03
100861,4,81,27.28,10,0.1
100861,5,113,9.0,4,0.0
100862,1,97,15.9,8,0.0
100862,2,94,35.18,2,0.0
100862,3,75,18.5,4,0.03
100862,4,23,22.99,7,0.05
100863,1,97,15.13,8,0.0
100863,2,67,29.06,2,0.05
100863,3,16,5.08,3,0.0
100863,4,45,11.95,7,0.0
100863,5,44,15.2,3,0.03
100864,1,31,4.81,7,0.0
100864,2,49,26.51,5,0.0
100864,3,93,25.12,4,0.1
100864,4,14,27.37,1,0.05
100865,1,56,28.45,1,0.05
100866,1,106,18.62,8,0.0
100866,2,44,16.58,2,0.0
100866,3,21,26.89,2,0.03
100866,4,56,28.54,4,0.0
100867,1,71,7.87,6,0.0
100867,2,48,39.48,5,0.1
100868,1,64,25.45,6,0.1
100868,2,2,34.48,3,0.03
100868,3,118,22.11,3,0.2
100868,4,34,23.27,4,0.0
100868,5,67,33.24,1,0.0
100868,6,104,25.54,6,0.0
100869,1,45,13.35,4,0.05
100869,2,97,13.81,3,0.0
100869,3,28,6.28,5,0.05
100869,4,99,22.81,1,0.0
100869,5,20,31.6,2,0.0
100869,6,107,41.54,3,0.03
100869,7,106,19.01,1,0.0
100870,1,87,30.06,3,0.0
100870,2,112,72.23,4,0.15
100870,3,91,19.66,4,0.0
100870,4,104,26.24,6,0.0
100871,1,118,21.47,3,0.05
100871,2,88,35.74,8,0.1
100872,1,27,9.77,5,0.0
100872,2,78,9.96,4,0.15
100872,3,95,20.3,2,0.05
100873,1,67,33.18,1,0.15
100873,2,72,8.58,5,0.15
100873,3,99,28.85,3,0.0
100874,1,25,12.12,2,0.05
100875,1,43,31.98,5,0.0
100875,2,71,6.84,8,0.0
100875,3,97,12.83,3,0.0
100876,1,67,27.35,4,0.0
100877,1,24,49.65,2,0.1
100877,2,57,46.45,5,0.0
100877,3,74,32.87,3,0.0
100877,4,106,21.98,1,0.05
100877,5,71,7.14,4,0.1
100878,1,64,25.48,2,0.1
100878,2,42,24.11,3,0.15
100879,1,81,23.34,3,0.0
100879,2,102,24.95,7,0.05
100879,3,90,59.48,1,0.05
100879,4,116,39.35,5,0.03
100880,1,45,11.32,2,0.15
100880,2,47,19.82,4,0.0
100881,1,97,14.05,12,0.05
100881,2,99,28.03,8,0.0
100881,3,5,26.51,1,0.0
100881,4,80,21.47,6,0.1
100881,5,81,26.0,3,0.0
100882,1,45,12.38,6,0.03
100882,2,31,5.05,5,0.1
100882,3,2,26.27,5,0.1
100883,1,79,19.94,3,0.15
100883,2,110,23.61,2,0.05
100883,3,45,11.64,2,0.0
100883,4,72,9.45,7,0.0
100884,1,98,15.15,8,0.0
100885,1,87,31.2,2,0.15
100885,2,92,25.04,6,0.15
100885,3,3,68.34,2,0.15
100886,1,118,16.15,2,0.0
100886,2,37,18.05,2,0.0
100887,1,107,50.14,4,0.15
100887,2,45,11.42,9,0.0
100888,1,51,43.52,1,0.0
100888,2,24,40.84,2,0.03
100888,3,108,36.59,4,0.0
100888,4,43,31.33,10,0.0
100888,5,83,28.43,5,0.0
100888,6,5,26.49,2,0.1
100888,7,110,29.48,7,0.0
100889,1,17,14.61,4,0.0
100889,2,116,34.58,4,0.0
100889,3,13,38.12,7,0.0
100889,4,81,24.54,3,0.0
100889,5,52,45.48,3,0.1
100890,1,109,3.62,1,0.0
100890,2,58,8.01,6,0.0
100890,3,81,23.9,2,0.0
100890,4,75,16.19,5,0.03
100890,5,11,33.76,3,0.0
100891,1,83,35.55,4,0.1
100891,2,51,48.45,2,0.15
100891,3,90,55.92,8,0.05
100891,4,117,8.47,6,0.1
100891,5,71,7.9,2,0.0
100891,6,64,23.88,4,0.03
100892,1,78,10.61,2,0.0
100892,2,91,17.56,1,0.0
100892,3,27,9.48,4,0.0
100892,4,58,7.6,4,0.0
100893,1,65,10.35,4,0.0
100893,2,26,16.26,6,0.0
100893,3,60,11.85,3,0.0
100893,4,94,29.18,3,0.0
100893,5,97,14.09,6,0.0
100893,6,91,19.42,5,0.1
100894,1,66,7.98,1,0.0
100894,2,100,62.45,1,0.05
100894,3,24,50.32,3,0.05
100894,4,110,27.45,3,0.0
100895,1,8,5.65,6,0.1
100895,2,113,9.46,4,0.0
100895,3,51,44.21,5,0.15
100895,4,33,11.85,3,0.0
100895,5,24,43.45,5,0.0
100895,6,81,25.46,3,0.05
100896,1,97,14.99,6,0.0
100896,2,73,18.15,1,0.0
100897,1,81,26.03,9,0.0
100898,1,69,3.82,7,0.1
100898,2,89,16.8,2,0.03
100898,3,99,26.0,3,0.0
100898,4,107,39.74,2,0.0
100898,5,70,10.08,5,0.0
100899,1,72,8.1,5,0.1
100899,2,76,23.97,6,0.0
100899,3,52,51.01,2,0.0
100900,1,104,26.4,3,0.0
100900,2,97,14.14,3,0.2
100900,3,98,11.52,2,0.0
100900,4,117,7.76,3,0.05
100901,1,72,8.59,3,0.0
100901,2,3,61.54,4,0.0
100901,3,4,7.19,5,0.05
100901,4,95,19.13,5,0.1
100901,5,64,25.49,8,0.2
100902,1,110,27.96,1,0.05
100902,2,84,17.17,11,0.15
100902,3,58,7.27,2,0.0
100902,4,31,5.6,4,0.03
100902,5,11,37.79,3,0.0
100903,1,90,56.95,4,0.15
100903,2,20,29.66,8,0.0
100903,3,95,18.83,4,0.0
100904,1,45,11.78,6,0.0
100904,2,58,8.55,6,0.0
100904,3,16,5.22,5,0.03
100904,4,46,17.43,2,0.0
100905,1,110,29.66,2,0.0
100905,2,55,19.03,2,0.03
100905,3,106,19.95,6,0.03
100906,1,3,56.23,3,0.1
100906,2,9,25.13,4,0.0
100906,3,95,19.27,3,0.0
100907,1,5,26.25,5,0.1
100907,2,116,40.66,5,0.0
100907,3,29,49.58,4,0.0
100907,4,113,10.27,9,0.15
100908,1,79,22.89,7,0.1
100908,2,27,10.86,4,0.0
100909,1,81,24.68,5,0.1
100909,2,106,20.29,2,0.0
100910,1,6,11.86,3,0.0
100910,2,53,19.73,6,0.0
100911,1,81,25.13,2,0.0
100911,2,67,30.91,5,0.1
100911,3,82,6.67,13,0.0
100911,4,83,33.47,1,0.0
100912,1,41,48.1,3,0.05
100912,2,6,11.24,3,0.03
100912,3,60,11.18,2,0.1
100912,4,105,5.55,2,0.1
100913,1,104,24.45,1,0.0
100913,2,60,12.35,2,0.0
100913,3,3,59.17,3,0.0
100913,4,91,18.33,9,0.1
100914,1,111,98.23,4,0.0
100914,2,76,22.35,7,0.0
100915,1,29,44.61,2,0.0
100915,2,19,27.08,6,0.1
100915,3,53,26.21,5,0.03
100915,4,44,14.65,5,0.05
100916,1,65,11.13,7,0.0
100916,2,107,40.67,3,0.0
100916,3,45,11.75,7,0.0
100916,4,24,47.22,4,0.05
100916,5,116,38.97,7,0.03
100916,6,31,5.15,7,0.05
100917,1,21,32.39,3,0.15
100917,2,58,8.53,4,0.0
100918,1,110,25.55,3,0.0
100918,2,91,16.34,7,0.0
100918,3,45,12.11,2,0.0
100919,1,67,33.69,3,0.0
100919,2,99,21.79,6,0.05
100919,3,60,11.38,4,0.0
100919,4,56,29.96,4,0.0
100920,1,71,6.71,4,0.0
100920,2,82,5.53,2,0.05
100920,3,59,21.09,6,0.0
100921,1,110,27.16,6,0.0
100921,2,71,7.89,1,0.0
100921,3,62,37.55,5,0.1
100921,4,52,44.28,16,0.0
100922,1,60,13.44,3,0.0
100922,2,90,49.42,3,0.15
100922,3,13,33.5,2,0.0
100923,1,20,30.51,2,0.05
100923,2,110,23.19,1,0.03
100924,1,110,24.49,2,0.0
100925,1,27,9.4,6,0.0
100925,2,72,9.04,3,0.0
100925,3,29,47.48,2,0.03
100925,4,51,46.55,2,0.1
100925,5,6,11.28,3,0.0
100925,6,98,11.95,10,0.1
100926,1,37,20.49,8,0.1
100926,2,9,25.6,4,0.0
100927,1,82,6.12,2,0.0
100927,2,79,19.74,6,0.0
100928,1,82,6.81,5,0.1
100928,2,72,8.2,8,0.0
100928,3,58,8.76,5,0.0
100929,1,58,8.18,1,0.1
100929,2,12,88.11,5,0.03
100929,3,97,16.09,6,0.0
100929,4,89,19.02,4,0.0
100929,5,63,40.94,5,0.0
100929,6,102,25.19,2,0.05
100930,1,43,35.44,8,0.0
100930,2,69,4.15,5,0.0
100930,3,85,30.93,1,0.03
100930,4,79,18.08,2,0.0
100930,5,107,39.29,3,0.03
100930,6,83,29.99,4,0.0
100931,1,80,24.62,8,0.05
100931,2,44,13.74,4,0.0
100932,1,101,24.33,3,0.0
100932,2,16,4.43,4,0.0
100932,3,104,26.42,3,0.0
100932,4,99,29.73,4,0.1
100932,5,8,3.69,4,0.0
100932,6,72,9.1,4,0.1
100932,7,45,10.79,2,0.1
100933,1,3,59.31,7,0.0
100933,2,94,29.46,1,0.0
100934,1,25,12.47,1,0.1
100934,2,71,7.81,5,0.03
100935,1,49,24.68,10,0.03
100935,2,113,10.05,3,0.0
100935,3,79,18.21,3,0.0
100935,4,8,5.02,4,0.0
100935,5,108,34.25,1,0.0
100936,1,54,21.67,2,0.0
100936,2,60,12.66,5,0.0
100936,3,23,22.39,3,0.0
100937,1,64,21.95,7,0.0
100937,2,52,46.79,3,0.03
100937,3,26,15.34,2,0.1
100938,1,92,32.13,3,0.1
100938,2,31,5.37,4,0.0
100939,1,45,12.32,4,0.0
100939,2,102,25.08,4,0.05
100940,1,27,10.49,5,0.1
100940,2,92,24.49,2,0.0
100940,3,89,18.05,8,0.03
100940,4,6,9.4,1,0.0
100940,5,51,46.54,2,0.0
100940,6,110,24.74,3,0.03
100940,7,60,12.32,1,0.1
100941,1,45,10.41,6,0.0
100941,2,51,44.93,1,0.05
100941,3,82,5.97,3,0.1
100941,4,95,19.31,5,0.0
100941,5,92,27.25,3,0.0
100942,1,28,6.89,2,0.1
100942,2,68,28.32,7,0.15
100942,3,116,42.41,8,0.0
100942,4,97,13.74,6,0.1
100943,1,24,52.76,8,0.0
100943,2,70,12.78,1,0.0
100944,1,58,8.47,2,0.0
100944,2,45,11.17,5,0.05
100944,3,88,31.22,5,0.1
100944,4,5,24.99,2,0.1
100944,5,28,6.94,6,0.03
100945,1,116,42.99,6,0.05
100945,2,112,75.95,4,0.0
100946,1,1,26.36,1,0.1
100946,2,82,5.43,4,0.0
100946,3,106,20.17,3,0.0
100947,1,110,23.91,6,0.0
100947,2,72,10.34,3,0.0
100947,3,41,46.25,1,0.0
100947,4,109,4.25,4,0.1
100947,5,120,4.68,2,0.0
100947,6,114,28.69,4,0.0
100948,1,45,13.9,6,0.15
100948,2,32,19.9,2,0.0
100948,3,71,6.81,5,0.03
100949,1,65,13.55,3,0.0
100949,2,72,7.92,8,0.1
100949,3,84,15.77,1,0.0
100950,1,52,43.35,3,0.0
100950,2,24,49.03,5,0.0
100950,3,47,24.29,2,0.0
100951,1,34,25.02,3,0.03
100951,2,24,46.19,3,0.0
100951,3,92,30.62,4,0.05
100951,4,60,11.78,2,0.0
100951,5,84,14.42,3,0.0
100952,1,73,17.76,2,0.0
100952,2,68,24.89,2,0.0
100952,3,45,12.29,2,0.03
100953,1,31,4.52,4,0.1
100953,2,72,8.48,2,0.0
100953,3,107,41.24,6,0.0
100954,1,98,12.4,8,0.03
100954,2,101,22.89,5,0.0
100954,3,2,28.3,5,0.0
100954,4,81,25.05,3,0.0
100955,1,79,18.01,2,0.0
100955,2,71,5.69,2,0.0
100955,3,58,7.37,4,0.03
100955,4,94,29.91,3,0.0
100956,1,116,39.98,4,0.05
100956,2,52,45.34,2,0.0
100956,3,100,53.98,5,0.05
100956,4,56,31.77,3,0.03
100957,1,44,16.43,7,0.03
100957,2,117,10.29,6,0.05
100957,3,64,25.54,4,0.05
100957,4,58,8.15,2,0.0
100957,5,70,11.36,7,0.03
100958,1,72,8.58,5,0.1
100958,2,27,9.35,8,0.05
100958,3,79,17.43,8,0.03
100958,4,87,31.42,1,0.0
100958,5,76,26.89,2,0.03
100959,1,57,45.03,5,0.05
100959,2,81,23.3,3,0.03
100959,3,45,12.29,7,0.0
100959,4,36,35.21,2,0.0
100959,5,106,20.57,5,0.15
100959,6,58,7.94,6,0.15
100960,1,97,15.48,5,0.2
100960,2,45,13.16,1,0.1
100960,3,116,41.38,3,0.0
100960,4,66,8.16,6,0.05
100960,5,67,34.55,3,0.0
100960,6,110,26.64,4,0.0
100961,1,74,29.36,4,0.1
100962,1,81,21.22,2,0.0
100962,2,99,28.64,3,0.0
100962,3,53,24.9,6,0.0
100963,1,72,8.4,4,0.0
100964,1,60,10.7,7,0.0
100964,2,114,29.93,8,0.05
100964,3,8,3.95,3,0.03
100964,4,53,25.88,3,0.1
100965,1,97,15.28,3,0.0
100965,2,45,12.6,2,0.0
100965,3,23,22.25,4,0.0
100966,1,5,20.9,2,0.1
100966,2,21,27.2,6,0.05
100967,1,45,11.12,3,0.0
100967,2,106,21.26,2,0.0
100968,1,87,26.09,2,0.0
100968,2,117,8.24,5,0.03
100968,3,21,30.07,3,0.0
100969,1,84,15.72,1,0.05
100969,2,58,7.81,1,0.0
100969,3,109,3.03,4,0.0
100970,1,67,30.62,3,0.1
100970,2,81,25.57,10,0.0
100970,3,94,30.88,3,0.03
100970,4,103,30.96,6,0.03
100970,5,101,25.21,6,0.0
100970,6,20,32.26,2,0.2
100971,1,76,24.63,3,0.15
100971,2,45,12.94,6,0.0
100972,1,29,56.65,4,0.0
100972,2,80,26.17,6,0.0
100972,3,60,12.72,3,0.0
100972,4,92,26.68,1,0.15
100973,1,60,12.84,3,0.0
100973,2,12,84.51,2,0.0
100973,3,24,52.35,3,0.0
100973,4,58,7.51,2,0.1
100973,5,65,11.91,5,0.0
100974,1,76,24.37,4,0.0
100974,2,68,27.93,3,0.1
100974,3,108,37.11,4,0.1
100974,4,36,28.43,4,0.05
100975,1,67,33.7,2,0.0
100975,2,52,51.6,4,0.0
100976,1,36,28.64,5,0.0
100976,2,75,16.67,2,0.0
100976,3,116,38.88,3,0.0
100976,4,27,9.56,6,0.0
100976,5,47,21.19,2,0.15
100977,1,45,11.44,2,0.05
100977,2,61,18.9,1,0.0
100977,3,113,10.74,2,0.0
100978,1,76,22.99,5,0.0
100978,2,64,24.86,5,0.15
100978,3,95,15.37,4,0.0
100979,1,34,22.47,3,0.1
100979,2,103,30.43,6,0.03
100979,3,61,20.81,9,0.03
100979,4,15,10.46,4,0.0
100979,5,45,12.41,7,0.0
100980,1,19,27.97,11,0.0
100980,2,81,26.22,4,0.0
100980,3,60,12.03,4,0.0
100981,1,54,25.2,7,0.15
100981,2,51,43.12,1,0.0
100981,3,83,30.21,2,0.0
100981,4,117,8.91,6,0.0
100982,1,9,24.19,4,0.0
100982,2,97,14.4,4,0.0
100982,3,68,27.23,7,0.03
100983,1,104,26.79,5,0.0
100983,2,40,23.6,2,0.0
100983,3,89,19.3,4,0.0
100983,4,28,7.2,11,0.0
100983,5,79,17.42,5,0.0
100984,1,51,45.03,2,0.0
100984,2,11,34.71,2,0.0
100984,3,76,21.0,5,0.0
100985,1,117,9.27,4,0.05
100985,2,9,27.75,3,0.0
100985,3,65,10.28,2,0.15
100985,4,97,15.73,5,0.03
100985,5,101,22.98,2,0.1
100985,6,45,10.04,5,0.0
100986,1,45,11.19,2,0.0
100986,2,24,41.82,3,0.0
100986,3,27,11.0,4,0.0
100987,1,72,9.29,4,0.0
100987,2,4,6.27,2,0.05
100987,3,105,5.85,2,0.0
100987,4,81,24.64,8,0.1
100987,5,45,12.24,6,0.05
100987,6,43,38.37,4,0.15
100987,7,78,9.19,3,0.0
100988,1,10,49.9,4,0.1
100988,2,58,8.25,4,0.1
100989,1,51,50.4,6,0.05
100989,2,104,23.61,3,0.0
100990,1,33,10.88,4,0.05
100990,2,98,13.55,2,0.05
100990,3,40,25.35,4,0.0
100990,4,79,20.45,6,0.15
100991,1,33,10.9,4,0.0
100991,2,76,23.2,4,0.03
100991,3,40,25.71,3,0.0
100991,4,74,32.86,5,0.0
100991,5,67,29.96,3,0.0
100992,1,83,33.47,4,0.05
100992,2,70,11.64,8,0.0
100992,3,45,10.61,10,0.1
100993,1,71,6.85,6,0.03
100993,2,72,8.61,1,0.0
100993,3,110,30.48,8,0.0
100994,1,82,6.87,5,0.0
100994,2,24,59.77,2,0.1
100994,3,65,12.44,7,0.05
100994,4,97,15.69,1,0.05
100995,1,60,12.1,1,0.05
100995,2,9,22.22,4,0.05
100995,3,110,27.08,3,0.15
100995,4,72,8.54,6,0.05
100996,1,60,11.24,4,0.1
100996,2,68,26.81,3,0.05
100997,1,70,11.73,2,0.2
100997,2,71,8.69,4,0.0
100997,3,114,27.85,3,0.1
100998,1,31,5.14,3,0.1
100999,1,40,27.36,2,0.0
100999,2,116,38.72,3,0.0
100999,3,71,7.95,2,0.0
101000,1,70,11.72,14,0.1
101000,2,101,21.66,6,0.15
101000,3,94,32.07,5,0.0
101000,4,110,28.78,4,0.0
101000,5,72,8.33,4,0.0
101001,1,97,13.26,4,0.15
101001,2,1,22.79,3,0.0
101001,3,95,18.27,5,0.1
101001,4,9,23.83,1,0.1
101002,1,110,24.64,2,0.15
101002,2,80,26.17,5,0.1
101002,3,70,13.42,5,0.15
101003,1,116,38.63,9,0.05
101003,2,71,6.82,5,0.0
101003,3,117,9.4,4,0.0
101003,4,103,29.69,5,0.0
101003,5,82,5.9,3,0.0
101004,1,40,24.73,4,0.0
101004,2,65,12.85,3,0.0
101004,3,78,9.68,3,0.0
101004,4,53,25.31,5,0.0
101005,1,67,30.29,5,0.0
101005,2,38,28.29,5,0.0
101005,3,60,13.0,7,0.05
101005,4,43,36.7,6,0.03
101006,1,29,51.69,8,0.0
101006,2,53,23.62,7,0.0
101006,3,10,43.85,2,0.1
101007,1,27,10.08,5,0.03
101007,2,78,10.3,10,0.15
101007,3,103,28.84,3,0.1
101008,1,116,39.55,3,0.0
101008,2,117,10.16,4,0.2
101008,3,84,14.65,6,0.03
101008,4,60,10.95,4,0.05
101008,5,92,29.76,3,0.1
101009,1,45,10.15,4,0.15
101009,2,79,18.0,7,0.05
101009,3,83,32.17,3,0.1
101009,4,57,42.33,2,0.0
101010,1,87,25.92,4,0.0
101010,2,82,6.6,8,0.0
101010,3,74,27.45,6,0.0
101010,4,51,43.68,4,0.1
101011,1,45,10.79,5,0.1
101011,2,88,34.42,3,0.0
101011,3,110,24.37,6,0.0
101011,4,60,11.57,10,0.05
101011,5,113,9.66,10,0.15
101011,6,97,13.91,2,0.05
101012,1,53,25.83,6,0.0
101012,2,27,9.85,1,0.0
101012,3,35,25.16,6,0.2
101013,1,51,48.86,4,0.0
101013,2,59,20.56,2,0.0
101013,3,94,32.3,3,0.05
101013,4,82,5.58,9,0.05
101013,5,6,10.47,1,0.0
101013,6,46,16.46,2,0.0
101013,7,54,25.26,3,0.0
101014,1,32,17.83,2,0.0
101014,2,13,33.41,2,0.0
101014,3,53,26.97,7,0.0
101014,4,83,32.7,1,0.0
101014,5,45,12.52,7,0.05
101015,1,97,15.12,3,0.05
101015,2,112,74.81,2,0.0
101016,1,21,31.3,4,0.0
101016,2,97,15.79,10,0.0
101016,3,67,30.93,2,0.03
101016,4,78,8.92,6,0.0
101016,5,40,21.0,5,0.05
101017,1,72,9.68,7,0.05
101017,2,99,25.55,5,0.0
101018,1,20,28.54,1,0.2
101018,2,8,5.07,2,0.05
101018,3,72,8.06,2,0.0
101019,1,34,22.23,8,0.05
101019,2,1,28.99,5,0.0
101019,3,20,30.84,3,0.0
101020,1,116,37.82,7,0.03
101021,1,76,25.37,6,0.0
101021,2,67,33.58,1,0.0
101021,3,90,58.5,1,0.0
101022,1,65,11.8,7,0.0
101022,2,45,11.31,3,0.0
101022,3,40,26.72,11,0.05
101022,4,14,24.7,4,0.0
101023,1,21,32.58,7,0.0
101023,2,84,15.31,4,0.05
101023,3,75,15.61,6,0.0
101023,4,54,21.65,6,0.0
101023,5,108,35.78,6,0.03
101023,6,4,6.41,6,0.1
101024,1,79,19.98,6,0.0
101024,2,58,7.5,6,0.1
101024,3,52,42.55,11,0.0
101024,4,4,8.35,6,0.0
101025,1,82,7.24,1,0.0
101025,2,106,19.99,3,0.0
101025,3,71,8.38,5,0.05
101026,1,98,12.54,8,0.0
101027,1,104,26.76,3,0.05
101027,2,106,22.06,3,0.05
101027,3,85,27.65,3,0.0
101028,1,25,12.57,7,0.0
101029,1,116,36.7,10,0.0
101029,2,45,11.08,4,0.15
101029,3,72,8.37,1,0.1
101029,4,11,35.7,6,0.0
101030,1,83,36.17,1,0.0
101030,2,101,26.44,3,0.0
101031,1,65,12.25,8,0.05
101031,2,26,16.09,1,0.1
101032,1,79,21.86,1,0.05
101032,2,89,17.66,2,0.0
101032,3,71,7.0,3,0.0
101032,4,42,23.16,5,0.0
101032,5,61,21.93,3,0.0
101032,6,41,50.9,8,0.1
101032,7,76,22.49,4,0.0
101033,1,98,12.31,4,0.0
101033,2,49,24.61,5,0.1
101033,3,24,45.75,4,0.1
101034,1,78,8.75,10,0.0
101035,1,76,22.88,2,0.0
101035,2,24,48.26,1,0.05
101035,3,49,25.7,1,0.05
101036,1,18,15.88,13,0.0
101036,2,83,31.65,2,0.2
101036,3,45,11.5,2,0.05
101037,1,110,24.57,3,0.0
101037,2,45,11.03,6,0.0
101037,3,51,41.53,5,0.03
101038,1,40,27.64,4,0.0
101038,2,79,18.72,2,0.0
101039,1,79,21.29,4,0.0
101039,2,32,18.0,4,0.0
101039,3,105,5.07,2,0.03
101039,4,58,8.43,3,0.1
101040,1,110,21.61,1,0.03
101040,2,24,50.96,2,0.03
101040,3,104,25.48,3,0.2
101040,4,47,20.91,1,0.0
101040,5,6,11.92,1,0.03
101041,1,77,35.93,4,0.0
101041,2,102,23.88,1,0.15
101042,1,34,24.11,3,0.15
101042,2,97,13.06,1,0.2
101042,3,65,12.66,9,0.15
101043,1,117,9.38,4,0.0
101043,2,33,10.09,4,0.0
101043,3,72,9.01,2,0.0
101044,1,60,12.14,1,0.0
101044,2,72,9.15,9,0.1
101044,3,20,30.49,5,0.0
101045,1,43,33.73,1,0.1
101045,2,51,47.31,4,0.05
101046,1,2,32.85,8,0.0
101046,2,24,49.15,6,0.1
101046,3,60,11.78,9,0.1
101046,4,79,20.38,3,0.0
101047,1,5,25.6,7,0.0
101047,2,13,37.17,2,0.15
101047,3,26,14.38,5,0.0
101047,4,81,23.82,6,0.03
101048,1,27,8.85,2,0.05
101048,2,12,88.88,3,0.15
101048,3,98,12.59,2,0.1
101048,4,84,15.24,4,0.15
101048,5,72,8.74,3,0.0
101048,6,76,23.68,3,0.15
101048,7,105,4.96,1,0.03
101048,8,23,24.8,4,0.0
101049,1,20,29.88,3,0.0
101050,1,45,12.03,6,0.0
101050,2,65,13.4,4,0.1
101050,3,60,12.69,6,0.0
101051,1,37,19.15,3,0.1
101052,1,116,39.6,1,0.0
101052,2,109,3.57,1,0.0
101053,1,116,40.18,6,0.0
101053,2,24,45.92,2,0.03
101054,1,111,78.39,3,0.03
101054,2,53,20.36,3,0.0
101054,3,72,9.52,4,0.0
101054,4,82,6.87,2,0.0
101055,1,84,13.17,6,0.03
101055,2,41,57.01,5,0.1
101055,3,83,32.65,6,0.0
101055,4,1,25.2,3,0.0
101056,1,43,34.84,1,0.15
101056,2,51,43.29,7,0.0
101056,3,90,39.6,2,0.05
101056,4,45,12.59,3,0.0
101056,5,56,28.82,5,0.0
101057,1,42,20.5,6,0.03
101058,1,59,16.89,3,0.0
101058,2,1,27.3,4,0.0
101058,3,72,8.3,4,0.0
101058,4,64,24.26,6,0.1
101059,1,87,27.87,3,0.05
101059,2,24,49.78,6,0.0
101059,3,67,33.97,2,0.0
101059,4,54,25.17,8,0.1
101059,5,71,6.82,5,0.0
101059,6,63,39.58,8,0.05
101060,1,53,23.56,4,0.03
101060,2,79,19.28,6,0.0
101060,3,76,19.76,2,0.03
101060,4,27,9.77,1,0.0
101061,1,113,8.95,6,0.05
101062,1,45,9.98,8,0.0
101062,2,117,9.07,4,0.0
101062,3,49,24.14,3,0.0
101062,4,52,51.86,5,0.0
101063,1,53,19.39,1,0.05
101063,2,106,21.97,5,0.05
101063,3,6,10.38,4,0.03
101064,1,107,41.03,4,0.05
101065,1,82,7.25,1,0.0
101065,2,23,25.21,4,0.0
101065,3,78,9.34,1,0.1
101065,4,105,4.69,1,0.0
101065,5,45,12.39,6,0.0
101065,6,8,4.97,6,0.0
101066,1,115,33.82,4,0.0
101066,2,8,4.53,3,0.05
101066,3,34,25.86,15,0.0
101066,4,63,42.36,4,0.03
101067,1,99,29.34,6,0.05
101067,2,60,11.68,7,0.05
101067,3,81,20.15,2,0.0
101067,4,72,7.58,1,0.0
101068,1,72,8.34,9,0.1
101068,2,79,18.39,5,0.0
101068,3,45,11.75,2,0.2
101069,1,75,19.0,4,0.05
101069,2,56,29.48,10,0.0
101069,3,55,17.98,2,0.1
101069,4,106,22.62,3,0.0
101069,5,47,21.58,5,0.1
101070,1,40,23.66,2,0.03
101070,2,110,23.4,10,0.05
101070,3,53,26.55,7,0.05
101070,4,45,12.32,2,0.0
101070,5,97,16.36,2,0.1
101070,6,60,11.98,3,0.1
101071,1,58,7.45,2,0.0
101072,1,99,24.49,8,0.0
101072,2,68,26.15,2,0.0
101072,3,45,12.85,9,0.15
101072,4,66,7.61,3,0.05
101073,1,27,9.35,4,0.1
101073,2,85,28.23,3,0.05
101074,1,53,25.33,5,0.0
101075,1,97,14.77,4,0.03
101075,2,94,31.19,3,0.0
101076,1,50,10.59,1,0.0
101076,2,67,33.77,7,0.0
101076,3,80,22.21,2,0.03
101076,4,98,11.12,1,0.05
101076,5,58,8.23,5,0.1
101077,1,45,12.63,2,0.0
101077,2,27,9.04,2,0.05
101077,3,14,25.35,10,0.0
101078,1,94,31.79,5,0.1
101078,2,114,28.56,2,0.0
101078,3,87,22.79,8,0.0
101079,1,61,19.32,1,0.03
101079,2,110,25.49,4,0.05
101079,3,103,33.6,3,0.0
101080,1,84,14.25,7,0.1
101080,2,112,89.81,11,0.0
101080,3,25,11.26,2,0.15
101080,4,72,7.58,3,0.05
101080,5,102,22.1,3,0.0
101080,6,67,28.76,2,0.0
101081,1,82,7.2,7,0.05
101081,2,86,32.79,3,0.03
101081,3,65,12.76,8,0.0
101082,1,99,23.69,4,0.15
101082,2,82,6.69,2,0.0
101082,3,78,8.74,3,0.0
101082,4,83,34.18,4,0.0
101082,5,112,83.56,4,0.0
101083,1,45,11.17,3,0.05
101083,2,97,16.42,5,0.0
101083,3,79,19.64,2,0.05
101083,4,81,24.6,7,0.0
101084,1,50,11.19,2,0.05
101085,1,71,7.08,8,0.0
101085,2,65,12.38,2,0.0
101086,1,33,11.84,4,0.05
101086,2,41,45.2,8,0.05
101086,3,92,26.97,3,0.1
101087,1,50,12.65,1,0.0
101087,2,79,17.75,2,0.05
101087,3,57,49.3,1,0.0
101087,4,85,29.84,4,0.05
101088,1,59,17.52,4,0.0
101088,2,103,29.47,4,0.0
101089,1,111,79.34,8,0.05
101089,2,64,26.67,3,0.0
101089,3,67,31.6,9,0.0
101090,1,45,11.67,4,0.0
101090,2,103,29.37,3,0.1
101090,3,102,22.79,2,0.0
101091,1,72,8.61,3,0.0
101091,2,51,48.49,5,0.15
101092,1,59,20.19,6,0.0
101092,2,83,32.83,5,0.03
101093,1,101,24.97,5,0.0
101093,2,110,22.8,9,0.0
101093,3,60,11.59,3,0.1
101093,4,99,26.52,3,0.0
101093,5,97,16.0,6,0.05
101094,1,81,22.49,4,0.0
101094,2,45,12.76,7,0.03
101094,3,15,11.18,6,0.1
101094,4,92,25.2,3,0.0
101095,1,80,25.03,4,0.03
101095,2,45,11.37,2,0.03
101096,1,51,50.25,3,0.0
101096,2,110,20.35,9,0.0
101096,3,40,25.76,2,0.1
101097,1,24,43.56,6,0.0
101098,1,85,31.38,4,0.0
101099,1,78,8.35,5,0.0
101099,2,76,22.93,5,0.0
101099,3,51,39.22,3,0.1
101099,4,37,18.51,3,0.05
101099,5,54,25.84,2,0.0
101100,1,92,25.88,4,0.15
101100,2,8,5.4,2,0.05
101100,3,64,23.13,2,0.0
101100,4,45,12.73,3,0.2
101101,1,112,70.24,4,0.05
101101,2,67,30.43,10,0.05
101101,3,116,37.64,5,0.0
101101,4,74,33.46,3,0.0
101101,5,47,24.12,4,0.05
101102,1,24,45.1,7,0.1
101103,1,110,26.16,9,0.05
101103,2,65,11.88,4,0.0
101103,3,45,11.99,6,0.0
101104,1,106,20.55,5,0.05
101104,2,80,22.65,9,0.1
101104,3,98,12.16,3,0.0
101105,1,45,12.25,5,0.2
101105,2,71,6.78,8,0.0
101105,3,114,23.28,5,0.05
101105,4,51,43.64,2,0.1
101106,1,103,30.37,7,0.15
101106,2,23,20.81,2,0.15
101106,3,81,23.55,8,0.0
101106,4,113,10.01,6,0.0
101106,5,79,18.4,2,0.0
101107,1,18,18.68,1,0.0
101107,2,50,9.78,2,0.0
101107,3,53,23.87,8,0.2
101107,4,29,51.41,3,0.05
101108,1,44,14.44,3,0.05
101108,2,94,26.43,3,0.0
101108,3,83,34.95,2,0.05
101108,4,60,12.98,2,0.05
101108,5,76,24.9,2,0.0
101109,1,38,23.96,6,0.0
101109,2,99,26.65,4,0.0
101109,3,107,41.61,6,0.03
101109,4,40,24.97,2,0.0
101109,5,60,12.11,2,0.05
101110,1,59,22.57,2,0.0
101110,2,9,22.44,2,0.05
101111,1,67,37.5,4,0.0
101111,2,76,28.47,5,0.0
101111,3,94,34.57,3,0.0
101112,1,68,28.59,1,0.0
101112,2,49,25.64,7,0.0
101112,3,15,9.98,5,0.05
101112,4,2,27.68,4,0.0
101113,1,116,41.03,2,0.1
101113,2,104,27.4,8,0.0
101113,3,23,21.19,2,0.0
101114,1,40,25.29,1,0.15
101114,2,58,7.89,4,0.0
101114,3,94,28.29,2,0.0
101114,4,97,13.34,4,0.05
101114,5,45,13.14,4,0.05
101115,1,71,7.54,2,0.0
101115,2,97,14.91,8,0.0
101115,3,116,37.7,2,0.0
101115,4,109,4.43,6,0.0
101116,1,99,26.78,7,0.0
101116,2,15,11.73,6,0.1
101116,3,22,16.38,2,0.0
101116,4,117,9.95,5,0.03
101116,5,51,49.93,2,0.05
101116,6,18,19.21,2,0.05
101117,1,42,23.25,4,0.0
101117,2,16,4.46,8,0.05
101118,1,40,28.0,3,0.1
101118,2,72,7.55,5,0.1
101118,3,106,23.51,3,0.0
101118,4,11,37.02,2,0.05
101118,5,97,15.81,3,0.0
101119,1,60,10.18,5,0.15
101119,2,86,34.41,5,0.05
101120,1,50,11.31,4,0.0
101120,2,47,21.96,3,0.0
101121,1,85,25.54,10,0.1
101121,2,8,4.78,1,0.2
101122,1,50,11.14,3,0.03
101122,2,112,80.37,3,0.0
101122,3,84,15.34,4,0.0
101123,1,101,24.84,6,0.1
101123,2,67,34.87,7,0.1
101123,3,98,11.31,10,0.03
101123,4,44,14.4,1,0.0
101123,5,45,12.98,4,0.03
101124,1,13,38.44,4,0.0
101124,2,107,38.98,5,0.1
101124,3,78,10.2,11,0.0
101124,4,87,26.36,2,0.1
101124,5,60,11.77,1,0.0
101125,1,109,3.45,1,0.0
101125,2,92,26.52,2,0.0
101125,3,23,23.63,2,0.1
101126,1,81,23.14,8,0.1
101127,1,103,26.7,3,0.1
101127,2,52,49.36,4,0.1
101127,3,97,14.36,1,0.0
101128,1,12,78.1,5,0.03
101128,2,25,11.8,3,0.0
101128,3,78,8.97,5,0.03
101128,4,108,42.44,3,0.1
101129,1,97,14.74,3,0.1
101129,2,52,49.56,4,0.15
101129,3,40,22.92,5,0.0
101129,4,15,10.0,11,0.0
101129,5,45,12.01,1,0.05
101129,6,13,33.51,3,0.0
101129,7,71,6.13,9,0.0
101130,1,105,5.9,2,0.0
101130,2,62,35.53,5,0.15
101131,1,64,26.93,8,0.05
101131,2,79,20.38,3,0.0
101131,3,83,34.82,7,0.03
101132,1,57,53.66,7,0.0
101132,2,44,17.35,4,0.0
101132,3,91,16.27,2,0.0
101132,4,8,4.54,3,0.15
101132,5,108,33.0,2,0.1
101133,1,58,7.71,5,0.05
101133,2,110,27.36,7,0.1
101133,3,82,6.55,7,0.0
101133,4,25,11.94,5,0.0
101134,1,76,22.26,2,0.1
101134,2,71,8.43,5,0.1
101134,3,100,62.71,3,0.0
101135,1,88,34.14,3,0.0
101136,1,110,25.61,4,0.0
101136,2,71,7.77,4,0.0
101136,3,8,5.42,8,0.0
101137,1,63,42.81,1,0.2
101137,2,74,28.95,9,0.2
101137,3,40,23.96,2,0.05
101137,4,116,40.36,1,0.03
101137,5,47,21.07,3,0.0
101137,6,80,21.27,11,0.0
101138,1,81,27.73,4,0.1
101139,1,79,19.3,1,0.0
101139,2,78,10.6,2,0.1
101139,3,64,28.3,9,0.0
101140,1,28,6.04,4,0.0
101141,1,40,25.33,3,0.0
101141,2,116,40.36,5,0.0
101141,3,51,47.66,11,0.1
101141,4,112,75.66,2,0.05
101141,5,106,19.29,1,0.05
101142,1,101,21.74,3,0.0
101142,2,45,12.05,8,0.1
101142,3,34,21.0,8,0.15
101142,4,97,15.97,8,0.15
101143,1,87,23.07,3,0.15
101143,2,2,25.17,9,0.0
101143,3,28,7.1,3,0.0
101144,1,116,35.13,6,0.15
101144,2,72,8.68,4,0.0
101145,1,106,21.17,4,0.0
101145,2,85,24.89,7,0.0
101146,1,31,4.39,9,0.03
101146,2,25,12.67,1,0.0
101146,3,58,7.77,1,0.1
101146,4,44,14.43,2,0.05
101147,1,90,51.5,2,0.05
101147,2,8,5.39,2,0.0
101147,3,97,12.6,6,0.0
101148,1,76,25.15,4,0.05
101148,2,4,7.37,2,0.0
101149,1,34,25.3,4,0.05
101149,2,83,33.52,9,0.0
101149,3,76,24.94,4,0.0
101149,4,66,8.03,6,0.15
101149,5,49,25.9,7,0.0
101149,6,32,17.94,2,0.05
101150,1,55,18.07,6,0.05
101150,2,45,13.38,9,0.0
101151,1,44,12.28,2,0.03
101151,2,19,27.85,2,0.15
101151,3,76,26.41,4,0.0
101151,4,104,26.34,4,0.0
101151,5,4,7.37,4,0.15
101152,1,24,53.77,3,0.05
101152,2,66,7.9,6,0.0
101152,3,67,30.07,8,0.0
101152,4,50,13.34,10,0.15
101152,5,105,5.88,4,0.0
101153,1,84,14.84,14,0.0
101153,2,98,12.0,2,0.1
101154,1,104,26.77,2,0.15
101154,2,44,13.93,5,0.0
101155,1,15,12.56,4,0.0
101155,2,87,25.64,3,0.0
101155,3,54,25.63,4,0.03
101155,4,112,81.08,4,0.0
101156,1,117,9.12,5,0.0
101156,2,96,81.14,6,0.03
101156,3,81,21.74,3,0.0
101156,4,70,12.89,4,0.05
101156,5,15,11.02,3,0.1
101157,1,23,24.46,3,0.03
101157,2,60,11.93,10,0.1
101157,3,94,28.5,6,0.0
101157,4,14,25.32,4,0.0
101158,1,98,12.64,6,0.0
101158,2,45,11.84,10,0.1
101159,1,98,13.54,3,0.0
101159,2,81,27.61,6,0.0
101159,3,71,6.91,4,0.0
101160,1,65,11.6,5,0.0
101160,2,80,23.85,4,0.0
101160,3,76,24.89,5,0.0
101161,1,91,18.49,9,0.05
101161,2,45,12.1,8,0.0
101162,1,83,31.51,2,0.0
101162,2,76,25.68,1,0.0
101162,3,79,18.05,3,0.0
101162,4,52,49.2,4,0.0
101162,5,3,60.29,5,0.0
101162,6,58,8.09,6,0.1
101162,7,73,18.54,1,0.03
101163,1,67,30.74,6,0.1
101163,2,110,26.33,5,0.1
101163,3,65,12.43,6,0.05
101163,4,83,31.85,3,0.0
101164,1,32,18.93,2,0.0
101164,2,27,9.75,4,0.0
101164,3,12,75.48,9,0.05
101164,4,97,15.22,6,0.1
101164,5,24,48.65,3,0.0
101165,1,91,17.38,2,0.05
101165,2,71,7.19,3,0.0
101165,3,85,31.22,2,0.0
101165,4,114,26.15,3,0.0
101166,1,60,12.85,4,0.05
101167,1,83,30.85,5,0.05
101167,2,92,25.34,2,0.0
101167,3,117,9.07,2,0.0
101167,4,75,18.01,2,0.1
101168,1,8,4.91,5,0.1
101168,2,15,9.81,7,0.1
101168,3,44,16.21,3,0.1
101168,4,76,20.87,6,0.0
101168,5,25,11.91,11,0.1
101169,1,71,6.36,7,0.05
101169,2,53,22.47,3,0.0
101169,3,45,10.77,2,0.0
101169,4,70,10.69,2,0.15
101170,1,82,6.75,3,0.0
101170,2,76,20.7,4,0.15
101171,1,81,22.1,5,0.0
101171,2,101,21.87,4,0.0
101171,3,89,17.06,9,0.05
101171,4,33,12.28,2,0.0
101171,5,36,28.51,1,0.1
101172,1,112,80.41,9,0.2
101172,2,46,16.65,10,0.0
101172,3,116,37.21,13,0.1
101173,1,45,12.64,3,0.15
101173,2,65,12.44,9,0.05
101174,1,110,26.52,12,0.0
101174,2,83,33.31,4,0.0
101175,1,52,47.42,6,0.0
101175,2,24,48.52,4,0.1
101175,3,110,28.89,5,0.03
101175,4,117,8.99,7,0.0
101175,5,53,23.28,4,0.03
101175,6,69,4.11,2,0.15
101176,1,78,9.64,4,0.05
101176,2,94,30.7,5,0.0
101176,3,117,8.94,1,0.0
101177,1,71,7.35,3,0.03
101177,2,98,13.52,3,0.0
101177,3,91,18.74,2,0.0
101178,1,82,6.87,6,0.0
101179,1,34,19.39,9,0.0
101179,2,8,5.0,3,0.0
101179,3,45,11.66,2,0.0
101179,4,31,5.03,3,0.03
101179,5,81,24.79,3,0.05
101180,1,71,7.08,3,0.0
101180,2,110,25.34,2,0.05
101180,3,65,11.49,7,0.05
101180,4,15,10.93,12,0.05
101180,5,97,16.34,3,0.0
101181,1,24,53.67,5,0.0
101181,2,68,26.84,8,0.0
101182,1,113,10.13,4,0.0
101182,2,98,13.69,1,0.0
101183,1,50,11.69,4,0.03
101183,2,10,52.06,6,0.0
101184,1,71,7.41,7,0.0
101184,2,23,24.8,8,0.0
101184,3,69,3.36,2,0.0
101184,4,32,18.17,6,0.0
101185,1,72,8.02,4,0.0
101185,2,23,23.17,10,0.1
101186,1,104,28.55,3,0.0
101186,2,53,26.85,2,0.1
101187,1,45,11.04,5,0.0
101187,2,79,19.58,5,0.05
101187,3,67,29.89,6,0.1
101188,1,45,12.5,4,0.0
101188,2,72,8.79,6,0.0
101188,3,112,87.09,6,0.0
101188,4,108,33.13,3,0.0
101188,5,6,11.19,7,0.1
101188,6,24,45.54,2,0.05
101189,1,40,25.34,4,0.0
101189,2,46,15.89,2,0.0
101189,3,83,35.96,4,0.0
101189,4,32,19.74,4,0.0
101189,5,79,19.32,7,0.0
101189,6,76,27.43,3,0.1
101189,7,65,12.8,4,0.0
101190,1,52,51.39,14,0.0
101190,2,97,13.97,7,0.0
101190,3,45,11.79,3,0.1
101190,4,75,21.42,4,0.0
101190,5,99,29.17,4,0.0
101190,6,51,40.27,8,0.0
101190,7,111,85.67,3,0.0
101191,1,89,19.21,9,0.1
101191,2,116,36.01,5,0.05
101191,3,66,7.07,1,0.0
101192,1,76,22.91,3,0.0
101192,2,104,26.04,2,0.0
101193,1,41,49.53,3,0.0
101193,2,116,40.92,6,0.0
101193,3,95,18.32,3,0.0
101193,4,8,5.47,1,0.1
101194,1,112,78.64,2,0.05
101194,2,80,21.32,1,0.15
101194,3,82,5.69,3,0.0
101194,4,37,16.94,6,0.05
101195,1,107,43.05,3,0.1
101195,2,83,32.9,4,0.1
101195,3,116,36.04,2,0.0
101195,4,45,11.5,2,0.0
101196,1,83,31.69,5,0.0
101196,2,116,37.28,3,0.0
101196,3,81,22.53,3,0.2
101196,4,2,27.8,6,0.0
101196,5,34,27.39,5,0.1
101196,6,11,32.82,4,0.0
101197,1,97,13.86,5,0.05
101197,2,34,23.67,5,0.0
101197,3,67,34.21,5,0.1
101198,1,97,14.21,3,0.0
101198,2,67,27.76,9,0.0
101198,3,94,31.11,3,0.15
101198,4,91,19.3,7,0.05
101199,1,45,10.39,5,0.0
101199,2,26,16.73,1,0.0
101199,3,6,10.3,4,0.0
101200,1,87,27.22,3,0.05
101200,2,4,7.51,6,0.0
101201,1,97,13.32,2,0.05
101201,2,67,38.64,3,0.03
101202,1,26,16.53,2,0.0
101203,1,60,11.57,3,0.1
101203,2,69,4.24,4,0.0
101203,3,87,26.17,10,0.05
101203,4,94,32.28,3,0.0
101203,5,45,11.78,3,0.0
101203,6,72,8.0,1,0.0
101203,7,54,24.78,1,0.1
101203,8,33,9.83,4,0.0
101204,1,2,30.17,10,0.0
101204,2,64,22.48,5,0.1
101204,3,81,24.26,11,0.0
101204,4,60,10.53,11,0.2
101204,5,98,11.98,6,0.0
101205,1,116,38.74,3,0.15
101205,2,52,49.02,3,0.05
101205,3,81,29.06,3,0.0
101206,1,103,28.11,1,0.0
101206,2,53,22.63,2,0.1
101206,3,111,83.05,2,0.0
101206,4,81,26.41,7,0.0
101207,1,104,25.2,6,0.0
101207,2,80,25.11,3,0.0
101208,1,82,6.6,6,0.0
101208,2,53,25.26,4,0.0
101208,3,92,31.08,5,0.0
101208,4,58,8.2,1,0.0
101209,1,101,21.96,3,0.03
101209,2,80,23.93,2,0.05
101210,1,5,22.64,12,0.2
101210,2,76,22.66,9,0.05
101210,3,24,44.18,5,0.0
101210,4,51,43.47,2,0.0
101211,1,44,15.22,5,0.1
101212,1,71,7.16,5,0.0
101212,2,92,25.9,3,0.05
101212,3,46,17.51,6,0.0
101213,1,51,40.74,4,0.0
101213,2,83,37.21,14,0.1
101213,3,98,12.19,2,0.0
101214,1,81,26.45,5,0.0
101214,2,83,36.91,3,0.0
101215,1,14,23.93,4,0.05
101215,2,59,20.83,2,0.0
101216,1,104,27.59,7,0.0
101216,2,109,3.83,1,0.0
101217,1,90,52.71,2,0.03
101217,2,81,23.15,9,0.0
101217,3,97,16.11,6,0.0
101217,4,112,80.82,3,0.03
101217,5,93,24.22,5,0.0
101217,6,72,7.66,4,0.05
101218,1,116,41.61,1,0.05
101218,2,53,25.87,2,0.1
101218,3,52,53.8,6,0.05
101218,4,104,28.46,10,0.0
101218,5,79,19.33,4,0.1
101219,1,76,27.04,7,0.0
101219,2,119,9.76,1,0.0
101219,3,84,14.86,8,0.0
101219,4,25,12.87,5,0.0
101220,1,37,18.42,4,0.0
101220,2,14,27.91,4,0.0
101220,3,97,17.72,7,0.05
101220,4,79,18.47,4,0.05
101220,5,105,5.46,5,0.0
101220,6,60,12.93,5,0.05
101221,1,104,26.67,6,0.05
101222,1,120,5.37,4,0.0
101222,2,63,42.21,2,0.15
101222,3,45,12.98,5,0.03
101222,4,82,6.51,3,0.0
101223,1,108,34.76,7,0.0
101223,2,34,24.13,2,0.05
101223,3,112,85.78,4,0.0
101223,4,63,42.68,2,0.0
101223,5,14,25.74,4,0.03
101224,1,79,22.43,7,0.05
101224,2,105,4.7,5,0.05
101225,1,57,43.85,5,0.0
101225,2,64,23.52,8,0.0
101225,3,83,33.21,5,0.05
101225,4,45,15.63,2,0.0
101226,1,94,31.92,2,0.0
101227,1,70,12.8,4,0.05
101227,2,14,19.4,6,0.0
101227,3,68,27.24,6,0.1
101227,4,60,12.91,2,0.0
101227,5,24,51.69,4,0.0
101227,6,117,10.27,3,0.1
101227,7,97,14.71,1,0.0
101228,1,116,42.83,10,0.0
101228,2,118,18.74,1,0.0
101229,1,9,26.89,4,0.03
101229,2,58,9.32,7,0.0
101229,3,98,12.35,9,0.05
101230,1,54,21.45,4,0.0
101230,2,29,50.62,5,0.15
101230,3,106,20.3,1,0.0
101231,1,53,24.71,2,0.0
101231,2,101,22.94,6,0.15
101231,3,110,23.19,5,0.0
101232,1,58,8.25,10,0.03
101232,2,94,31.53,9,0.0
101233,1,45,13.61,4,0.0
101234,1,60,12.9,7,0.0
101234,2,53,25.85,4,0.1
101235,1,79,19.47,5,0.0
101235,2,25,14.2,7,0.0
101235,3,72,9.53,9,0.0
101235,4,24,49.47,4,0.1
101236,1,90,56.32,8,0.0
101236,2,15,9.67,3,0.1
101236,3,110,26.4,2,0.0
101236,4,107,43.27,4,0.03
101236,5,68,25.63,2,0.03
101237,1,7,16.57,5,0.0
101237,2,107,45.52,4,0.0
101237,3,81,28.35,6,0.0
101237,4,60,12.94,6,0.03
101238,1,45,12.7,1,0.1
101239,1,41,54.76,4,0.0
101239,2,8,5.67,7,0.0
101240,1,75,18.02,4,0.03
101240,2,70,12.08,3,0.0
101240,3,8,4.87,3,0.0
101240,4,51,46.58,1,0.0
101240,5,2,28.34,4,0.2
101240,6,34,27.15,9,0.1
101241,1,40,24.22,2,0.0
101241,2,72,8.11,1,0.0
101242,1,106,21.97,2,0.0
101242,2,10,55.77,3,0.0
101242,3,40,23.9,1,0.0
101242,4,34,26.14,3,0.0
101243,1,75,20.22,7,0.0
101243,2,81,23.37,3,0.05
101243,3,56,28.4,2,0.0
101243,4,71,7.66,4,0.0
101243,5,49,25.58,7,0.0
101243,6,97,15.85,7,0.15
101243,7,23,27.07,4,0.0
101243,8,62,39.71,4,0.0
101244,1,8,5.46,11,0.1
101244,2,60,11.46,5,0.0
101244,3,94,27.96,1,0.0
101244,4,21,27.26,2,0.0
101244,5,108,35.74,7,0.1
101245,1,87,22.47,2,0.0
101245,2,20,33.07,1,0.0
101245,3,101,25.29,4,0.0
101245,4,26,15.05,2,0.0
101246,1,83,39.73,5,0.0
101246,2,23,25.17,3,0.05
101246,3,19,28.42,2,0.1
101247,1,33,11.16,6,0.0
101247,2,91,18.86,10,0.0
101247,3,64,20.52,1,0.0
101248,1,46,16.42,4,0.0
101248,2,111,83.94,4,0.15
101249,1,24,46.54,2,0.0
101250,1,98,13.57,4,0.05
101251,1,120,4.37,2,0.0
101251,2,32,20.15,3,0.15
101251,3,52,44.42,9,0.0
101252,1,45,11.28,6,0.0
101252,2,83,33.3,3,0.0
101252,3,70,12.85,3,0.15
101253,1,51,40.67,2,0.05
101253,2,34,24.51,7,0.0
101253,3,28,7.13,1,0.0
101254,1,69,5.15,4,0.0
101254,2,75,19.37,1,0.1
101254,3,85,31.07,2,0.0
101254,4,87,27.43,3,0.0
101255,1,103,29.76,2,0.1
101255,2,33,10.79,3,0.03
101255,3,82,6.45,4,0.0
101255,4,71,7.92,3,0.0
101255,5,81,23.5,10,0.15
101256,1,21,30.49,3,0.1
101256,2,97,14.43,1,0.0
101257,1,104,26.69,1,0.05
101257,2,45,10.05,1,0.0
101258,1,106,22.91,4,0.0
101258,2,60,13.22,3,0.05
101258,3,80,24.41,3,0.0
101258,4,34,23.78,6,0.0
101258,5,94,28.94,7,0.1
101258,6,67,30.14,10,0.1
101259,1,25,12.21,3,0.2
101260,1,84,14.57,4,0.0
101260,2,82,6.87,3,0.0
101260,3,80,26.09,3,0.0
101260,4,54,20.98,2,0.05
101260,5,85,30.5,4,0.0
101260,6,101,24.91,4,0.0
101261,1,85,32.65,2,0.0
101262,1,58,7.68,5,0.0
101262,2,97,13.54,3,0.2
101263,1,71,6.73,2,0.15
101263,2,116,37.81,1,0.03
101264,1,116,36.8,1,0.0
101264,2,62,38.37,5,0.0
101264,3,76,24.14,1,0.0
101265,1,26,15.66,2,0.0
101265,2,84,15.0,1,0.0
101265,3,99,25.54,6,0.0
101265,4,110,25.32,6,0.0
101265,5,87,30.18,6,0.0
101265,6,76,23.38,3,0.0
101266,1,94,33.37,6,0.05
101266,2,13,35.36,2,0.0
101266,3,67,31.44,3,0.1
101266,4,99,27.82,2,0.0
101267,1,72,9.36,1,0.0
101267,2,110,23.71,4,0.05
101267,3,114,30.2,3,0.0
101268,1,82,7.36,4,0.15
101268,2,24,51.68,2,0.1
101268,3,108,40.64,8,0.0
101268,4,113,10.47,10,0.05
101268,5,43,38.43,7,0.03
101269,1,119,11.17,1,0.0
101269,2,92,25.25,7,0.1
101270,1,115,37.98,1,0.0
101271,1,71,6.87,5,0.0
101272,1,58,8.43,3,0.0
101272,2,107,44.4,6,0.03
101272,3,25,12.18,3,0.0
101272,4,99,25.21,10,0.0
101272,5,80,22.08,3,0.0
101273,1,53,26.67,1,0.0
101274,1,69,4.24,4,0.03
101275,1,97,15.2,4,0.0
101275,2,116,35.75,3,0.05
101275,3,15,11.23,3,0.05
101276,1,17,16.61,5,0.0
101276,2,53,24.54,3,0.0
101276,3,97,15.62,4,0.0
101276,4,110,25.6,2,0.05
101276,5,71,7.76,9,0.0
101276,6,81,25.84,3,0.0
101277,1,80,22.04,1,0.1
101277,2,72,9.46,6,0.15
101278,1,51,49.59,6,0.0
101278,2,85,30.62,5,0.15
101278,3,40,24.06,1,0.0
101279,1,65,11.88,3,0.03
101280,1,32,18.49,2,0.0
101280,2,9,27.19,2,0.15
101280,3,72,8.53,1,0.0
101280,4,98,12.25,8,0.1
101280,5,76,28.22,1,0.03
101281,1,14,27.65,12,0.0
101281,2,75,19.22,8,0.1
101281,3,97,13.74,3,0.03
101282,1,58,7.76,2,0.0
101282,2,27,9.95,4,0.0
101282,3,34,26.38,4,0.0
101282,4,94,32.68,4,0.0
101282,5,79,18.36,6,0.0
101283,1,81,24.58,4,0.05
101283,2,32,16.84,4,0.05
101283,3,65,11.94,1,0.0
101283,4,82,5.87,4,0.05
101284,1,117,7.32,7,0.0
101284,2,116,37.92,1,0.1
101284,3,87,28.85,6,0.0
101284,4,100,61.14,3,0.05
101285,1,106,19.09,6,0.03
101285,2,88,35.3,11,0.03
101285,3,66,6.95,3,0.05
101285,4,81,27.43,2,0.05
101285,5,45,12.83,4,0.03
101285,6,8,4.84,6,0.0
101285,7,71,7.67,3,0.15
101286,1,27,8.54,2,0.1
101286,2,107,45.98,6,0.0
101286,3,81,23.04,3,0.0
101287,1,11,35.24,3,0.03
101288,1,60,10.76,1,0.0
101289,1,80,25.13,6,0.0
101289,2,58,7.62,6,0.0
101290,1,79,22.55,6,0.15
101290,2,56,30.83,7,0.0
101290,3,71,7.22,6,0.0
101290,4,41,52.83,5,0.0
101290,5,60,11.2,4,0.0
101290,6,24,48.29,1,0.05
101291,1,23,20.35,6,0.0
101291,2,12,80.84,2,0.1
101291,3,65,13.17,5,0.03
101291,4,55,19.3,3,0.0
101291,5,28,7.36,7,0.05
101292,1,72,7.79,6,0.1
101292,2,25,11.91,1,0.0
101293,1,79,20.48,6,0.0
101293,2,72,8.85,1,0.0
101294,1,45,12.66,5,0.05
101294,2,87,27.35,3,0.0
101294,3,26,15.78,4,0.0
101295,1,43,32.7,4,0.03
101295,2,80,25.15,3,0.0
101295,3,76,22.87,2,0.0
101295,4,101,20.05,7,0.05
101295,5,41,40.52,1,0.0
101296,1,116,38.59,7,0.0
101296,2,60,13.29,3,0.0
101296,3,68,25.59,6,0.03
101297,1,25,13.89,6,0.0
101297,2,14,24.81,3,0.0
101297,3,97,14.2,7,0.0
101298,1,71,7.39,3,0.1
101298,2,80,24.75,1,0.1
101298,3,27,10.65,5,0.05
101298,4,114,29.46,1,0.03
101298,5,108,36.47,2,0.0
101299,1,34,26.74,3,0.03
101299,2,72,8.62,3,0.05
101300,1,31,5.01,3,0.0
101300,2,25,12.04,9,0.0
101301,1,96,72.58,4,0.0
101301,2,45,12.16,7,0.1
101301,3,97,15.48,2,0.0
101301,4,11,37.64,2,0.1
101301,5,108,38.03,7,0.0
101301,6,15,10.15,8,0.0
101302,1,94,31.68,2,0.0
101302,2,83,29.65,1,0.1
101303,1,91,19.63,3,0.05
101303,2,14,25.58,8,0.05
101304,1,57,38.7,2,0.15
101304,2,110,26.86,5,0.0
101304,3,8,5.25,11,0.0
101305,1,76,27.06,4,0.0
101305,2,41,51.04,8,0.15
101306,1,80,26.79,6,0.1
101306,2,110,23.45,2,0.0
101306,3,78,9.2,5,0.2
101306,4,11,32.81,4,0.0
101306,5,54,21.34,3,0.1
101307,1,14,25.71,4,0.0
101307,2,76,24.34,5,0.0
101307,3,24,44.06,4,0.0
101307,4,81,25.85,2,0.05
101308,1,45,12.45,2,0.0
101309,1,87,28.73,4,0.05
101309,2,83,33.27,4,0.2
101309,3,71,7.16,11,0.15
101309,4,89,19.61,1,0.0
101310,1,44,15.01,4,0.0
101310,2,87,29.9,3,0.05
101310,3,79,21.36,5,0.0
101310,4,45,13.24,6,0.0
101310,5,83,33.16,9,0.03
101311,1,91,18.47,5,0.1
101311,2,24,49.69,6,0.03
101311,3,49,30.72,6,0.0
101311,4,60,10.05,3,0.05
101311,5,81,27.21,1,0.0
101312,1,112,70.84,2,0.0
101312,2,97,14.27,4,0.0
101312,3,45,12.87,5,0.0
101312,4,15,10.77,6,0.0
101312,5,80,24.56,4,0.15
101313,1,57,51.59,9,0.0
101313,2,81,21.98,3,0.1
101313,3,58,8.25,1,0.05
101314,1,98,13.72,4,0.0
101314,2,89,20.11,2,0.0
101314,3,67,29.23,4,0.03
101315,1,60,12.06,7,0.2
101315,2,90,53.2,5,0.0
101315,3,97,13.8,3,0.03
101315,4,4,7.92,7,0.0
101316,1,27,11.38,8,0.0
101316,2,110,26.2,6,0.0
101316,3,21,30.24,4,0.03
101317,1,71,7.71,2,0.0
101317,2,82,6.84,9,0.05
101317,3,52,46.76,3,0.0
101317,4,15,10.79,3,0.15
101318,1,94,29.73,6,0.15
101318,2,93,23.53,2,0.05
101318,3,52,52.32,3,0.1
101318,4,45,10.9,3,0.0
101318,5,9,23.91,2,0.15
101319,1,40,24.51,8,0.0
101319,2,91,19.13,1,0.15
101319,3,81,24.49,8,0.0
101320,1,67,35.0,3,0.1
101320,2,103,28.51,5,0.0
101321,1,108,33.99,5,0.05
101321,2,72,9.39,3,0.0
101321,3,55,18.92,4,0.0
101322,1,70,11.16,2,0.1
101322,2,35,28.21,3,0.0
101322,3,12,88.94,1,0.0
101322,4,116,41.78,3,0.15
101323,1,35,30.41,7,0.1
101323,2,52,48.01,3,0.0
101323,3,110,23.9,14,0.0
101323,4,75,19.0,2,0.0
101323,5,107,41.75,4,0.0
101323,6,72,8.79,2,0.05
101323,7,116,36.5,4,0.0
101324,1,2,27.44,2,0.0
101324,2,52,43.36,8,0.15
101324,3,82,6.5,4,0.0
101324,4,83,33.28,5,0.1
101324,5,65,12.44,4,0.15
101325,1,53,23.21,11,0.15
101326,1,107,41.22,3,0.0
101326,2,67,34.24,2,0.0
101327,1,76,24.92,3,0.0
101328,1,2,28.72,3,0.0
101328,2,82,6.88,9,0.0
101328,3,83,33.04,5,0.05
101328,4,26,16.21,4,0.0
101328,5,72,8.93,2,0.05
101329,1,82,5.87,3,0.0
101329,2,58,9.19,2,0.03
101329,3,87,27.28,3,0.0
101330,1,81,23.11,4,0.0
101330,2,58,8.85,2,0.05
101330,3,72,8.44,4,0.1
101331,1,109,3.84,12,0.0
101331,2,2,28.57,2,0.0
101331,3,106,20.58,3,0.0
101331,4,45,11.25,4,0.2
101331,5,79,19.64,3,0.0
101332,1,101,24.62,3,0.03
101332,2,45,11.29,9,0.0
101332,3,81,25.23,7,0.0
101333,1,44,17.09,5,0.0
101333,2,53,24.87,3,0.03
101333,3,60,13.44,2,0.0
101333,4,110,24.64,1,0.05
101333,5,45,13.88,11,0.05
101334,1,52,44.93,6,0.05
101334,2,116,34.44,9,0.1
101334,3,103,29.7,2,0.1
101335,1,40,24.85,12,0.0
101335,2,79,22.17,3,0.0
101336,1,71,6.98,3,0.0
101336,2,8,4.82,9,0.0
101337,1,61,18.01,9,0.0
101337,2,98,11.8,4,0.0
101337,3,110,28.89,7,0.03
101337,4,81,25.26,4,0.0
101338,1,60,12.82,4,0.15
101338,2,8,4.8,2,0.0
101338,3,5,25.42,7,0.0
101338,4,46,15.25,3,0.03
101338,5,30,5.12,4,0.03
101339,1,23,21.34,1,0.15
101339,2,41,46.73,3,0.0
101339,3,60,10.9,5,0.15
101339,4,15,10.73,4,0.0
101340,1,87,24.55,2,0.1
101340,2,55,18.4,4,0.05
101340,3,2,27.21,5,0.0
101341,1,79,22.27,9,0.0
101341,2,12,77.53,1,0.0
101341,3,113,10.01,3,0.0
101341,4,31,4.85,3,0.05
101341,5,44,13.1,1,0.0
101341,6,9,26.19,1,0.1
101342,1,82,6.82,4,0.0
101342,2,80,23.84,7,0.0
101343,1,47,21.83,6,0.15
101343,2,45,11.96,1,0.0
101343,3,112,78.17,7,0.0
101343,4,20,32.48,2,0.0
101344,1,3,69.03,2,0.0
101344,2,24,52.87,3,0.1
101344,3,5,30.36,5,0.0
101344,4,79,21.46,3,0.0
101344,5,110,23.68,4,0.05
101345,1,71,7.93,2,0.0
101345,2,84,14.82,2,0.05
101345,3,66,7.18,5,0.0
101346,1,97,14.52,2,0.0
101347,1,54,23.97,5,0.03
101347,2,32,19.07,3,0.03
101347,3,49,26.75,5,0.0
101347,4,25,12.26,3,0.15
101347,5,9,27.4,6,0.1
101348,1,27,9.93,5,0.1
101348,2,13,36.18,1,0.15
101348,3,60,12.5,3,0.0
101348,4,40,25.17,6,0.1
101348,5,59,20.07,3,0.0
101348,6,44,16.64,2,0.0
101349,1,45,9.95,4,0.0
101349,2,101,25.83,5,0.1
101350,1,89,15.49,4,0.0
101350,2,62,38.46,1,0.0
101350,3,95,19.38,1,0.0
101350,4,36,35.38,4,0.05
101351,1,99,24.58,3,0.05
101351,2,83,31.76,3,0.0
101352,1,52,46.63,6,0.15
101352,2,67,29.31,5,0.0
101352,3,87,24.26,5,0.0
101352,4,108,45.67,6,0.0
101353,1,8,4.65,3,0.0
101353,2,65,13.26,4,0.0
101354,1,53,23.13,5,0.03
101354,2,80,24.99,3,0.1
101354,3,71,6.92,7,0.1
101354,4,109,3.99,2,0.1
101354,5,32,23.32,18,0.05
101354,6,50,11.07,19,0.0
101354,7,81,23.63,3,0.0
101355,1,82,5.86,4,0.0
101355,2,23,22.51,5,0.0
101355,3,116,29.49,2,0.0
101355,4,56,28.5,2,0.0
101356,1,53,26.85,1,0.0
101356,2,24,55.48,4,0.0
101356,3,45,11.26,5,0.1
101356,4,85,27.22,2,0.0
101357,1,25,11.67,6,0.05
101357,2,104,27.95,6,0.0
101357,3,51,46.74,2,0.15
101357,4,107,37.4,2,0.05
101357,5,91,19.02,11,0.05
101358,1,74,32.19,3,0.0
101358,2,86,32.09,2,0.1
101358,3,81,24.86,10,0.1
101358,4,79,19.2,2,0.0
101358,5,40,25.06,9,0.05
101358,6,85,29.25,4,0.0
101359,1,98,12.56,9,0.03
101359,2,108,39.2,4,0.15
101359,3,69,4.85,2,0.0
101359,4,40,28.24,4,0.2
101359,5,83,33.66,3,0.05
101359,6,44,15.35,12,0.05
101360,1,114,27.86,5,0.05
101360,2,26,17.49,1,0.1
101360,3,82,5.81,6,0.0
101360,4,40,20.57,2,0.0
101360,5,67,33.93,6,0.0
101361,1,110,24.54,3,0.1
101361,2,6,10.4,6,0.05
101362,1,81,22.84,1,0.0
101363,1,45,11.57,2,0.0
101363,2,34,20.76,7,0.05
101363,3,74,32.66,4,0.0
101363,4,106,21.54,7,0.0
101364,1,91,16.61,4,0.0
101364,2,32,17.05,4,0.15
101364,3,34,23.95,1,0.0
101364,4,97,15.47,2,0.0
101364,5,45,9.5,2,0.0
101365,1,113,10.43,2,0.0
101365,2,64,25.31,3,0.0
101365,3,3,54.47,1,0.05
101365,4,58,8.06,1,0.1
101365,5,108,37.25,2,0.0
101366,1,27,9.71,13,0.0
101366,2,101,27.7,6,0.0
101367,1,79,17.39,3,0.1
101367,2,95,19.34,2,0.0
101367,3,91,17.2,9,0.0
101367,4,83,34.11,11,0.03
101368,1,76,24.58,7,0.05
101368,2,97,13.83,6,0.1
101368,3,82,6.54,5,0.05
101368,4,60,12.17,4,0.0
101369,1,84,12.91,5,0.0
101369,2,60,12.41,9,0.05
101369,3,106,19.27,5,0.1
101369,4,90,53.68,5,0.05
101370,1,24,49.0,4,0.05
101370,2,49,24.58,5,0.05
101370,3,44,15.55,6,0.0
101370,4,66,8.47,3,0.0
101370,5,79,17.41,8,0.0
101370,6,116,38.02,3,0.0
101371,1,91,18.71,5,0.0
101371,2,53,24.97,4,0.0
101372,1,37,18.2,3,0.2
101372,2,110,24.25,3,0.0
101373,1,98,10.97,2,0.1
101373,2,24,49.79,7,0.03
101374,1,94,29.15,15,0.0
101374,2,79,20.42,1,0.0
101375,1,118,23.04,7,0.05
101375,2,80,24.5,2,0.1
101376,1,33,10.27,1,0.0
101376,2,19,26.37,3,0.0
101376,3,89,17.95,4,0.1
101377,1,110,25.63,5,0.05
101377,2,72,9.62,5,0.0
101378,1,65,12.08,2,0.05
101378,2,43,32.87,4,0.1
101378,3,10,52.66,4,0.0
101379,1,60,11.7,3,0.1
101379,2,51,47.89,2,0.0
101379,3,83,27.54,3,0.0
101379,4,17,15.2,4,0.0
101380,1,116,45.29,3,0.0
101380,2,34,27.69,5,0.15
101380,3,58,7.49,6,0.2
101381,1,67,34.31,2,0.15
101381,2,101,21.89,2,0.1
101381,3,98,10.8,10,0.05
101382,1,52,48.83,1,0.0
101382,2,13,40.35,2,0.0
101382,3,32,16.54,5,0.03
101382,4,97,14.95,4,0.15
101383,1,72,8.42,1,0.0
101383,2,120,5.38,2,0.0
101383,3,100,55.31,4,0.0
101383,4,45,12.34,3,0.0
101384,1,13,38.14,4,0.0
101384,2,113,11.16,1,0.0
101384,3,51,52.69,3,0.0
101384,4,70,11.09,8,0.1
101384,5,45,11.04,3,0.0
101384,6,19,26.69,2,0.0
101384,7,54,21.74,2,0.1
101385,1,116,35.82,2,0.03
101385,2,110,27.48,4,0.0
101386,1,45,12.02,4,0.15
101386,2,67,28.82,2,0.05
101386,3,24,45.97,7,0.0
101386,4,19,27.4,6,0.0
101387,1,40,21.43,1,0.0
101387,2,10,53.95,8,0.0
101387,3,33,10.73,2,0.1
101388,1,60,10.27,5,0.05
101388,2,66,7.05,5,0.0
101388,3,97,13.71,2,0.0
101389,1,83,31.3,4,0.05
101389,2,45,10.61,4,0.0
101389,3,69,4.43,6,0.1
101389,4,24,44.08,2,0.0
101390,1,81,21.95,3,0.03
101390,2,16,5.39,2,0.0
101391,1,96,86.98,4,0.1
101391,2,71,7.71,6,0.0
101391,3,64,26.14,2,0.0
101391,4,97,14.61,3,0.05
101392,1,69,4.19,4,0.0
101392,2,71,6.73,4,0.05
101392,3,45,12.41,2,0.05
101392,4,72,8.76,3,0.15
101392,5,102,25.38,2,0.1
101392,6,80,22.76,7,0.0
101392,7,17,14.99,4,0.05
101392,8,64,22.28,7,0.0
101393,1,32,17.2,5,0.05
101393,2,87,29.27,3,0.0
101393,3,27,11.0,4,0.0
101394,1,59,20.41,4,0.0
101394,2,28,7.01,5,0.0
101395,1,26,14.95,7,0.05
101395,2,24,48.45,6,0.0
101395,3,51,44.59,1,0.0
101395,4,45,12.64,8,0.0
101395,5,116,38.16,1,0.0
101395,6,53,24.05,3,0.0
101396,1,107,44.03,6,0.05
101396,2,32,21.62,1,0.15
101397,1,79,19.24,3,0.15
101397,2,76,26.01,1,0.1
101397,3,53,25.86,7,0.15
101397,4,116,36.12,3,0.0
101397,5,118,20.62,2,0.0
101397,6,29,50.57,7,0.0
101397,7,25,12.69,3,0.05
101398,1,80,22.88,4,0.03
101398,2,69,4.15,5,0.1
101399,1,87,23.18,3,0.0
101399,2,83,32.05,11,0.05
101399,3,72,7.87,4,0.05
101399,4,113,10.68,2,0.03
101399,5,90,59.96,2,0.0
101400,1,58,7.92,4,0.0
101400,2,65,10.93,1,0.0
101400,3,70,12.66,5,0.0
101400,4,67,30.23,1,0.0
101401,1,110,25.05,2,0.0
101401,2,80,22.7,4,0.0
101401,3,40,26.21,5,0.1
101402,1,110,21.48,5,0.0
101402,2,103,30.24,1,0.0
101402,3,116,38.01,5,0.0
101403,1,92,29.06,3,0.0
101403,2,108,36.18,2,0.0
101403,3,52,47.04,2,0.05
101404,1,72,7.64,1,0.0
101404,2,57,42.13,9,0.0
101404,3,105,5.03,5,0.0
101404,4,81,22.44,3,0.0
101404,5,4,7.16,3,0.0
101404,6,45,11.81,1,0.03
101405,1,44,14.37,4,0.05
101405,2,52,49.29,3,0.15
101405,3,31,5.42,6,0.1
101406,1,58,7.82,4,0.05
101406,2,45,10.06,1,0.0
101406,3,88,36.55,3,0.1
101406,4,81,25.91,7,0.0
101406,5,95,18.05,5,0.0
101407,1,45,11.14,5,0.0
101407,2,21,30.2,3,0.1
101407,3,65,11.33,2,0.03
101407,4,83,32.04,3,0.0
101407,5,23,23.67,1,0.1
101408,1,15,11.98,9,0.0
101408,2,83,26.83,1,0.03
101409,1,51,41.74,10,0.0
101409,2,113,10.7,2,0.0
101410,1,112,89.25,4,0.03
101410,2,33,10.14,3,0.0
101411,1,114,26.65,10,0.15
101411,2,35,27.34,5,0.0
101411,3,83,35.86,2,0.0
101411,4,85,28.5,2,0.1
101411,5,67,33.45,4,0.05
101411,6,45,12.93,2,0.0
101411,7,58,8.37,2,0.0
101411,8,32,19.86,6,0.15
101412,1,21,30.39,5,0.0
101413,1,65,12.89,13,0.05
101413,2,85,30.89,1,0.1
101413,3,11,39.36,2,0.0
101413,4,77,36.73,3,0.0
101414,1,8,5.35,1,0.0
101414,2,81,22.15,9,0.0
101414,3,87,29.45,3,0.1
101414,4,60,11.09,2,0.05
101414,5,65,10.39,4,0.0
101415,1,17,15.97,3,0.0
101415,2,79,18.92,2,0.05
101415,3,81,23.66,5,0.0
101415,4,4,6.27,1,0.1
101415,5,9,23.05,6,0.1
101415,6,20,30.7,3,0.05
101415,7,45,11.62,8,0.0
101415,8,97,14.02,2,0.03
101416,1,58,7.16,4,0.2
101416,2,32,16.15,7,0.1
101417,1,86,31.9,2,0.0
101417,2,10,52.16,5,0.03
101417,3,84,14.91,2,0.0
101417,4,24,52.5,3,0.15
101417,5,52,45.64,10,0.0
101417,6,94,30.42,3,0.0
101418,1,24,51.88,3,0.15
101418,2,65,12.05,5,0.0
101418,3,72,7.94,5,0.0
101418,4,87,28.49,4,0.05
101418,5,8,4.59,3,0.0
101419,1,45,13.33,1,0.0
101419,2,14,26.19,7,0.05
101420,1,72,9.25,4,0.1
101420,2,103,27.92,5,0.2
101420,3,40,24.38,1,0.15
101420,4,32,18.07,6,0.15
101421,1,4,6.54,4,0.0
101421,2,57,53.0,4,0.05
101421,3,52,48.68,1,0.05
101421,4,50,10.16,5,0.0
101421,5,86,27.73,1,0.0
101421,6,12,81.45,3,0.0
101421,7,78,9.75,4,0.15
101422,1,4,6.74,3,0.0
101422,2,44,14.8,4,0.0
101422,3,45,12.63,4,0.1
101422,4,94,33.84,3,0.1
101423,1,85,30.53,6,0.0
101423,2,31,5.06,2,0.05
101423,3,75,18.45,5,0.0
101424,1,71,6.73,5,0.0
101424,2,116,41.74,4,0.0
101425,1,86,31.61,5,0.1
101425,2,24,44.96,6,0.0
101425,3,15,9.6,4,0.05
101426,1,110,23.24,4,0.05
101427,1,61,21.03,2,0.0
101427,2,100,62.78,2,0.0
101427,3,82,6.78,4,0.15
101428,1,82,6.3,4,0.0
101428,2,103,27.06,3,0.0
101428,3,47,21.77,5,0.0
101428,4,94,27.61,2,0.05
101429,1,63,40.26,2,0.0
101429,2,83,35.1,3,0.0
101429,3,67,32.92,3,0.0
101429,4,40,20.14,2,0.05
101429,5,85,29.12,8,0.0
101430,1,75,16.86,4,0.1
101430,2,59,19.13,3,0.0
101430,3,95,20.3,3,0.15
101431,1,113,11.02,8,0.0
101431,2,81,23.65,6,0.03
101431,3,109,3.65,1,0.1
101432,1,117,10.29,4,0.0
101432,2,45,11.25,3,0.15
101433,1,81,25.26,4,0.0
101433,2,45,12.63,4,0.0
101433,3,34,23.41,1,0.0
101434,1,76,26.49,4,0.05
101434,2,65,11.49,3,0.0
101434,3,102,23.57,3,0.0
101435,1,53,25.72,7,0.1
101435,2,52,48.73,3,0.0
101436,1,106,20.32,4,0.0
101436,2,12,87.45,4,0.0
101436,3,76,19.33,3,0.15
101436,4,4,6.98,9,0.1
101436,5,72,7.93,2,0.0
101436,6,51,42.19,4,0.0
101436,7,81,25.11,1,0.0
101437,1,45,11.02,4,0.0
101437,2,15,11.34,3,0.0
101438,1,23,25.1,1,0.1
101439,1,54,24.51,2,0.0
101439,2,2,27.52,3,0.0
101439,3,15,10.49,6,0.15
101440,1,69,4.43,8,0.05
101440,2,90,51.97,7,0.0
101440,3,51,44.76,2,0.1
101440,4,8,4.78,7,0.0
101441,1,106,20.85,5,0.0
101441,2,24,49.08,9,0.0
101441,3,101,23.42,6,0.0
101442,1,81,22.97,4,0.03
101443,1,27,10.83,2,0.1
101443,2,66,6.95,4,0.0
101443,3,16,4.54,3,0.0
101443,4,105,5.48,4,0.05
101443,5,80,23.36,10,0.0
101444,1,83,35.43,4,0.0
101444,2,109,3.93,3,0.0
101444,3,66,7.76,9,0.05
101445,1,84,14.7,5,0.1
101445,2,24,48.63,4,0.0
101446,1,116,29.38,6,0.1
101446,2,29,53.86,3,0.1
101446,3,45,12.05,2,0.05
101446,4,59,21.64,2,0.0
101447,1,60,11.52,2,0.05
101447,2,64,26.12,2,0.0
101448,1,45,11.59,8,0.05
101448,2,94,31.74,10,0.0
101449,1,40,24.32,4,0.15
101449,2,47,23.95,1,0.0
101449,3,8,5.64,9,0.1
101449,4,35,28.26,4,0.0
101449,5,17,15.51,3,0.15
101450,1,116,33.09,2,0.0
101451,1,110,24.25,6,0.0
101452,1,106,19.69,7,0.03
101452,2,44,15.09,5,0.0
101452,3,21,28.91,2,0.15
101452,4,99,24.94,2,0.0
101453,1,8,4.92,10,0.0
101453,2,27,7.98,3,0.05
101453,3,81,22.62,2,0.05
101454,1,49,26.35,4,0.0
101454,2,83,33.47,3,0.15
101455,1,69,4.3,5,0.0
101455,2,79,19.98,4,0.0
101455,3,33,10.6,3,0.0
101456,1,97,13.52,3,0.05
101456,2,5,24.85,3,0.1
101457,1,45,12.24,4,0.0
101457,2,20,30.72,1,0.1
101457,3,37,17.18,2,0.15
101457,4,83,26.93,4,0.05
101457,5,112,82.11,6,0.0
101458,1,92,27.07,3,0.0
101458,2,25,14.0,5,0.1
101458,3,94,30.92,6,0.0
101459,1,110,24.03,3,0.0
101459,2,5,22.92,3,0.1
101459,3,80,25.67,2,0.0
101460,1,120,4.09,7,0.03
101460,2,13,36.49,4,0.15
101460,3,83,32.8,5,0.1
101460,4,40,23.12,5,0.05
101460,5,116,38.75,6,0.03
101461,1,45,12.05,3,0.0
101461,2,83,28.38,3,0.0
101462,1,72,8.27,2,0.05
101462,2,99,24.69,4,0.0
101462,3,24,50.63,4,0.2
101462,4,88,36.27,3,0.0
101462,5,94,29.08,8,0.05
101463,1,64,24.97,4,0.0
101463,2,34,22.75,5,0.0
101463,3,51,43.67,3,0.0
101464,1,81,27.16,2,0.0
101464,2,20,32.27,5,0.05
101464,3,106,20.72,1,0.1
101465,1,116,38.56,2,0.0
101465,2,98,11.59,4,0.0
101465,3,107,45.05,2,0.15
101465,4,91,18.77,7,0.1
101466,1,51,40.24,3,0.1
101467,1,37,18.12,1,0.05
101468,1,94,27.43,5,0.0
101468,2,97,15.76,6,0.0
101468,3,34,26.55,2,0.15
101468,4,79,16.03,4,0.0
101468,5,112,77.11,3,0.05
101468,6,21,28.33,2,0.0
101469,1,76,29.28,6,0.05
101469,2,11,37.31,7,0.1
101470,1,65,12.59,4,0.05
101470,2,72,8.08,3,0.0
101470,3,67,32.76,2,0.0
101470,4,47,22.1,8,0.1
101470,5,60,11.87,4,0.03
101471,1,81,23.42,1,0.05
101471,2,28,6.86,4,0.05
101471,3,43,41.25,3,0.0
101472,1,71,7.56,6,0.05
101472,2,94,32.89,5,0.05
101472,3,45,11.69,17,0.0
101472,4,31,4.93,3,0.0
101472,5,67,35.25,13,0.0
101472,6,2,33.23,2,0.0
101473,1,112,77.06,1,0.0
101473,2,106,19.78,8,0.03
101473,3,97,15.19,4,0.0
101473,4,91,17.25,4,0.03
101474,1,83,30.67,2,0.05
101474,2,24,47.46,7,0.0
101474,3,98,11.91,3,0.0
101474,4,92,28.54,5,0.1
101475,1,67,30.45,1,0.15
101475,2,44,13.77,10,0.0
101475,3,53,22.96,9,0.1
101475,4,24,51.2,6,0.0
101476,1,108,36.58,8,0.03
101476,2,65,10.39,7,0.0
101476,3,81,21.68,7,0.15
101477,1,45,11.29,2,0.15
101477,2,15,11.02,5,0.0
101477,3,53,23.86,5,0.0
101477,4,116,35.61,6,0.0
101478,1,44,15.16,3,0.0
101478,2,49,30.51,2,0.0
101478,3,66,7.94,8,0.03
101478,4,52,47.23,1,0.1
101479,1,76,25.23,6,0.15
101479,2,63,39.75,6,0.1
101479,3,98,11.22,4,0.03
101479,4,53,21.1,14,0.0
101479,5,34,27.05,2,0.05
101480,1,27,7.63,4,0.05
101480,2,58,7.51,9,0.03
101480,3,110,25.52,9,0.2
101480,4,24,44.77,3,0.0
101480,5,100,67.98,6,0.0
101480,6,108,36.22,6,0.15
101481,1,94,29.42,2,0.0
101481,2,11,37.14,5,0.0
101481,3,53,25.16,4,0.0
101481,4,8,4.9,2,0.1
101482,1,60,13.94,3,0.0
101482,2,24,49.7,1,0.0
101483,1,96,63.94,1,0.0
101483,2,54,24.43,4,0.1
101484,1,36,25.4,6,0.05
101484,2,45,10.1,5,0.05
101484,3,104,24.4,2,0.15
101484,4,75,16.69,13,0.0
101484,5,72,7.58,5,0.0
101484,6,47,23.6,7,0.0
101484,7,23,20.91,5,0.0
101485,1,12,74.47,3,0.0
101485,2,50,10.26,1,0.0
101485,3,60,11.7,4,0.0
101485,4,58,8.44,1,0.05
101485,5,27,10.08,1,0.15
101486,1,81,27.66,5,0.15
101486,2,99,27.64,3,0.0
101486,3,117,10.07,3,0.0
101486,4,25,12.97,2,0.0
101487,1,44,16.53,6,0.0
101487,2,79,20.72,5,0.0
101487,3,63,40.76,6,0.05
101487,4,101,26.63,6,0.05
101487,5,88,34.55,5,0.1
101488,1,47,22.85,5,0.05
101488,2,91,17.42,8,0.05
101488,3,40,26.06,5,0.0
101488,4,104,28.7,7,0.0
101489,1,92,25.07,3,0.0
101489,2,80,24.3,3,0.05
101489,3,110,29.29,4,0.03
101490,1,81,23.2,1,0.05
101490,2,102,23.47,3,0.0
101491,1,110,27.2,1,0.0
101492,1,98,11.62,6,0.1
101492,2,76,25.66,2,0.2
101492,3,26,15.47,4,0.0
101492,4,70,10.65,4,0.03
101493,1,45,11.08,6,0.0
101493,2,69,3.9,4,0.0
101493,3,83,30.31,1,0.0
101493,4,82,7.25,5,0.0
101493,5,101,21.63,6,0.05
101493,6,81,18.26,3,0.15
101493,7,88,39.33,7,0.05
101494,1,21,30.37,6,0.03
101494,2,101,22.08,1,0.1
101494,3,53,27.35,7,0.0
101495,1,45,12.07,2,0.15
101495,2,81,27.93,3,0.0
101496,1,45,12.48,1,0.0
101496,2,81,25.1,4,0.0
101496,3,101,22.49,3,0.0
101497,1,32,18.84,7,0.1
101497,2,82,6.47,2,0.15
101497,3,71,6.92,4,0.0
101497,4,81,23.86,7,0.0
101497,5,55,20.07,4,0.0
101497,6,108,40.6,10,0.0
101498,1,79,20.51,1,0.0
101498,2,55,16.81,8,0.0
101498,3,113,8.97,2,0.05
101499,1,96,74.36,3,0.0
101499,2,110,24.29,2,0.03
101499,3,79,18.99,10,0.0
101499,4,83,30.34,6,0.0
101500,1,56,30.92,8,0.05
101500,2,45,11.22,1,0.05
101500,3,2,32.27,3,0.1
101500,4,67,29.89,2,0.0
101501,1,11,36.42,3,0.0
101502,1,116,38.15,4,0.0
101502,2,27,9.12,5,0.0
101502,3,58,8.25,3,0.0
101502,4,82,7.64,9,0.05
101502,5,81,24.66,12,0.1
101503,1,38,25.04,8,0.05
101503,2,113,10.22,10,0.0
101503,3,95,17.97,6,0.0
101503,4,106,22.85,6,0.1
101504,1,19,27.35,2,0.0
101504,2,58,7.85,3,0.15
101504,3,6,11.48,5,0.0
101505,1,46,17.11,1,0.0
101505,2,32,18.71,7,0.1
101505,3,92,28.57,3,0.0
101505,4,44,13.32,4,0.0
101505,5,8,4.92,7,0.0
101505,6,105,5.34,16,0.1
101506,1,76,26.45,1,0.05
101506,2,83,37.36,2,0.0
101506,3,44,15.98,2,0.0
101507,1,55,19.59,1,0.05
101507,2,90,49.31,5,0.0
101507,3,53,26.67,7,0.15
101508,1,61,20.36,2,0.03
101508,2,14,25.56,4,0.0
101509,1,112,76.35,4,0.0
101509,2,108,38.53,7,0.0
101509,3,58,7.68,5,0.1
101509,4,68,22.52,7,0.1
101510,1,79,20.43,3,0.0
101510,2,81,24.89,3,0.0
101511,1,14,26.17,3,0.1
101511,2,83,31.31,2,0.0
101511,3,33,10.41,2,0.0
101511,4,68,26.02,2,0.05
101511,5,51,47.02,4,0.05
101511,6,67,34.46,5,0.0
101511,7,64,28.06,1,0.0
101512,1,80,21.3,4,0.15
101513,1,27,9.87,1,0.0
101513,2,13,41.27,4,0.0
101513,3,81,25.05,6,0.0
101513,4,80,26.51,3,0.0
101514,1,33,11.89,2,0.0
101514,2,45,10.44,3,0.0
101514,3,12,81.43,5,0.05
101515,1,60,11.81,2,0.0
101516,1,110,23.16,7,0.0
101516,2,4,7.14,4,0.05
101516,3,28,6.25,2,0.05
101516,4,68,26.03,3,0.0
101516,5,51,49.47,11,0.0
101517,1,90,53.07,4,0.05
101517,2,116,40.61,9,0.1
101517,3,49,29.69,3,0.0
101517,4,63,47.27,5,0.0
101518,1,45,12.01,4,0.0
101518,2,107,37.25,3,0.0
101518,3,116,34.04,1,0.1
101519,1,101,23.57,3,0.0
101519,2,93,22.87,1,0.0
101520,1,83,34.63,2,0.0
101521,1,72,8.88,2,0.0
101521,2,76,23.92,3,0.05
101522,1,65,11.66,3,0.0
101522,2,108,35.53,5,0.0
101522,3,82,6.2,10,0.0
101522,4,89,18.04,4,0.0
101523,1,89,14.96,8,0.0
101523,2,81,24.32,7,0.0
101523,3,113,9.58,5,0.1
101523,4,78,10.79,3,0.03
101523,5,96,80.49,6,0.03
101524,1,21,29.0,8,0.05
101524,2,45,12.3,1,0.0
101524,3,120,4.79,8,0.05
101524,4,42,21.93,4,0.0
101524,5,8,4.7,5,0.0
101524,6,76,20.59,2,0.0
101525,1,63,41.63,10,0.0
101525,2,117,10.24,1,0.15
101525,3,98,12.81,2,0.0
101525,4,104,25.53,2,0.05
101526,1,105,5.25,5,0.0
101526,2,63,37.41,4,0.03
101526,3,80,21.07,9,0.05
101527,1,110,23.85,4,0.1
101528,1,81,26.63,3,0.0
101528,2,45,10.5,2,0.0
101528,3,110,30.02,5,0.0
101528,4,80,24.21,4,0.0
101529,1,48,36.39,5,0.0
101529,2,41,54.65,1,0.05
101530,1,76,22.08,7,0.05
101531,1,58,7.86,2,0.15
101531,2,85,32.49,7,0.0
101531,3,65,10.36,1,0.0
101531,4,60,11.3,2,0.0
101532,1,27,10.48,3,0.15
101532,2,72,6.67,8,0.0
101532,3,101,28.35,6,0.0
101533,1,69,4.06,1,0.0
101533,2,78,10.58,4,0.0
101533,3,92,28.89,2,0.0
101533,4,72,8.76,2,0.05
101533,5,113,10.39,2,0.0
101534,1,55,18.64,7,0.0
101534,2,67,32.73,6,0.0
101534,3,45,10.12,5,0.1
101534,4,24,53.4,5,0.0
101534,5,75,20.84,5,0.03
101534,6,53,27.99,4,0.1
101535,1,53,26.31,3,0.0
101535,2,76,23.31,5,0.0
101535,3,71,7.24,2,0.1
101536,1,53,25.75,4,0.0
101536,2,68,29.46,3,0.0
101536,3,72,8.2,3,0.0
101537,1,101,27.42,2,0.03
101537,2,62,29.99,3,0.03
101537,3,23,21.91,3,0.0
101537,4,87,25.12,1,0.0
101537,5,90,51.08,1,0.0
101537,6,51,43.14,8,0.0
101537,7,80,22.69,4,0.03
101537,8,46,17.9,3,0.03
101538,1,78,9.66,1,0.0
101538,2,108,33.5,6,0.0
101539,1,71,7.47,4,0.0
101539,2,81,24.42,1,0.0
101539,3,23,21.8,6,0.03
101539,4,95,18.41,5,0.0
101539,5,72,8.61,4,0.15
101540,1,38,24.3,10,0.1
101540,2,82,7.11,6,0.05
101541,1,81,25.05,6,0.0
101541,2,78,8.74,4,0.03
101541,3,83,30.91,2,0.0
101541,4,51,45.24,2,0.0
101541,5,67,37.07,2,0.0
101542,1,76,23.49,2,0.03
101542,2,44,15.61,3,0.0
101542,3,79,19.43,8,0.1
101542,4,12,77.68,2,0.0
101543,1,94,28.85,5,0.0
101544,1,24,48.48,5,0.05
101544,2,95,23.14,3,0.15
101544,3,44,14.73,1,0.1
101545,1,97,14.84,5,0.0
101545,2,41,46.43,2,0.05
101545,3,71,7.7,3,0.05
101545,4,106,19.97,2,0.1
101545,5,52,50.73,3,0.0
101545,6,113,10.12,9,0.0
101545,7,116,34.73,2,0.05
101546,1,24,47.14,6,0.0
101546,2,84,12.51,3,0.03
101546,3,8,5.12,4,0.0
101546,4,45,11.43,3,0.05
101547,1,19,27.76,5,0.05
101547,2,15,11.32,3,0.05
101547,3,92,27.09,2,0.0
101547,4,5,24.81,4,0.0
101547,5,99,24.23,3,0.1
101548,1,52,49.87,6,0.15
101548,2,120,4.42,3,0.0
101548,3,51,51.86,3,0.0
101548,4,97,16.26,3,0.15
101548,5,79,18.78,8,0.0
101549,1,66,6.85,4,0.0
101549,2,60,9.86,2,0.1
101549,3,4,8.12,1,0.1
101550,1,67,31.65,5,0.1
101550,2,108,40.31,3,0.0
101550,3,76,22.58,7,0.0
101550,4,60,12.79,5,0.0
101550,5,36,33.75,1,0.0
101551,1,71,6.55,3,0.0
101551,2,90,46.28,2,0.0
101551,3,96,71.57,5,0.03
101552,1,70,13.07,6,0.0
101552,2,67,30.9,6,0.0
101552,3,116,40.57,3,0.0
101553,1,24,47.54,6,0.0
101553,2,3,62.56,3,0.15
101553,3,15,12.26,4,0.2
101554,1,82,7.4,3,0.1
101554,2,59,20.33,6,0.1
101554,3,45,10.95,1,0.0
101554,4,5,28.12,3,0.0
101555,1,73,19.6,8,0.0
101555,2,58,8.46,4,0.0
101555,3,97,13.49,2,0.0
101555,4,23,22.46,7,0.05
101556,1,26,17.7,5,0.0
101556,2,21,30.65,4,0.0
101556,3,82,6.13,3,0.1
101556,4,19,29.94,5,0.0
101556,5,81,20.5,5,0.0
101557,1,8,5.55,4,0.03
101557,2,119,10.62,6,0.0
101557,3,63,43.02,2,0.2
101557,4,60,11.64,3,0.03
101557,5,9,24.42,8,0.03
101558,1,53,22.49,4,0.15
101558,2,110,22.43,4,0.0
101558,3,90,50.34,2,0.1
101559,1,107,38.14,8,0.0
101559,2,52,45.36,4,0.0
101559,3,65,11.98,1,0.1
101559,4,53,26.98,8,0.0
101560,1,106,19.85,6,0.0
101560,2,112,77.63,4,0.03
101560,3,71,7.81,3,0.05
101560,4,53,24.01,3,0.0
101561,1,81,27.2,5,0.0
101561,2,97,15.06,3,0.0
101561,3,14,23.04,3,0.0
101562,1,50,12.26,1,0.0
101563,1,116,37.2,1,0.0
101563,2,70,12.04,6,0.1
101563,3,45,11.8,9,0.0
101563,4,9,25.92,8,0.0
101563,5,44,14.63,5,0.1
101564,1,70,11.48,7,0.0
101565,1,25,12.35,8,0.0
101565,2,26,12.97,5,0.05
101565,3,52,41.05,1,0.05
101565,4,45,13.96,4,0.0
101565,5,23,22.78,1,0.0
101566,1,97,13.71,3,0.05
101566,2,45,12.23,5,0.0
101566,3,76,28.59,3,0.0
101566,4,13,35.26,6,0.1
101567,1,26,14.95,4,0.0
101567,2,82,6.77,2,0.0
101567,3,9,22.52,4,0.2
101568,1,14,24.52,8,0.0
101568,2,64,24.83,5,0.0
101568,3,15,11.24,7,0.0
101568,4,112,69.86,4,0.0
101568,5,113,10.07,4,0.05
101568,6,76,25.97,1,0.03
101568,7,84,15.05,2,0.0
101569,1,15,9.78,1,0.1
101569,2,97,14.03,5,0.15
101569,3,72,8.8,5,0.05
101569,4,2,27.28,3,0.1
101569,5,27,8.82,3,0.05
101570,1,58,8.21,3,0.0
101570,2,71,7.97,10,0.0
101571,1,71,7.14,3,0.0
101571,2,2,26.35,7,0.0
101571,3,81,25.56,3,0.03
101571,4,63,44.13,3,0.1
101571,5,110,27.03,10,0.0
101572,1,76,21.04,7,0.05
101572,2,45,10.62,3,0.0
101572,3,40,28.6,4,0.0
101572,4,21,27.93,2,0.03
101573,1,110,24.07,5,0.0
101574,1,53,22.27,9,0.15
101575,1,71,8.36,2,0.05
101575,2,77,29.26,8,0.0
101576,1,67,29.47,4,0.0
101576,2,118,23.5,1,0.0
101576,3,14,25.97,11,0.0
101576,4,85,28.13,1,0.0
101576,5,113,10.15,4,0.05
101577,1,112,78.83,4,0.0
101577,2,71,6.92,4,0.0
101577,3,32,19.37,4,0.0
101578,1,40,22.43,11,0.05
101578,2,110,21.18,2,0.15
101578,3,97,14.04,4,0.0
101578,4,116,33.49,3,0.0
101578,5,72,8.88,2,0.03
101578,6,45,10.32,1,0.0
101578,7,24,54.36,2,0.0
101579,1,52,50.01,6,0.03
101580,1,82,7.37,3,0.15
101581,1,71,7.45,8,0.0
101581,2,52,44.15,5,0.0
101581,3,108,37.96,5,0.0
101581,4,64,18.84,3,0.0
101581,5,60,11.97,8,0.0
101582,1,116,33.7,3,0.0
101582,2,17,15.44,2,0.03
101583,1,72,8.55,7,0.0
101583,2,62,37.64,5,0.1
101583,3,81,27.09,4,0.1
101583,4,107,42.05,6,0.0
101584,1,4,7.02,5,0.0
101584,2,54,27.23,5,0.0
101584,3,60,11.32,7,0.05
101585,1,59,20.03,1,0.0
101585,2,83,32.4,3,0.0
101585,3,45,12.81,5,0.0
101586,1,113,7.64,2,0.0
101586,2,71,6.89,1,0.0
101587,1,51,50.31,5,0.03
101587,2,103,25.28,7,0.0
101587,3,109,4.13,2,0.0
101587,4,112,65.29,2,0.0
101587,5,75,19.72,6,0.0
101588,1,110,24.85,3,0.0
101588,2,106,23.41,9,0.15
101588,3,70,11.27,6,0.0
101588,4,71,7.43,4,0.1
101589,1,25,10.82,4,0.0
101590,1,69,3.96,8,0.0
101591,1,49,23.46,4,0.03
101591,2,64,25.91,7,0.0
101591,3,101,24.77,2,0.03
101592,1,60,11.78,4,0.03
101592,2,29,55.81,8,0.0
101592,3,4,7.5,2,0.0
101593,1,94,30.25,1,0.0
101593,2,44,15.51,6,0.0
101593,3,70,12.25,5,0.0
101593,4,4,6.48,11,0.0
101593,5,91,20.48,4,0.1
101593,6,51,45.42,3,0.1
101594,1,92,28.81,4,0.0
101594,2,31,5.59,6,0.0
101595,1,5,28.45,2,0.0
101596,1,21,30.61,3,0.15
101596,2,39,109.66,6,0.0
101596,3,97,14.67,2,0.0
101596,4,32,20.19,3,0.03
101597,1,64,24.95,2,0.0
101597,2,16,5.35,4,0.1
101597,3,78,9.98,1,0.05
101598,1,10,48.01,3,0.0
101598,2,92,27.16,3,0.0
101599,1,104,25.92,6,0.15
101599,2,19,27.2,3,0.0
101600,1,9,26.94,13,0.0
101600,2,118,19.53,2,0.2
101600,3,56,27.33,2,0.0
101600,4,40,23.15,2,0.05
101600,5,97,13.57,1,0.05
101600,6,71,7.8,2,0.05
101601,1,65,12.79,5,0.1
101601,2,60,12.65,3,0.0
101601,3,86,32.78,5,0.0
101602,1,17,14.14,2,0.0
101602,2,110,25.34,6,0.0
101602,3,73,18.76,11,0.0
101603,1,113,8.21,2,0.15
101603,2,94,29.61,3,0.0
101603,3,29,46.44,2,0.0
101604,1,99,25.95,5,0.05
101605,1,54,23.11,6,0.05
101605,2,44,14.81,5,0.0
101605,3,109,3.23,1,0.15
101605,4,49,25.29,4,0.0
101605,5,11,41.1,6,0.0
101606,1,75,18.97,4,0.2
101606,2,120,4.82,7,0.03
101606,3,91,22.13,1,0.05
101606,4,104,23.45,2,0.0
101606,5,11,38.44,6,0.15
101607,1,21,31.28,6,0.0
101607,2,81,21.97,6,0.05
101607,3,26,15.47,2,0.03
101607,4,14,26.75,4,0.1
101608,1,83,33.96,9,0.03
101608,2,52,45.74,2,0.05
101609,1,94,33.48,1,0.0
101609,2,71,7.74,4,0.0
101609,3,64,24.55,7,0.0
101609,4,21,31.61,3,0.0
101610,1,102,22.65,1,0.0
101611,1,91,17.54,4,0.0
101612,1,27,9.29,2,0.05
101612,2,39,112.01,6,0.0
101613,1,107,39.58,4,0.15
101613,2,68,26.32,2,0.05
101613,3,92,28.65,3,0.05
101614,1,45,12.87,8,0.0
101614,2,40,24.81,3,0.0
101615,1,25,12.95,4,0.0
101615,2,105,5.95,4,0.0
101615,3,12,77.21,2,0.0
101615,4,45,12.41,7,0.1
101616,1,106,20.47,4,0.1
101617,1,11,36.61,4,0.15
101617,2,6,12.07,6,0.0
101618,1,80,21.82,6,0.05
101619,1,66,7.67,4,0.1
101619,2,9,26.29,5,0.1
101619,3,105,5.62,2,0.0
101619,4,117,11.12,3,0.03
101620,1,116,34.76,4,0.0
101620,2,83,27.82,4,0.05
101620,3,81,24.55,4,0.0
101621,1,71,6.8,3,0.0
101622,1,33,10.54,15,0.03
101622,2,24,55.75,7,0.0
101623,1,91,18.86,5,0.05
101623,2,5,27.87,2,0.0
101623,3,24,52.53,10,0.05
101624,1,59,23.28,5,0.1
101624,2,13,41.37,6,0.0
101624,3,64,22.09,4,0.1
101624,4,50,10.92,5,0.05
101625,1,70,13.3,13,0.05
101625,2,58,8.17,2,0.15
101625,3,24,48.95,9,0.05
101626,1,79,19.4,5,0.0
101626,2,44,15.12,2,0.0
101626,3,117,8.87,5,0.15
101626,4,50,10.16,3,0.05
101627,1,72,8.96,1,0.0
101627,2,60,11.9,3,0.0
101627,3,19,24.38,3,0.03
101627,4,67,37.56,5,0.05
101627,5,80,22.51,6,0.0
101628,1,75,21.28,2,0.05
101628,2,70,13.65,3,0.0
101628,3,104,24.31,2,0.1
101628,4,72,8.74,8,0.1
101628,5,98,12.23,1,0.0
101629,1,82,6.73,5,0.0
101630,1,96,79.1,12,0.05
101630,2,44,15.48,4,0.1
101630,3,24,51.55,2,0.0
101630,4,112,72.1,6,0.0
101630,5,117,9.78,5,0.0
101631,1,45,12.63,3,0.03
101631,2,63,38.25,1,0.1
101631,3,23,20.31,4,0.2
101631,4,106,22.03,6,0.05
101632,1,97,15.53,2,0.0
101632,2,44,15.71,7,0.0
101632,3,90,57.76,5,0.05
101632,4,19,28.3,3,0.0
101632,5,60,12.73,3,0.0
101632,6,106,22.57,1,0.0
101633,1,72,8.55,1,0.15
101633,2,60,11.96,5,0.0
101633,3,76,24.11,6,0.1
101633,4,90,52.51,2,0.0
101634,1,79,23.51,2,0.0
101634,2,97,16.58,3,0.03
101634,3,40,21.69,7,0.1
101635,1,79,21.26,3,0.0
101635,2,87,25.98,3,0.1
101635,3,60,12.3,7,0.0
101635,4,81,23.07,4,0.0
101635,5,34,26.58,2,0.03
101635,6,56,24.26,12,0.0
101636,1,44,15.25,1,0.0
101636,2,76,22.24,6,0.0
101636,3,117,8.46,4,0.0
101636,4,71,7.51,3,0.0
101637,1,91,15.06,6,0.0
101637,2,93,25.51,2,0.0
101637,3,51,47.09,2,0.0
101637,4,65,14.22,4,0.03
101638,1,51,48.83,5,0.0
101638,2,94,32.12,3,0.05
101638,3,27,10.02,3,0.0
101638,4,79,19.65,4,0.0
101639,1,105,5.62,6,0.2
101639,2,53,22.94,8,0.1
101640,1,16,5.28,9,0.05
101641,1,44,15.61,2,0.1
101641,2,112,87.7,3,0.0
101642,1,44,14.86,3,0.0
101642,2,49,25.07,1,0.03
101642,3,40,22.0,4,0.0
101643,1,110,23.55,7,0.0
101643,2,116,42.58,2,0.0
101643,3,19,24.64,6,0.0
101643,4,55,21.45,3,0.15
101644,1,110,28.54,2,0.1
101644,2,44,13.7,9,0.05
101644,3,76,23.42,2,0.05
101644,4,87,32.18,2,0.0
101645,1,109,3.8,4,0.2
101646,1,21,28.83,2,0.0
101646,2,82,6.5,1,0.0
101646,3,83,32.03,1,0.03
101646,4,72,8.86,11,0.0
101646,5,108,38.51,3,0.0
101647,1,102,25.95,4,0.15
101647,2,91,18.97,4,0.0
101647,3,72,7.81,2,0.0
101647,4,9,23.56,2,0.0
101648,1,116,42.46,7,0.0
101648,2,97,16.32,5,0.0
101648,3,71,7.32,11,0.0
101648,4,60,10.95,2,0.03
101648,5,78,8.41,7,0.03
101649,1,75,19.19,4,0.0
101649,2,55,20.24,4,0.05
101650,1,79,19.37,9,0.03
101650,2,56,31.64,1,0.1
101650,3,93,24.56,2,0.03
101650,4,15,10.58,4,0.0
101651,1,21,29.05,7,0.0
101651,2,83,30.86,3,0.0
101652,1,45,11.51,3,0.0
101652,2,15,10.1,5,0.0
101653,1,94,28.02,2,0.0
101654,1,90,52.22,3,0.05
101654,2,104,23.46,5,0.2
101654,3,16,4.59,5,0.03
101654,4,105,5.85,3,0.1
101654,5,14,27.28,2,0.1
101654,6,24,54.88,2,0.0
101654,7,78,8.89,2,0.0
101655,1,45,11.21,1,0.0
101655,2,116,41.83,1,0.0
101655,3,34,27.31,3,0.05
101655,4,12,83.14,3,0.0
101656,1,53,24.13,3,0.0
101656,2,27,8.72,1,0.0
101656,3,81,25.64,4,0.03
101657,1,26,16.68,4,0.0
101657,2,16,4.92,5,0.05
101657,3,75,18.9,7,0.0
101657,4,34,24.66,12,0.03
101657,5,96,77.42,4,0.1
101657,6,84,15.91,1,0.0
101657,7,14,26.26,8,0.0
101657,8,60,11.67,5,0.1
101658,1,94,28.47,2,0.0
101658,2,49,25.47,3,0.05
101659,1,70,12.09,2,0.05
101659,2,21,31.18,6,0.0
101659,3,45,10.32,8,0.0
101660,1,81,23.34,5,0.0
101660,2,19,27.42,4,0.05
101661,1,45,12.61,4,0.0
101661,2,94,28.98,7,0.0
101661,3,60,11.05,7,0.0
101661,4,110,27.11,8,0.0
101661,5,101,25.97,5,0.0
101662,1,2,22.48,4,0.0
101662,2,91,17.28,8,0.0
101663,1,116,36.02,3,0.0
101663,2,60,13.14,2,0.0
101663,3,99,28.27,5,0.15
101664,1,24,50.57,1,0.0
101664,2,51,43.22,3,0.0
101664,3,40,24.97,4,0.0
101664,4,47,19.04,1,0.05
101664,5,68,24.08,5,0.0
101665,1,14,22.91,3,0.0
101665,2,44,16.24,8,0.0
101665,3,38,28.27,5,0.0
101665,4,26,15.76,5,0.1
101666,1,21,29.27,5,0.0
101666,2,66,7.65,6,0.0
101666,3,27,7.79,2,0.05
101666,4,92,29.37,3,0.0
101667,1,114,31.02,1,0.0
101667,2,45,12.54,10,0.05
101667,3,105,5.77,3,0.0
101668,1,52,46.46,7,0.05
101668,2,45,11.77,2,0.1
101669,1,110,23.44,3,0.1
101669,2,27,9.32,3,0.03
101669,3,104,28.33,3,0.0
101670,1,84,15.67,3,0.0
101670,2,47,21.78,7,0.05
101671,1,5,25.24,1,0.05
101671,2,60,11.03,6,0.0
101671,3,94,32.75,4,0.0
101671,4,84,12.46,7,0.0
101672,1,38,27.28,4,0.0
101672,2,99,26.71,8,0.0
101672,3,75,19.68,4,0.0
101673,1,37,18.25,2,0.0
101673,2,112,82.4,3,0.0
101673,3,50,10.5,2,0.05
101673,4,60,10.52,12,0.0
101673,5,101,26.52,1,0.1
101674,1,54,24.85,2,0.0
101674,2,23,22.3,4,0.0
101674,3,27,9.64,4,0.0
101674,4,71,6.08,3,0.1
101674,5,105,5.36,1,0.03
101674,6,51,43.92,6,0.0
101675,1,116,40.35,5,0.05
101675,2,83,32.67,3,0.0
101675,3,61,17.71,9,0.0
101675,4,99,27.7,2,0.0
101675,5,36,28.01,6,0.0
101675,6,60,11.59,3,0.15
101675,7,79,18.4,2,0.0
101675,8,101,22.08,3,0.0
101676,1,47,22.44,6,0.0
101676,2,117,9.71,2,0.0
101676,3,77,30.27,5,0.0
101677,1,85,29.74,4,0.15
101677,2,52,48.51,3,0.0
101677,3,91,18.36,3,0.05
101678,1,11,28.64,11,0.15
101678,2,76,26.65,13,0.15
101678,3,99,27.2,3,0.05
101679,1,106,20.86,5,0.0
101679,2,6,9.78,4,0.0
101679,3,57,48.49,2,0.15
101680,1,19,28.42,4,0.0
101681,1,51,51.58,4,0.03
101681,2,31,4.91,1,0.0
101681,3,107,43.77,8,0.05
101681,4,92,29.92,5,0.05
101681,5,52,48.48,6,0.0
101681,6,104,28.75,2,0.15
101682,1,82,6.76,12,0.1
101682,2,32,18.07,3,0.03
101683,1,65,10.97,5,0.0
101684,1,11,36.16,8,0.15
101684,2,106,20.97,4,0.0
101685,1,77,30.37,4,0.03
101685,2,68,22.5,6,0.0
101686,1,17,12.86,1,0.0
101686,2,27,9.34,4,0.0
101686,3,36,30.17,3,0.03
101687,1,87,26.16,4,0.0
101687,2,62,33.99,6,0.0
101687,3,110,24.28,4,0.0
101688,1,85,26.68,2,0.1
101688,2,71,6.88,12,0.0
101688,3,116,36.23,5,0.03
101688,4,82,5.76,4,0.0
101689,1,104,22.8,1,0.05
101689,2,79,21.34,9,0.0
101689,3,95,19.27,5,0.0
101690,1,70,11.76,5,0.1
101690,2,67,35.57,2,0.0
101690,3,9,21.93,4,0.05
101690,4,47,22.41,7,0.0
101690,5,5,26.2,3,0.0
101691,1,104,27.09,5,0.0
101691,2,83,31.94,1,0.15
101692,1,116,38.89,3,0.0
101692,2,98,10.42,4,0.05
101692,3,45,11.75,3,0.0
101693,1,105,5.3,4,0.0
101693,2,79,18.43,3,0.2
101693,3,43,37.72,7,0.03
101693,4,117,9.8,4,0.0
101693,5,64,24.37,3,0.03
101693,6,9,25.38,3,0.0
101694,1,72,9.72,1,0.03
101694,2,117,9.04,12,0.03
101695,1,98,11.02,6,0.1
101696,1,106,22.03,4,0.0
101696,2,98,12.02,5,0.15
101696,3,120,5.01,9,0.0
101697,1,112,76.65,2,0.0
101697,2,105,5.37,4,0.0
101698,1,80,24.99,3,0.0
101698,2,55,18.16,2,0.2
101698,3,41,50.96,1,0.0
101698,4,14,22.13,4,0.0
101698,5,37,17.35,3,0.03
101698,6,47,19.55,3,0.05
101698,7,9,23.56,4,0.0
101699,1,26,17.01,5,0.0
101699,2,36,32.62,1,0.0
101700,1,83,33.19,2,0.0
101700,2,105,5.81,3,0.0
101701,1,112,79.73,6,0.03
101701,2,94,29.8,2,0.0
101701,3,106,21.01,3,0.0
101701,4,71,7.56,4,0.15
101702,1,8,4.8,9,0.05
101703,1,27,8.87,18,0.0
101703,2,45,10.94,4,0.0
101703,3,24,50.38,6,0.0
101704,1,53,24.95,2,0.0
101704,2,72,9.2,1,0.0
101704,3,51,46.61,2,0.0
101705,1,21,26.7,2,0.0
101705,2,15,9.67,4,0.1
101705,3,82,7.27,3,0.03
101705,4,65,12.06,5,0.03
101706,1,50,10.33,9,0.05
101706,2,12,70.59,5,0.0
101706,3,53,24.74,13,0.1
101706,4,34,27.86,2,0.05
101707,1,68,23.52,2,0.0
101707,2,51,42.78,3,0.0
101707,3,104,29.99,1,0.0
101707,4,84,12.64,4,0.0
101707,5,110,21.98,3,0.1
101708,1,106,21.91,4,0.1
101708,2,45,14.65,6,0.05
101709,1,58,6.53,4,0.0
101709,2,94,32.64,3,0.0
101709,3,117,10.23,9,0.05
101709,4,83,31.41,2,0.0
101710,1,45,10.95,10,0.0
101710,2,47,21.05,2,0.0
101710,3,109,3.92,3,0.0
101711,1,40,23.66,6,0.05
101711,2,4,6.08,2,0.0
101711,3,71,6.76,4,0.05
101711,4,61,19.98,2,0.05
101712,1,67,33.01,5,0.1
101712,2,63,41.95,3,0.1
101713,1,6,10.99,4,0.0
101714,1,15,10.49,4,0.03
101714,2,45,10.48,1,0.05
101714,3,53,23.9,5,0.0
101715,1,40,22.8,4,0.0
101715,2,94,29.34,2,0.0
101715,3,81,23.59,8,0.0
101716,1,45,12.43,3,0.0
101716,2,118,19.2,2,0.0
101716,3,81,21.31,1,0.0
101716,4,120,4.31,5,0.0
101717,1,81,23.09,4,0.05
101717,2,8,5.28,4,0.0
101718,1,114,25.97,4,0.0
101718,2,51,39.88,3,0.1
101718,3,110,23.33,2,0.05
101719,1,99,25.86,4,0.0
101720,1,104,24.79,3,0.0
101720,2,82,7.37,3,0.15
101720,3,26,14.36,2,0.0
101721,1,85,30.52,10,0.0
101721,2,83,33.66,2,0.15
101721,3,45,10.62,1,0.05
101721,4,81,23.44,5,0.0
101721,5,92,27.01,1,0.03
101722,1,98,12.69,1,0.0
101722,2,5,24.19,6,0.0
101722,3,13,31.9,5,0.03
101723,1,46,16.55,5,0.05
101723,2,67,31.89,5,0.0
101723,3,104,21.43,5,0.0
101723,4,66,7.03,2,0.0
101724,1,38,26.64,5,0.0
101724,2,106,23.14,6,0.05
101725,1,37,18.94,1,0.0
101725,2,81,26.21,3,0.05
101725,3,72,7.94,2,0.0
101725,4,82,6.75,5,0.0
101726,1,117,9.2,5,0.05
101726,2,5,22.9,1,0.1
101727,1,24,50.88,13,0.0
101727,2,61,20.79,2,0.1
101727,3,44,17.13,5,0.03
101728,1,106,23.36,2,0.0
101728,2,8,4.58,3,0.0
101728,3,24,50.49,4,0.0
101728,4,107,40.64,11,0.1
101728,5,104,26.84,11,0.0
101728,6,20,29.5,3,0.1
101729,1,21,29.1,9,0.0
101729,2,66,6.46,2,0.05
101729,3,42,22.56,4,0.1
101729,4,81,26.1,6,0.0
101729,5,76,23.35,2,0.03
101730,1,67,35.44,1,0.15
101730,2,113,10.54,2,0.0
101730,3,71,8.21,4,0.0
101730,4,24,46.84,3,0.05
101730,5,97,13.67,1,0.0
101730,6,51,40.96,5,0.0
101731,1,83,31.47,4,0.05
101731,2,109,3.19,4,0.05
101731,3,71,7.52,5,0.0
101731,4,45,12.24,5,0.1
101732,1,72,8.89,3,0.05
101732,2,101,25.45,5,0.0
101733,1,110,24.49,1,0.0
101733,2,91,18.48,5,0.1
101733,3,38,27.92,5,0.15
101734,1,45,13.87,5,0.1
101734,2,21,27.03,2,0.0
101734,3,60,11.67,1,0.15
101735,1,24,42.98,5,0.0
101735,2,66,8.97,7,0.0
101735,3,116,38.45,4,0.0
101735,4,110,24.74,6,0.05
101736,1,98,13.43,4,0.0
101736,2,67,32.02,4,0.0
101736,3,73,18.06,2,0.0
101736,4,21,31.44,2,0.0
101736,5,113,10.04,3,0.1
101737,1,80,27.92,2,0.0
101738,1,23,21.53,6,0.0
101738,2,45,12.01,5,0.03
101738,3,120,4.98,5,0.05
101738,4,21,33.38,4,0.0
101738,5,110,25.9,2,0.0
101738,6,36,31.28,5,0.0
101739,1,81,23.35,2,0.05
101739,2,67,34.34,6,0.05
101739,3,95,23.05,5,0.15
101739,4,23,22.2,3,0.0
101740,1,1,25.92,6,0.0
101740,2,51,48.44,3,0.0
101740,3,97,15.64,3,0.0
101740,4,120,5.05,10,0.0
101741,1,11,35.06,7,0.0
101741,2,23,23.52,3,0.0
101741,3,76,25.08,2,0.0
101742,1,116,41.93,9,0.03
101742,2,23,22.43,1,0.0
101743,1,90,51.01,4,0.0
101743,2,45,11.76,2,0.0
101744,1,114,26.78,1,0.0
101744,2,52,44.3,5,0.03
101744,3,117,9.49,5,0.0
101745,1,8,4.34,1,0.0
101745,2,26,17.14,2,0.1
101745,3,45,11.99,3,0.0
101745,4,9,24.91,3,0.0
101745,5,60,13.92,6,0.0
101746,1,34,24.86,7,0.2
101746,2,42,20.48,3,0.03
101747,1,60,11.81,7,0.0
101747,2,12,79.59,5,0.0
101747,3,44,14.96,2,0.0
101748,1,91,18.45,6,0.05
101748,2,45,11.75,3,0.1
101748,3,2,29.86,6,0.1
101748,4,114,28.3,3,0.0
101748,5,79,20.06,2,0.03
101748,6,53,23.6,7,0.0
101749,1,39,131.0,7,0.0
101749,2,81,24.67,1,0.05
101749,3,68,22.86,3,0.1
101750,1,60,13.33,5,0.0
101751,1,14,26.39,7,0.0
101751,2,45,12.78,1,0.0
101752,1,108,36.65,6,0.0
101752,2,110,23.93,3,0.05
101752,3,99,28.15,7,0.05
101752,4,45,11.75,9,0.0
101753,1,2,27.15,6,0.0
101753,2,67,32.66,3,0.0
101754,1,51,49.53,4,0.0
101755,1,14,23.32,1,0.0
101755,2,82,5.83,8,0.1
101755,3,110,27.59,6,0.0
101755,4,53,23.68,4,0.05
101756,1,15,10.12,4,0.15
101756,2,16,4.61,2,0.05
101756,3,116,39.37,3,0.1
101757,1,37,18.25,3,0.05
101757,2,64,23.54,3,0.0
101757,3,98,13.66,5,0.1
101757,4,34,22.36,3,0.0
101757,5,110,25.34,2,0.0
101757,6,103,27.99,3,0.0
101758,1,104,24.16,2,0.03
101758,2,4,7.42,4,0.0
101758,3,54,20.67,2,0.03
101758,4,97,13.91,4,0.0
101758,5,107,35.67,6,0.0
101758,6,79,16.41,3,0.1
101758,7,45,10.52,6,0.1
101759,1,71,7.42,5,0.15
101759,2,52,46.97,3,0.0
101759,3,57,46.56,1,0.0
101759,4,1,25.79,9,0.0
101760,1,22,15.22,4,0.0
101760,2,98,11.65,1,0.03
101760,3,106,20.88,3,0.0
101760,4,52,52.07,5,0.0
101760,5,110,27.01,2,0.0
101760,6,65,12.1,7,0.0
101760,7,69,4.18,5,0.03
101761,1,53,24.07,2,0.15
101761,2,5,23.06,3,0.05
101761,3,49,26.46,4,0.0
101762,1,97,12.96,2,0.0
101762,2,12,82.16,7,0.0
101762,3,45,10.27,2,0.1
101763,1,71,7.58,1,0.03
101763,2,44,14.89,1,0.2
101763,3,107,37.37,3,0.0
101764,1,65,12.08,10,0.2
101764,2,24,60.84,3,0.05
101764,3,27,10.13,4,0.0
101765,1,69,4.29,8,0.0
101766,1,5,27.75,1,0.0
101766,2,80,21.41,2,0.0
101766,3,76,23.83,2,0.0
101766,4,37,17.41,4,0.05
101766,5,60,13.58,5,0.03
101766,6,85,30.58,2,0.0
101767,1,71,6.23,5,0.0
101767,2,45,10.91,6,0.1
101767,3,34,27.16,9,0.0
101768,1,92,25.21,3,0.03
101768,2,45,13.0,4,0.1
101768,3,112,82.86,9,0.0
101768,4,5,28.02,4,0.0
101769,1,120,4.01,4,0.05
101769,2,58,8.37,5,0.0
101770,1,26,14.95,6,0.1
101770,2,94,30.08,3,0.0
101770,3,45,12.86,2,0.0
101771,1,9,23.54,4,0.0
101771,2,16,5.48,1,0.05
101771,3,24,49.47,1,0.0
101772,1,79,18.91,4,0.0
101772,2,58,8.01,4,0.0
101772,3,25,11.89,6,0.2
101773,1,79,21.43,2,0.03
101773,2,71,7.48,4,0.15
101774,1,116,38.3,5,0.2
101774,2,105,5.91,5,0.1
101774,3,53,23.85,2,0.05
101775,1,52,47.68,7,0.15
101775,2,56,25.29,5,0.0
101776,1,65,10.99,2,0.0
101776,2,73,17.83,5,0.15
101776,3,71,8.18,10,0.0
101777,1,9,24.17,12,0.05
101777,2,106,19.38,7,0.0
101778,1,51,43.17,2,0.0
101778,2,106,21.2,7,0.0
101778,3,98,10.68,2,0.0
101778,4,97,14.84,2,0.0
101778,5,68,24.28,3,0.0
101779,1,83,33.91,5,0.0
101779,2,76,23.71,12,0.0
101780,1,94,28.8,1,0.03
101780,2,60,12.12,5,0.0
101780,3,38,29.9,5,0.05
101780,4,106,15.81,12,0.1
101781,1,45,11.33,4,0.0
101782,1,102,24.88,1,0.0
101782,2,82,6.45,3,0.0
101782,3,34,25.93,7,0.0
101782,4,80,25.03,6,0.2
101783,1,80,23.41,3,0.15
101783,2,45,11.97,2,0.0
101784,1,27,9.35,5,0.0
101784,2,45,11.58,4,0.0
101784,3,94,31.78,2,0.0
101785,1,14,25.14,7,0.0
101785,2,78,9.86,3,0.0
101785,3,67,31.3,4,0.0
101786,1,116,34.15,3,0.03
101786,2,81,24.49,2,0.0
101786,3,27,9.5,4,0.0
101787,1,97,16.03,9,0.0
101787,2,45,12.49,4,0.0
101787,3,70,11.34,5,0.0
101787,4,53,23.26,2,0.15
101788,1,51,42.04,6,0.0
101789,1,13,38.46,2,0.1
101789,2,45,11.22,5,0.03
101789,3,116,35.2,2,0.05
101790,1,116,43.48,7,0.05
101790,2,112,66.57,4,0.05
101790,3,67,31.09,2,0.0
101790,4,82,6.62,7,0.2
101790,5,55,18.81,8,0.0
101791,1,71,6.72,4,0.0
101791,2,72,8.31,5,0.0
101791,3,67,28.69,2,0.03
101792,1,78,10.4,7,0.0
101792,2,83,30.25,1,0.0
101792,3,65,12.03,3,0.0
101792,4,87,26.06,4,0.15
101792,5,52,53.84,3,0.03
101792,6,45,11.72,2,0.0
101792,7,72,8.19,2,0.0
101792,8,107,38.19,2,0.0
101793,1,23,21.04,4,0.0
101793,2,72,8.5,7,0.0
101793,3,89,19.52,1,0.03
101793,4,69,4.1,2,0.1
101793,5,81,25.85,3,0.1
101794,1,15,11.33,8,0.0
101794,2,67,35.14,1,0.0
101794,3,10,57.09,8,0.0
101794,4,50,10.97,2,0.0
101794,5,72,7.99,2,0.1
101794,6,52,51.52,1,0.0
101794,7,33,10.36,4,0.0
101795,1,32,20.81,4,0.05
101795,2,80,25.1,2,0.1
101796,1,53,22.68,3,0.0
101796,2,106,24.32,4,0.05
101796,3,82,7.81,4,0.2
101796,4,99,23.36,4,0.1
101797,1,51,46.45,5,0.05
101797,2,9,20.6,4,0.0
101797,3,88,31.05,3,0.05
101798,1,94,31.04,7,0.0
101798,2,102,22.55,5,0.0
101798,3,82,6.23,4,0.0
101799,1,97,14.46,2,0.0
101799,2,51,42.57,5,0.1
101799,3,72,8.02,1,0.0
101800,1,119,10.11,6,0.0
101800,2,16,5.1,9,0.0
101801,1,46,17.8,7,0.05
101801,2,9,24.97,2,0.0
101801,3,19,26.34,2,0.0
101801,4,42,23.54,5,0.0
101802,1,81,23.1,8,0.2
101802,2,12,90.87,1,0.15
101802,3,99,27.35,4,0.1
101803,1,35,33.5,2,0.03
101803,2,76,23.29,7,0.0
101804,1,116,38.59,3,0.05
101804,2,103,25.75,2,0.05
101804,3,32,17.15,7,0.0
101805,1,56,26.78,7,0.0
101806,1,76,23.91,5,0.05
101806,2,79,17.94,4,0.0
101806,3,44,17.62,4,0.15
101806,4,60,13.26,2,0.0
101807,1,76,26.6,5,0.05
101807,2,98,13.15,5,0.0
101807,3,87,25.8,9,0.1
101807,4,101,21.42,7,0.03
101808,1,92,25.55,7,0.0
101808,2,110,27.47,1,0.0
101809,1,13,39.63,6,0.0
101809,2,80,22.98,1,0.0
101809,3,51,39.01,3,0.1
101810,1,94,28.09,4,0.05
101811,1,93,21.91,3,0.0
101811,2,44,16.08,5,0.0
101811,3,112,75.1,4,0.15
101811,4,41,44.48,4,0.0
101811,5,64,23.29,5,0.0
101812,1,100,59.72,2,0.05
101813,1,5,26.62,3,0.0
101813,2,49,28.52,6,0.0
101813,3,8,5.1,2,0.0
101814,1,53,23.43,8,0.0
101814,2,108,35.63,3,0.0
101814,3,71,8.61,1,0.05
101815,1,21,27.44,5,0.15
101815,2,60,10.73,3,0.03
101815,3,35,33.77,7,0.0
101816,1,93,28.07,3,0.15
101816,2,44,15.35,11,0.05
101817,1,90,58.93,10,0.1
101817,2,82,7.1,5,0.0
101817,3,116,33.98,4,0.0
101817,4,98,12.76,1,0.03
101817,5,83,33.07,4,0.0
101817,6,15,9.64,12,0.05
101818,1,41,48.45,3,0.03
101818,2,32,19.34,4,0.05
101818,3,53,24.67,15,0.0
101818,4,40,28.15,7,0.1
101819,1,45,12.72,4,0.0
101819,2,116,37.79,3,0.2
101819,3,85,30.25,5,0.05
101819,4,40,26.05,3,0.0
101819,5,83,33.9,7,0.05
101820,1,104,28.33,4,0.15
101820,2,50,10.2,4,0.1
101821,1,4,6.87,3,0.1
101821,2,76,21.73,9,0.0
101821,3,116,36.59,3,0.05
101821,4,81,26.59,2,0.0
101821,5,77,35.94,2,0.0
101822,1,51,39.83,1,0.03
101822,2,80,24.28,4,0.05
101823,1,14,25.72,5,0.15
101823,2,90,51.41,4,0.0
101824,1,112,84.35,2,0.05
101824,2,16,5.45,4,0.05
101825,1,75,16.28,4,0.0
101825,2,9,25.49,1,0.0
101826,1,71,7.92,4,0.0
101826,2,40,21.73,6,0.0
101826,3,118,19.36,4,0.0
101826,4,110,22.97,2,0.0
101826,5,46,16.02,2,0.05
101827,1,102,22.89,6,0.05
101827,2,91,19.95,1,0.1
101827,3,50,10.73,10,0.1
101827,4,63,36.45,6,0.0
101827,5,19,25.05,6,0.03
101827,6,72,7.7,5,0.0
101827,7,69,4.72,5,0.0
101828,1,74,25.5,5,0.0
101828,2,66,7.92,5,0.0
101829,1,81,24.32,6,0.0
101829,2,20,32.48,6,0.0
101829,3,98,13.09,5,0.0
101829,4,67,24.63,3,0.0
101830,1,46,17.33,2,0.0
101830,2,41,42.03,3,0.0
101830,3,75,18.53,4,0.0
101831,1,26,15.46,1,0.0
101831,2,97,14.3,3,0.2
101831,3,83,38.04,3,0.0
101832,1,7,13.51,3,0.0
101832,2,116,34.54,5,0.1
101832,3,75,18.77,7,0.05
101833,1,49,29.03,7,0.0
101833,2,45,12.24,7,0.0
101833,3,79,19.59,3,0.1
101833,4,113,11.18,8,0.05
101833,5,32,21.15,2,0.0
101834,1,110,26.99,4,0.0
101835,1,55,19.63,5,0.1
101835,2,89,18.51,4,0.05
101836,1,62,37.06,2,0.15
101836,2,53,29.15,2,0.05
101836,3,81,22.5,1,0.05
101837,1,105,5.16,3,0.0
101837,2,15,10.38,6,0.03
101837,3,97,14.3,8,0.1
101837,4,36,33.56,1,0.0
101838,1,58,8.87,2,0.0
101838,2,71,7.9,2,0.03
101838,3,94,27.73,6,0.1
101838,4,99,24.95,1,0.0
101839,1,41,45.9,2,0.0
101839,2,69,3.83,2,0.1
101839,3,87,29.04,7,0.0
101840,1,60,10.88,1,0.05
101840,2,92,30.14,2,0.0
101841,1,79,19.2,2,0.1
101841,2,4,7.18,7,0.0
101841,3,2,28.4,5,0.0
101842,1,4,6.52,2,0.0
101842,2,67,34.94,1,0.0
101843,1,35,28.6,7,0.0
101843,2,51,50.8,10,0.1
101843,3,71,7.8,2,0.0
101843,4,18,16.71,1,0.03
101844,1,34,23.33,7,0.0
101844,2,83,35.91,3,0.05
101844,3,60,11.04,4,0.0
101844,4,81,25.15,1,0.1
101844,5,107,44.04,6,0.15
101844,6,79,20.06,7,0.0
101844,7,82,6.82,2,0.05
101845,1,97,13.51,12,0.0
101845,2,45,11.09,2,0.0
101846,1,45,12.56,6,0.0
101846,2,79,20.77,8,0.0
101847,1,116,33.72,1,0.1
101847,2,71,7.53,6,0.0
101847,3,65,12.16,1,0.0
101848,1,53,24.92,4,0.0
101848,2,55,21.54,1,0.15
101849,1,100,64.64,6,0.0
101849,2,99,25.78,2,0.0
101850,1,100,62.88,11,0.0
101850,2,45,13.45,3,0.15
101850,3,106,22.06,2,0.0
101851,1,52,42.59,2,0.1
101852,1,26,16.49,2,0.15
101852,2,39,125.89,5,0.0
101852,3,40,23.86,3,0.0
101853,1,106,21.21,1,0.0
101853,2,67,30.76,12,0.03
101853,3,120,4.23,3,0.05
101853,4,71,7.5,3,0.1
101854,1,4,7.83,6,0.0
101854,2,32,16.94,2,0.05
101855,1,5,24.1,7,0.0
101855,2,82,6.52,5,0.0
101855,3,14,26.03,6,0.0
101855,4,97,14.47,1,0.0
101855,5,17,14.67,2,0.1
101856,1,79,20.91,2,0.0
101856,2,83,38.03,8,0.05
101856,3,80,24.67,3,0.05
101856,4,53,24.73,7,0.05
101857,1,17,14.41,7,0.0
101857,2,82,7.64,7,0.0
101857,3,65,13.26,2,0.0
101857,4,120,4.52,3,0.0
101858,1,81,26.82,5,0.0
101858,2,32,16.51,3,0.05
101858,3,14,26.98,3,0.03
101858,4,97,15.47,8,0.0
101859,1,51,48.61,5,0.05
101859,2,45,11.98,7,0.0
101859,3,77,30.53,3,0.0
101859,4,53,24.13,4,0.0
101859,5,32,17.54,6,0.0
101859,6,79,18.77,2,0.2
101860,1,114,25.26,3,0.0
101860,2,75,18.46,7,0.0
101861,1,60,11.55,1,0.05
101861,2,65,12.9,2,0.0
101861,3,47,25.96,4,0.1
101862,1,60,11.79,11,0.05
101863,1,8,5.18,4,0.1
101863,2,45,11.19,2,0.1
101863,3,79,20.25,5,0.15
101863,4,60,11.77,2,0.0
101863,5,40,25.03,4,0.03
101864,1,11,31.56,3,0.0
101864,2,71,6.23,4,0.0
101864,3,79,20.03,10,0.0
101864,4,70,11.13,7,0.0
101864,5,24,47.77,1,0.0
101864,6,47,20.58,6,0.05
101865,1,81,21.74,2,0.0
101865,2,60,14.0,3,0.0
101865,3,72,8.66,3,0.05
101865,4,80,24.8,3,0.05
101866,1,52,45.04,6,0.03
101866,2,71,7.29,4,0.1
101867,1,52,43.14,1,0.1
101867,2,110,27.5,3,0.03
101867,3,71,7.08,5,0.0
101867,4,65,12.25,2,0.1
101867,5,66,6.57,4,0.15
101867,6,8,5.68,6,0.0
101868,1,82,7.13,4,0.0
101868,2,60,10.82,5,0.05
101868,3,76,26.04,2,0.05
101869,1,26,15.29,1,0.0
101869,2,71,7.1,4,0.0
101869,3,23,25.96,5,0.0
101869,4,67,32.67,4,0.03
101869,5,24,46.9,2,0.0
101870,1,80,23.68,1,0.0
101870,2,98,12.33,1,0.05
101870,3,24,43.07,6,0.0
101871,1,81,27.53,6,0.1
101871,2,97,15.09,3,0.1
101871,3,98,12.5,4,0.1
101872,1,82,6.56,12,0.2
101872,2,98,11.48,1,0.0
101872,3,72,8.59,4,0.0
101873,1,11,32.69,7,0.0
101873,2,38,28.72,4,0.0
101873,3,109,3.26,6,0.0
101874,1,81,26.46,2,0.1
101874,2,8,5.59,1,0.0
101874,3,15,10.3,3,0.03
101875,1,80,23.22,5,0.1
101875,2,24,51.32,11,0.0
101876,1,78,8.66,2,0.0
101876,2,110,23.21,7,0.0
101876,3,23,27.15,1,0.1
101876,4,81,25.12,1,0.0
101876,5,116,35.24,4,0.1
101877,1,107,44.77,10,0.03
101877,2,104,23.55,3,0.03
101878,1,81,26.7,3,0.0
101879,1,12,86.88,8,0.0
101880,1,23,27.04,3,0.05
101880,2,82,6.76,2,0.0
101881,1,76,21.82,4,0.05
101881,2,45,11.53,3,0.0
101881,3,81,23.41,1,0.0
101881,4,87,26.3,2,0.0
101882,1,94,30.73,3,0.05
101882,2,81,24.55,2,0.0
101883,1,58,8.16,7,0.1
101883,2,110,25.85,7,0.0
101883,3,60,11.84,7,0.1
101884,1,97,16.09,4,0.0
101884,2,99,27.92,1,0.05
101884,3,80,24.26,3,0.0
101884,4,79,19.56,3,0.1
101885,1,16,5.08,10,0.15
101885,2,8,4.96,4,0.1
101885,3,12,88.88,3,0.0
101885,4,71,7.52,8,0.1
101886,1,39,117.59,7,0.15
101886,2,9,26.66,4,0.03
101887,1,80,24.07,5,0.0
101888,1,37,17.15,4,0.0
101888,2,4,6.83,2,0.0
101888,3,8,5.04,4,0.05
101888,4,116,36.67,7,0.0
101889,1,83,30.68,7,0.05
101889,2,103,28.68,2,0.05
101889,3,53,25.43,3,0.1
101889,4,108,37.0,4,0.0
101890,1,47,22.54,2,0.0
101890,2,84,16.12,5,0.0
101891,1,67,26.29,4,0.05
101891,2,118,20.88,1,0.05
101891,3,44,15.44,6,0.0
101892,1,81,21.56,3,0.0
101893,1,72,8.42,5,0.0
101893,2,99,23.21,4,0.0
101893,3,67,32.66,5,0.1
101894,1,25,12.53,3,0.0
101894,2,68,28.71,5,0.15
101894,3,43,36.28,3,0.0
101894,4,105,5.45,2,0.0
101895,1,75,16.61,4,0.1
101895,2,109,4.2,4,0.15
101895,3,116,43.01,5,0.1
101896,1,51,43.68,7,0.0
101897,1,82,7.35,5,0.05
101897,2,53,22.19,4,0.0
101897,3,76,23.6,1,0.05
101898,1,87,27.59,5,0.0
101898,2,16,5.2,4,0.0
101898,3,5,27.09,3,0.0
101898,4,64,29.24,10,0.15
101899,1,65,13.13,2,0.03
101899,2,4,6.64,3,0.0
101899,3,83,36.93,1,0.05
101900,1,51,43.89,7,0.0
101900,2,27,9.51,1,0.0
101900,3,47,21.87,3,0.0
101901,1,44,15.89,1,0.05
101901,2,16,4.86,11,0.2
101902,1,81,22.0,2,0.03
101902,2,51,49.81,10,0.0
101902,3,110,23.66,2,0.0
101903,1,81,23.74,6,0.0
101903,2,83,35.82,5,0.05
101904,1,79,17.79,4,0.0
101904,2,76,24.31,9,0.05
101904,3,12,79.1,1,0.0
101905,1,85,28.84,2,0.1
101905,2,83,32.8,7,0.0
101905,3,4,6.93,4,0.0
101905,4,13,40.34,9,0.0
101905,5,27,8.55,5,0.0
101905,6,78,10.13,1,0.0
101906,1,103,21.15,4,0.0
101907,1,110,24.69,4,0.03
101908,1,116,40.01,3,0.0
101908,2,60,12.02,5,0.03
101908,3,45,11.33,6,0.0
101908,4,82,6.3,3,0.15
101908,5,65,12.19,1,0.0
101909,1,79,18.81,2,0.0
101909,2,84,16.03,2,0.0
101909,3,34,21.56,7,0.05
101909,4,81,24.36,2,0.0
101910,1,60,12.35,7,0.0
101910,2,120,4.83,5,0.0
101910,3,15,11.67,2,0.0
101910,4,25,12.06,2,0.1
101911,1,60,11.44,5,0.15
101911,2,98,14.02,2,0.15
101911,3,14,24.72,5,0.0
101911,4,86,31.42,3,0.1
101911,5,110,21.85,5,0.0
101912,1,67,30.33,4,0.0
101912,2,30,4.54,3,0.05
101913,1,58,7.93,1,0.0
101914,1,21,30.44,7,0.1
101914,2,58,6.24,7,0.0
101914,3,98,13.74,4,0.2
101915,1,60,12.24,3,0.0
101915,2,6,12.97,5,0.0
101915,3,116,36.72,3,0.05
101916,1,44,15.19,3,0.03
101916,2,108,37.91,7,0.05
101916,3,59,22.42,2,0.0
101916,4,93,22.7,3,0.0
101917,1,34,25.5,1,0.0
101917,2,65,13.63,6,0.1
101917,3,103,28.76,7,0.05
101917,4,83,33.45,8,0.1
101917,5,9,26.83,6,0.0
101918,1,119,9.97,3,0.05
101918,2,44,16.43,3,0.1
101918,3,57,39.74,5,0.0
101919,1,87,24.0,8,0.03
101919,2,78,8.88,3,0.0
101920,1,117,8.63,4,0.0
101920,2,55,21.31,5,0.05
101920,3,116,38.7,5,0.0
101920,4,101,21.44,1,0.0
101920,5,45,11.25,5,0.03
101921,1,60,11.93,4,0.0
101921,2,8,5.01,6,0.1
101921,3,75,18.14,1,0.05
101921,4,28,7.07,6,0.1
101921,5,44,14.96,3,0.05
101922,1,71,7.16,3,0.1
101922,2,82,6.16,3,0.0
101922,3,9,25.78,11,0.0
101922,4,26,15.61,3,0.0
101923,1,4,7.37,5,0.05
101923,2,102,21.99,2,0.0
101923,3,110,25.8,6,0.0
101924,1,77,34.36,5,0.0
101924,2,105,5.9,3,0.05
101925,1,98,12.82,1,0.05
101925,2,75,20.41,3,0.0
101925,3,79,15.99,1,0.05
101925,4,97,16.91,5,0.0
101925,5,60,11.88,7,0.1
101925,6,110,24.6,4,0.0
101926,1,70,13.01,3,0.0
101926,2,67,30.32,12,0.0
101926,3,59,24.75,1,0.03
101926,4,81,27.72,2,0.0
101926,5,91,17.35,5,0.0
101927,1,34,25.17,2,0.03
101927,2,71,7.56,3,0.0
101928,1,92,28.61,8,0.1
101928,2,10,48.52,6,0.05
101928,3,4,8.37,2,0.05
101928,4,97,15.28,8,0.1
101929,1,21,27.68,4,0.0
101929,2,40,23.26,4,0.03
101929,3,98,12.31,8,0.15
101930,1,2,32.16,1,0.1
101930,2,94,29.48,2,0.0
101930,3,51,46.36,2,0.1
101930,4,9,26.05,7,0.03
101930,5,45,12.14,8,0.0
101931,1,41,48.27,1,0.0
101932,1,14,25.24,4,0.0
101933,1,117,9.57,4,0.1
101933,2,15,10.74,2,0.0
101933,3,45,11.06,5,0.15
101933,4,83,34.18,2,0.05
101934,1,13,34.72,3,0.05
101934,2,83,27.91,2,0.05
101934,3,53,25.48,4,0.03
101935,1,9,27.61,13,0.0
101935,2,33,11.15,2,0.1
101935,3,65,9.65,8,0.05
101935,4,82,6.89,4,0.05
101935,5,106,20.98,4,0.0
101936,1,14,25.77,7,0.05
101936,2,83,35.03,4,0.0
101936,3,110,25.54,3,0.05
101936,4,8,5.18,6,0.0
101937,1,45,13.06,3,0.15
101937,2,72,8.89,4,0.1
101937,3,52,44.58,6,0.0
101937,4,87,27.07,2,0.03
101937,5,82,7.26,8,0.0
101938,1,27,9.51,1,0.05
101938,2,45,12.14,3,0.0
101938,3,80,25.13,2,0.0
101938,4,44,12.62,5,0.1
101939,1,106,22.43,2,0.0
101939,2,11,39.14,2,0.05
101939,3,83,32.38,4,0.03
101939,4,90,50.15,2,0.1
101940,1,58,7.52,7,0.0
101940,2,5,22.95,11,0.0
101941,1,13,35.86,6,0.0
101941,2,65,11.76,4,0.05
101941,3,2,30.59,3,0.0
101941,4,58,7.86,9,0.0
101942,1,87,22.08,2,0.05
101943,1,81,23.13,6,0.0
101943,2,23,24.21,2,0.05
101943,3,26,15.76,9,0.03
101943,4,25,13.53,5,0.03
101943,5,107,39.2,2,0.0
101943,6,75,20.52,6,0.15
101944,1,56,28.34,4,0.05
101944,2,60,11.68,5,0.05
101944,3,14,25.35,2,0.0
101944,4,91,16.88,2,0.0
101944,5,79,21.69,4,0.1
101944,6,72,9.72,2,0.03
101944,7,104,26.03,2,0.0
101945,1,85,34.55,4,0.0
101945,2,108,35.7,6,0.0
101945,3,27,10.63,1,0.0
101945,4,11,32.79,4,0.03
101946,1,83,31.37,3,0.0
101946,2,65,12.89,1,0.0
101946,3,115,32.56,5,0.0
101946,4,47,22.89,2,0.03
101947,1,43,36.57,1,0.2
101947,2,45,10.54,2,0.0
101947,3,24,45.4,2,0.0
101947,4,72,8.2,7,0.0
101948,1,70,12.3,1,0.2
101948,2,110,27.6,2,0.0
101948,3,109,3.21,9,0.0
101949,1,112,79.97,6,0.0
101949,2,79,17.36,4,0.0
101949,3,117,9.26,3,0.0
101949,4,8,5.02,7,0.0
101950,1,110,27.9,2,0.0
101950,2,97,16.49,4,0.0
101950,3,36,28.15,1,0.0
101950,4,68,25.86,3,0.0
101951,1,80,21.18,9,0.0
101951,2,104,24.82,9,0.0
101951,3,72,8.73,5,0.1
101952,1,106,22.59,2,0.0
101952,2,25,13.64,6,0.0
101952,3,79,18.1,4,0.15
101952,4,45,12.76,6,0.0
101952,5,46,17.42,6,0.0
101953,1,52,36.78,3,0.0
101953,2,60,10.47,6,0.15
101954,1,97,14.74,4,0.0
101954,2,94,30.67,1,0.0
101955,1,15,12.37,3,0.0
101955,2,65,12.28,2,0.0
101956,1,66,8.1,2,0.1
101956,2,82,6.11,5,0.2
101957,1,45,11.11,8,0.0
101958,1,83,34.87,3,0.03
101958,2,98,11.88,2,0.1
101959,1,8,4.45,1,0.1
101960,1,44,16.81,2,0.05
101960,2,15,10.53,4,0.0
101960,3,101,22.11,3,0.0
101960,4,80,25.3,5,0.1
101961,1,82,6.32,4,0.0
101961,2,81,21.88,3,0.0
101961,3,107,45.84,4,0.0
101962,1,114,25.13,3,0.0
101962,2,32,17.44,4,0.0
101963,1,71,6.85,5,0.0
101963,2,97,15.11,4,0.03
101963,3,72,8.2,3,0.05
101963,4,6,10.29,6,0.0
101963,5,50,10.99,3,0.0
101963,6,79,17.52,3,0.1
101964,1,63,40.14,5,0.0
101964,2,71,6.17,4,0.0
101964,3,81,25.95,2,0.0
101965,1,97,14.78,1,0.0
101965,2,4,6.79,4,0.0
101965,3,22,16.61,5,0.05
101965,4,92,26.47,2,0.0
101966,1,70,10.57,4,0.0
101966,2,116,42.63,3,0.0
101967,1,4,7.72,8,0.0
101967,2,66,8.56,6,0.0
101967,3,81,23.29,1,0.0
101968,1,72,7.89,1,0.1
101968,2,56,24.67,9,0.0
101968,3,89,18.13,7,0.0
101968,4,53,25.95,9,0.0
101968,5,46,14.55,1,0.05
101968,6,81,25.72,2,0.0
101969,1,78,8.81,4,0.15
101969,2,101,25.22,2,0.15
101969,3,2,32.4,4,0.0
101969,4,51,47.88,5,0.03
101969,5,19,25.22,7,0.05
101970,1,83,31.44,5,0.05
101970,2,40,23.9,1,0.05
101970,3,70,10.93,2,0.0
101970,4,26,14.61,17,0.0
101971,1,9,22.27,6,0.0
101971,2,110,20.53,4,0.0
101972,1,106,20.21,4,0.0
101972,2,95,21.49,4,0.0
101972,3,112,75.35,1,0.03
101972,4,71,7.36,1,0.15
101972,5,76,20.77,13,0.0
101973,1,116,33.72,3,0.0
101973,2,39,100.13,4,0.0
101973,3,97,16.36,8,0.05
101973,4,10,53.8,2,0.05
101974,1,56,28.83,7,0.0
101974,2,104,27.87,2,0.0
101974,3,27,8.41,5,0.15
101975,1,12,82.24,1,0.15
101975,2,53,24.95,4,0.05
101976,1,71,7.61,3,0.0
101976,2,49,25.06,2,0.1
101976,3,87,24.94,1,0.0
101976,4,67,32.74,2,0.03
101977,1,78,10.32,2,0.0
101977,2,60,11.46,6,0.2
101977,3,41,43.84,1,0.0
101977,4,114,26.48,2,0.03
101978,1,112,67.92,1,0.0
101978,2,104,26.37,1,0.0
101979,1,66,7.89,1,0.0
101979,2,67,33.37,3,0.0
101979,3,5,25.4,3,0.0
101979,4,34,24.99,3,0.0
101980,1,120,5.14,5,0.0
101980,2,64,24.34,5,0.0
101980,3,5,27.02,4,0.15
101981,1,53,24.34,2,0.05
101981,2,98,12.94,2,0.0
101981,3,105,5.96,2,0.03
101981,4,82,6.03,1,0.0
101981,5,94,31.03,3,0.0
101981,6,71,7.0,2,0.2
101981,7,26,17.74,2,0.0
101982,1,72,8.74,1,0.1
101982,2,79,17.98,2,0.0
101982,3,27,9.5,3,0.03
101982,4,76,22.82,3,0.0
101983,1,64,28.01,1,0.0
101983,2,45,9.56,1,0.0
101984,1,70,12.84,1,0.0
101984,2,76,23.41,5,0.0
101985,1,97,15.82,11,0.1
101985,2,62,32.17,5,0.0
101985,3,106,24.11,5,0.0
101985,4,33,10.58,6,0.0
101986,1,116,34.8,5,0.0
101986,2,9,23.58,3,0.05
101986,3,82,6.8,6,0.0
101987,1,40,24.35,5,0.0
101987,2,109,3.65,4,0.0
101988,1,90,53.32,4,0.0
101988,2,89,17.89,5,0.1
101988,3,10,47.08,8,0.0
101989,1,62,35.67,4,0.0
101990,1,53,21.57,2,0.0
101990,2,44,15.66,4,0.0
101990,3,12,85.75,3,0.0
101990,4,110,23.84,8,0.0
101990,5,16,5.14,3,0.03
101990,6,2,28.26,5,0.05
101991,1,11,33.68,3,0.03
101991,2,78,10.49,2,0.0
101992,1,83,38.27,2,0.05
101992,2,71,6.35,4,0.0
101992,3,28,7.24,1,0.0
101992,4,8,4.81,3,0.0
101993,1,99,26.53,1,0.0
101993,2,83,28.95,5,0.1
101994,1,85,30.03,3,0.0
101994,2,104,23.75,2,0.0
101995,1,113,10.21,2,0.0
101995,2,105,5.76,6,0.2
101996,1,24,50.99,3,0.0
101996,2,116,38.03,1,0.0
101996,3,60,12.61,6,0.0
101996,4,63,41.13,3,0.0
101997,1,14,25.91,2,0.03
101997,2,81,24.95,1,0.0
101997,3,59,19.93,6,0.0
101998,1,14,24.85,5,0.0
101999,1,23,22.76,7,0.05
101999,2,90,54.48,1,0.0
101999,3,82,7.49,3,0.0
102000,1,79,21.11,1,0.0
102000,2,34,23.87,1,0.1
102000,3,71,7.66,3,0.0
102000,4,78,9.81,7,0.1
102000,5,27,10.18,7,0.0
102001,1,104,23.89,3,0.05
102001,2,40,23.57,1,0.05
102001,3,118,20.0,5,0.1
102001,4,12,79.89,4,0.0
102001,5,53,27.21,6,0.0
102001,6,45,11.31,6,0.2
102002,1,65,13.57,1,0.05
102002,2,34,24.78,7,0.03
102002,3,45,11.74,2,0.15
102002,4,78,9.87,1,0.05
102002,5,41,48.58,1,0.1
102002,6,89,16.68,6,0.1
102003,1,14,25.19,3,0.0
102003,2,33,12.29,3,0.03
102003,3,71,7.96,11,0.15
102004,1,67,37.22,7,0.1
102005,1,60,11.99,2,0.0
102005,2,71,7.64,3,0.0
102005,3,56,25.18,9,0.2
102006,1,15,10.52,1,0.0
102006,2,78,10.51,9,0.0
102006,3,24,48.19,2,0.1
102007,1,60,13.16,6,0.2
102007,2,53,23.31,1,0.05
102007,3,76,24.24,16,0.1
102007,4,78,9.01,1,0.0
102008,1,90,55.1,9,0.15
102008,2,72,7.91,3,0.0
102008,3,52,48.16,2,0.0
102008,4,58,7.83,3,0.0
102009,1,45,11.43,6,0.1
102009,2,32,17.88,4,0.05
102010,1,83,33.27,7,0.0
102010,2,64,27.62,5,0.05
102010,3,24,48.38,15,0.05
102011,1,24,53.26,5,0.05
102012,1,14,24.8,6,0.0
102012,2,106,22.49,6,0.1
102012,3,78,10.48,6,0.0
102012,4,2,31.0,3,0.0
102012,5,79,16.37,2,0.05
102013,1,67,32.81,5,0.1
102013,2,61,21.1,11,0.0
102013,3,72,8.86,4,0.0
102014,1,71,7.79,3,0.0
102014,2,81,22.11,2,0.0
102014,3,47,23.75,2,0.0
102014,4,53,22.82,1,0.0
102014,5,72,9.59,2,0.1
102015,1,80,25.54,1,0.0
102015,2,50,12.37,3,0.0
102015,3,82,6.16,7,0.0
102015,4,52,45.6,4,0.03
102016,1,15,9.81,6,0.0
102017,1,27,9.8,2,0.05
102017,2,72,8.78,4,0.0
102017,3,100,62.17,5,0.0
102018,1,64,21.26,1,0.0
102018,2,81,26.04,2,0.0
102018,3,11,31.45,3,0.05
102019,1,45,13.08,8,0.0
102019,2,94,27.54,1,0.1
102019,3,87,30.15,6,0.1
102019,4,106,20.94,5,0.05
102020,1,71,7.01,3,0.0
102020,2,14,24.73,1,0.0
102021,1,82,6.32,2,0.0
102021,2,23,25.65,3,0.1
102021,3,1,28.78,2,0.0
102021,4,66,8.47,4,0.0
102022,1,54,22.07,3,0.0
102022,2,101,25.19,2,0.0
102022,3,116,35.67,5,0.05
102022,4,90,64.55,2,0.05
102022,5,71,7.18,3,0.05
102023,1,79,17.4,1,0.0
102023,2,65,11.74,8,0.0
102023,3,117,9.72,12,0.0
102024,1,116,35.99,2,0.15
102024,2,104,27.94,3,0.1
102025,1,108,34.65,8,0.0
102025,2,78,10.3,2,0.2
102026,1,66,8.11,2,0.1
102026,2,86,27.06,4,0.0
102027,1,15,11.33,5,0.0
102027,2,58,7.86,1,0.03
102027,3,75,15.43,1,0.0
102027,4,100,63.37,5,0.0
102027,5,107,40.07,1,0.0
102028,1,81,27.5,3,0.0
102028,2,60,11.14,2,0.0
102028,3,105,5.45,5,0.0
102029,1,71,7.29,5,0.0
102029,2,17,14.61,6,0.03
102029,3,66,8.33,3,0.0
102030,1,15,10.75,2,0.05
102031,1,52,44.43,2,0.0
102031,2,49,23.77,5,0.0
102031,3,40,22.59,9,0.1
102031,4,43,36.22,1,0.0
102031,5,99,24.65,7,0.0
102032,1,80,24.25,2,0.15
102032,2,55,22.75,3,0.0
102032,3,8,5.26,5,0.1
102032,4,68,26.47,2,0.0
102033,1,104,23.74,4,0.05
102033,2,58,8.04,8,0.0
102033,3,10,54.27,1,0.0
102033,4,89,17.92,2,0.05
102033,5,107,41.24,3,0.0
102034,1,114,29.16,2,0.1
102034,2,101,21.3,3,0.0
102034,3,110,21.79,7,0.0
102034,4,79,20.21,5,0.0
102035,1,1,28.76,2,0.1
102035,2,61,19.93,5,0.1
102035,3,19,25.85,1,0.05
102035,4,116,44.32,1,0.0
102036,1,94,27.73,1,0.1
102036,2,49,27.46,8,0.0
102037,1,89,18.74,2,0.0
102037,2,87,27.57,3,0.0
102037,3,11,29.64,6,0.05
102038,1,110,26.29,11,0.1
102038,2,41,57.68,1,0.0
102038,3,64,23.99,6,0.03
102038,4,82,6.47,5,0.0
102038,5,116,39.23,2,0.05
102039,1,56,29.58,3,0.1
102040,1,81,26.35,2,0.0
102040,2,69,4.49,2,0.0
102041,1,53,24.01,5,0.05
102041,2,43,42.71,6,0.05
102041,3,63,45.02,7,0.0
102042,1,83,30.97,5,0.0
102042,2,110,30.02,2,0.0
102042,3,45,10.26,2,0.1
102042,4,27,9.57,4,0.15
102043,1,75,17.0,6,0.0
102043,2,60,12.36,2,0.05
102043,3,110,25.58,5,0.03
102043,4,52,48.77,4,0.05
102043,5,69,4.14,6,0.05
102044,1,71,7.09,3,0.05
102044,2,40,28.75,4,0.0
102044,3,19,26.98,3,0.1
102045,1,55,19.83,5,0.1
102045,2,32,17.52,4,0.05
102045,3,51,46.55,1,0.05
102045,4,112,74.87,9,0.0
102045,5,52,45.08,5,0.05
102046,1,101,26.37,14,0.0
102046,2,60,10.98,6,0.1
102046,3,80,23.77,6,0.03
102046,4,61,23.23,2,0.0
102047,1,56,27.25,11,0.0
102047,2,83,35.66,3,0.0
102047,3,94,29.88,9,0.15
102048,1,100,58.23,5,0.0
102048,2,77,37.17,4,0.0
102049,1,71,7.48,1,0.1
102049,2,27,9.22,3,0.05
102050,1,4,7.4,3,0.0
102050,2,78,8.9,3,0.1
102050,3,94,28.46,1,0.0
102051,1,33,11.66,2,0.0
102051,2,63,33.57,3,0.0
102051,3,24,48.87,4,0.0
102051,4,45,12.38,2,0.05
102052,1,80,24.1,6,0.0
102052,2,111,85.56,6,0.05
102052,3,101,25.51,4,0.0
102052,4,118,18.71,5,0.0
102052,5,110,25.46,1,0.0
102052,6,72,10.13,6,0.0
102052,7,46,17.81,3,0.0
102052,8,94,32.56,4,0.0
102053,1,40,24.67,6,0.1
102053,2,26,15.57,6,0.15
102053,3,33,9.97,6,0.0
102053,4,78,8.41,7,0.1
102054,1,71,7.05,4,0.15
102054,2,40,25.37,3,0.0
102054,3,79,19.16,2,0.03
102055,1,72,8.58,1,0.0
102055,2,90,52.05,6,0.0
102055,3,108,36.23,4,0.05
102055,4,78,10.05,3,0.0
102056,1,80,24.24,4,0.05
102056,2,113,10.11,3,0.03
102057,1,51,44.43,1,0.03
102057,2,58,9.79,1,0.03
102057,3,76,22.78,1,0.0
102057,4,107,42.2,4,0.03
102057,5,70,12.63,1,0.0
102057,6,49,24.73,2,0.0
102058,1,82,6.87,4,0.0
102058,2,81,26.61,1,0.0
102058,3,16,5.56,2,0.1
102058,4,92,31.28,4,0.05
102059,1,81,24.98,1,0.1
102059,2,114,28.49,7,0.1
102059,3,32,17.74,3,0.0
102060,1,53,23.94,7,0.0
102060,2,98,11.53,4,0.1
102060,3,10,45.26,4,0.0
102060,4,45,11.8,4,0.0
102060,5,54,22.12,9,0.03
102060,6,94,29.73,1,0.03
102061,1,81,29.58,3,0.0
102061,2,1,25.95,7,0.1
102061,3,72,8.2,6,0.15
102062,1,106,20.15,6,0.0
102062,2,25,10.83,2,0.0
102062,3,37,20.94,3,0.0
102062,4,83,29.53,2,0.0
102062,5,94,26.09,11,0.0
102062,6,116,37.88,4,0.05
102063,1,33,10.1,2,0.2
102063,2,65,12.82,4,0.05
102064,1,104,25.47,2,0.0
102064,2,76,23.05,7,0.0
102064,3,8,4.6,5,0.05
102064,4,75,18.64,3,0.0
102064,5,101,23.04,4,0.0
102064,6,12,83.15,2,0.0
102064,7,31,4.78,11,0.0
102065,1,45,9.98,7,0.03
102065,2,24,47.32,3,0.1
102065,3,85,30.08,3,0.0
102065,4,67,29.99,4,0.0
102065,5,72,8.97,5,0.03
102066,1,90,52.05,3,0.0
102066,2,83,29.04,4,0.0
102066,3,5,26.09,4,0.03
102066,4,25,13.91,5,0.0
102066,5,62,32.63,2,0.1
102066,6,16,5.37,1,0.0
102067,1,77,31.13,9,0.0
102067,2,9,23.12,4,0.0
102067,3,40,25.23,4,0.0
102067,4,116,36.63,9,0.1
102067,5,34,24.97,6,0.0
102068,1,72,8.41,1,0.0
102068,2,24,55.82,2,0.0
102069,1,32,18.81,8,0.0
102069,2,82,7.06,3,0.15
102069,3,27,9.44,2,0.2
102069,4,37,19.28,12,0.0
102069,5,62,35.54,9,0.0
102070,1,46,17.48,3,0.05
102070,2,88,36.0,3,0.03
102070,3,21,27.86,3,0.0
102071,1,83,32.92,2,0.03
102071,2,48,44.66,4,0.0
102071,3,51,42.25,7,0.0
102071,4,113,9.16,5,0.0
102071,5,14,25.58,2,0.05
102072,1,105,5.85,3,0.0
102072,2,28,6.15,10,0.05
102072,3,21,34.63,8,0.0
102072,4,83,29.95,6,0.05
102073,1,83,32.51,1,0.0
102073,2,110,27.51,6,0.03
102073,3,25,11.1,3,0.0
102073,4,57,48.65,7,0.0
102073,5,44,15.3,5,0.0
102074,1,93,24.84,1,0.0
102074,2,53,25.49,1,0.15
102074,3,45,11.44,6,0.03
102074,4,79,17.1,1,0.1
102074,5,46,17.07,4,0.05
102075,1,104,26.21,4,0.0
102075,2,75,18.78,1,0.0
102075,3,112,83.07,5,0.0
102075,4,97,14.61,5,0.15
102075,5,10,52.57,11,0.0
102076,1,72,8.62,6,0.0
102076,2,83,34.64,2,0.0
102076,3,45,12.75,8,0.15
102076,4,76,28.05,1,0.05
102077,1,83,33.07,2,0.0
102077,2,89,15.52,3,0.0
102077,3,116,40.13,2,0.05
102077,4,98,11.86,1,0.0
102077,5,14,26.16,3,0.05
102078,1,110,29.74,4,0.05
102078,2,83,29.42,11,0.0
102079,1,103,29.77,10,0.05
102079,2,10,55.24,3,0.0
102079,3,58,8.48,5,0.0
102080,1,5,26.76,3,0.0
102080,2,45,12.01,11,0.05
102080,3,101,22.36,2,0.0
102080,4,58,8.08,5,0.1
102081,1,51,43.31,2,0.0
102081,2,79,20.41,2,0.0
102081,3,83,33.16,3,0.2
102081,4,45,10.74,1,0.1
102081,5,98,12.43,1,0.1
102082,1,58,7.45,2,0.0
102082,2,102,21.1,3,0.0
102082,3,67,30.74,2,0.03
102082,4,75,17.75,6,0.0
102083,1,26,13.67,3,0.0
102083,2,23,23.39,7,0.0
102084,1,29,48.12,5,0.0
102085,1,61,20.83,1,0.05
102085,2,58,8.63,4,0.0
102085,3,82,5.81,2,0.1
102086,1,31,5.44,4,0.0
102087,1,113,10.27,3,0.03
102087,2,90,55.69,4,0.1
102088,1,78,9.81,1,0.0
102088,2,99,26.59,7,0.0
102089,1,26,14.94,2,0.03
102089,2,70,11.25,7,0.0
102089,3,69,4.28,4,0.05
102089,4,99,26.58,3,0.0
102090,1,19,34.12,4,0.0
102090,2,76,27.33,1,0.0
102090,3,97,14.34,7,0.0
102091,1,119,10.51,1,0.0
102091,2,94,27.96,3,0.03
102091,3,37,17.67,3,0.0
102091,4,51,46.0,1,0.05
102092,1,15,11.83,6,0.0
102092,2,67,31.19,6,0.0
102093,1,83,32.08,8,0.0
102093,2,40,24.11,7,0.1
102093,3,108,33.74,3,0.0
102093,4,73,18.25,4,0.1
102093,5,80,22.64,2,0.03
102094,1,44,15.83,5,0.05
102094,2,87,24.94,4,0.0
102095,1,58,7.61,3,0.05
102095,2,46,17.13,5,0.03
102095,3,87,24.98,3,0.0
102096,1,9,25.8,6,0.0
102096,2,109,3.73,2,0.0
102096,3,76,24.33,3,0.0
102097,1,117,8.27,5,0.1
102098,1,80,24.58,3,0.03
102098,2,45,11.36,6,0.0
102099,1,78,9.11,1,0.0
102099,2,98,13.92,2,0.0
102099,3,103,30.27,7,0.1
102099,4,97,16.4,2,0.05
102099,5,21,32.05,6,0.0
102100,1,37,19.15,4,0.0
102101,1,91,18.85,5,0.2
102101,2,83,28.66,5,0.0
102102,1,81,23.82,4,0.0
102102,2,65,11.91,2,0.05
102102,3,83,32.29,6,0.15
102103,1,106,17.29,4,0.03
102104,1,78,10.19,2,0.1
102104,2,80,23.67,1,0.0
102104,3,90,52.39,10,0.15
102105,1,76,24.82,4,0.0
102105,2,94,32.72,1,0.0
102106,1,10,52.44,6,0.0
102106,2,40,24.87,1,0.1
102106,3,27,9.82,2,0.0
102107,1,76,24.56,3,0.0
102107,2,115,32.35,3,0.05
102107,3,113,10.35,6,0.0
102107,4,71,7.25,9,0.2
102107,5,75,18.62,1,0.0
102107,6,65,12.48,4,0.0
102108,1,95,18.56,3,0.0
102108,2,97,15.33,5,0.0
102108,3,45,12.11,1,0.0
102108,4,12,89.25,2,0.03
102109,1,75,19.33,4,0.0
102109,2,90,51.28,3,0.0
102109,3,119,11.48,2,0.0
102110,1,52,48.96,2,0.0
102110,2,21,28.4,5,0.15
102110,3,117,9.82,13,0.0
102110,4,78,8.69,2,0.05
102111,1,76,23.25,9,0.0
102111,2,62,33.02,4,0.03
102111,3,97,12.83,4,0.1
102111,4,60,11.86,1,0.0
102111,5,98,12.63,3,0.0
102111,6,100,62.35,4,0.0
102111,7,19,25.12,2,0.0
102112,1,28,7.27,4,0.0
102112,2,83,28.09,2,0.0
102112,3,85,25.26,2,0.0
102112,4,35,24.39,5,0.05
102113,1,4,8.15,5,0.0
102114,1,45,10.64,7,0.03
102114,2,15,10.39,7,0.03
102115,1,42,19.82,1,0.0
102115,2,90,47.37,2,0.0
102116,1,5,24.08,5,0.0
102116,2,60,10.19,3,0.03
102116,3,35,28.7,3,0.0
102116,4,32,17.18,4,0.1
102117,1,52,47.85,9,0.0
102117,2,17,16.63,2,0.0
102117,3,28,6.47,3,0.0
102117,4,89,15.86,5,0.0
102117,5,65,10.02,11,0.05
102117,6,75,19.36,13,0.1
102118,1,83,29.94,4,0.03
102118,2,71,7.93,1,0.1
102118,3,82,6.47,2,0.0
102118,4,67,30.8,2,0.0
102118,5,14,20.46,2,0.0
102119,1,116,34.37,2,0.0
102119,2,97,14.19,5,0.05
102119,3,24,55.44,7,0.0
102120,1,48,42.25,6,0.0
102120,2,66,7.95,2,0.0
102120,3,101,23.8,5,0.15
102120,4,28,6.35,1,0.05
102121,1,116,43.88,9,0.0
102121,2,52,47.23,1,0.05
102122,1,30,5.68,2,0.03
102122,2,37,17.2,5,0.1
102122,3,110,24.89,4,0.05
102122,4,45,12.56,9,0.05
102122,5,63,41.79,1,0.0
102123,1,116,40.52,3,0.0
102123,2,72,9.98,3,0.2
102123,3,8,5.23,4,0.05
102123,4,69,4.64,10,0.1
102123,5,45,13.22,6,0.0
102123,6,97,14.6,4,0.05
102124,1,82,6.55,4,0.0
102125,1,94,26.26,2,0.03
102125,2,80,22.55,3,0.0
102125,3,92,23.82,3,0.05
102125,4,72,9.07,5,0.15
102125,5,98,11.64,3,0.0
102126,1,10,52.56,7,0.0
102126,2,58,6.25,3,0.0
102126,3,52,48.38,2,0.0
102127,1,67,34.47,3,0.0
102127,2,65,12.98,4,0.0
102127,3,120,5.19,2,0.0
102127,4,81,22.68,4,0.0
102127,5,58,7.91,6,0.1
102128,1,14,25.88,1,0.05
102128,2,54,22.76,3,0.0
102129,1,9,22.32,2,0.0
102129,2,97,14.32,4,0.0
102129,3,25,12.29,7,0.05
102129,4,45,10.9,4,0.0
102129,5,106,21.47,3,0.0
102130,1,1,29.55,3,0.0
102130,2,116,38.23,6,0.0
102130,3,52,43.58,7,0.0
102131,1,85,26.71,1,0.0
102131,2,13,36.7,2,0.0
102131,3,44,15.93,4,0.05
102131,4,7,16.05,5,0.0
102131,5,71,6.98,8,0.05
102132,1,64,25.36,7,0.05
102132,2,87,23.52,4,0.15
102132,3,81,22.43,7,0.05
102133,1,92,28.82,10,0.0
102134,1,22,15.89,7,0.0
102134,2,53,23.74,2,0.0
102134,3,79,18.2,6,0.05
102135,1,9,28.52,1,0.03
102136,1,65,12.58,7,0.0
102136,2,116,33.43,3,0.05
102136,3,15,9.96,11,0.0
102136,4,81,21.14,5,0.0
102136,5,67,29.66,9,0.2
102137,1,97,13.43,3,0.05
102137,2,29,60.56,4,0.03
102137,3,72,8.04,3,0.0
102138,1,68,24.82,3,0.05
102138,2,21,27.37,5,0.03
102138,3,33,10.94,6,0.0
102138,4,71,6.63,2,0.03
102138,5,88,36.15,5,0.1
102139,1,24,52.42,1,0.0
102139,2,34,24.83,3,0.05
102140,1,79,21.77,3,0.0
102140,2,53,21.44,3,0.0
102140,3,116,40.75,1,0.0
102141,1,36,32.45,3,0.0
102142,1,50,9.92,10,0.05
102142,2,84,16.36,3,0.0
102142,3,85,26.36,9,0.0
102143,1,113,9.3,10,0.0
102143,2,31,5.38,4,0.03
102143,3,58,7.37,9,0.0
102143,4,32,18.12,4,0.05
102144,1,25,13.68,1,0.0
102144,2,15,11.25,3,0.1
102144,3,47,23.96,7,0.03
102144,4,34,23.8,1,0.03
102145,1,116,31.68,3,0.0
102145,2,76,26.21,9,0.0
102146,1,116,37.77,5,0.0
102147,1,32,20.4,4,0.0
102148,1,81,24.54,5,0.05
102148,2,106,20.36,3,0.0
102149,1,71,7.83,6,0.05
102149,2,21,30.18,3,0.0
102149,3,45,10.74,2,0.0
102149,4,67,30.48,2,0.0
102149,5,44,18.61,5,0.0
102150,1,72,8.15,2,0.0
102150,2,81,22.58,4,0.0
102150,3,116,31.88,4,0.0
102150,4,110,22.26,3,0.0
102150,5,14,24.76,6,0.2
102151,1,53,28.8,2,0.0
102151,2,107,38.3,2,0.0
102151,3,73,20.32,3,0.0
102152,1,110,23.35,3,0.1
102153,1,41,49.92,5,0.0
102153,2,47,21.11,1,0.1
102154,1,70,12.69,2,0.0
102154,2,94,29.75,1,0.1
102154,3,81,23.2,3,0.0
102155,1,91,18.37,1,0.0
102155,2,5,25.14,2,0.0
102155,3,44,16.68,5,0.0
102155,4,11,35.01,9,0.0
102156,1,99,27.22,5,0.0
102156,2,17,14.14,3,0.1
102156,3,109,4.4,3,0.05
102156,4,51,51.72,3,0.0
102156,5,71,7.43,7,0.05
102157,1,88,36.92,2,0.0
102157,2,60,11.91,1,0.0
102158,1,39,108.7,5,0.0
102158,2,14,23.12,2,0.0
102158,3,81,25.61,1,0.0
102158,4,63,37.41,3,0.05
102158,5,65,13.15,3,0.0
102158,6,83,34.92,4,0.0
102158,7,106,18.64,3,0.05
102159,1,106,21.1,5,0.0
102159,2,97,16.27,3,0.1
102159,3,66,6.68,7,0.0
102159,4,103,25.02,16,0.0
102159,5,28,5.28,2,0.03
102159,6,8,4.92,6,0.0
102160,1,67,33.16,5,0.05
102160,2,116,35.89,3,0.15
102160,3,31,5.23,3,0.1
102160,4,96,77.19,8,0.0
102161,1,15,10.74,5,0.0
102161,2,16,5.23,1,0.0
102162,1,33,9.77,3,0.05
102162,2,92,29.41,2,0.05
102162,3,32,19.07,2,0.05
102162,4,116,45.73,3,0.2
102162,5,107,42.25,10,0.0
102163,1,106,19.41,2,0.0
102163,2,67,35.77,5,0.0
102164,1,5,26.64,3,0.05
102164,2,65,12.63,4,0.1
102164,3,60,13.45,2,0.15
102164,4,82,7.06,3,0.05
102164,5,18,18.94,1,0.0
102164,6,75,18.17,1,0.03
102165,1,8,5.08,4,0.2
102165,2,113,9.24,4,0.03
102165,3,110,29.8,9,0.0
102166,1,82,6.8,1,0.0
102167,1,107,38.97,1,0.03
102167,2,76,23.16,8,0.15
102167,3,45,12.48,3,0.0
102168,1,1,26.58,1,0.0
102168,2,82,6.61,5,0.2
102168,3,87,30.73,4,0.05
102169,1,85,27.69,4,0.15
102169,2,97,14.98,2,0.1
102169,3,25,12.11,4,0.1
102169,4,79,20.62,1,0.0
102169,5,24,47.43,3,0.05
102169,6,65,10.92,15,0.0
102170,1,113,11.0,15,0.0
102170,2,114,27.81,1,0.03
102170,3,116,42.2,4,0.1
102170,4,97,12.73,6,0.0
102170,5,101,25.8,10,0.05
102171,1,53,23.82,4,0.1
102171,2,2,31.64,3,0.0
102171,3,83,29.31,11,0.0
102171,4,116,36.02,6,0.0
102172,1,45,11.04,1,0.15
102172,2,100,61.96,3,0.03
102173,1,9,20.98,3,0.05
102173,2,72,7.42,1,0.0
102174,1,51,42.6,3,0.05
102174,2,53,25.13,12,0.0
102174,3,45,12.05,3,0.1
102174,4,94,28.8,3,0.0
102175,1,26,16.03,8,0.0
102175,2,117,8.83,3,0.0
102175,3,81,20.67,3,0.0
102175,4,58,8.49,1,0.0
102176,1,67,30.77,2,0.0
102176,2,37,19.44,1,0.0
102177,1,94,32.82,4,0.0
102177,2,110,24.91,4,0.0
102178,1,81,24.19,2,0.15
102178,2,97,15.43,5,0.2
102178,3,104,25.38,4,0.0
102179,1,82,5.96,3,0.05
102179,2,99,26.97,2,0.0
102179,3,81,24.54,4,0.0
102180,1,116,35.04,2,0.15
102181,1,45,12.5,6,0.0
102181,2,27,9.49,9,0.0
102182,1,8,5.01,3,0.03
102182,2,100,61.83,6,0.05
102182,3,98,12.26,3,0.0
102183,1,72,8.4,1,0.0
102183,2,97,14.05,4,0.0
102183,3,79,19.38,1,0.0
102183,4,104,24.41,2,0.05
102184,1,116,37.81,3,0.0
102184,2,72,8.28,2,0.0
102184,3,114,23.65,3,0.15
102185,1,116,37.46,7,0.0
102185,2,80,21.72,2,0.0
102186,1,112,73.34,4,0.05
102186,2,8,4.73,10,0.15
102186,3,111,86.6,5,0.0
102187,1,15,12.35,8,0.0
102187,2,44,16.4,2,0.1
102187,3,51,44.01,1,0.03
102188,1,25,10.9,3,0.1
102189,1,38,25.24,8,0.1
102189,2,19,26.1,4,0.1
102189,3,58,7.58,8,0.05
102190,1,32,17.65,2,0.0
102190,2,87,24.83,9,0.05
102190,3,12,81.03,4,0.0
102190,4,80,24.24,4,0.0
102191,1,40,25.04,2,0.0
102191,2,68,24.86,14,0.0
102192,1,16,4.98,3,0.0
102192,2,72,7.61,12,0.15
102192,3,97,13.48,1,0.03
102192,4,13,30.16,3,0.05
102193,1,110,23.56,6,0.0
102193,2,5,26.69,5,0.03
102193,3,67,33.52,1,0.0
102193,4,45,11.32,2,0.0
102194,1,110,26.89,5,0.0
102194,2,45,12.94,6,0.05
102194,3,65,11.8,5,0.03
102194,4,64,25.01,4,0.0
102194,5,89,18.44,6,0.0
102194,6,83,28.9,5,0.03
102195,1,71,7.53,10,0.05
102195,2,45,12.87,3,0.0
102196,1,88,39.16,3,0.1
102196,2,99,28.64,2,0.0
102196,3,110,23.57,6,0.0
102196,4,21,26.48,5,0.0
102196,5,116,34.61,3,0.0
102197,1,60,12.59,5,0.0
102197,2,43,34.34,7,0.0
102197,3,1,25.66,5,0.1
102197,4,87,28.06,9,0.0
102198,1,62,32.11,9,0.1
102199,1,72,9.08,5,0.0
102199,2,103,29.8,4,0.0
102199,3,79,17.94,1,0.0
102200,1,76,21.18,3,0.1
102200,2,24,57.61,3,0.0
102200,3,52,49.51,2,0.0
102201,1,44,14.99,2,0.0
102201,2,37,18.84,2,0.05
102201,3,103,30.41,7,0.0
102202,1,51,53.56,4,0.0
102203,1,5,23.24,2,0.1
102203,2,81,25.08,3,0.0
102203,3,26,15.25,4,0.0
102203,4,43,36.43,1,0.2
102204,1,99,22.8,1,0.0
102204,2,83,32.19,7,0.0
102204,3,93,25.95,2,0.15
102204,4,117,8.99,3,0.0
102205,1,110,27.81,7,0.0
102205,2,15,12.59,2,0.03
102205,3,46,17.29,2,0.05
102206,1,71,7.59,2,0.0
102206,2,33,10.2,5,0.0
102206,3,43,36.73,6,0.05
102207,1,33,10.94,4,0.0
102207,2,105,5.95,7,0.1
102207,3,60,11.7,7,0.0
102208,1,89,18.29,6,0.0
102208,2,58,8.66,8,0.1
102208,3,81,22.99,5,0.0
102208,4,72,8.37,1,0.0
102208,5,6,11.17,7,0.05
102209,1,110,25.0,4,0.1
102209,2,79,19.9,7,0.05
102209,3,35,32.84,3,0.0
102209,4,13,40.48,6,0.0
102210,1,114,27.67,3,0.03
102210,2,40,24.85,1,0.1
102210,3,67,30.0,4,0.05
102211,1,44,16.2,4,0.15
102212,1,83,32.91,3,0.0
102212,2,53,22.72,4,0.0
102212,3,105,5.7,4,0.05
102213,1,60,12.12,1,0.0
102213,2,6,11.84,3,0.0
102213,3,62,33.52,2,0.03
102213,4,24,52.8,5,0.0
102213,5,2,30.38,5,0.2
102213,6,72,8.08,2,0.0
102214,1,71,6.63,4,0.0
102215,1,63,40.81,3,0.05
102215,2,81,24.07,7,0.05
102215,3,15,12.58,1,0.03
102215,4,36,29.65,3,0.0
102216,1,72,9.58,4,0.0
102216,2,117,9.04,3,0.05
102216,3,44,12.59,5,0.0
102216,4,45,12.54,4,0.0
102217,1,31,4.8,5,0.2
102217,2,32,15.79,3,0.0
102218,1,34,22.48,5,0.0
102218,2,116,37.66,10,0.05
102218,3,99,25.22,2,0.0
102218,4,64,22.43,5,0.0
102219,1,94,29.92,1,0.0
102219,2,87,26.92,1,0.0
102219,3,53,22.29,4,0.0
102220,1,25,10.9,2,0.0
102220,2,71,7.2,2,0.0
102220,3,12,88.26,10,0.0
102220,4,40,27.02,4,0.0
102220,5,91,16.61,5,0.05
102221,1,24,55.04,11,0.03
102221,2,95,19.66,3,0.0
102221,3,47,18.95,8,0.05
102221,4,8,4.96,4,0.0
102222,1,110,26.89,7,0.05
102222,2,21,25.71,2,0.0
102223,1,98,13.31,5,0.03
102223,2,97,14.13,3,0.2
102223,3,81,26.26,5,0.0
102223,4,69,3.84,2,0.15
102224,1,110,28.37,2,0.0
102224,2,58,7.99,3,0.0
102224,3,11,35.57,5,0.03
102224,4,98,12.47,6,0.1
102225,1,71,7.96,5,0.05
102225,2,76,23.07,3,0.0
102225,3,113,10.04,3,0.2
102226,1,97,14.14,3,0.1
102226,2,79,21.76,12,0.0
102226,3,49,27.58,5,0.0
102227,1,57,47.06,3,0.0
102227,2,112,91.43,4,0.05
102227,3,113,9.65,2,0.1
102227,4,96,71.7,10,0.1
102228,1,116,35.26,6,0.0
102228,2,70,11.51,3,0.0
102228,3,94,28.36,3,0.15
102228,4,95,20.55,5,0.1
102228,5,53,24.73,15,0.15
102228,6,65,10.31,3,0.15
102228,7,83,31.65,1,0.15
102229,1,9,24.32,3,0.0
102229,2,3,57.83,4,0.1
102229,3,112,75.88,1,0.0
102229,4,45,12.69,7,0.0
102230,1,116,40.84,8,0.0
102230,2,44,16.96,8,0.1
102231,1,71,7.32,3,0.05
102231,2,97,15.9,4,0.15
102232,1,60,12.33,2,0.0
102232,2,88,31.3,9,0.0
102232,3,8,4.9,1,0.05
102232,4,40,26.67,5,0.0
102232,5,91,20.97,5,0.05
102233,1,24,45.81,7,0.0
102233,2,97,14.9,5,0.0
102233,3,8,4.61,4,0.0
102233,4,110,27.68,3,0.0
102234,1,83,31.73,2,0.0
102234,2,99,25.72,2,0.05
102234,3,16,5.02,2,0.0
102235,1,79,20.31,6,0.03
102235,2,34,23.68,2,0.0
102236,1,46,14.94,6,0.03
102236,2,76,23.94,8,0.0
102236,3,8,4.29,2,0.05
102237,1,46,15.56,4,0.0
102237,2,81,24.32,7,0.0
102237,3,32,17.25,2,0.0
102238,1,45,13.3,8,0.1
102238,2,8,4.38,4,0.0
102238,3,92,30.99,5,0.0
102238,4,24,52.46,1,0.0
102238,5,83,31.98,3,0.1
102238,6,4,7.32,4,0.1
102238,7,97,15.12,3,0.0
102239,1,97,14.13,4,0.0
102239,2,39,111.68,3,0.0
102239,3,23,21.63,5,0.2
102240,1,76,23.65,4,0.0
102240,2,110,24.3,1,0.0
102240,3,67,27.28,3,0.0
102240,4,71,6.75,1,0.1
102240,5,95,18.31,12,0.0
102241,1,79,18.6,3,0.0
102241,2,53,22.25,5,0.0
102242,1,42,19.15,2,0.0
102242,2,111,94.88,5,0.0
102242,3,88,38.11,7,0.0
102242,4,15,11.73,5,0.05
102243,1,81,27.95,2,0.05
102243,2,45,11.18,6,0.0
102243,3,80,19.05,2,0.0
102243,4,68,25.7,3,0.0
102243,5,14,24.67,9,0.0
102243,6,70,12.68,5,0.0
102243,7,116,35.03,1,0.1
102244,1,24,46.5,3,0.05
102244,2,12,70.96,5,0.0
102245,1,26,16.5,3,0.0
102245,2,45,11.0,1,0.03
102246,1,45,11.83,3,0.0
102246,2,85,27.87,2,0.1
102247,1,112,84.47,8,0.0
102248,1,71,6.7,4,0.03
102248,2,107,36.53,8,0.03
102248,3,24,47.67,1,0.0
102248,4,89,16.21,4,0.03
102249,1,108,38.96,8,0.0
102250,1,89,17.71,3,0.0
102250,2,60,10.7,4,0.0
102250,3,107,40.19,8,0.0
102250,4,45,12.88,5,0.0
102251,1,71,7.8,5,0.0
102251,2,70,11.03,4,0.0
102251,3,26,16.07,4,0.15
102251,4,1,28.52,1,0.0
102252,1,24,53.38,6,0.0
102252,2,14,26.49,12,0.05
102252,3,49,26.45,6,0.2
102252,4,88,38.68,5,0.0
102252,5,34,28.6,3,0.1
102252,6,11,35.9,5,0.0
102252,7,45,12.81,7,0.15
102253,1,8,5.74,4,0.0
102253,2,12,74.29,8,0.0
102254,1,82,5.99,5,0.0
102254,2,45,12.01,2,0.05
102254,3,97,17.1,7,0.0
102254,4,12,83.48,3,0.0
102254,5,116,36.71,2,0.0
102255,1,10,51.03,7,0.0
102255,2,82,6.04,11,0.05
102255,3,84,13.81,4,0.0
102256,1,91,17.44,5,0.15
102256,2,84,15.43,2,0.0
102256,3,1,29.2,6,0.03
102256,4,83,38.7,4,0.0
102257,1,99,25.39,1,0.0
102257,2,83,29.56,3,0.0
102257,3,107,39.6,2,0.0
102258,1,97,15.95,2,0.0
102258,2,81,26.5,2,0.03
102258,3,58,7.68,3,0.03
102259,1,72,8.31,1,0.05
102259,2,24,47.58,4,0.0
102260,1,28,7.25,5,0.0
102260,2,83,35.45,1,0.0
102260,3,97,13.13,3,0.1
102261,1,94,29.83,2,0.0
102261,2,78,8.89,2,0.1
102261,3,98,12.38,4,0.0
102262,1,45,12.76,3,0.0
102262,2,50,9.9,3,0.0
102262,3,62,31.27,2,0.15
102262,4,98,13.28,1,0.1
102262,5,63,39.31,5,0.0
102263,1,110,25.02,7,0.0
102263,2,101,25.16,9,0.0
102263,3,70,10.71,4,0.0
102263,4,23,23.64,1,0.0
102263,5,61,19.05,3,0.0
102263,6,28,5.47,8,0.0
102264,1,85,30.52,6,0.15
102264,2,24,51.39,5,0.15
102265,1,99,26.41,3,0.0
102265,2,44,14.35,2,0.1
102265,3,6,11.18,5,0.0
102266,1,26,14.91,2,0.0
102266,2,83,31.2,7,0.0
102266,3,81,23.27,6,0.05
102266,4,105,5.7,3,0.0
102267,1,14,22.92,5,0.0
102267,2,109,3.63,6,0.0
102267,3,91,19.83,3,0.0
102267,4,99,25.66,2,0.0
102267,5,50,10.79,7,0.03
102268,1,49,24.13,8,0.0
102268,2,114,22.2,2,0.15
102269,1,32,21.4,5,0.0
102269,2,53,29.59,5,0.03
102269,3,110,24.56,1,0.0
102269,4,109,4.0,4,0.05
102269,5,83,29.88,2,0.03
102270,1,82,7.01,1,0.05
102270,2,42,22.09,6,0.0
102270,3,41,53.83,3,0.0
102270,4,45,12.06,10,0.0
102270,5,110,28.74,2,0.15
102271,1,106,21.58,3,0.0
102271,2,90,53.85,4,0.05
102271,3,79,21.24,1,0.0
102272,1,87,28.01,4,0.1
102272,2,60,10.65,2,0.0
102272,3,83,28.5,6,0.0
102272,4,99,24.74,4,0.05
102272,5,15,11.59,5,0.0
102272,6,66,7.48,2,0.0
102273,1,110,22.28,5,0.0
102273,2,21,32.01,1,0.1
102273,3,79,17.03,2,0.03
102273,4,60,12.82,3,0.05
102273,5,116,41.84,6,0.0
102274,1,80,23.29,7,0.0
102274,2,95,21.8,2,0.0
102274,3,45,11.99,1,0.1
102274,4,94,33.38,2,0.0
102275,1,82,6.88,8,0.15
102275,2,83,32.09,3,0.05
102276,1,21,26.81,2,0.0
102276,2,52,52.01,5,0.05
102276,3,10,48.41,2,0.0
102276,4,24,39.42,5,0.0
102276,5,50,11.61,3,0.15
102277,1,110,25.35,2,0.0
102277,2,59,21.5,3,0.0
102277,3,40,23.86,5,0.0
102278,1,70,11.78,6,0.03
102278,2,43,35.46,5,0.1
102278,3,5,23.88,3,0.05
102279,1,97,14.41,5,0.03
102279,2,96,68.78,4,0.0
102280,1,4,7.78,3,0.05
102280,2,24,49.83,1,0.15
102280,3,74,32.62,3,0.03
102280,4,113,9.61,4,0.0
102280,5,72,10.15,2,0.05
102280,6,97,16.39,4,0.05
102281,1,71,6.73,6,0.1
102281,2,83,32.65,2,0.0
102281,3,99,24.84,5,0.0
102282,1,45,11.88,4,0.05
102283,1,62,35.41,2,0.05
102283,2,51,49.78,2,0.0
102283,3,97,14.93,8,0.0
102283,4,58,9.5,3,0.0
102283,5,71,6.39,4,0.0
102284,1,88,34.63,3,0.0
102284,2,44,16.82,9,0.1
102284,3,116,38.2,1,0.0
102285,1,32,20.44,8,0.05
102285,2,101,22.75,2,0.05
102286,1,6,11.46,1,0.1
102287,1,71,7.94,3,0.05
102287,2,107,45.02,3,0.0
102287,3,83,30.36,5,0.05
102287,4,60,12.88,1,0.0
102287,5,27,8.76,8,0.0
102288,1,80,24.96,4,0.0
102288,2,45,11.76,5,0.2
102288,3,71,6.38,2,0.15
102288,4,66,7.09,4,0.0
102288,5,106,21.76,2,0.0
102289,1,2,30.2,4,0.0
102289,2,51,43.18,3,0.0
102289,3,81,23.49,5,0.0
102289,4,1,29.86,5,0.0
102289,5,45,12.04,5,0.0
102290,1,45,13.15,4,0.03
102290,2,24,48.2,3,0.03
102290,3,53,24.62,5,0.0
102290,4,76,26.1,3,0.03
102291,1,52,41.35,2,0.1
102291,2,4,7.74,9,0.0
102291,3,39,126.26,3,0.1
102292,1,57,49.65,1,0.05
102292,2,24,49.34,1,0.0
102292,3,14,26.45,7,0.0
102293,1,19,27.98,4,0.0
102293,2,33,9.87,4,0.0
102293,3,81,25.43,1,0.05
102293,4,76,21.88,3,0.1
102293,5,99,26.58,13,0.0
102293,6,110,28.24,3,0.0
102294,1,80,23.51,3,0.0
102294,2,116,34.83,3,0.1
102295,1,105,6.24,5,0.1
102295,2,10,55.28,4,0.05
102296,1,94,31.98,3,0.03
102296,2,75,19.32,13,0.15
102296,3,10,56.3,8,0.0
102297,1,69,3.67,1,0.15
102297,2,3,57.25,3,0.1
102297,3,9,25.04,7,0.05
102297,4,32,19.61,2,0.05
102297,5,40,23.53,3,0.05
102298,1,45,12.69,5,0.0
102298,2,65,11.55,3,0.15
102298,3,82,5.26,5,0.15
102299,1,43,36.82,4,0.15
102299,2,80,26.1,3,0.0
102299,3,50,10.36,4,0.2
102299,4,58,7.6,3,0.0
102300,1,6,11.0,3,0.05
102300,2,65,13.04,11,0.0
102301,1,33,10.06,2,0.15
102301,2,98,11.98,5,0.15
102301,3,9,21.63,6,0.03
102301,4,81,26.36,6,0.0
102301,5,17,16.09,2,0.0
102302,1,82,7.48,5,0.0
102302,2,116,38.57,4,0.0
102302,3,113,9.28,5,0.0
102302,4,2,29.96,3,0.0
102303,1,58,8.39,8,0.2
102303,2,71,7.47,18,0.0
102303,3,113,11.35,3,0.2
102304,1,117,8.23,1,0.0
102304,2,110,25.3,3,0.1
102304,3,72,7.59,9,0.0
102304,4,80,24.02,6,0.05
102304,5,97,14.68,1,0.15
102304,6,115,36.96,1,0.1
102304,7,59,24.98,2,0.05
102305,1,81,25.32,3,0.1
102305,2,4,6.1,5,0.0
102305,3,24,52.19,2,0.0
102305,4,50,10.29,1,0.0
102306,1,80,26.85,2,0.0
102306,2,46,15.92,5,0.03
102306,3,81,25.03,2,0.05
102306,4,82,7.14,3,0.0
102307,1,104,27.13,6,0.0
102307,2,45,12.89,4,0.05
102307,3,27,10.19,4,0.05
102307,4,35,31.47,7,0.0
102308,1,24,51.7,3,0.0
102308,2,87,26.19,1,0.0
102308,3,40,23.64,4,0.0
102308,4,45,10.95,4,0.0
102309,1,52,52.43,6,0.05
102309,2,20,30.69,3,0.0
102309,3,12,80.49,4,0.03
102309,4,100,65.48,3,0.15
102309,5,65,13.21,10,0.0
102310,1,108,35.41,5,0.0
102310,2,86,27.92,2,0.0
102311,1,66,6.88,2,0.0
102311,2,63,46.57,4,0.0
102312,1,85,31.23,3,0.15
102312,2,60,12.52,1,0.0
102312,3,52,45.6,4,0.0
102312,4,44,12.96,6,0.05
102312,5,43,34.88,3,0.0
102312,6,31,4.88,3,0.0
102313,1,81,24.9,1,0.0
102313,2,61,21.25,6,0.1
102313,3,79,16.78,10,0.0
102313,4,92,21.75,5,0.0
102314,1,103,28.05,7,0.0
102314,2,43,31.57,3,0.15
102314,3,112,73.53,2,0.03
102315,1,76,27.76,3,0.0
102315,2,65,11.97,2,0.05
102315,3,53,24.11,6,0.0
102315,4,72,8.62,3,0.0
102315,5,6,10.8,4,0.1
102316,1,72,8.79,3,0.0
102316,2,58,7.57,3,0.0
102317,1,72,8.31,7,0.0
102317,2,26,16.5,8,0.0
102317,3,104,27.46,1,0.0
102318,1,79,19.64,2,0.0
102318,2,97,15.49,5,0.03
102319,1,26,19.05,3,0.15
102319,2,107,40.05,3,0.0
102319,3,41,56.67,5,0.15
102320,1,116,35.44,5,0.0
102320,2,20,33.53,4,0.0
102321,1,70,12.45,3,0.0
102321,2,72,8.41,8,0.05
102322,1,65,12.64,10,0.1
102322,2,81,28.39,5,0.0
102323,1,53,23.6,3,0.0
102323,2,51,46.58,2,0.1
102323,3,12,88.65,7,0.0
102323,4,106,21.13,2,0.05
102324,1,24,45.97,7,0.0
102324,2,58,7.94,5,0.0
102324,3,71,7.61,5,0.0
102324,4,5,25.25,11,0.1
102325,1,51,45.66,8,0.2
102325,2,71,5.96,1,0.03
102325,3,77,30.62,5,0.0
102326,1,69,4.54,2,0.0
102326,2,45,13.11,6,0.0
102327,1,69,4.15,2,0.1
102327,2,5,26.15,3,0.2
102328,1,35,29.26,1,0.03
102329,1,21,30.02,7,0.0
102329,2,71,7.93,1,0.05
102329,3,113,11.25,2,0.0
102330,1,106,21.86,3,0.05
102330,2,47,21.65,3,0.0
102330,3,82,7.02,2,0.0
102331,1,45,12.61,5,0.1
102331,2,97,14.57,3,0.15
102331,3,112,83.45,5,0.0
102331,4,24,54.48,8,0.0
102332,1,88,34.38,1,0.2
102332,2,67,36.69,1,0.05
102332,3,3,66.92,4,0.0
102332,4,53,21.21,2,0.2
102333,1,44,17.2,5,0.03
102333,2,65,10.79,2,0.1
102333,3,97,15.97,1,0.0
102333,4,82,6.45,4,0.1
102334,1,2,26.66,1,0.0
102334,2,106,17.36,4,0.1
102334,3,108,37.64,2,0.05
102334,4,82,6.08,2,0.0
102334,5,45,12.46,3,0.0
102335,1,116,34.13,4,0.0
102335,2,24,49.5,1,0.0
102335,3,45,11.63,6,0.0
102335,4,72,8.38,2,0.0
102335,5,9,26.51,2,0.0
102335,6,117,9.9,3,0.0
102335,7,80,24.36,2,0.0
102336,1,117,9.04,5,0.0
102336,2,45,11.81,2,0.0
102336,3,94,30.48,2,0.05
102336,4,97,15.34,4,0.0
102336,5,51,45.51,3,0.0
102337,1,105,5.16,5,0.0
102337,2,99,22.43,2,0.0
102338,1,80,20.36,1,0.0
102338,2,98,13.31,7,0.0
102339,1,71,7.07,2,0.0
102339,2,70,11.7,4,0.03
102340,1,78,9.8,2,0.05
102340,2,34,29.19,5,0.0
102341,1,112,81.43,2,0.0
102342,1,60,12.01,3,0.0
102342,2,80,22.7,3,0.0
102342,3,92,29.1,10,0.0
102342,4,58,8.36,5,0.0
102343,1,44,14.45,3,0.0
102343,2,36,29.02,3,0.0
102343,3,50,11.23,6,0.05
102343,4,81,26.55,5,0.05
102343,5,76,21.3,11,0.0
102343,6,79,18.43,6,0.15
102344,1,112,88.41,2,0.1
102344,2,108,40.67,6,0.0
102344,3,87,23.33,3,0.1
102345,1,19,28.4,10,0.05
102345,2,89,15.65,5,0.03
102346,1,52,46.83,5,0.1
102346,2,116,37.97,3,0.0
102346,3,98,11.02,11,0.0
102346,4,33,10.63,4,0.0
102347,1,51,52.48,5,0.05
102347,2,116,35.91,7,0.0
102347,3,52,48.64,5,0.05
102348,1,11,36.21,1,0.1
102348,2,67,34.33,5,0.0
102349,1,97,14.81,2,0.1
102349,2,116,36.01,2,0.0
102349,3,90,44.99,5,0.0
102349,4,28,6.98,7,0.03
102350,1,69,4.08,3,0.05
102350,2,92,27.54,1,0.0
102350,3,58,7.46,2,0.0
102350,4,23,24.21,3,0.0
102351,1,110,25.39,1,0.0
102351,2,116,40.49,7,0.05
102351,3,78,8.91,9,0.03
102351,4,65,12.56,3,0.0
102351,5,45,11.91,3,0.0
102351,6,26,16.65,3,0.0
102351,7,83,33.22,2,0.0
102352,1,9,23.43,1,0.05
102352,2,21,31.87,6,0.0
102353,1,52,52.16,12,0.0
102353,2,14,27.67,6,0.0
102353,3,65,13.81,3,0.0
102354,1,110,26.91,4,0.0
102354,2,112,92.85,5,0.0
102354,3,97,14.71,5,0.0
102354,4,54,26.05,4,0.1
102355,1,65,13.55,4,0.0
102355,2,15,9.22,5,0.1
102356,1,8,4.99,2,0.03
102357,1,82,6.38,8,0.05
102357,2,95,17.22,2,0.05
102357,3,65,13.4,3,0.0
102357,4,76,22.44,5,0.0
102357,5,83,31.91,5,0.1
102358,1,69,4.46,5,0.0
102358,2,76,22.03,7,0.0
102358,3,41,49.88,4,0.1
102359,1,58,9.45,2,0.1
102359,2,110,27.03,2,0.15
102359,3,17,14.49,3,0.0
102360,1,16,4.92,5,0.1
102360,2,110,21.44,8,0.05
102361,1,67,30.83,4,0.03
102361,2,40,24.9,4,0.05
102361,3,91,19.15,8,0.05
102361,4,31,5.23,2,0.0
102361,5,8,5.58,5,0.1
102361,6,72,8.54,4,0.1
102361,7,51,44.85,2,0.05
102362,1,51,42.91,7,0.1
102362,2,16,5.45,3,0.0
102362,3,57,45.01,3,0.15
102363,1,24,41.93,1,0.15
102363,2,5,22.51,3,0.0
102364,1,5,26.48,3,0.0
102364,2,107,37.4,1,0.03
102364,3,81,22.82,3,0.1
102365,1,45,11.54,9,0.0
102365,2,55,19.48,4,0.1
102365,3,83,31.31,13,0.1
102365,4,24,44.02,1,0.0
102365,5,15,9.72,3,0.0
102366,1,116,36.98,8,0.0
102366,2,65,11.9,8,0.0
102366,3,97,12.07,2,0.03
102367,1,99,26.82,1,0.03
102367,2,59,22.42,3,0.05
102367,3,89,18.96,2,0.0
102368,1,72,8.08,12,0.0
102368,2,42,23.13,7,0.03
102368,3,6,10.46,4,0.1
102368,4,107,45.82,2,0.0
102369,1,98,11.01,5,0.0
102369,2,70,11.43,3,0.1
102370,1,106,19.94,1,0.0
102370,2,52,51.99,5,0.0
102370,3,112,72.37,2,0.03
102371,1,118,21.61,7,0.05
102371,2,97,14.8,2,0.15
102371,3,86,29.93,3,0.0
102371,4,58,8.59,1,0.15
102371,5,79,19.91,7,0.03
102372,1,49,26.75,9,0.0
102372,2,76,21.41,2,0.05
102372,3,78,9.06,2,0.15
102373,1,98,12.21,6,0.0
102373,2,60,10.52,3,0.0
102373,3,45,10.45,6,0.0
102373,4,28,7.25,6,0.0
102374,1,26,15.66,7,0.0
102374,2,59,20.67,2,0.0
102374,3,60,12.11,7,0.15
102374,4,104,27.32,4,0.0
102375,1,72,7.57,2,0.0
102375,2,85,30.1,4,0.0
102375,3,8,5.06,4,0.05
102376,1,32,19.14,5,0.05
102376,2,98,12.47,10,0.05
102376,3,11,41.05,2,0.1
102377,1,51,45.94,4,0.0
102378,1,79,17.64,6,0.0
102379,1,108,40.73,3,0.05
102379,2,51,48.07,3,0.0
102379,3,76,24.09,4,0.0
102380,1,61,22.64,4,0.0
102380,2,60,11.53,12,0.1
102380,3,97,16.73,11,0.05
102380,4,82,6.8,1,0.05
102381,1,81,23.41,3,0.0
102381,2,100,57.21,7,0.0
102381,3,72,8.27,3,0.0
102381,4,24,51.65,2,0.0
102381,5,92,27.71,11,0.05
102381,6,15,10.72,7,0.0
102382,1,11,38.32,2,0.1
102382,2,45,11.76,2,0.05
102383,1,81,24.22,4,0.0
102383,2,58,8.34,2,0.0
102383,3,53,22.79,6,0.0
102383,4,107,36.82,1,0.0
102384,1,83,31.7,8,0.0
102384,2,56,27.69,3,0.0
102385,1,89,17.53,9,0.03
102385,2,56,30.79,1,0.0
102385,3,91,17.22,3,0.1
102385,4,60,12.18,2,0.0
102386,1,15,9.62,5,0.05
102386,2,58,7.37,5,0.03
102386,3,37,18.08,7,0.05
102386,4,25,10.38,4,0.0
102386,5,14,23.81,2,0.05
102387,1,90,46.03,2,0.0
102387,2,97,13.42,10,0.03
102387,3,71,6.37,4,0.1
102388,1,37,19.06,3,0.2
102388,2,32,20.92,4,0.0
102389,1,11,37.38,3,0.15
102389,2,25,11.7,3,0.03
102389,3,108,36.0,6,0.0
102389,4,91,19.39,1,0.1
102390,1,17,17.89,5,0.0
102390,2,85,32.19,3,0.0
102390,3,80,23.19,5,0.05
102390,4,60,11.82,11,0.0
102391,1,5,24.59,3,0.0
102391,2,91,16.35,4,0.0
102391,3,110,24.87,2,0.0
102391,4,81,26.8,16,0.0
102391,5,84,15.47,3,0.05
102391,6,31,5.29,2,0.0
102392,1,106,19.58,2,0.2
102392,2,53,26.29,2,0.0
102392,3,67,35.38,9,0.0
102393,1,85,29.21,6,0.0
102393,2,44,15.27,9,0.0
102393,3,38,27.43,4,0.0
102393,4,81,24.16,6,0.0
102393,5,83,31.79,3,0.0
102394,1,9,26.4,2,0.0
102395,1,8,4.27,5,0.2
102395,2,60,10.41,2,0.03
102395,3,72,7.87,6,0.0
102396,1,71,6.97,9,0.1
102397,1,15,11.1,7,0.0
102397,2,65,11.84,2,0.0
102398,1,3,66.34,1,0.05
102398,2,53,27.49,3,0.05
102398,3,97,11.23,4,0.05
102399,1,38,31.41,3,0.0
102399,2,110,29.09,5,0.0
102399,3,21,30.81,9,0.0
102399,4,99,26.44,3,0.03
102399,5,45,11.17,3,0.0
102399,6,98,11.9,5,0.0
102399,7,105,5.5,4,0.03
102400,1,116,36.54,3,0.05
102400,2,103,30.53,6,0.1
102400,3,45,12.01,6,0.03
102400,4,107,47.55,4,0.1
102400,5,21,29.48,9,0.0
102400,6,40,23.1,8,0.1
102400,7,26,15.09,8,0.0
102401,1,80,24.67,5,0.0
102401,2,57,51.89,4,0.0
102401,3,97,13.97,5,0.0
102402,1,34,22.28,2,0.0
102403,1,80,25.77,9,0.0
102403,2,32,18.71,3,0.0
102403,3,9,23.68,9,0.0
102404,1,73,21.28,4,0.03
102404,2,65,13.74,3,0.15
102405,1,60,10.85,4,0.03
102405,2,97,15.26,5,0.2
102405,3,45,11.97,1,0.0
102406,1,41,48.64,6,0.15
102406,2,112,78.71,5,0.05
102406,3,31,4.83,2,0.05
102407,1,76,22.46,10,0.0
102407,2,11,33.9,6,0.03
102407,3,28,6.23,7,0.05
102407,4,79,18.5,6,0.05
102407,5,53,25.63,2,0.05
102407,6,60,10.64,1,0.05
102408,1,76,24.12,1,0.0
102408,2,82,6.68,5,0.05
102409,1,57,46.56,3,0.0
102409,2,112,83.87,3,0.0
102409,3,47,20.32,3,0.1
102409,4,77,29.91,6,0.0
102410,1,50,9.66,2,0.0
102410,2,83,35.04,2,0.0
102410,3,24,51.77,5,0.0
102411,1,58,7.41,2,0.0
102411,2,98,13.7,4,0.05
102412,1,34,21.75,7,0.0
102412,2,110,25.64,2,0.0
102412,3,72,8.29,3,0.0
102412,4,111,88.14,5,0.05
102412,5,14,24.78,3,0.0
102413,1,106,22.53,1,0.0
102413,2,78,8.0,4,0.1
102413,3,75,19.85,6,0.0
102414,1,45,12.74,8,0.0
102414,2,71,7.12,5,0.0
102414,3,23,18.99,8,0.0
102415,1,76,24.92,9,0.03
102415,2,71,7.17,4,0.1
102415,3,8,5.09,6,0.0
102416,1,71,7.81,2,0.03
102416,2,25,12.84,7,0.05
102416,3,67,32.91,2,0.0
102416,4,45,11.08,2,0.0
102416,5,110,20.81,2,0.0
102417,1,82,6.21,3,0.05
102417,2,83,32.77,6,0.0
102417,3,60,12.36,1,0.05
102417,4,69,4.48,4,0.0
102417,5,19,24.83,2,0.1
102418,1,37,18.67,8,0.05
102418,2,15,11.28,1,0.05
102418,3,65,11.08,2,0.03
102419,1,116,35.24,7,0.03
102419,2,101,24.12,5,0.0
102419,3,72,8.99,4,0.03
102419,4,107,44.76,3,0.05
102420,1,92,27.71,3,0.0
102420,2,25,12.09,4,0.0
102420,3,51,47.0,8,0.15
102421,1,94,28.4,4,0.1
102421,2,72,7.66,4,0.05
102421,3,101,22.94,6,0.0
102421,4,98,12.2,2,0.15
102422,1,52,45.09,4,0.0
102422,2,113,11.66,7,0.1
102422,3,21,28.21,3,0.15
102422,4,116,37.5,7,0.05
102423,1,83,31.15,10,0.05
102423,2,43,36.97,9,0.1
102423,3,112,79.6,5,0.0
102423,4,60,13.12,8,0.0
102423,5,65,13.09,5,0.05
102423,6,89,15.9,4,0.03
102424,1,45,13.37,4,0.05
102424,2,91,19.03,3,0.0
102424,3,53,26.96,9,0.0
102424,4,83,32.62,5,0.0
102424,5,116,41.81,4,0.0
102424,6,72,7.74,8,0.03
102424,7,64,27.56,3,0.03
102424,8,79,19.48,6,0.0
102425,1,10,52.48,3,0.15
102425,2,23,26.4,11,0.05
102425,3,89,14.1,2,0.05
102425,4,91,18.48,2,0.0
102426,1,75,19.55,4,0.0
102426,2,110,25.72,4,0.0
102426,3,63,44.38,1,0.05
102426,4,34,23.09,7,0.1
102426,5,49,21.65,3,0.0
102427,1,28,6.5,4,0.0
102427,2,99,26.43,5,0.0
102427,3,4,6.74,2,0.0
102428,1,116,34.39,5,0.0
102429,1,71,7.07,9,0.15
102429,2,96,74.83,5,0.0
102429,3,98,13.14,4,0.15
102429,4,85,31.67,4,0.0
102429,5,106,23.3,2,0.05
102430,1,116,38.65,5,0.0
102430,2,85,31.48,3,0.0
102430,3,15,11.27,9,0.0
102430,4,71,7.08,4,0.2
102430,5,44,15.95,2,0.0
102431,1,113,8.97,4,0.0
102431,2,47,21.94,8,0.0
102431,3,70,13.32,1,0.05
102432,1,97,15.6,2,0.2
102432,2,11,39.85,8,0.0
102432,3,51,45.53,8,0.0
102432,4,30,4.39,2,0.03
102432,5,21,33.6,5,0.0
102432,6,44,15.98,6,0.0
102433,1,16,5.31,2,0.1
102433,2,110,28.16,2,0.0
102434,1,51,43.84,4,0.0
102434,2,81,27.9,3,0.0
102435,1,60,12.31,5,0.0
102435,2,79,18.81,4,0.0
102436,1,28,6.25,3,0.03
102436,2,62,38.33,1,0.0
102437,1,87,28.26,1,0.0
102438,1,24,49.49,3,0.0
102439,1,60,11.03,6,0.0
102439,2,76,25.08,7,0.2
102439,3,88,37.8,2,0.0
102439,4,29,49.55,1,0.0
102439,5,14,23.22,3,0.0
102440,1,82,6.72,5,0.05
102440,2,5,24.87,8,0.0
102441,1,39,122.53,9,0.0
102441,2,53,24.14,6,0.05
102441,3,52,48.68,6,0.05
102441,4,110,25.34,2,0.0
102441,5,72,7.2,3,0.1
102442,1,18,16.39,5,0.0
102442,2,81,24.87,6,0.0
102442,3,45,10.96,2,0.0
102442,4,103,30.19,7,0.0
102442,5,53,24.93,5,0.05
102443,1,66,7.81,6,0.0
102443,2,112,67.55,1,0.0
102443,3,105,6.13,6,0.03
102444,1,51,43.02,8,0.15
102444,2,4,7.04,9,0.0
102444,3,105,5.52,4,0.0
102444,4,45,9.98,2,0.0
102445,1,15,10.44,3,0.0
102445,2,10,47.05,5,0.15
102445,3,112,71.39,8,0.15
102445,4,24,48.06,2,0.0
102445,5,51,40.16,6,0.03
102446,1,69,4.57,5,0.05
102446,2,37,19.04,2,0.0
102446,3,72,8.39,7,0.03
102447,1,60,13.5,3,0.0
102447,2,109,3.49,8,0.0
102448,1,17,15.1,5,0.0
102448,2,76,24.24,2,0.15
102448,3,75,19.22,3,0.0
102448,4,45,10.49,13,0.03
102448,5,52,47.23,4,0.0
102448,6,34,24.99,5,0.0
102448,7,25,12.59,1,0.0
102448,8,11,35.11,6,0.05
102449,1,24,45.81,7,0.0
102449,2,72,8.01,3,0.0
102449,3,98,10.86,4,0.0
102450,1,67,30.26,10,0.0
102451,1,85,27.5,2,0.0
102451,2,104,29.51,6,0.1
102451,3,51,46.09,1,0.0
102451,4,117,8.94,3,0.03
102452,1,76,24.66,4,0.0
102452,2,44,14.36,7,0.0
102453,1,45,11.59,5,0.0
102453,2,24,47.81,6,0.15
102453,3,41,39.32,7,0.05
102453,4,53,21.31,3,0.0
102454,1,87,24.34,2,0.0
102454,2,85,23.02,7,0.15
102455,1,101,23.26,1,0.0
102455,2,60,12.71,2,0.0
102455,3,72,6.97,3,0.0
102456,1,80,23.28,2,0.0
102456,2,97,12.59,3,0.05
102456,3,77,34.82,7,0.0
102457,1,71,6.97,7,0.1
102457,2,27,9.27,9,0.03
102457,3,116,35.96,7,0.0
102457,4,51,47.51,8,0.0
102457,5,40,27.37,7,0.0
102458,1,53,21.21,1,0.1
102458,2,94,30.9,2,0.03
102458,3,71,6.84,14,0.0
102458,4,79,16.25,6,0.1
102458,5,49,26.92,3,0.0
102459,1,99,25.5,2,0.05
102459,2,76,22.32,4,0.1
102459,3,45,14.28,7,0.0
102459,4,72,8.8,5,0.03
102460,1,78,10.32,7,0.1
102460,2,106,19.81,4,0.1
102460,3,112,80.46,5,0.0
102460,4,37,17.25,12,0.0
102461,1,2,31.28,1,0.2
102461,2,81,26.3,6,0.0
102461,3,54,24.92,3,0.0
102461,4,67,34.75,1,0.03
102461,5,51,42.24,3,0.0
102461,6,87,21.74,5,0.0
102462,1,87,25.68,4,0.0
102462,2,14,22.77,7,0.0
102462,3,68,30.27,6,0.03
102462,4,45,11.75,8,0.05
102463,1,40,24.14,5,0.0
102463,2,80,24.81,5,0.0
102463,3,79,22.08,1,0.0
102464,1,76,28.13,9,0.05
102464,2,51,48.93,6,0.0
102464,3,94,29.16,2,0.0
102464,4,60,10.89,6,0.0
102465,1,97,12.22,7,0.0
102465,2,40,24.55,1,0.15
102465,3,111,86.72,4,0.03
102465,4,58,7.67,1,0.05
102466,1,37,18.38,7,0.15
102466,2,80,23.36,9,0.0
102466,3,14,28.5,1,0.0
102467,1,71,7.88,5,0.0
102467,2,106,20.68,3,0.05
102468,1,51,43.45,2,0.2
102468,2,80,24.51,1,0.03
102468,3,105,5.78,8,0.2
102468,4,45,13.6,3,0.0
102469,1,44,16.08,7,0.0
102470,1,88,30.22,3,0.2
102471,1,6,11.34,4,0.0
102471,2,38,27.42,7,0.0
102471,3,97,13.63,10,0.0
102471,4,20,35.32,4,0.0
102472,1,45,13.0,2,0.1
102472,2,46,15.66,2,0.0
102472,3,5,23.47,4,0.0
102472,4,6,11.6,6,0.15
102472,5,70,12.44,3,0.15
102473,1,51,43.7,5,0.0
102473,2,50,9.84,4,0.0
102473,3,16,4.8,7,0.1
102473,4,17,17.24,2,0.0
102473,5,25,13.07,5,0.0
102473,6,111,78.51,1,0.0
102474,1,53,25.78,5,0.0
102474,2,42,24.76,6,0.05
102475,1,69,4.38,3,0.0
102475,2,98,12.96,3,0.0
102475,3,76,22.81,2,0.0
102475,4,67,31.48,4,0.2
102476,1,113,10.81,3,0.05
102476,2,55,17.77,7,0.03
102477,1,50,11.03,1,0.0
102477,2,71,8.21,3,0.05
102477,3,45,12.19,3,0.15
102478,1,45,11.54,1,0.0
102478,2,13,39.71,2,0.0
102478,3,58,8.8,2,0.0
102479,1,85,32.88,3,0.1
102480,1,82,7.48,7,0.2
102481,1,53,22.85,5,0.1
102482,1,74,29.41,2,0.05
102483,1,53,25.35,14,0.0
102483,2,40,23.11,5,0.1
102484,1,67,31.48,5,0.0
102484,2,83,32.58,2,0.0
102484,3,114,26.18,4,0.05
102484,4,68,24.99,3,0.2
102485,1,60,11.74,3,0.03
102485,2,104,25.54,1,0.05
102486,1,45,11.61,6,0.15
102486,2,104,28.36,4,0.05
102486,3,101,23.37,4,0.0
102486,4,95,18.76,3,0.0
102487,1,108,40.24,1,0.15
102487,2,8,5.24,4,0.0
102487,3,84,15.0,3,0.0
102487,4,83,37.03,3,0.2
102488,1,81,26.42,1,0.05
102488,2,45,12.09,9,0.05
102488,3,97,13.98,3,0.1
102489,1,75,19.7,4,0.0
102490,1,26,16.53,1,0.0
102490,2,15,11.04,5,0.15
102490,3,34,24.43,5,0.0
102490,4,50,12.02,1,0.1
102490,5,97,13.8,4,0.15
102490,6,101,20.48,5,0.1
102490,7,16,5.77,2,0.05
102490,8,99,24.97,2,0.0
102491,1,67,34.47,7,0.0
102491,2,10,48.2,7,0.0
102491,3,99,29.0,6,0.1
102491,4,32,18.17,2,0.1
102492,1,97,14.04,1,0.0
102492,2,52,43.46,3,0.15
102492,3,78,10.55,7,0.05
102492,4,83,31.95,3,0.0
102492,5,94,30.51,3,0.05
102493,1,8,5.12,7,0.0
102493,2,99,29.86,2,0.0
102493,3,27,10.99,4,0.05
102493,4,100,55.46,7,0.0
102494,1,45,10.75,2,0.1
102494,2,83,31.99,8,0.05
102494,3,8,4.97,3,0.15
102495,1,14,24.49,1,0.03
102495,2,47,21.34,6,0.0
102495,3,65,11.13,4,0.0
102495,4,8,5.61,4,0.0
102495,5,24,51.27,5,0.2
102496,1,70,11.8,5,0.0
102496,2,5,26.0,7,0.0
102496,3,45,11.43,5,0.0
102496,4,60,10.92,10,0.05
102497,1,3,57.78,3,0.0
102497,2,6,8.71,7,0.05
102497,3,101,25.09,3,0.0
102497,4,78,10.37,3,0.0
102498,1,94,32.27,3,0.1
102499,1,94,32.18,3,0.05
102500,1,68,26.73,11,0.03
102500,2,4,7.13,4,0.03
102500,3,116,40.26,3,0.0
102501,1,26,15.98,5,0.0
102501,2,82,6.87,3,0.0
102501,3,97,13.64,9,0.05
102502,1,76,25.01,7,0.03
102503,1,68,27.3,5,0.2
102503,2,24,45.42,2,0.03
102503,3,65,10.53,2,0.0
102503,4,14,24.71,2,0.0
102503,5,45,12.17,5,0.0
102503,6,60,11.03,3,0.0
102504,1,111,76.47,6,0.0
102504,2,109,3.82,8,0.0
102504,3,47,24.64,4,0.03
102504,4,28,6.42,10,0.03
102505,1,59,19.55,5,0.05
102505,2,103,32.2,6,0.0
102505,3,76,23.45,5,0.15
102505,4,55,20.09,5,0.0
102506,1,106,22.51,3,0.05
102506,2,64,24.04,4,0.0
102506,3,75,19.24,5,0.0
102507,1,116,34.61,6,0.0
102507,2,115,38.91,2,0.0
102507,3,71,7.48,3,0.0
102508,1,100,60.55,3,0.0
102508,2,82,6.48,1,0.0
102508,3,96,79.25,3,0.05
102508,4,72,8.52,2,0.0
102508,5,95,21.35,7,0.0
102509,1,72,8.46,10,0.1
102509,2,45,11.79,5,0.03
102509,3,85,30.74,2,0.0
102509,4,53,23.21,5,0.0
102509,5,40,27.05,3,0.0
102510,1,83,31.86,3,0.15
102510,2,87,27.53,7,0.1
102511,1,60,11.48,4,0.0
102511,2,67,32.25,3,0.15
102511,3,45,9.69,3,0.0
102511,4,28,6.33,7,0.1
102512,1,2,29.46,4,0.0
102512,2,67,30.22,6,0.0
102512,3,24,48.25,4,0.0
102512,4,9,25.78,3,0.1
102513,1,15,10.18,2,0.05
102513,2,12,89.07,9,0.0
102513,3,76,27.71,4,0.0
102513,4,71,6.88,11,0.0
102514,1,34,23.42,5,0.0
102515,1,103,28.54,3,0.1
102515,2,56,28.61,6,0.0
102515,3,80,25.41,9,0.0
102515,4,24,51.11,10,0.05
102515,5,76,26.95,1,0.0
102516,1,9,22.23,1,0.1
102516,2,44,14.14,10,0.0
102517,1,44,15.78,6,0.2
102517,2,67,32.14,9,0.0
102517,3,83,31.06,5,0.0
102518,1,45,11.41,3,0.05
102518,2,76,25.98,3,0.05
102519,1,85,28.57,2,0.03
102519,2,45,11.42,3,0.0
102519,3,99,26.36,10,0.0
102519,4,81,28.13,2,0.1
102519,5,53,21.69,5,0.1
102519,6,26,14.54,1,0.05
102519,7,49,26.71,4,0.0
102520,1,80,23.41,11,0.2
102520,2,110,26.8,2,0.0
102520,3,53,20.64,4,0.0
102520,4,67,33.05,1,0.1
102520,5,116,37.46,2,0.0
102520,6,24,56.64,2,0.05
102521,1,98,11.96,5,0.0
102521,2,80,23.15,1,0.05
102521,3,109,4.05,1,0.03
102521,4,116,36.39,3,0.0
102521,5,113,9.5,1,0.0
102521,6,120,4.63,2,0.0
102522,1,8,4.58,6,0.0
102522,2,80,29.14,3,0.0
102522,3,5,27.24,4,0.0
102523,1,110,24.27,6,0.1
102523,2,5,26.13,5,0.0
102524,1,110,30.33,3,0.0
102524,2,64,26.79,3,0.2
102524,3,46,16.42,3,0.0
102525,1,85,26.94,3,0.05
102525,2,83,30.68,1,0.1
102525,3,99,29.92,1,0.0
102525,4,4,7.56,5,0.0
102526,1,45,12.94,5,0.1
102526,2,53,26.25,4,0.0
102527,1,31,5.2,4,0.0
102527,2,97,14.05,6,0.0
102527,3,70,12.13,3,0.05
102528,1,112,82.0,2,0.1
102528,2,71,6.23,5,0.0
102528,3,76,22.19,1,0.05
102529,1,36,29.35,8,0.0
102529,2,103,29.16,5,0.0
102529,3,80,21.19,2,0.0
102530,1,24,50.83,8,0.1
102530,2,94,34.46,2,0.0
102531,1,60,12.51,13,0.1
102531,2,23,22.12,7,0.0
102531,3,51,41.85,4,0.0
102532,1,45,10.2,5,0.1
102532,2,52,42.78,4,0.0
102532,3,106,18.91,5,0.0
102532,4,80,25.38,7,0.05
102533,1,106,20.86,1,0.1
102533,2,45,10.77,5,0.15
102533,3,39,124.86,5,0.0
102534,1,107,43.01,1,0.2
102534,2,81,21.15,5,0.1
102535,1,91,17.76,3,0.05
102535,2,9,25.6,8,0.0
102535,3,63,42.13,1,0.0
102536,1,52,45.1,7,0.15
102536,2,81,21.44,6,0.2
102536,3,5,24.23,7,0.03
102537,1,44,15.68,2,0.1
102537,2,105,5.52,3,0.15
102538,1,79,16.38,3,0.0
102538,2,6,10.92,7,0.1
102538,3,98,12.27,4,0.0
102538,4,45,12.1,2,0.05
102538,5,50,11.84,3,0.1
102539,1,53,26.35,6,0.0
102539,2,3,64.34,1,0.0
102539,3,82,6.66,2,0.1
102539,4,70,14.3,7,0.15
102539,5,89,16.53,6,0.15
102540,1,116,41.27,4,0.0
102540,2,63,40.48,6,0.03
102540,3,45,12.31,2,0.0
102540,4,94,29.91,1,0.15
102540,5,76,23.0,2,0.0
102540,6,120,5.42,6,0.0
102541,1,19,28.79,3,0.03
102541,2,45,11.46,3,0.0
102541,3,70,11.74,6,0.05
102542,1,40,25.32,4,0.0
102542,2,116,37.66,7,0.0
102543,1,70,12.81,2,0.05
102543,2,8,4.72,3,0.0
102544,1,24,49.96,4,0.0
102544,2,85,32.3,2,0.0
102544,3,106,20.82,2,0.15
102544,4,46,15.7,7,0.0
102545,1,90,57.81,8,0.1
102545,2,45,13.29,3,0.05
102545,3,69,3.97,2,0.0
102546,1,64,23.0,3,0.2
102546,2,6,9.95,1,0.0
102546,3,36,28.52,3,0.0
102546,4,97,15.56,4,0.15
102547,1,34,25.01,3,0.15
102547,2,71,6.81,2,0.0
102547,3,99,26.73,5,0.15
102547,4,12,87.01,2,0.0
102547,5,58,7.8,4,0.1
102547,6,51,48.57,4,0.15
102548,1,97,16.08,1,0.03
102548,2,32,17.73,3,0.1
102549,1,91,17.49,6,0.03
102549,2,26,15.73,5,0.03
102549,3,14,25.2,7,0.0
102549,4,117,10.31,4,0.1
102550,1,66,7.45,4,0.0
102550,2,17,15.34,2,0.0
102550,3,50,10.32,5,0.0
102551,1,27,8.61,3,0.0
102552,1,72,8.54,5,0.05
102552,2,106,22.42,5,0.05
102552,3,1,28.23,3,0.0
102552,4,31,4.46,11,0.1
102552,5,67,32.78,13,0.03
102552,6,11,34.09,4,0.15
102553,1,24,44.46,4,0.0
102553,2,111,85.38,1,0.0
102553,3,83,32.41,7,0.0
102554,1,72,9.22,4,0.05
102554,2,79,18.76,7,0.0
102554,3,114,23.22,6,0.1
102555,1,95,17.2,4,0.0
102555,2,16,4.76,3,0.0
102555,3,97,15.81,8,0.0
102556,1,83,27.28,4,0.0
102556,2,9,23.88,8,0.05
102556,3,45,11.93,1,0.0
102556,4,112,86.31,7,0.1
102556,5,65,12.75,2,0.0
102557,1,100,51.47,6,0.0
102557,2,65,11.9,4,0.05
102557,3,110,22.37,4,0.0
102557,4,45,12.55,6,0.0
102558,1,91,19.76,5,0.0
102558,2,106,20.15,4,0.0
102558,3,45,11.93,2,0.0
102558,4,107,40.76,3,0.05
102558,5,64,25.89,7,0.05
102558,6,88,35.22,2,0.0
102559,1,99,23.35,6,0.1
102560,1,40,24.73,2,0.05
102561,1,89,17.26,7,0.0
102561,2,63,35.53,1,0.05
102562,1,81,23.32,6,0.0
102562,2,24,47.89,5,0.03
102562,3,109,4.1,1,0.0
102562,4,101,23.46,2,0.15
102563,1,44,15.95,2,0.2
102563,2,43,36.24,6,0.03
102563,3,99,29.02,4,0.0
102563,4,65,12.11,7,0.03
102564,1,50,11.27,2,0.03
102564,2,69,4.05,6,0.0
102565,1,51,46.44,2,0.0
102566,1,97,13.85,4,0.05
102566,2,80,23.82,6,0.0
102566,3,27,8.14,4,0.1
102567,1,12,80.92,4,0.0
102567,2,81,24.94,2,0.0
102567,3,89,15.61,5,0.05
102568,1,102,26.46,4,0.05
102568,2,65,12.04,7,0.1
102568,3,89,18.47,6,0.0
102568,4,23,19.93,5,0.1
102569,1,71,7.65,7,0.05
102569,2,49,23.2,8,0.0
102569,3,116,44.51,1,0.0
102569,4,76,24.92,3,0.2
102569,5,77,30.06,4,0.05
102570,1,67,32.88,5,0.0
102570,2,110,24.96,2,0.1
102570,3,105,5.58,5,0.1
102571,1,24,52.29,1,0.0
102571,2,110,24.31,1,0.05
102571,3,69,4.26,1,0.05
102571,4,2,30.24,8,0.05
102572,1,98,13.9,2,0.0
102572,2,90,45.97,2,0.0
102572,3,55,18.15,17,0.1
102572,4,44,15.38,8,0.1
102572,5,71,7.13,4,0.1
102573,1,5,26.82,4,0.05
102573,2,66,8.2,7,0.0
102573,3,92,25.39,3,0.0
102574,1,81,25.68,4,0.0
102574,2,10,50.35,3,0.0
102574,3,24,52.54,1,0.0
102574,4,78,9.24,4,0.03
102575,1,94,30.39,4,0.1
102575,2,10,54.47,11,0.0
102575,3,89,18.03,6,0.05
102576,1,24,51.14,4,0.05
102576,2,71,7.94,2,0.0
102576,3,79,21.86,3,0.0
102576,4,3,58.06,13,0.0
102576,5,109,3.54,9,0.0
102577,1,15,11.05,8,0.1
102577,2,98,14.11,4,0.0
102577,3,32,18.94,12,0.0
102577,4,106,20.47,7,0.15
102577,5,44,15.81,1,0.03
102577,6,40,21.68,2,0.0
102577,7,3,71.95,4,0.03
102578,1,45,11.33,5,0.0
102578,2,23,24.64,5,0.03
102578,3,97,13.57,3,0.0
102578,4,59,23.88,4,0.0
102578,5,71,6.91,6,0.2
102578,6,55,19.8,2,0.0
102579,1,72,9.23,3,0.0
102579,2,71,6.87,4,0.0
102579,3,51,47.02,2,0.05
102579,4,68,26.14,1,0.0
102580,1,72,8.75,6,0.05
102580,2,21,31.59,2,0.0
102580,3,80,23.82,1,0.0
102581,1,116,40.25,3,0.15
102581,2,96,77.11,3,0.0
102581,3,83,31.87,4,0.05
102582,1,81,23.45,5,0.03
102582,2,69,4.47,2,0.1
102583,1,32,19.49,6,0.0
102583,2,97,15.07,6,0.0
102584,1,98,14.53,3,0.0
102584,2,84,14.95,4,0.0
102585,1,78,8.85,3,0.0
102585,2,81,26.81,3,0.05
102586,1,98,11.61,3,0.0
102586,2,81,25.84,4,0.2
102586,3,116,39.03,3,0.0
102587,1,79,20.53,7,0.0
102588,1,27,10.26,4,0.1
102589,1,106,18.31,5,0.05
102589,2,116,31.1,2,0.2
102589,3,49,22.84,4,0.1
102589,4,94,28.4,7,0.2
102589,5,105,5.05,4,0.0
102589,6,104,27.63,7,0.1
102590,1,120,4.64,3,0.0
102591,1,45,12.13,2,0.0
102592,1,71,8.0,3,0.03
102592,2,98,14.64,1,0.0
102592,3,72,9.44,8,0.1
102592,4,53,24.48,2,0.1
102593,1,5,26.01,1,0.0
102593,2,81,23.81,5,0.15
102593,3,94,25.93,4,0.0
102593,4,60,11.0,1,0.0
102594,1,93,23.4,2,0.0
102594,2,76,22.63,6,0.0
102594,3,75,19.29,2,0.0
102595,1,60,11.15,3,0.05
102595,2,5,28.55,2,0.0
102596,1,97,15.47,4,0.05
102596,2,52,46.94,1,0.05
102597,1,65,12.81,1,0.0
102597,2,116,35.87,3,0.0
102597,3,47,24.21,5,0.15
102598,1,114,22.78,6,0.05
102598,2,115,35.15,6,0.0
102599,1,53,22.44,3,0.0
102599,2,9,25.23,6,0.05
102600,1,89,16.99,3,0.0
102600,2,72,9.56,3,0.0
102600,3,81,23.3,2,0.0
102600,4,45,11.23,2,0.05
102601,1,24,51.25,1,0.0
102601,2,65,11.46,7,0.1
102601,3,116,44.24,8,0.05
102601,4,81,25.82,5,0.0
102601,5,83,33.67,2,0.0
102602,1,82,6.76,3,0.15
102602,2,78,9.6,6,0.05
102602,3,79,16.87,5,0.0
102603,1,81,27.23,6,0.0
102603,2,97,16.5,2,0.05
102603,3,45,12.52,4,0.0
102603,4,71,6.65,3,0.0
102604,1,36,37.11,5,0.1
102604,2,4,7.34,2,0.0
102604,3,79,16.32,1,0.0
102604,4,62,40.83,2,0.0
102605,1,100,63.6,2,0.05
102605,2,47,22.13,9,0.1
102605,3,71,7.45,3,0.0
102605,4,50,10.62,2,0.0
102605,5,41,52.15,6,0.05
102606,1,93,23.0,1,0.0
102606,2,65,13.16,4,0.0
102606,3,106,22.45,5,0.0
102607,1,45,12.15,3,0.0
102607,2,60,12.25,2,0.0
102607,3,72,7.48,3,0.1
102607,4,23,22.01,5,0.0
102608,1,116,39.42,2,0.05
102608,2,83,31.04,3,0.0
102608,3,99,23.97,2,0.05
102608,4,120,4.38,6,0.05
102609,1,9,25.34,3,0.0
102609,2,81,24.95,5,0.2
102610,1,16,4.98,1,0.1
102610,2,33,11.03,2,0.05
102610,3,14,24.34,1,0.0
102610,4,45,12.6,3,0.0
102611,1,71,7.09,6,0.03
102611,2,80,22.94,5,0.0
102611,3,94,31.79,10,0.0
102611,4,5,27.16,3,0.05
102612,1,61,20.25,4,0.0
102612,2,71,7.91,6,0.0
102612,3,44,16.25,1,0.0
102612,4,28,7.03,4,0.05
102613,1,58,8.77,2,0.1
102613,2,79,18.86,4,0.15
102613,3,102,25.19,3,0.0
102613,4,76,24.57,5,0.0
102614,1,97,15.99,4,0.1
102614,2,58,8.91,8,0.05
102614,3,14,20.18,2,0.0
102614,4,83,34.84,7,0.05
102615,1,44,15.2,3,0.0
102616,1,81,27.02,2,0.03
102616,2,38,27.91,3,0.03
102617,1,11,37.68,7,0.0
102617,2,45,11.91,6,0.1
102618,1,82,5.86,7,0.0
102618,2,67,30.66,1,0.0
102619,1,67,31.37,10,0.0
102619,2,27,9.77,8,0.05
102619,3,79,19.46,2,0.0
102619,4,97,13.69,1,0.0
102619,5,103,28.19,1,0.15
102620,1,49,28.9,4,0.1
102621,1,5,25.51,9,0.05
102621,2,89,18.56,1,0.03
102621,3,76,25.92,8,0.0
102622,1,34,23.26,3,0.0
102622,2,94,32.23,1,0.05
102623,1,83,28.27,11,0.0
102623,2,53,24.7,2,0.2
102623,3,39,109.71,5,0.03
102623,4,51,38.64,2,0.0
102623,5,63,38.41,3,0.0
102624,1,85,31.89,5,0.05
102624,2,60,11.87,9,0.0
102625,1,40,23.57,2,0.03
102625,2,116,36.15,9,0.0
102625,3,75,19.08,4,0.05
102626,1,27,10.29,3,0.05
102626,2,116,39.36,2,0.0
102626,3,71,6.97,3,0.1
102626,4,60,11.33,4,0.0
102627,1,31,5.27,3,0.1
102627,2,45,12.29,4,0.15
102627,3,99,27.7,3,0.0
102628,1,76,21.53,5,0.05
102628,2,31,4.36,3,0.03
102628,3,53,22.99,2,0.0
102629,1,76,25.99,9,0.03
102629,2,75,18.69,2,0.0
102629,3,41,36.98,3,0.0
102630,1,72,8.17,8,0.0
102630,2,67,33.28,6,0.05
102630,3,112,73.99,6,0.05
102630,4,101,23.36,4,0.0
102630,5,79,19.57,3,0.1
102631,1,56,24.43,8,0.05
102631,2,54,27.08,5,0.0
102632,1,16,5.41,9,0.0
102632,2,81,24.49,1,0.03
102633,1,106,20.41,1,0.0
102633,2,64,28.22,1,0.05
102633,3,67,39.56,9,0.0
102634,1,46,15.71,9,0.03
102634,2,76,23.42,1,0.03
102634,3,94,34.92,1,0.0
102634,4,79,21.21,8,0.05
102635,1,18,19.51,1,0.05
102635,2,11,37.64,3,0.03
102635,3,24,46.18,1,0.05
102636,1,80,22.42,5,0.0
102636,2,71,7.6,1,0.0
102637,1,110,24.28,1,0.05
102637,2,81,25.15,8,0.2
102637,3,33,10.3,5,0.0
102638,1,2,28.69,4,0.0
102638,2,65,11.77,2,0.0
102638,3,76,27.71,4,0.15
102639,1,118,24.58,5,0.1
102639,2,81,23.77,1,0.05
102639,3,7,15.18,3,0.03
102639,4,95,19.84,4,0.05
102639,5,76,23.79,1,0.05
102639,6,97,13.09,8,0.0
102640,1,55,19.66,5,0.0
102641,1,8,4.96,6,0.05
102641,2,63,48.96,1,0.0
102642,1,40,23.04,7,0.0
102642,2,24,44.15,6,0.0
102642,3,53,23.68,14,0.05
102642,4,38,25.6,5,0.03
102643,1,81,26.17,3,0.0
102643,2,64,21.32,7,0.0
102643,3,70,10.9,7,0.1
102644,1,8,5.33,4,0.1
102644,2,6,10.63,2,0.0
102644,3,65,11.68,3,0.0
102644,4,15,10.77,2,0.05
102644,5,83,36.74,6,0.0
102645,1,42,23.17,8,0.0
102645,2,72,9.06,3,0.0
102645,3,5,26.47,2,0.15
102645,4,67,31.09,4,0.0
102646,1,40,24.63,3,0.0
102646,2,104,24.86,6,0.0
102646,3,53,22.45,4,0.0
102646,4,6,12.25,3,0.05
102646,5,81,20.76,4,0.0
102647,1,45,11.81,11,0.0
102647,2,71,8.24,1,0.05
102647,3,44,12.74,2,0.03
102648,1,94,34.07,10,0.05
102648,2,41,51.29,3,0.0
102648,3,44,13.96,2,0.0
102648,4,15,11.5,4,0.1
102649,1,14,23.55,7,0.03
102649,2,71,7.53,7,0.0
102649,3,58,8.07,1,0.0
102649,4,60,11.16,2,0.0
102649,5,17,13.4,4,0.1
102649,6,85,27.08,5,0.05
102649,7,27,9.26,4,0.0
102649,8,34,26.4,4,0.0
102650,1,60,10.35,1,0.05
102650,2,25,11.04,3,0.0
102650,3,117,9.06,1,0.0
102650,4,88,32.58,2,0.15
102651,1,21,33.13,3,0.0
102652,1,107,42.02,5,0.0
102652,2,83,32.03,3,0.0
102652,3,14,29.29,2,0.05
102652,4,45,13.45,5,0.05
102652,5,53,22.32,1,0.03
102653,1,112,80.04,4,0.1
102653,2,97,14.41,11,0.0
102654,1,113,8.79,7,0.0
102654,2,81,23.02,7,0.0
102654,3,103,29.37,12,0.0
102654,4,11,36.74,4,0.03
102655,1,60,12.66,2,0.03
102655,2,86,33.12,7,0.0
102655,3,83,30.04,4,0.0
102655,4,24,52.79,2,0.1
102656,1,97,14.5,2,0.15
102656,2,80,18.98,3,0.15
102656,3,60,10.69,2,0.0
102656,4,45,13.15,4,0.1
102657,1,6,11.53,4,0.03
102657,2,31,4.98,2,0.1
102657,3,9,26.13,4,0.1
102658,1,91,19.8,6,0.0
102658,2,106,21.9,10,0.0
102658,3,113,10.4,4,0.0
102658,4,32,19.92,4,0.05
102658,5,81,24.55,4,0.0
102659,1,40,24.81,14,0.0
102659,2,95,19.22,2,0.0
102659,3,97,14.69,1,0.1
102660,1,87,30.12,2,0.03
102660,2,81,25.9,8,0.0
102660,3,72,7.53,3,0.0
102660,4,83,34.95,1,0.0
102661,1,34,24.86,7,0.05
102661,2,15,10.83,1,0.03
102661,3,79,20.59,4,0.0
102662,1,5,23.56,2,0.0
102662,2,110,27.7,6,0.15
102662,3,98,14.55,7,0.1
102662,4,19,26.07,2,0.0
102663,1,45,12.64,4,0.0
102663,2,81,26.3,5,0.1
102663,3,32,17.6,4,0.0
102663,4,21,23.94,1,0.0
102664,1,93,25.18,2,0.03
102664,2,71,8.05,3,0.0
102664,3,116,35.96,5,0.0
102664,4,45,10.98,6,0.0
102664,5,11,35.45,10,0.0
102665,1,80,25.96,4,0.05
102665,2,24,52.0,4,0.15
102666,1,51,49.58,5,0.1
102666,2,83,30.13,2,0.0
102667,1,26,14.67,2,0.0
102667,2,98,10.35,4,0.15
102667,3,15,10.53,3,0.2
102667,4,58,8.39,4,0.0
102667,5,76,24.39,5,0.0
102668,1,6,10.27,13,0.05
102668,2,79,18.19,7,0.0
102668,3,32,15.69,2,0.0
102668,4,58,6.96,7,0.15
102668,5,91,16.63,1,0.0
102669,1,79,16.62,4,0.1
102669,2,24,48.91,9,0.0
102669,3,49,26.1,3,0.0
102669,4,45,11.92,1,0.03
102669,5,52,48.76,2,0.0
102669,6,76,25.56,5,0.0
102670,1,68,27.02,3,0.0
102670,2,106,21.01,5,0.0
102671,1,108,36.2,3,0.0
102671,2,45,13.89,3,0.05
102671,3,72,8.52,3,0.0
102671,4,28,6.11,4,0.0
102671,5,71,6.72,5,0.0
102672,1,83,31.31,3,0.0
102672,2,117,9.36,7,0.1
102672,3,100,55.01,3,0.0
102672,4,63,38.68,3,0.1
102672,5,53,22.78,3,0.03
102673,1,14,23.31,4,0.03
102673,2,45,10.68,1,0.15
102674,1,110,28.46,1,0.0
102674,2,65,11.81,3,0.0
102675,1,91,16.39,6,0.0
102675,2,97,14.16,6,0.0
102675,3,84,14.52,1,0.0
102676,1,80,24.94,3,0.1
102676,2,99,27.16,6,0.0
102676,3,45,11.88,13,0.05
102676,4,109,3.81,5,0.0
102677,1,52,49.6,7,0.0
102677,2,5,25.35,5,0.0
102677,3,113,9.46,5,0.0
102677,4,81,27.99,6,0.05
102678,1,53,24.33,4,0.03
102678,2,109,3.74,2,0.03
102679,1,116,43.32,3,0.03
102679,2,65,12.11,3,0.03
102680,1,85,32.45,6,0.03
102680,2,64,25.61,4,0.15
102680,3,7,14.87,5,0.0
102681,1,116,41.25,3,0.05
102681,2,51,38.78,4,0.0
102682,1,71,6.33,9,0.03
102682,2,67,29.96,2,0.0
102683,1,48,38.6,2,0.0
102683,2,110,25.03,3,0.0
102683,3,32,21.23,2,0.0
102683,4,91,17.7,1,0.0
102684,1,25,11.44,3,0.1
102684,2,15,11.01,4,0.0
102684,3,89,16.23,1,0.15
102684,4,76,25.07,1,0.0
102685,1,27,10.01,4,0.0
102686,1,51,39.4,5,0.05
102686,2,53,26.46,1,0.0
102686,3,45,12.51,5,0.0
102686,4,60,12.04,7,0.05
102686,5,12,91.81,1,0.0
102687,1,20,35.85,2,0.0
102687,2,14,24.55,7,0.0
102688,1,65,12.55,4,0.1
102688,2,43,41.69,2,0.05
102688,3,116,32.51,7,0.1
102688,4,89,17.76,2,0.1
102688,5,64,23.59,2,0.05
102689,1,72,9.29,3,0.0
102689,2,81,24.82,3,0.03
102690,1,83,34.45,15,0.1
102690,2,45,13.12,2,0.0
102690,3,25,12.54,5,0.0
102690,4,24,53.96,2,0.15
102690,5,32,16.56,3,0.05
102690,6,71,6.96,6,0.0
102691,1,81,25.63,2,0.0
102691,2,58,8.17,6,0.0
102692,1,45,11.76,2,0.03
102692,2,76,22.26,9,0.1
102692,3,71,7.93,4,0.15
102692,4,14,27.39,5,0.05
102692,5,81,23.53,3,0.0
102693,1,78,9.5,2,0.05
102694,1,101,25.08,5,0.0
102694,2,61,18.57,10,0.05
102694,3,76,24.01,3,0.0
102694,4,100,65.62,10,0.03
102694,5,75,15.16,5,0.03
102694,6,87,24.16,1,0.03
102695,1,88,39.15,6,0.15
102695,2,79,18.07,3,0.0
102695,3,51,47.26,8,0.1
102695,4,106,20.7,7,0.0
102695,5,48,46.48,3,0.1
102696,1,87,24.92,10,0.05
102696,2,39,100.39,2,0.05
102696,3,60,11.58,2,0.1
102696,4,51,49.42,4,0.15
102697,1,65,12.91,2,0.0
102697,2,51,45.68,2,0.0
102697,3,58,7.98,5,0.0
102698,1,81,22.52,3,0.0
102698,2,53,23.61,1,0.0
102698,3,45,10.39,12,0.0
102698,4,69,4.13,9,0.05
102698,5,87,29.61,5,0.05
102698,6,11,34.37,7,0.03
102699,1,81,26.81,8,0.05
102700,1,8,5.37,3,0.0
102700,2,21,28.82,4,0.03
102701,1,110,25.45,3,0.0
102701,2,5,23.62,3,0.0
102701,3,76,26.14,2,0.15
102702,1,116,39.74,4,0.05
102702,2,90,51.54,2,0.0
102702,3,110,26.4,3,0.0
102702,4,36,31.45,2,0.0
102702,5,83,33.2,2,0.1
102703,1,87,31.12,2,0.05
102703,2,34,24.62,3,0.0
102704,1,11,34.95,9,0.03
102704,2,60,10.16,1,0.15
102704,3,106,19.7,1,0.1
102704,4,45,11.1,3,0.0
102704,5,53,27.12,6,0.0
102705,1,6,9.4,3,0.05
102705,2,58,7.78,6,0.0
102705,3,117,9.17,7,0.05
102705,4,65,12.5,12,0.15
102706,1,60,11.32,4,0.05
102706,2,98,12.83,6,0.0
102706,3,44,15.24,11,0.0
102707,1,76,28.09,3,0.03
102707,2,53,25.78,4,0.0
102707,3,49,25.65,5,0.05
102707,4,24,52.33,3,0.05
102708,1,101,22.73,3,0.0
102708,2,45,11.51,3,0.1
102709,1,20,30.72,3,0.1
102709,2,87,30.62,2,0.15
102709,3,110,26.91,5,0.15
102709,4,45,13.08,2,0.1
102710,1,107,43.44,2,0.0
102710,2,77,31.24,2,0.0
102710,3,15,8.59,3,0.1
102711,1,110,24.97,10,0.0
102711,2,40,25.85,4,0.0
102711,3,97,14.17,3,0.1
102711,4,116,37.35,1,0.0
102712,1,71,8.13,2,0.0
102712,2,94,29.4,9,0.0
102713,1,83,36.82,6,0.0
102713,2,16,5.4,4,0.2
102714,1,45,14.25,2,0.05
102714,2,40,23.56,2,0.0
102714,3,4,6.93,2,0.0
102714,4,101,25.63,3,0.15
102714,5,105,5.94,1,0.0
102714,6,116,41.29,2,0.0
102714,7,6,10.39,3,0.0
102714,8,66,7.96,3,0.05
102715,1,80,22.94,8,0.0
102715,2,63,41.6,3,0.0
102715,3,5,26.22,10,0.2
102716,1,72,8.33,7,0.1
102716,2,82,7.19,1,0.05
102716,3,53,22.13,8,0.0
102716,4,17,15.49,13,0.05
102717,1,6,11.57,3,0.15
102717,2,27,8.45,5,0.03
102717,3,75,15.15,6,0.05
102718,1,14,26.32,2,0.0
102719,1,46,17.41,5,0.1
102720,1,71,8.42,3,0.03
102720,2,97,14.21,2,0.0
102720,3,50,11.37,4,0.0
102721,1,63,41.07,3,0.0
102721,2,39,132.98,3,0.0
102722,1,96,74.89,2,0.15
102722,2,45,12.05,2,0.0
102722,3,50,10.3,2,0.0
102722,4,95,19.36,2,0.0
102722,5,37,20.14,9,0.0
102723,1,45,11.3,2,0.05
102723,2,83,36.94,3,0.05
102723,3,92,30.97,7,0.05
102723,4,104,28.46,8,0.0
102724,1,89,17.32,5,0.0
102724,2,33,10.84,6,0.0
102724,3,76,23.62,5,0.0
102724,4,51,43.9,3,0.0
102724,5,69,4.41,2,0.0
102724,6,110,25.3,4,0.0
102725,1,116,42.47,3,0.05
102725,2,110,25.26,3,0.05
102725,3,34,24.01,4,0.0
102726,1,34,22.18,3,0.0
102726,2,110,23.65,7,0.05
102726,3,60,11.28,3,0.0
102726,4,91,19.84,4,0.1
102726,5,112,76.49,5,0.0
102726,6,97,13.15,5,0.0
102726,7,81,21.66,8,0.05
102726,8,53,25.57,1,0.0
102727,1,66,7.23,3,0.1
102727,2,36,29.51,2,0.0
102727,3,110,26.43,6,0.0
102727,4,60,12.72,2,0.05
102727,5,97,16.55,8,0.0
102728,1,53,22.22,9,0.0
102729,1,28,6.17,3,0.0
102730,1,117,9.28,1,0.05
102730,2,103,26.82,2,0.0
102731,1,25,13.39,4,0.0
102731,2,45,12.0,4,0.0
102731,3,8,4.48,1,0.03
102732,1,53,25.61,2,0.1
102732,2,116,39.71,10,0.1
102733,1,26,16.14,5,0.0
102733,2,116,38.8,3,0.0
102733,3,47,22.89,8,0.1
102733,4,70,11.78,3,0.0
102733,5,75,18.14,2,0.0
102733,6,99,27.55,2,0.03
102733,7,45,13.32,6,0.0
102733,8,85,29.86,2,0.0
102734,1,82,5.84,4,0.0
102734,2,107,35.6,3,0.0
102734,3,45,11.79,1,0.05
102734,4,110,26.28,1,0.05
102734,5,64,27.12,2,0.05
102735,1,81,23.39,4,0.03
102735,2,38,29.32,1,0.03
102735,3,83,32.83,4,0.0
102735,4,79,17.88,2,0.0
102736,1,116,41.76,6,0.05
102736,2,49,26.4,7,0.03
102737,1,33,12.0,5,0.0
102737,2,85,28.2,4,0.0
102737,3,110,26.75,5,0.0
102738,1,83,32.98,1,0.0
102738,2,103,28.65,4,0.03
102738,3,76,25.81,2,0.0
102738,4,32,20.73,1,0.0
102739,1,34,27.46,2,0.0
102739,2,72,8.51,5,0.0
102739,3,97,13.89,1,0.05
102739,4,40,24.77,2,0.05
102740,1,40,19.6,4,0.0
102740,2,104,21.44,4,0.0
102740,3,79,18.68,4,0.0
102740,4,17,14.65,6,0.05
102741,1,71,7.01,7,0.0
102741,2,33,11.25,1,0.0
102741,3,70,10.8,5,0.05
102741,4,64,23.02,2,0.1
102741,5,81,21.64,4,0.0
102742,1,45,10.82,3,0.0
102742,2,58,7.67,3,0.0
102742,3,72,9.02,4,0.0
102742,4,75,20.78,5,0.0
102743,1,35,30.94,5,0.1
102743,2,82,6.34,2,0.03
102744,1,48,35.24,2,0.0
102744,2,110,24.98,1,0.0
102745,1,32,15.88,6,0.0
102746,1,83,28.84,4,0.0
102746,2,70,10.67,1,0.0
102747,1,110,24.14,4,0.0
102747,2,33,10.66,1,0.05
102747,3,52,48.99,4,0.0
102748,1,12,81.52,6,0.0
102749,1,14,26.77,13,0.0
102749,2,23,21.79,2,0.0
102750,1,11,33.42,2,0.0
102750,2,45,10.69,1,0.05
102751,1,70,11.78,4,0.0
102751,2,11,33.92,7,0.1
102751,3,45,9.69,3,0.05
102752,1,46,17.18,5,0.05
102752,2,76,25.63,4,0.05
102752,3,33,11.19,8,0.0
102753,1,16,4.83,3,0.1
102753,2,60,11.49,4,0.0
102753,3,51,44.55,6,0.05
102753,4,102,25.5,4,0.05
102753,5,58,7.95,4,0.0
102754,1,4,6.63,9,0.0
102755,1,45,11.37,8,0.0
102755,2,38,25.64,7,0.15
102755,3,49,24.6,3,0.05
102756,1,87,27.69,15,0.0
102756,2,8,5.69,1,0.0
102756,3,67,32.95,7,0.0
102757,1,3,67.56,10,0.05
102757,2,56,27.21,5,0.1
102757,3,104,26.32,4,0.05
102757,4,49,26.16,3,0.0
102758,1,53,25.24,7,0.0
102758,2,51,40.87,4,0.05
102758,3,107,41.31,5,0.0
102759,1,51,46.01,2,0.05
102760,1,76,23.98,8,0.05
102760,2,85,28.85,3,0.1
102760,3,78,9.72,5,0.05
102760,4,23,25.0,7,0.05
102761,1,110,25.06,5,0.0
102761,2,24,47.24,5,0.0
102761,3,97,16.29,2,0.0
102762,1,63,37.1,2,0.1
102762,2,117,7.95,6,0.0
102762,3,94,26.08,2,0.0
102762,4,32,18.59,2,0.0
102763,1,45,13.37,9,0.1
102763,2,11,30.48,1,0.0
102763,3,93,26.49,4,0.0
102763,4,67,33.78,5,0.0
102764,1,103,27.47,6,0.0
102764,2,75,16.23,1,0.0
102764,3,76,27.29,4,0.05
102764,4,117,8.65,8,0.0
102764,5,47,20.89,6,0.03
102764,6,2,30.53,4,0.1
102765,1,68,25.11,12,0.15
102765,2,47,21.34,4,0.0
102765,3,14,23.35,3,0.05
102766,1,37,19.51,7,0.0
102766,2,49,25.45,1,0.0
102766,3,8,5.44,5,0.03
102766,4,89,17.41,7,0.15
102767,1,76,25.29,4,0.03
102767,2,29,53.24,2,0.1
102767,3,68,24.39,7,0.1
102767,4,15,11.15,5,0.0
102768,1,97,15.0,2,0.0
102768,2,45,13.51,8,0.0
102768,3,112,78.48,3,0.0
102769,1,26,14.83,4,0.0
102769,2,81,26.31,1,0.0
102769,3,52,49.68,7,0.0
102769,4,64,27.24,4,0.0
102770,1,45,12.65,8,0.0
102770,2,23,28.06,2,0.0
102770,3,112,79.34,2,0.1
102771,1,89,14.38,13,0.0
102771,2,101,20.67,4,0.05
102771,3,53,24.32,7,0.0
102771,4,64,25.3,5,0.03
102772,1,87,28.33,8,0.0
102773,1,78,10.37,6,0.1
102774,1,45,12.46,5,0.15
102774,2,15,12.68,1,0.0
102774,3,91,20.28,6,0.0
102775,1,5,26.11,2,0.0
102775,2,19,25.45,3,0.1
102775,3,71,7.22,4,0.0
102776,1,57,52.15,5,0.0
102776,2,109,3.27,6,0.15
102776,3,62,32.88,9,0.05
102777,1,81,22.23,7,0.0
102777,2,76,24.24,21,0.0
102777,3,67,34.21,4,0.1
102777,4,93,24.93,5,0.0
102778,1,80,24.01,3,0.05
102778,2,11,31.48,7,0.0
102779,1,117,10.16,9,0.0
102779,2,76,24.33,5,0.03
102780,1,41,46.12,8,0.1
102780,2,34,26.85,2,0.05
102780,3,49,25.94,6,0.0
102780,4,53,25.24,2,0.0
102780,5,70,13.81,3,0.0
102781,1,96,72.14,2,0.0
102781,2,53,24.1,2,0.0
102781,3,100,59.79,12,0.0
102781,4,23,20.26,4,0.05
102781,5,71,7.56,4,0.0
102781,6,67,31.93,2,0.0
102782,1,101,24.58,5,0.0
102782,2,58,8.5,5,0.0
102782,3,31,4.94,4,0.0
102783,1,27,9.17,11,0.05
102783,2,116,37.89,2,0.0
102783,3,38,27.42,2,0.0
102783,4,80,23.57,6,0.0
102784,1,53,28.06,4,0.0
102784,2,113,10.23,3,0.03
102784,3,45,10.84,2,0.0
102785,1,14,26.17,3,0.0
102785,2,71,6.92,9,0.05
102785,3,98,12.72,8,0.05
102786,1,14,26.64,7,0.0
102786,2,27,10.42,8,0.0
102786,3,80,22.24,3,0.05
102786,4,34,23.7,5,0.03
102787,1,107,39.93,2,0.0
102787,2,71,7.05,3,0.15
102788,1,101,25.32,2,0.0
102788,2,80,22.94,4,0.15
102788,3,111,76.67,2,0.0
102788,4,40,23.93,5,0.0
102788,5,79,19.96,3,0.0
102789,1,79,21.33,7,0.05
102789,2,45,12.46,3,0.03
102789,3,78,9.67,7,0.1
102789,4,81,23.92,5,0.0
102790,1,71,6.73,3,0.0
102791,1,44,15.17,9,0.0
102791,2,51,44.88,6,0.0
102791,3,64,26.31,1,0.0
102791,4,24,49.53,4,0.03
102792,1,93,23.39,6,0.0
102792,2,67,32.27,10,0.15
102792,3,91,17.59,3,0.1
102792,4,41,47.89,2,0.0
102792,5,46,16.93,6,0.03
102792,6,57,46.5,2,0.1
102792,7,116,38.16,4,0.05
102793,1,45,10.04,7,0.0
102793,2,81,24.16,1,0.2
102793,3,89,18.32,3,0.0
102794,1,76,24.87,3,0.1
102794,2,17,16.73,3,0.0
102795,1,15,11.42,2,0.0
102795,2,64,24.75,3,0.0
102795,3,41,41.65,3,0.0
102796,1,76,22.06,8,0.0
102796,2,71,7.31,4,0.0
102796,3,101,21.9,10,0.15
102797,1,97,15.33,2,0.15
102798,1,81,25.55,5,0.0
102798,2,95,22.77,15,0.05
102798,3,108,39.56,1,0.1
102799,1,76,22.81,3,0.0
102799,2,45,12.71,3,0.0
102799,3,80,22.75,4,0.05
102800,1,79,19.52,3,0.0
102800,2,60,11.51,4,0.05
102800,3,2,34.29,1,0.05
102800,4,77,28.82,4,0.1
102801,1,4,8.16,5,0.1
102801,2,53,22.66,5,0.05
102801,3,110,25.2,3,0.0
102801,4,8,5.84,10,0.0
102801,5,34,21.11,6,0.0
102801,6,28,6.73,2,0.05
102802,1,83,29.42,13,0.0
102802,2,69,3.81,7,0.03
102802,3,112,79.48,2,0.0
102802,4,110,26.96,2,0.0
102802,5,45,10.41,6,0.05
102803,1,117,8.29,4,0.05
102803,2,34,24.59,4,0.0
102803,3,60,11.84,8,0.0
102804,1,67,31.23,8,0.0
102804,2,34,26.34,4,0.0
102804,3,79,19.53,1,0.05
102805,1,67,33.38,5,0.0
102805,2,60,12.09,10,0.0
102806,1,58,7.98,9,0.0
102806,2,24,49.84,3,0.0
102806,3,89,15.84,4,0.0
102806,4,12,88.8,7,0.0
102807,1,71,6.81,12,0.0
102807,2,55,18.38,6,0.05
102807,3,114,25.88,2,0.1
102807,4,78,9.77,4,0.05
102807,5,51,47.32,3,0.1
102807,6,6,9.41,4,0.0
102808,1,113,10.97,5,0.0
102808,2,3,63.93,6,0.05
102809,1,60,11.56,3,0.0
102809,2,50,11.97,8,0.05
102809,3,2,29.73,10,0.1
102809,4,14,24.91,1,0.2
102809,5,72,8.68,1,0.15
102809,6,38,27.0,3,0.0
102809,7,71,7.17,4,0.0
102809,8,55,20.93,2,0.2
102810,1,60,12.45,6,0.03
102811,1,76,22.53,5,0.0
102811,2,85,32.07,4,0.0
102811,3,72,8.24,6,0.05
102811,4,36,29.8,8,0.03
102811,5,44,14.44,7,0.15
102812,1,24,53.32,6,0.03
102813,1,60,12.73,5,0.0
102813,2,51,50.97,2,0.0
102813,3,10,49.81,8,0.1
102814,1,36,34.19,2,0.0
102814,2,110,26.39,8,0.05
102814,3,85,31.93,2,0.0
102814,4,75,19.6,6,0.0
102814,5,54,23.51,3,0.0
102814,6,87,28.88,1,0.05
102815,1,27,9.16,3,0.1
102815,2,80,24.29,3,0.05
102815,3,83,35.71,7,0.0
102816,1,58,8.89,1,0.0
102816,2,98,13.11,5,0.0
102817,1,78,9.2,4,0.0
102818,1,24,55.89,2,0.15
102818,2,79,19.73,3,0.03
102818,3,39,124.1,9,0.05
102818,4,101,20.6,4,0.1
102819,1,10,53.84,11,0.03
102819,2,110,28.53,7,0.0
102819,3,79,19.15,9,0.05
102820,1,11,33.98,4,0.05
102820,2,36,32.56,2,0.0
102821,1,51,46.01,5,0.0
102821,2,17,13.74,1,0.0
102821,3,109,3.88,6,0.15
102822,1,15,10.61,3,0.0
102822,2,40,22.94,3,0.0
102822,3,81,25.78,5,0.0
102823,1,109,3.78,2,0.0
102823,2,79,17.49,3,0.0
102823,3,78,9.88,2,0.05
102823,4,71,6.83,6,0.0
102823,5,51,44.69,3,0.2
102824,1,112,68.92,2,0.0
102824,2,71,7.68,3,0.05
102824,3,105,5.63,3,0.0
102824,4,34,25.65,3,0.15
102825,1,72,9.12,2,0.1
102825,2,101,22.93,2,0.15
102825,3,85,29.07,4,0.05
102825,4,104,27.39,4,0.1
102825,5,62,32.11,5,0.0
102825,6,4,7.48,1,0.1
102825,7,110,26.44,6,0.0
102825,8,100,63.43,1,0.05
102826,1,45,14.03,5,0.05
102826,2,79,18.77,4,0.15
102826,3,60,12.65,7,0.0
102827,1,97,13.59,2,0.0
102827,2,94,30.01,6,0.03
102827,3,89,18.1,6,0.1
102827,4,34,22.38,2,0.0
102828,1,23,22.42,2,0.0
102828,2,95,21.01,4,0.0
102828,3,94,31.56,3,0.15
102828,4,45,11.58,3,0.0
102828,5,106,22.2,1,0.05
102829,1,100,62.2,6,0.0
102829,2,49,24.85,9,0.0
102829,3,81,22.83,4,0.2
102829,4,90,57.35,3,0.1
102829,5,86,25.44,4,0.15
102829,6,79,18.78,3,0.0
102830,1,64,24.06,3,0.05
102830,2,65,12.16,2,0.0
102830,3,99,25.37,5,0.0
102831,1,92,30.21,4,0.0
102831,2,8,4.78,7,0.0
102831,3,25,13.35,6,0.0
102832,1,116,37.6,2,0.0
102832,2,81,28.96,1,0.0
102832,3,76,26.01,7,0.05
102832,4,107,46.94,1,0.03
102833,1,81,24.44,4,0.0
102833,2,65,10.43,4,0.0
102834,1,83,27.68,3,0.0
102834,2,81,25.45,3,0.0
102834,3,43,40.14,4,0.05
102834,4,116,39.88,2,0.03
102834,5,72,7.43,2,0.0
102834,6,7,14.78,2,0.0
102834,7,45,11.06,5,0.0
102835,1,45,11.63,7,0.1
102835,2,54,25.58,2,0.1
102835,3,99,26.05,7,0.03
102836,1,59,19.48,3,0.05
102836,2,34,26.78,7,0.03
102837,1,31,4.77,4,0.05
102837,2,110,23.55,8,0.0
102838,1,97,13.25,4,0.0
102838,2,65,11.1,4,0.03
102838,3,71,7.21,3,0.0
102839,1,90,51.94,4,0.03
102839,2,53,25.04,4,0.0
102839,3,45,12.59,5,0.0
102840,1,116,41.26,9,0.05
102840,2,81,24.72,3,0.1
102840,3,79,17.88,7,0.15
102840,4,92,28.82,3,0.15
102840,5,43,31.88,3,0.05
102841,1,66,8.32,4,0.05
102841,2,102,20.9,2,0.0
102841,3,23,24.79,5,0.05
102842,1,110,30.15,3,0.1
102842,2,80,23.46,4,0.03
102843,1,78,9.47,2,0.0
102843,2,110,22.24,6,0.0
102843,3,45,11.8,2,0.0
102843,4,116,35.63,1,0.05
102844,1,26,17.66,3,0.0
102844,2,44,13.57,3,0.05
102844,3,94,28.53,13,0.2
102844,4,112,85.07,3,0.1
102845,1,9,27.45,6,0.05
102845,2,116,41.26,4,0.05
102845,3,64,24.25,7,0.0
102846,1,106,21.9,4,0.1
102846,2,89,17.26,4,0.0
102846,3,15,11.33,1,0.0
102846,4,112,79.37,10,0.0
102846,5,100,63.66,4,0.1
102846,6,24,47.43,1,0.1
102847,1,32,20.21,6,0.0
102847,2,16,5.12,4,0.05
102847,3,76,22.35,2,0.05
102847,4,60,11.15,4,0.0
102848,1,103,28.66,1,0.0
102848,2,33,10.73,2,0.0
102848,3,102,22.4,7,0.0
102849,1,1,28.34,4,0.0
102850,1,116,37.52,5,0.0
102850,2,112,77.34,3,0.15
102850,3,71,8.44,1,0.1
102850,4,70,12.72,3,0.0
102850,5,40,22.17,1,0.0
102850,6,46,14.51,4,0.0
102851,1,74,29.06,2,0.0
102851,2,2,31.69,5,0.0
102851,3,116,44.8,2,0.0
102852,1,37,18.08,5,0.0
102853,1,59,20.61,4,0.1
102854,1,45,11.6,2,0.05
102854,2,79,19.24,5,0.0
102855,1,23,23.62,6,0.0
102855,2,62,30.15,2,0.03
102855,3,88,33.3,4,0.05
102855,4,46,17.99,1,0.1
102856,1,83,32.64,2,0.1
102857,1,72,9.29,9,0.0
102857,2,95,18.91,2,0.05
102858,1,60,11.47,2,0.03
102858,2,81,23.7,4,0.0
102858,3,34,25.39,2,0.1
102858,4,79,19.14,3,0.05
102858,5,76,23.88,3,0.15
102858,6,91,17.32,4,0.0
102859,1,110,27.29,2,0.0
102859,2,107,44.04,4,0.0
102859,3,106,20.33,4,0.1
102859,4,85,28.49,7,0.03
102860,1,36,31.87,2,0.0
102861,1,72,8.36,4,0.05
102861,2,44,15.22,3,0.0
102861,3,116,42.09,1,0.0
102862,1,34,28.48,4,0.0
102862,2,103,32.63,1,0.1
102863,1,114,25.92,3,0.0
102863,2,67,31.45,1,0.0
102863,3,110,28.97,4,0.0
102864,1,116,39.63,5,0.05
102864,2,34,22.51,6,0.0
102864,3,64,23.62,1,0.0
102865,1,60,12.28,7,0.05
102865,2,45,11.6,4,0.05
102865,3,120,5.12,1,0.05
102865,4,97,16.41,1,0.03
102866,1,82,7.88,4,0.1
102866,2,8,4.9,1,0.0
102866,3,81,27.87,2,0.05
102867,1,51,39.47,4,0.0
102868,1,81,24.34,8,0.0
102868,2,54,23.95,2,0.05
102868,3,45,12.07,4,0.0
102869,1,112,68.68,2,0.0
102869,2,98,11.45,6,0.1
102869,3,63,41.01,5,0.05
102870,1,79,19.77,4,0.05
102870,2,14,25.62,8,0.0
102870,3,78,9.63,2,0.0
102870,4,77,31.58,2,0.0
102870,5,87,26.32,5,0.03
102871,1,63,40.55,4,0.0
102871,2,49,29.27,1,0.0
102871,3,109,3.76,6,0.0
102872,1,106,23.37,1,0.0
102872,2,23,19.82,4,0.0
102872,3,82,5.86,3,0.0
102873,1,109,3.98,1,0.1
102873,2,47,22.36,1,0.1
102874,1,120,5.33,6,0.0
102874,2,62,41.84,3,0.0
102875,1,45,12.16,6,0.05
102875,2,14,24.58,4,0.0
102876,1,30,4.87,11,0.0
102876,2,106,19.11,2,0.0
102876,3,45,11.59,12,0.0
102876,4,82,6.04,6,0.05
102877,1,106,21.31,3,0.0
102877,2,60,13.41,3,0.0
102877,3,1,28.34,6,0.1
102877,4,39,110.29,3,0.15
102877,5,104,27.05,6,0.0
102877,6,76,22.39,3,0.03
102877,7,25,12.14,3,0.05
102878,1,112,80.87,2,0.15
102878,2,22,16.49,2,0.1
102878,3,83,33.11,2,0.0
102879,1,65,11.78,5,0.0
102879,2,58,8.71,10,0.0
102879,3,97,13.99,2,0.05
102880,1,53,23.13,1,0.0
102880,2,113,11.02,5,0.05
102881,1,67,32.35,3,0.05
102882,1,61,20.98,6,0.0
102882,2,24,47.93,8,0.15
102883,1,114,26.26,3,0.0
102883,2,84,13.94,6,0.03
102883,3,70,10.82,3,0.0
102883,4,87,28.4,7,0.0
102883,5,45,12.71,2,0.2
102883,6,101,27.1,1,0.0
102883,7,80,23.34,1,0.0
102884,1,12,94.28,3,0.0
102884,2,51,42.93,2,0.2
102884,3,27,10.36,5,0.03
102884,4,101,24.96,3,0.0
102885,1,5,27.15,1,0.0
102885,2,113,9.03,4,0.05
102885,3,14,24.95,6,0.0
102885,4,62,40.19,9,0.05
102886,1,97,16.26,9,0.0
102886,2,49,25.76,6,0.2
102886,3,8,4.77,2,0.0
102887,1,19,31.42,5,0.0
102887,2,81,24.0,4,0.03
102887,3,58,6.63,2,0.05
102887,4,104,22.37,3,0.0
102887,5,65,10.44,7,0.15
102888,1,67,32.72,5,0.0
102888,2,110,26.57,3,0.03
102889,1,109,3.16,7,0.03
102889,2,114,28.28,5,0.0
102889,3,8,5.33,3,0.1
102889,4,30,4.36,4,0.1
102890,1,88,33.88,2,0.05
102891,1,8,5.1,4,0.0
102891,2,83,33.14,4,0.05
102891,3,100,63.02,1,0.03
102891,4,40,24.68,9,0.0
102892,1,45,11.79,3,0.0
102892,2,21,26.28,7,0.0
102892,3,47,18.71,5,0.0
102892,4,96,79.21,9,0.0
102893,1,97,11.89,4,0.0
102893,2,40,26.29,7,0.0
102894,1,49,31.39,8,0.05
102894,2,26,17.96,2,0.15
102894,3,45,12.85,8,0.03
102894,4,36,29.4,6,0.05
102894,5,63,42.61,2,0.0
102894,6,62,39.69,2,0.0
102894,7,2,28.08,2,0.15
102895,1,53,23.77,12,0.05
102895,2,57,47.05,3,0.1
102895,3,110,22.24,7,0.0
102895,4,50,9.59,4,0.2
102895,5,97,12.06,6,0.0
102896,1,45,13.19,6,0.0
102896,2,83,34.25,1,0.05
102896,3,53,27.63,6,0.0
102896,4,37,19.86,6,0.0
102896,5,60,11.18,9,0.0
102897,1,58,6.39,4,0.15
102897,2,120,4.5,6,0.0
102897,3,40,26.35,4,0.0
102898,1,26,16.01,5,0.15
102898,2,97,15.15,7,0.0
102898,3,27,9.49,4,0.0
102898,4,45,12.84,4,0.1
102898,5,24,52.18,9,0.03
102899,1,45,13.84,5,0.0
102899,2,10,48.38,2,0.03
102899,3,52,42.82,2,0.0
102899,4,105,5.66,1,0.0
102900,1,82,6.57,2,0.0
102900,2,47,22.06,9,0.05
102901,1,44,16.55,4,0.0
102901,2,56,27.03,4,0.05
102902,1,74,32.1,3,0.0
102902,2,52,49.61,4,0.0
102902,3,26,14.88,2,0.0
102902,4,17,16.15,5,0.0
102902,5,60,10.33,9,0.15
102903,1,98,12.37,5,0.15
102903,2,61,19.79,6,0.1
102904,1,105,5.56,4,0.0
102904,2,97,14.26,4,0.1
102904,3,45,9.86,9,0.0
102904,4,80,24.56,2,0.0
102904,5,72,7.07,6,0.0
102905,1,83,30.79,7,0.1
102905,2,91,18.48,2,0.1
102905,3,76,23.79,3,0.0
102905,4,114,26.14,6,0.03
102905,5,81,23.82,1,0.0
102905,6,82,6.0,1,0.05
102905,7,116,36.13,4,0.0
102906,1,60,13.3,3,0.0
102906,2,88,36.5,8,0.0
102907,1,60,9.76,10,0.03
102907,2,72,8.74,2,0.03
102907,3,92,26.45,11,0.0
102907,4,68,24.19,1,0.1
102907,5,31,4.08,2,0.03
102908,1,101,26.75,3,0.0
102908,2,11,35.12,4,0.0
102908,3,60,13.62,3,0.0
102908,4,120,4.71,4,0.0
102908,5,71,7.53,4,0.1
102909,1,17,15.99,2,0.1
102909,2,52,42.01,3,0.03
102909,3,8,5.71,2,0.0
102909,4,110,25.82,6,0.0
102910,1,113,9.58,1,0.05
102910,2,17,16.19,3,0.0
102910,3,91,17.69,2,0.0
102911,1,45,11.11,2,0.0
102911,2,120,4.68,2,0.0
102911,3,79,18.53,1,0.1
102911,4,68,26.18,2,0.0
102911,5,5,24.67,2,0.0
102912,1,71,7.71,2,0.0
102912,2,45,13.83,13,0.0
102912,3,110,25.08,1,0.05
102912,4,40,23.81,2,0.0
102912,5,85,27.87,2,0.03
102912,6,60,12.43,1,0.1
102913,1,103,27.97,2,0.0
102913,2,41,55.83,6,0.0
102913,3,45,13.54,4,0.0
102913,4,97,14.38,3,0.0
102913,5,76,22.31,9,0.0
102914,1,25,11.3,3,0.0
102915,1,80,25.88,5,0.05
102915,2,35,30.37,3,0.0
102915,3,57,45.41,7,0.1
102915,4,82,6.19,3,0.05
102915,5,108,36.15,6,0.0
102915,6,45,12.57,5,0.0
102916,1,57,44.05,3,0.0
102916,2,85,26.01,3,0.1
102917,1,102,25.35,3,0.05
102917,2,49,23.91,4,0.1
102917,3,107,36.19,5,0.0
102918,1,108,36.15,3,0.0
102918,2,50,10.03,1,0.0
102918,3,120,5.39,2,0.15
102919,1,81,22.38,5,0.0
102919,2,116,37.55,6,0.05
102919,3,57,46.95,7,0.15
102920,1,83,33.73,3,0.03
102921,1,58,8.19,3,0.15
102921,2,44,14.85,3,0.15
102922,1,45,12.98,1,0.1
102922,2,71,7.17,3,0.0
102922,3,60,12.91,5,0.0
102922,4,116,42.27,9,0.05
102923,1,81,24.47,3,0.0
102923,2,110,24.16,5,0.05
102923,3,44,15.79,3,0.1
102923,4,112,72.78,9,0.1
102924,1,71,7.21,2,0.15
102924,2,84,14.54,6,0.0
102924,3,81,21.38,5,0.0
102924,4,104,23.08,2,0.0
102924,5,55,19.79,6,0.05
102924,6,79,23.07,3,0.0
102924,7,91,19.34,2,0.0
102925,1,45,12.63,10,0.0
102925,2,72,8.37,2,0.05
102925,3,108,40.32,5,0.0
102925,4,67,35.47,4,0.03
102925,5,34,25.79,1,0.0
102926,1,116,37.35,9,0.03
102926,2,9,22.37,4,0.03
102926,3,89,15.9,6,0.0
102926,4,32,18.1,1,0.0
102926,5,117,8.76,4,0.0
102927,1,93,23.92,1,0.05
102927,2,69,4.61,8,0.05
102927,3,26,14.04,4,0.0
102928,1,64,23.09,2,0.0
102928,2,53,26.11,5,0.2
102928,3,110,26.68,2,0.15
102928,4,118,21.74,3,0.03
102929,1,39,118.42,1,0.0
102929,2,85,32.48,4,0.15
102929,3,83,36.01,7,0.0
102930,1,79,21.22,4,0.05
102930,2,109,3.1,1,0.0
102930,3,66,8.77,5,0.0
102931,1,40,26.13,3,0.0
102931,2,45,11.64,4,0.0
102931,3,67,33.9,5,0.0
102932,1,101,29.77,2,0.0
102932,2,31,4.78,3,0.05
102932,3,45,11.1,5,0.03
102932,4,75,18.52,4,0.1
102932,5,76,24.66,8,0.1
102933,1,37,17.94,12,0.05
102934,1,67,32.74,4,0.0
102934,2,101,23.47,3,0.0
102934,3,48,40.04,1,0.0
102934,4,79,21.13,9,0.0
102935,1,54,23.28,1,0.03
102935,2,81,22.81,2,0.1
102936,1,61,18.78,3,0.2
102936,2,41,52.36,12,0.0
102936,3,103,28.16,2,0.0
102937,1,81,25.75,3,0.0
102937,2,24,51.09,5,0.0
102937,3,110,26.72,5,0.03
102937,4,65,12.19,4,0.0
102938,1,12,73.73,4,0.0
102938,2,34,28.67,5,0.1
102938,3,8,4.77,2,0.0
102938,4,45,12.9,8,0.0
102939,1,45,13.61,7,0.0
102939,2,106,22.31,2,0.0
102939,3,85,25.13,6,0.0
102940,1,107,40.05,4,0.1
102940,2,53,23.81,2,0.1
102940,3,70,11.13,3,0.0
102940,4,112,79.66,2,0.05
102941,1,81,22.01,2,0.03
102941,2,14,24.56,5,0.0
102941,3,94,32.84,5,0.0
102942,1,56,27.9,3,0.03
102942,2,45,11.17,7,0.0
102943,1,82,8.09,6,0.0
102943,2,83,34.5,7,0.0
102944,1,14,26.67,5,0.05
102944,2,60,11.52,4,0.1
102944,3,40,26.8,5,0.0
102944,4,13,34.07,4,0.15
102944,5,25,13.11,8,0.03
102945,1,109,3.9,2,0.1
102945,2,49,27.32,5,0.0
102946,1,84,14.54,9,0.0
102946,2,47,25.32,2,0.15
102946,3,97,14.07,4,0.0
102946,4,63,42.42,3,0.0
102946,5,55,19.03,4,0.1
102947,1,80,23.27,6,0.05
102948,1,92,25.97,7,0.1
102949,1,71,7.1,3,0.0
102949,2,112,90.61,6,0.05
102949,3,45,12.53,7,0.05
102949,4,32,18.31,8,0.0
102950,1,90,52.45,2,0.0
102950,2,40,24.72,4,0.0
102950,3,114,26.53,8,0.1
102950,4,71,7.39,4,0.0
102950,5,83,32.29,2,0.0
102951,1,50,9.74,2,0.03
102951,2,51,50.78,3,0.0
102951,3,97,13.89,6,0.0
102951,4,52,48.35,3,0.05
102951,5,17,16.11,7,0.0
102952,1,45,11.17,4,0.03
102952,2,24,49.91,3,0.1
102952,3,10,57.09,5,0.0
102952,4,31,5.4,5,0.0
102953,1,108,34.44,3,0.15
102953,2,30,4.44,5,0.03
102953,3,67,23.18,8,0.0
102954,1,105,5.2,5,0.05
102954,2,45,13.83,4,0.03
102954,3,53,23.48,4,0.15
102954,4,2,31.86,4,0.15
102954,5,63,39.01,5,0.0
102955,1,81,22.69,4,0.0
102955,2,34,21.58,5,0.0
102956,1,110,21.18,2,0.03
102956,2,116,38.45,2,0.05
102957,1,15,11.48,3,0.0
102957,2,119,10.03,11,0.05
102957,3,78,9.7,6,0.15
102957,4,74,29.52,7,0.05
102957,5,76,25.89,13,0.05
102958,1,102,21.6,5,0.05
102959,1,105,5.79,3,0.1
102959,2,83,31.01,3,0.05
102960,1,110,26.7,8,0.05
102960,2,53,23.91,5,0.05
102960,3,52,40.84,5,0.05
102960,4,86,30.2,1,0.05
102961,1,15,12.03,3,0.0
102961,2,94,31.02,3,0.0
102961,3,1,31.31,3,0.0
102961,4,45,11.96,1,0.0
102961,5,24,51.35,7,0.03
102962,1,106,20.0,7,0.0
102962,2,24,53.39,5,0.0
102963,1,76,24.11,7,0.1
102963,2,81,23.91,3,0.0
102964,1,40,21.51,2,0.03
102964,2,80,23.46,2,0.0
102965,1,82,6.02,5,0.0
102965,2,116,32.46,12,0.1
102965,3,28,6.67,2,0.0
102965,4,79,18.25,5,0.0
102965,5,24,54.49,6,0.0
102966,1,97,16.1,2,0.0
102967,1,86,30.78,1,0.0
102967,2,83,35.39,17,0.0
102967,3,48,43.89,3,0.0
102968,1,38,29.05,3,0.03
102968,2,21,28.31,1,0.0
102968,3,79,16.56,5,0.05
102968,4,9,23.72,3,0.15
102968,5,112,91.28,4,0.0
102969,1,44,16.08,11,0.0
102969,2,57,43.78,16,0.05
102969,3,24,48.07,1,0.0
102970,1,81,26.91,7,0.0
102970,2,67,34.66,6,0.0
102970,3,97,14.02,4,0.03
102970,4,83,34.27,8,0.15
102971,1,32,18.27,1,0.0
102971,2,53,25.22,3,0.0
102972,1,79,17.37,6,0.0
102972,2,71,6.44,7,0.0
102972,3,40,23.4,5,0.05
102973,1,10,51.71,2,0.03
102973,2,76,26.43,6,0.03
102974,1,112,78.12,6,0.05
102974,2,78,9.83,3,0.0
102974,3,17,15.45,3,0.0
102974,4,27,9.39,8,0.0
102974,5,85,28.96,6,0.0
102974,6,81,28.63,4,0.0
102974,7,39,120.55,3,0.05
102975,1,24,48.38,7,0.0
102975,2,81,21.92,8,0.0
102975,3,70,11.3,6,0.05
102976,1,95,21.01,3,0.05
102977,1,89,16.56,5,0.0
102977,2,11,36.25,5,0.0
102978,1,8,5.08,2,0.0
102978,2,107,47.91,7,0.0
102978,3,120,5.16,5,0.0
102978,4,24,45.34,4,0.1
102978,5,91,21.34,3,0.0
102979,1,47,22.73,5,0.03
102979,2,107,49.13,6,0.03
102979,3,45,12.89,1,0.0
102979,4,66,7.03,1,0.03
102979,5,53,27.02,5,0.0
102979,6,55,19.75,10,0.05
102979,7,71,7.45,2,0.1
102980,1,45,11.04,6,0.0
102980,2,34,28.99,2,0.0
102980,3,83,34.71,5,0.0
102980,4,41,52.24,7,0.1
102980,5,66,7.61,6,0.0
102980,6,104,24.15,3,0.0
102981,1,49,30.99,3,0.0
102981,2,45,12.83,3,0.0
102981,3,89,17.55,2,0.0
102981,4,41,53.98,5,0.15
102981,5,15,9.3,6,0.0
102982,1,103,31.98,4,0.0
102982,2,57,47.17,3,0.0
102983,1,34,23.16,4,0.0
102983,2,90,59.92,2,0.15
102984,1,78,10.51,3,0.05
102984,2,36,32.02,6,0.03
102985,1,72,9.67,2,0.0
102985,2,65,12.26,6,0.1
102985,3,55,18.09,3,0.0
102986,1,84,15.18,5,0.2
102986,2,45,10.29,2,0.0
102986,3,68,25.04,4,0.0
102986,4,67,31.42,3,0.05
102987,1,81,27.61,2,0.15
102987,2,75,19.9,3,0.0
102987,3,86,29.84,8,0.0
102988,1,97,15.96,6,0.0
102988,2,78,9.2,5,0.0
102988,3,95,21.0,1,0.0
102988,4,105,5.45,8,0.15
102988,5,118,19.84,4,0.03
102989,1,67,29.6,7,0.15
102989,2,72,8.12,5,0.05
102989,3,116,36.1,12,0.0
102990,1,45,10.63,3,0.03
102990,2,25,11.18,4,0.1
102990,3,60,12.54,10,0.0
102991,1,94,29.86,5,0.05
102991,2,32,17.61,4,0.05
102991,3,21,28.93,5,0.0
102991,4,6,10.27,6,0.2
102991,5,51,39.15,3,0.0
102991,6,75,18.98,4,0.0
102991,7,15,11.07,1,0.1
102992,1,95,17.51,2,0.1
102992,2,41,48.52,5,0.0
102992,3,72,8.77,6,0.03
102992,4,5,25.92,2,0.0
102992,5,58,7.7,2,0.0
102993,1,80,25.28,5,0.0
102993,2,45,13.02,4,0.0
102994,1,4,7.08,2,0.15
102994,2,45,13.55,9,0.0
102994,3,92,30.88,6,0.1
102994,4,72,8.11,2,0.0
102994,5,53,22.06,5,0.15
102994,6,81,22.92,4,0.0
102994,7,59,20.46,2,0.0
102994,8,75,18.39,3,0.15
102995,1,100,68.48,7,0.0
102995,2,76,26.01,4,0.0
102995,3,116,36.42,10,0.0
102996,1,81,25.74,3,0.05
102996,2,87,26.52,11,0.0
102996,3,60,11.8,5,0.0
102996,4,100,53.64,4,0.0
102996,5,51,48.32,7,0.15
102997,1,83,34.07,7,0.0
102997,2,81,26.62,13,0.0
102997,3,44,14.69,2,0.0
102998,1,93,19.92,7,0.0
102998,2,54,26.33,4,0.05
102998,3,98,11.33,5,0.0
102999,1,55,24.43,6,0.05
102999,2,82,5.89,6,0.1
103000,1,116,37.93,4,0.1
103000,2,76,21.13,2,0.05
103001,1,99,25.65,6,0.05
103001,2,29,54.64,1,0.0
103001,3,37,17.12,3,0.0
103001,4,26,16.59,3,0.0
103002,1,58,8.21,2,0.1
103002,2,71,6.93,1,0.05
103002,3,53,24.29,4,0.1
103002,4,104,27.75,5,0.03
103003,1,45,12.65,2,0.1
103003,2,79,19.64,5,0.15
103003,3,5,25.05,5,0.0
103003,4,94,31.04,2,0.1
103003,5,82,6.48,3,0.1
103004,1,52,48.31,12,0.0
103004,2,69,4.58,3,0.0
103004,3,108,35.02,2,0.0
103005,1,27,9.51,2,0.0
103005,2,104,27.75,2,0.15
103006,1,27,9.87,5,0.0
103006,2,51,43.46,8,0.03
103007,1,76,24.6,1,0.0
103007,2,81,26.68,3,0.05
103008,1,114,28.71,3,0.0
103008,2,62,41.8,7,0.0
103008,3,80,26.37,3,0.0
103008,4,99,25.04,6,0.05
103009,1,49,28.3,1,0.1
103009,2,97,15.63,3,0.0
103009,3,45,10.62,8,0.0
103009,4,112,80.23,6,0.0
103009,5,82,6.89,6,0.0
103010,1,44,16.76,7,0.0
103010,2,52,48.41,1,0.0
103010,3,23,21.76,9,0.0
103010,4,110,26.83,5,0.03
103011,1,9,25.9,4,0.1
103011,2,58,8.16,5,0.0
103011,3,74,30.23,2,0.15
103012,1,90,50.47,3,0.05
103012,2,120,4.79,2,0.0
103012,3,78,10.95,4,0.0
103012,4,65,11.91,3,0.03
103013,1,106,19.16,2,0.0
103013,2,95,19.54,3,0.0
103014,1,51,46.86,8,0.2
103014,2,62,35.57,2,0.05
103014,3,83,35.65,1,0.0
103015,1,110,25.76,3,0.0
103015,2,45,11.38,6,0.0
103015,3,53,23.73,1,0.15
103015,4,58,8.29,4,0.0
103016,1,79,14.98,3,0.1
103017,1,12,74.4,2,0.0
103017,2,34,22.31,5,0.0
103017,3,88,38.95,6,0.2
103017,4,11,35.91,3,0.0
103018,1,10,50.97,3,0.05
103018,2,71,7.0,3,0.0
103018,3,13,37.02,4,0.0
103018,4,45,11.14,8,0.1
103019,1,60,12.61,7,0.1
103019,2,81,23.01,2,0.05
103019,3,90,53.64,7,0.0
103019,4,97,16.57,4,0.0
103019,5,10,55.37,6,0.1
103020,1,14,26.59,8,0.0
103020,2,106,21.32,4,0.15
103020,3,16,5.77,9,0.2
103020,4,2,33.1,3,0.0
103021,1,45,11.66,1,0.03
103021,2,8,5.02,3,0.03
103022,1,51,44.29,3,0.0
103022,2,18,16.19,5,0.0
103022,3,5,24.56,2,0.0
103022,4,102,23.93,1,0.15
103022,5,45,12.17,1,0.0
103023,1,15,9.43,3,0.0
103023,2,31,5.09,4,0.0
103023,3,16,5.07,2,0.05
103023,4,75,20.45,2,0.0
103024,1,67,33.56,2,0.0
103024,2,97,15.37,6,0.0
103024,3,47,20.68,6,0.15
103025,1,58,7.52,4,0.0
103025,2,28,7.58,5,0.1
103025,3,82,5.67,4,0.1
103026,1,16,5.89,6,0.0
103026,2,82,7.18,2,0.0
103026,3,80,24.4,6,0.2
103027,1,83,33.67,3,0.0
103027,2,80,25.27,3,0.0
103028,1,40,22.07,2,0.0
103028,2,56,27.22,1,0.0
103028,3,25,12.86,1,0.0
103028,4,44,17.59,2,0.15
103029,1,46,14.54,6,0.0
103029,2,97,13.64,5,0.0
103030,1,34,24.41,1,0.0
103030,2,97,15.12,1,0.0
103030,3,67,29.79,1,0.0
103030,4,27,9.34,2,0.0
103030,5,65,11.64,7,0.0
103030,6,71,6.99,4,0.0
103031,1,33,11.64,1,0.05
103031,2,63,43.3,8,0.05
103031,3,89,20.41,5,0.1
103031,4,112,73.5,5,0.0
103031,5,95,22.15,1,0.0
103032,1,70,13.36,6,0.05
103032,2,76,25.29,3,0.15
103033,1,53,27.93,5,0.0
103034,1,120,4.86,2,0.0
103034,2,81,24.14,1,0.05
103034,3,41,46.64,1,0.0
103034,4,52,55.82,6,0.0
103034,5,32,18.09,2,0.1
103035,1,68,27.43,1,0.0
103035,2,103,27.22,3,0.1
103036,1,116,39.91,9,0.0
103036,2,52,48.73,1,0.0
103036,3,81,27.14,2,0.0
103037,1,103,25.49,2,0.05
103037,2,117,8.53,8,0.1
103037,3,34,24.1,7,0.2
103037,4,106,18.83,7,0.0
103038,1,70,11.9,3,0.05
103038,2,97,14.08,4,0.0
103039,1,65,11.98,1,0.05
103039,2,112,72.74,6,0.0
103039,3,105,5.53,4,0.0
103040,1,71,7.07,6,0.0
103040,2,53,25.49,6,0.0
103040,3,112,81.87,2,0.0
103040,4,99,30.38,5,0.0
103040,5,72,7.23,9,0.0
103040,6,85,30.9,6,0.1
103041,1,117,9.52,5,0.0
103041,2,32,17.36,6,0.03
103042,1,69,3.28,10,0.0
103042,2,65,12.46,6,0.0
103042,3,1,29.45,1,0.1
103042,4,18,15.96,6,0.0
103043,1,89,18.6,1,0.0
103043,2,54,23.63,8,0.15
103043,3,62,35.33,9,0.0
103043,4,85,25.94,1,0.05
103043,5,33,10.77,4,0.0
103043,6,63,40.5,1,0.0
103044,1,52,50.07,1,0.05
103044,2,79,19.48,7,0.0
103045,1,110,29.5,2,0.0
103045,2,38,26.17,2,0.0
103046,1,82,7.05,2,0.0
103046,2,83,33.01,3,0.0
103047,1,61,20.4,3,0.0
103047,2,63,41.51,11,0.0
103048,1,15,9.81,3,0.0
103048,2,58,9.1,1,0.1
103048,3,60,11.42,1,0.1
103049,1,44,14.41,4,0.1
103049,2,112,82.06,4,0.0
103049,3,81,24.9,2,0.0
103049,4,116,32.69,5,0.0
103050,1,37,17.07,4,0.05
103050,2,25,12.56,5,0.0
103050,3,54,25.61,7,0.0
103051,1,75,19.55,5,0.1
103051,2,88,35.34,2,0.15
103051,3,106,20.65,16,0.05
103051,4,56,26.35,4,0.0
103052,1,35,31.33,7,0.03
103052,2,52,51.49,4,0.0
103052,3,5,29.13,3,0.0
103052,4,60,12.58,4,0.0
103052,5,27,8.61,3,0.0
103053,1,15,10.79,1,0.0
103053,2,80,29.28,3,0.1
103053,3,34,24.7,3,0.05
103053,4,63,39.74,9,0.0
103054,1,94,29.31,1,0.2
103054,2,4,7.2,3,0.05
103054,3,23,23.32,6,0.05
103055,1,108,30.5,2,0.0
103055,2,8,5.33,2,0.05
103056,1,26,13.21,1,0.03
103056,2,44,15.4,1,0.1
103056,3,79,18.57,14,0.15
103056,4,81,27.52,2,0.05
103057,1,118,21.59,2,0.0
103058,1,24,48.26,2,0.15
103058,2,57,42.0,1,0.0
103058,3,95,18.06,5,0.0
103059,1,97,13.84,5,0.0
103059,2,24,47.37,8,0.0
103059,3,55,18.7,1,0.1
103060,1,4,7.22,7,0.05
103061,1,108,38.43,1,0.0
103061,2,117,9.69,5,0.05
103061,3,60,12.9,8,0.0
103061,4,110,22.27,8,0.0
103061,5,91,18.21,3,0.15
103061,6,34,21.43,2,0.0
103061,7,83,35.44,2,0.0
103062,1,81,24.97,4,0.0
103062,2,105,5.7,8,0.1
103063,1,116,34.92,1,0.05
103063,2,110,30.43,12,0.0
103063,3,40,24.73,4,0.0
103064,1,79,20.01,5,0.1
103064,2,45,11.64,2,0.0
103064,3,116,35.45,4,0.0
103064,4,97,13.55,3,0.0
103064,5,32,17.97,1,0.0
103064,6,60,12.18,4,0.1
103065,1,34,24.98,7,0.0
103065,2,89,17.78,3,0.0
103065,3,110,26.01,7,0.0
103065,4,83,35.81,4,0.0
103065,5,85,27.22,9,0.0
103065,6,45,13.03,6,0.1
103066,1,60,13.49,5,0.0
103066,2,27,9.56,13,0.0
103067,1,34,24.12,5,0.0
103067,2,24,52.44,4,0.03
103067,3,32,18.76,3,0.15
103068,1,71,7.0,2,0.0
103068,2,50,10.32,6,0.0
103068,3,114,26.38,4,0.0
103068,4,52,52.4,8,0.2
103069,1,11,38.38,3,0.0
103069,2,116,37.94,3,0.1
103069,3,45,12.65,5,0.05
103069,4,99,25.64,4,0.0
103069,5,109,3.49,2,0.0
103069,6,97,14.97,2,0.0
103070,1,81,23.72,1,0.15
103070,2,45,10.49,3,0.0
103071,1,34,25.25,4,0.0
103071,2,70,11.73,4,0.0
103071,3,107,46.97,1,0.1
103071,4,81,26.33,1,0.0
103071,5,51,44.15,4,0.0
103072,1,32,17.48,7,0.0
103072,2,22,15.44,5,0.15
103072,3,64,21.66,6,0.05
103072,4,73,19.21,2,0.1
103072,5,10,50.78,2,0.2
103073,1,76,24.77,2,0.1
103073,2,63,37.49,8,0.0
103074,1,49,24.47,3,0.15
103074,2,47,24.91,3,0.0
103074,3,46,17.3,10,0.0
103074,4,80,27.01,3,0.0
103075,1,51,40.92,5,0.0
103075,2,86,30.15,4,0.0
103075,3,10,52.62,5,0.05
103075,4,59,18.73,2,0.0
103076,1,9,24.04,6,0.05
103076,2,65,12.28,4,0.0
103076,3,70,13.18,7,0.0
103076,4,52,52.27,3,0.0
103076,5,23,23.08,2,0.05
103077,1,5,23.41,3,0.0
103077,2,45,11.71,5,0.0
103077,3,71,7.39,5,0.0
103077,4,12,85.06,7,0.05
103078,1,53,22.47,3,0.05
103078,2,80,25.63,3,0.0
103078,3,82,6.35,1,0.0
103078,4,29,45.94,4,0.0
103079,1,55,19.88,8,0.03
103079,2,11,33.75,7,0.1
103079,3,107,46.93,4,0.0
103079,4,72,9.71,7,0.0
103079,5,91,16.35,7,0.0
103080,1,76,22.19,6,0.0
103080,2,34,26.28,5,0.0
103080,3,94,29.88,5,0.0
103081,1,10,58.18,7,0.0
103081,2,40,21.55,3,0.0
103081,3,12,84.68,4,0.05
103082,1,15,12.6,4,0.0
103082,2,19,25.56,5,0.0
103083,1,83,33.19,7,0.1
103083,2,34,24.99,5,0.0
103083,3,103,27.15,5,0.15
103084,1,67,33.98,3,0.0
103084,2,26,17.05,1,0.05
103084,3,70,11.79,6,0.05
103084,4,98,13.35,1,0.0
103084,5,79,18.4,1,0.1
103085,1,14,25.35,1,0.0
103086,1,60,12.81,5,0.05
103086,2,46,15.16,5,0.0
103086,3,117,8.33,3,0.0
103087,1,65,12.1,5,0.0
103087,2,57,48.09,6,0.05
103087,3,5,26.54,5,0.03
103087,4,76,25.24,2,0.15
103087,5,31,5.2,10,0.0
103088,1,98,13.54,5,0.03
103088,2,9,26.39,3,0.0
103089,1,94,26.45,1,0.0
103089,2,50,10.8,4,0.03
103090,1,98,12.4,3,0.15
103090,2,8,5.81,1,0.2
103090,3,83,33.0,6,0.05
103090,4,97,16.28,4,0.0
103091,1,9,21.96,5,0.1
103092,1,32,17.1,7,0.0
103092,2,44,14.53,1,0.0
103093,1,76,25.6,2,0.03
103093,2,17,13.41,11,0.0
103094,1,45,11.43,5,0.0
103094,2,70,11.06,3,0.05
103095,1,107,46.85,1,0.0
103095,2,116,40.47,3,0.0
103095,3,80,23.72,7,0.0
103095,4,49,28.71,7,0.0
103096,1,82,6.71,2,0.0
103096,2,76,23.29,13,0.0
103097,1,71,7.9,4,0.05
103098,1,83,33.47,3,0.0
103098,2,110,24.96,8,0.0
103098,3,77,32.76,8,0.1
103098,4,53,22.95,4,0.15
103098,5,97,14.99,4,0.0
103099,1,20,30.66,4,0.1
103099,2,58,8.38,1,0.0
103100,1,79,22.72,3,0.0
103100,2,60,11.67,4,0.0
103100,3,75,19.19,8,0.0
103100,4,83,33.08,4,0.0
103101,1,24,47.51,2,0.0
103101,2,71,6.13,2,0.03
103101,3,28,5.67,8,0.0
103101,4,89,16.88,5,0.0
103102,1,80,24.44,4,0.1
103103,1,45,10.13,4,0.0
103103,2,79,18.05,3,0.0
103103,3,8,5.07,8,0.2
103104,1,52,48.65,13,0.0
103104,2,76,27.1,4,0.05
103105,1,95,20.52,5,0.0
103105,2,80,23.29,6,0.0
103105,3,67,32.0,3,0.0
103105,4,100,69.36,5,0.0
103105,5,28,7.21,5,0.0
103106,1,106,23.9,1,0.0
103106,2,82,6.58,5,0.0
103106,3,71,7.4,10,0.05
103107,1,72,8.83,3,0.2
103107,2,87,30.16,5,0.0
103108,1,60,13.16,3,0.0
103108,2,24,52.47,6,0.05
103108,3,67,33.73,5,0.0
103108,4,16,4.66,2,0.0
103108,5,25,11.62,3,0.0
103109,1,90,45.22,3,0.0
103109,2,65,12.65,4,0.15
103109,3,72,7.81,4,0.15
103110,1,81,21.94,6,0.0
103110,2,114,27.4,1,0.1
103110,3,117,9.38,2,0.1
103111,1,117,9.42,2,0.03
103111,2,45,11.97,3,0.1
103111,3,81,22.93,11,0.0
103111,4,107,42.12,3,0.03
103112,1,71,6.91,6,0.03
103112,2,112,87.68,5,0.0
103112,3,91,17.71,3,0.0
103113,1,110,25.22,6,0.05
103113,2,83,33.54,3,0.0
103113,3,102,26.4,5,0.0
103113,4,72,8.27,5,0.0
103113,5,117,9.91,5,0.0
103114,1,116,38.7,1,0.0
103114,2,14,21.66,4,0.1
103115,1,89,17.52,4,0.0
103115,2,38,29.55,9,0.0
103115,3,40,24.22,1,0.1
103115,4,76,23.63,3,0.0
103115,5,64,20.25,1,0.05
103116,1,71,7.77,6,0.0
103116,2,65,12.9,4,0.0
103116,3,82,5.75,4,0.0
103116,4,21,28.69,2,0.0
103116,5,86,30.55,1,0.0
103117,1,55,18.97,1,0.0
103117,2,14,28.43,2,0.1
103117,3,51,46.77,4,0.03
103117,4,118,21.68,5,0.1
103117,5,8,4.89,4,0.0
103117,6,33,11.83,3,0.0
103117,7,79,18.48,15,0.0
103117,8,45,12.1,12,0.0
103118,1,45,11.49,2,0.0
103118,2,40,25.63,10,0.1
103119,1,99,24.45,3,0.15
103119,2,19,24.41,4,0.1
103119,3,80,22.6,5,0.0
103119,4,71,7.42,1,0.15
103119,5,65,12.39,4,0.0
103120,1,82,6.64,2,0.03
103120,2,81,25.8,3,0.03
103120,3,97,13.87,4,0.2
103120,4,27,8.55,4,0.1
103120,5,17,17.04,1,0.0
103120,6,38,27.84,3,0.0
103120,7,116,40.87,6,0.0
103121,1,113,10.49,3,0.03
103121,2,51,43.21,5,0.03
103121,3,89,17.58,4,0.1
103121,4,60,12.67,4,0.05
103122,1,97,15.68,11,0.0
103122,2,104,27.82,6,0.0
103122,3,60,10.92,7,0.0
103122,4,94,32.06,3,0.15
103123,1,79,22.99,2,0.0
103123,2,104,23.74,1,0.05
103123,3,107,49.3,3,0.0
103124,1,76,22.49,4,0.15
103125,1,71,6.96,4,0.0
103125,2,64,25.52,4,0.0
103126,1,97,14.59,4,0.0
103126,2,3,58.05,2,0.0
103126,3,56,26.81,6,0.0
103126,4,80,22.74,4,0.0
103127,1,67,31.71,4,0.0
103128,1,60,12.07,5,0.0
103128,2,104,27.07,4,0.0
103128,3,53,24.79,5,0.0
103129,1,45,12.01,4,0.1
103129,2,44,14.06,1,0.05
103130,1,9,26.04,7,0.1
103130,2,82,7.39,2,0.1
103131,1,87,27.56,3,0.0
103131,2,80,24.11,4,0.0
103131,3,70,11.11,3,0.15
103132,1,51,43.06,6,0.1
103132,2,17,16.15,6,0.0
103132,3,55,19.05,1,0.0
103133,1,45,13.76,2,0.0
103133,2,17,15.28,9,0.03
103133,3,83,31.47,2,0.0
103133,4,52,38.89,3,0.05
103133,5,97,15.07,1,0.0
103133,6,42,23.32,5,0.03
103133,7,96,73.91,4,0.03
103134,1,45,11.52,8,0.0
103134,2,72,9.21,4,0.0
103135,1,97,16.45,5,0.15
103135,2,83,33.31,1,0.05
103135,3,84,14.3,4,0.0
103135,4,89,17.11,7,0.05
103135,5,45,9.94,2,0.0
103136,1,93,24.04,6,0.0
103136,2,88,31.74,4,0.0
103137,1,82,6.0,1,0.03
103137,2,24,49.56,1,0.1
103137,3,106,22.12,4,0.05
103138,1,110,24.05,5,0.05
103138,2,81,23.15,2,0.0
103138,3,21,32.02,7,0.0
103139,1,80,24.69,3,0.05
103139,2,67,34.73,2,0.15
103139,3,106,23.56,5,0.1
103139,4,14,25.23,1,0.05
103139,5,83,29.2,1,0.0
103140,1,16,4.79,2,0.0
103140,2,31,5.55,11,0.03
103140,3,72,8.76,3,0.05
103140,4,74,32.52,1,0.0
103141,1,9,27.66,7,0.0
103142,1,5,28.51,3,0.0
103142,2,97,13.77,2,0.0
103143,1,120,4.9,2,0.05
103143,2,35,28.67,6,0.05
103143,3,98,11.53,2,0.0
103143,4,15,11.25,4,0.0
103143,5,60,12.39,2,0.0
103144,1,66,7.95,3,0.1
103144,2,62,36.13,6,0.0
103144,3,98,12.17,5,0.15
103144,4,7,17.08,5,0.0
103145,1,22,16.03,6,0.15
103145,2,82,7.24,5,0.03
103145,3,20,31.31,9,0.0
103145,4,97,14.4,5,0.05
103145,5,17,17.33,7,0.15
103146,1,116,34.0,3,0.0
103146,2,83,35.95,5,0.05
103146,3,24,49.68,11,0.0
103147,1,60,11.53,2,0.05
103147,2,43,40.29,3,0.1
103147,3,58,8.51,2,0.0
103147,4,46,17.21,2,0.1
103148,1,9,26.86,3,0.0
103148,2,105,6.02,3,0.1
103148,3,60,13.34,1,0.0
103148,4,34,23.7,7,0.0
103148,5,13,30.64,5,0.1
103149,1,81,26.26,2,0.15
103149,2,23,25.12,2,0.03
103149,3,29,50.23,5,0.1
103149,4,97,13.57,5,0.2
103149,5,58,6.78,6,0.0
103149,6,24,46.5,2,0.05
103149,7,71,6.43,1,0.0
103150,1,106,22.03,6,0.1
103150,2,83,32.47,3,0.0
103150,3,53,22.91,7,0.0
103150,4,45,13.34,5,0.05
103150,5,116,39.97,2,0.0
103151,1,42,19.43,3,0.1
103151,2,79,20.89,2,0.0
103151,3,67,26.83,8,0.0
103151,4,58,8.81,7,0.1
103152,1,84,13.46,5,0.0
103152,2,65,12.74,4,0.1
103152,3,26,16.41,2,0.03
103152,4,60,11.25,6,0.0
103152,5,67,35.14,5,0.0
103153,1,64,25.7,3,0.05
103153,2,76,23.69,1,0.0
103153,3,38,28.85,5,0.0
103154,1,60,11.33,1,0.05
103154,2,27,8.36,2,0.0
103154,3,52,48.05,2,0.15
103155,1,67,33.31,1,0.0
103155,2,45,12.48,4,0.0
103155,3,97,13.25,8,0.0
103155,4,81,25.29,2,0.0
103156,1,80,22.76,7,0.0
103156,2,84,15.69,2,0.0
103156,3,116,45.43,4,0.05
103157,1,42,21.15,1,0.15
103157,2,44,17.23,5,0.0
103157,3,67,33.6,1,0.0
103158,1,34,26.14,3,0.0
103159,1,106,18.35,6,0.0
103159,2,71,7.51,4,0.0
103160,1,110,26.7,4,0.0
103160,2,96,78.69,3,0.0
103160,3,72,9.15,2,0.0
103160,4,60,12.71,4,0.2
103160,5,40,23.06,2,0.03
103161,1,1,28.59,8,0.0
103161,2,58,8.64,2,0.0
103161,3,72,8.58,2,0.1
103162,1,20,29.37,4,0.03
103162,2,116,37.09,1,0.0
103163,1,40,25.2,2,0.05
103163,2,59,20.8,7,0.1
103164,1,24,45.41,1,0.0
103164,2,1,27.46,5,0.0
103165,1,117,9.06,4,0.0
103165,2,65,11.98,9,0.0
103166,1,107,46.23,1,0.05
103166,2,45,12.78,1,0.1
103166,3,72,8.33,6,0.05
103167,1,13,40.22,3,0.15
103167,2,104,28.13,3,0.0
103167,3,108,36.92,7,0.03
103167,4,4,7.25,10,0.03
103168,1,81,22.64,2,0.0
103168,2,117,11.59,6,0.0
103168,3,29,51.18,4,0.0
103168,4,110,22.09,1,0.2
103169,1,104,25.81,10,0.0
103169,2,45,11.17,3,0.0
103170,1,52,48.11,4,0.2
103170,2,13,38.92,3,0.0
103170,3,71,7.29,7,0.0
103170,4,97,15.08,3,0.0
103170,5,45,12.92,1,0.05
103170,6,91,20.76,9,0.0
103171,1,25,11.83,8,0.15
103171,2,51,48.55,3,0.1
103171,3,100,63.71,2,0.1
103171,4,16,4.68,3,0.0
103172,1,70,11.13,4,0.0
103172,2,64,27.12,3,0.1
103172,3,34,23.78,3,0.0
103172,4,14,30.75,3,0.0
103173,1,112,73.3,5,0.03
103173,2,118,18.43,8,0.0
103173,3,87,30.42,4,0.15
103173,4,56,28.57,2,0.1
103174,1,90,53.76,7,0.0
103174,2,1,29.61,4,0.0
103175,1,8,4.73,12,0.0
103175,2,98,12.16,3,0.1
103176,1,32,16.24,3,0.1
103177,1,8,5.05,2,0.05
103177,2,44,17.15,4,0.05
103177,3,78,9.93,2,0.2
103177,4,49,30.48,2,0.0
103177,5,83,32.0,4,0.0
103178,1,23,25.9,5,0.05
103178,2,53,24.08,7,0.05
103179,1,6,10.1,8,0.15
103179,2,65,12.2,1,0.0
103179,3,99,23.19,5,0.0
103180,1,101,23.59,2,0.0
103180,2,57,42.35,3,0.0
103181,1,105,5.11,1,0.0
103181,2,99,23.61,4,0.15
103182,1,30,4.7,6,0.1
103182,2,108,42.4,4,0.0
103183,1,103,27.89,2,0.05
103183,2,85,29.15,3,0.1
103183,3,60,12.43,3,0.0
103184,1,67,31.8,5,0.0
103184,2,25,12.14,7,0.05
103184,3,116,39.99,1,0.0
103185,1,45,12.88,3,0.0
103185,2,70,12.11,2,0.03
103186,1,9,25.03,8,0.05
103186,2,63,37.76,4,0.0
103186,3,44,14.8,1,0.0
103186,4,8,4.74,3,0.03
103187,1,96,77.21,7,0.05
103187,2,60,12.6,5,0.15
103187,3,81,21.94,2,0.03
103187,4,71,6.72,3,0.1
103187,5,52,40.65,1,0.03
103188,1,40,24.86,2,0.1
103189,1,76,25.6,7,0.15
103189,2,17,14.18,5,0.0
103189,3,80,24.43,2,0.1
103190,1,79,18.46,8,0.1
103190,2,110,26.23,6,0.05
103190,3,87,27.62,2,0.05
103191,1,99,23.07,6,0.1
103191,2,24,45.54,1,0.0
103191,3,80,23.75,6,0.1
103191,4,65,12.1,2,0.05
103192,1,94,32.13,3,0.0
103192,2,88,36.4,4,0.0
103192,3,116,36.89,4,0.0
103193,1,47,20.08,7,0.0
103193,2,45,11.8,2,0.0
103193,3,79,19.39,2,0.0
103193,4,81,25.03,4,0.03
103193,5,64,25.14,4,0.03
103194,1,6,11.08,3,0.0
103195,1,49,27.16,5,0.0
103195,2,83,26.17,3,0.05
103195,3,76,25.17,3,0.0
103195,4,45,12.3,8,0.0
103196,1,75,18.39,2,0.0
103196,2,15,11.34,5,0.15
103196,3,71,6.93,4,0.0
103196,4,8,4.8,4,0.1
103197,1,30,5.08,5,0.05
103197,2,83,31.17,4,0.0
103197,3,91,18.66,2,0.15
103197,4,8,4.41,9,0.05
103197,5,72,9.57,4,0.05
103197,6,45,12.58,2,0.0
103197,7,9,22.12,7,0.0
103198,1,35,28.9,6,0.2
103198,2,95,19.46,1,0.0
103198,3,37,15.56,4,0.2
103198,4,24,48.75,4,0.05
103198,5,23,24.21,3,0.0
103199,1,92,28.91,8,0.0
103199,2,83,34.5,9,0.05
103199,3,44,14.82,6,0.0
103199,4,45,9.36,4,0.0
103199,5,36,28.37,1,0.05
103200,1,44,17.12,5,0.0
103200,2,51,49.86,2,0.0
103200,3,78,10.33,6,0.0
103200,4,71,6.1,5,0.0
103201,1,82,6.17,3,0.05
103201,2,17,14.85,4,0.1
103202,1,60,13.65,3,0.0
103202,2,116,33.22,3,0.0
103202,3,80,21.96,1,0.0
103202,4,110,27.52,4,0.0
103202,5,32,18.36,10,0.1
103203,1,5,27.73,1,0.0
103204,1,64,24.05,5,0.0
103204,2,17,12.87,2,0.05
103204,3,71,7.75,1,0.0
103205,1,75,21.37,4,0.0
103205,2,12,85.63,5,0.05
103205,3,53,24.77,7,0.1
103205,4,42,22.53,7,0.1
103206,1,82,6.79,6,0.0
103207,1,89,16.92,5,0.0
103207,2,45,12.24,2,0.05
103207,3,12,77.77,3,0.0
103207,4,94,32.7,2,0.0
103207,5,60,10.62,3,0.0
103208,1,107,39.47,5,0.0
103208,2,20,30.31,2,0.1
103208,3,66,7.87,1,0.05
103209,1,99,25.84,6,0.0
103209,2,49,27.55,4,0.0
103210,1,92,26.2,2,0.05
103210,2,60,9.72,7,0.0
103210,3,47,21.78,5,0.0
103211,1,116,37.45,6,0.05
103211,2,110,26.16,5,0.03
103212,1,45,12.99,11,0.0
103212,2,56,29.3,4,0.0
103212,3,110,26.11,3,0.0
103212,4,60,11.3,6,0.03
103213,1,99,25.1,3,0.05
103213,2,116,39.9,2,0.05
103213,3,25,13.43,6,0.0
103214,1,6,9.31,7,0.0
103214,2,118,20.68,3,0.0
103215,1,87,29.19,3,0.15
103215,2,116,37.36,3,0.05
103216,1,45,12.48,6,0.1
103217,1,45,9.58,2,0.05
103217,2,109,4.07,5,0.05
103217,3,35,26.47,5,0.0
103218,1,82,6.97,1,0.15
103219,1,53,27.25,1,0.0
103219,2,67,34.2,5,0.0
103219,3,78,8.38,4,0.0
103219,4,110,26.08,2,0.0
103220,1,79,19.78,2,0.0
103220,2,106,20.0,1,0.1
103221,1,10,55.56,5,0.15
103221,2,103,26.65,6,0.03
103221,3,50,11.2,7,0.0
103221,4,89,18.53,2,0.1
103221,5,78,8.9,2,0.0
103222,1,8,5.24,1,0.0
103222,2,78,8.56,4,0.0
103222,3,72,8.85,2,0.0
103222,4,42,22.59,9,0.0
103223,1,76,25.75,4,0.0
103223,2,55,21.59,3,0.0
103223,3,116,40.14,10,0.0
103223,4,66,7.81,2,0.0
103223,5,99,26.11,1,0.03
103223,6,74,31.21,5,0.05
103223,7,67,37.34,2,0.0
103224,1,79,16.99,3,0.0
103224,2,81,26.95,6,0.0
103225,1,34,22.15,2,0.0
103225,2,60,11.73,3,0.0
103225,3,45,14.18,5,0.03
103226,1,117,9.27,3,0.2
103226,2,99,22.95,4,0.05
103226,3,15,11.74,6,0.1
103226,4,45,11.79,6,0.0
103226,5,93,29.67,3,0.0
103227,1,116,41.79,5,0.1
103227,2,83,35.33,4,0.0
103227,3,72,7.62,6,0.1
103227,4,71,7.64,3,0.15
103228,1,94,31.42,3,0.0
103228,2,9,18.52,3,0.2
103228,3,60,14.42,3,0.0
103228,4,34,23.6,3,0.0
103228,5,37,18.4,6,0.0
103229,1,45,12.64,1,0.0
103229,2,81,25.76,4,0.0
103229,3,21,28.2,2,0.03
103230,1,44,16.76,6,0.05
103230,2,67,32.7,4,0.05
103230,3,80,28.53,3,0.0
103230,4,25,13.13,7,0.0
103231,1,67,30.98,6,0.0
103231,2,97,14.77,5,0.0
103231,3,38,27.26,2,0.0
103232,1,119,10.89,4,0.0
103232,2,25,10.2,2,0.0
103232,3,45,11.69,11,0.0
103232,4,82,5.97,7,0.05
103233,1,69,4.47,4,0.1
103233,2,112,74.92,2,0.1
103233,3,81,24.89,5,0.0
103233,4,24,49.56,2,0.0
103234,1,76,25.6,3,0.05
103234,2,16,4.66,7,0.03
103234,3,109,3.9,6,0.0
103234,4,97,14.35,4,0.1
103235,1,67,35.06,6,0.15
103235,2,27,9.56,10,0.05
103236,1,15,10.83,3,0.1
103236,2,65,10.72,9,0.03
103236,3,87,28.18,1,0.1
103237,1,71,7.76,6,0.0
103237,2,69,4.67,4,0.1
103237,3,72,8.34,10,0.1
103237,4,57,50.77,5,0.0
103237,5,46,17.69,3,0.0
103238,1,14,23.3,4,0.0
103239,1,1,32.22,1,0.1
103240,1,14,25.39,8,0.0
103240,2,83,32.98,6,0.05
103241,1,60,11.87,3,0.0
103241,2,81,21.97,3,0.0
103242,1,90,51.77,5,0.1
103242,2,51,43.82,2,0.0
103242,3,116,37.69,5,0.0
103242,4,72,9.23,5,0.0
103243,1,51,51.84,5,0.03
103243,2,112,83.45,4,0.0
103243,3,71,7.5,1,0.03
103243,4,106,20.0,9,0.0
103243,5,97,15.21,3,0.0
103244,1,97,15.39,6,0.0
103244,2,27,10.34,1,0.05
103245,1,53,25.57,4,0.05
103245,2,9,32.03,6,0.0
103245,3,43,35.55,4,0.0
103245,4,101,25.07,5,0.05
103245,5,40,23.37,4,0.05
103246,1,90,50.26,3,0.0
103246,2,72,8.59,4,0.0
103246,3,45,13.01,9,0.0
103246,4,60,11.72,3,0.0
103246,5,51,48.56,6,0.15
103247,1,35,32.02,2,0.0
103247,2,15,10.82,7,0.0
103247,3,71,7.57,4,0.0
103248,1,71,6.46,1,0.0
103248,2,110,22.03,5,0.05
103248,3,24,50.74,3,0.0
103248,4,66,9.26,3,0.0
103248,5,90,57.56,2,0.05
103248,6,81,25.25,4,0.0
103249,1,40,18.83,5,0.0
103249,2,100,55.81,3,0.0
103250,1,112,80.89,6,0.0
103250,2,50,10.84,1,0.1
103250,3,83,33.38,4,0.0
103250,4,10,53.93,7,0.05
103250,5,55,18.39,2,0.0
103251,1,23,21.69,5,0.0
103251,2,98,12.01,6,0.03
103252,1,25,12.5,7,0.0
103252,2,51,39.01,2,0.05
103253,1,66,7.27,1,0.0
103253,2,76,25.27,1,0.0
103254,1,11,33.58,2,0.0
103254,2,109,3.53,4,0.0
103255,1,72,8.9,4,0.05
103255,2,37,18.74,3,0.0
103255,3,108,42.24,5,0.0
103255,4,65,11.72,2,0.0
103255,5,45,11.71,3,0.03
103255,6,58,7.49,5,0.15
103256,1,11,34.57,2,0.0
103256,2,92,25.14,13,0.0
103256,3,88,31.04,5,0.03
103256,4,27,9.74,3,0.0
103257,1,87,30.44,3,0.0
103257,2,83,31.13,3,0.1
103257,3,9,24.96,2,0.0
103257,4,91,17.51,1,0.0
103257,5,112,91.22,2,0.05
103257,6,14,27.28,1,0.0
103258,1,81,24.2,2,0.0
103258,2,27,9.92,7,0.15
103258,3,15,10.87,5,0.0
103259,1,82,5.9,6,0.0
103259,2,83,29.65,12,0.0
103259,3,60,11.15,8,0.0
103259,4,45,11.8,5,0.0
103259,5,94,29.2,4,0.03
103259,6,34,24.83,4,0.0
103260,1,104,28.39,1,0.0
103260,2,10,44.5,4,0.03
103261,1,82,6.17,8,0.0
103261,2,9,27.82,4,0.1
103261,3,51,43.21,7,0.0
103261,4,71,7.47,6,0.0
103262,1,51,46.18,2,0.1
103262,2,85,29.05,4,0.0
103262,3,60,12.2,2,0.0
103263,1,60,10.88,5,0.0
103263,2,24,47.85,5,0.05
103264,1,45,11.23,1,0.0
103264,2,20,35.85,1,0.0
103264,3,116,40.94,4,0.03
103265,1,70,13.21,7,0.0
103265,2,100,60.36,4,0.05
103266,1,40,22.4,2,0.05
103266,2,53,25.43,1,0.0
103267,1,97,14.72,4,0.15
103268,1,70,11.3,3,0.1
103268,2,60,10.92,1,0.15
103268,3,79,20.13,2,0.0
103268,4,81,26.98,3,0.0
103269,1,113,9.45,4,0.0
103269,2,60,11.17,6,0.05
103270,1,88,34.82,2,0.05
103270,2,101,20.52,13,0.1
103270,3,27,8.96,4,0.05
103270,4,86,29.76,4,0.05
103270,5,69,4.17,3,0.0
103271,1,106,21.61,7,0.0
103272,1,71,6.5,3,0.0
103272,2,103,26.13,7,0.1
103272,3,98,12.97,4,0.0
103273,1,45,12.53,9,0.1
103273,2,107,40.12,2,0.05
103273,3,72,8.49,4,0.0
103273,4,71,6.47,4,0.0
103273,5,22,16.32,3,0.05
103274,1,48,39.54,3,0.0
103274,2,16,5.29,5,0.05
103274,3,112,83.58,4,0.0
103275,1,67,35.21,3,0.0
103275,2,100,63.35,3,0.03
103275,3,52,48.07,2,0.15
103275,4,45,9.76,3,0.0
103276,1,66,7.15,5,0.0
103276,2,85,32.04,7,0.0
103277,1,94,29.11,4,0.0
103277,2,97,14.97,3,0.0
103277,3,45,11.01,3,0.15
103277,4,119,7.99,2,0.0
103277,5,24,52.59,5,0.0
103277,6,72,8.01,11,0.15
103278,1,72,9.13,1,0.0
103278,2,98,14.39,8,0.0
103278,3,44,16.18,6,0.0
103279,1,97,17.58,8,0.0
103279,2,81,26.24,2,0.03
103279,3,44,16.12,5,0.1
103280,1,44,12.71,6,0.2
103280,2,79,19.62,3,0.0
103280,3,33,11.3,11,0.0
103281,1,80,21.73,3,0.05
103281,2,83,31.36,3,0.03
103282,1,117,9.3,6,0.0
103282,2,45,11.96,6,0.2
103283,1,47,23.21,5,0.0
103283,2,15,11.12,5,0.0
103284,1,26,14.24,5,0.0
103285,1,21,30.95,2,0.0
103285,2,97,12.76,3,0.0
103286,1,71,7.11,8,0.15
103286,2,91,18.3,3,0.0
103286,3,72,8.61,5,0.1
103286,4,63,36.12,10,0.1
103286,5,76,19.96,2,0.15
103286,6,90,51.85,9,0.03
103287,1,15,10.9,2,0.0
103287,2,39,111.24,2,0.0
103287,3,32,17.58,1,0.0
103288,1,87,28.87,5,0.0
103288,2,76,19.92,1,0.0
103288,3,81,23.87,5,0.0
103288,4,22,14.45,8,0.05
103288,5,83,32.28,7,0.05
103288,6,37,17.77,3,0.0
103289,1,120,5.12,3,0.03
103289,2,63,39.71,5,0.0
103289,3,34,24.79,5,0.0
103289,4,118,17.91,6,0.0
103290,1,52,46.17,1,0.0
103290,2,25,12.12,2,0.15
103290,3,70,13.66,2,0.0
103290,4,10,55.91,4,0.0
103290,5,98,11.78,1,0.0
103290,6,81,21.87,3,0.0
103291,1,92,27.64,7,0.0
103291,2,79,19.08,1,0.0
103292,1,110,27.57,2,0.1
103292,2,114,27.93,3,0.15
103292,3,32,19.4,4,0.0
103293,1,57,48.54,1,0.0
103293,2,110,25.1,3,0.05
103293,3,90,53.33,6,0.05
103293,4,3,55.74,4,0.0
103294,1,74,30.02,2,0.05
103294,2,45,11.16,11,0.0
103295,1,91,16.46,1,0.0
103296,1,12,95.78,3,0.0
103296,2,83,33.22,4,0.0
103296,3,44,13.06,4,0.0
103297,1,85,28.29,4,0.03
103297,2,51,44.75,1,0.0
103298,1,60,12.59,7,0.05
103298,2,33,9.93,3,0.1
103298,3,76,23.65,4,0.05
103298,4,91,21.52,2,0.0
103299,1,72,7.07,8,0.03
103299,2,45,12.74,2,0.0
103299,3,65,12.74,5,0.05
103300,1,4,6.73,8,0.0
103300,2,17,16.28,2,0.0
103300,3,97,12.59,4,0.15
103300,4,89,18.61,6,0.03
103301,1,94,25.51,3,0.15
103301,2,116,39.66,9,0.03
103301,3,24,45.23,2,0.0
103302,1,44,15.93,8,0.05
103302,2,117,9.56,3,0.0
103303,1,71,7.26,4,0.1
103304,1,108,40.95,1,0.03
103304,2,97,15.01,5,0.0
103305,1,64,26.42,5,0.05
103305,2,6,10.34,2,0.05
103305,3,72,7.9,1,0.1
103306,1,23,25.5,5,0.0
103306,2,72,9.0,1,0.03
103306,3,63,39.77,2,0.0
103307,1,110,24.49,4,0.03
103307,2,24,50.03,10,0.0
103307,3,120,4.38,2,0.0
103307,4,21,30.35,12,0.03
103307,5,104,26.02,2,0.0
103307,6,43,33.48,2,0.0
103308,1,64,23.65,2,0.0
103308,2,36,33.12,11,0.0
103308,3,60,11.68,4,0.0
103308,4,107,41.63,5,0.0
103308,5,26,16.65,5,0.0
103308,6,59,20.75,1,0.05
103308,7,44,13.12,3,0.0
103309,1,116,35.33,7,0.1
103309,2,72,8.9,4,0.15
103310,1,107,41.31,8,0.0
103310,2,60,12.27,9,0.1
103310,3,27,9.94,6,0.15
103310,4,99,24.99,4,0.15
103310,5,112,72.07,5,0.0
103311,1,97,14.16,3,0.1
103311,2,108,39.03,2,0.2
103311,3,104,25.73,5,0.0
103311,4,81,23.25,2,0.0
103311,5,50,11.02,9,0.0
103312,1,70,12.65,6,0.0
103312,2,60,11.97,10,0.0
103312,3,24,51.66,8,0.0
103313,1,116,39.15,5,0.0
103313,2,26,16.48,5,0.0
103313,3,66,7.23,6,0.0
103313,4,85,29.36,1,0.05
103314,1,50,9.78,5,0.03
103315,1,97,15.14,1,0.2
103315,2,71,9.25,7,0.03
103315,3,73,20.51,3,0.03
103315,4,80,23.35,1,0.05
103315,5,51,43.87,3,0.0
103315,6,114,29.92,3,0.0
103316,1,60,12.64,2,0.0
103316,2,116,40.09,1,0.15
103317,1,45,12.22,4,0.0
103317,2,54,23.77,3,0.0
103317,3,1,28.52,5,0.0
103318,1,65,12.84,4,0.0
103319,1,58,7.47,8,0.0
103319,2,83,33.75,9,0.05
103319,3,49,27.46,8,0.0
103319,4,99,28.35,1,0.0
103320,1,45,10.93,4,0.0
103320,2,58,8.12,2,0.15
103320,3,97,14.5,3,0.15
103321,1,77,29.71,7,0.05
103321,2,27,8.71,1,0.0
103321,3,12,84.38,2,0.0
103321,4,83,36.06,4,0.0
103321,5,81,23.06,10,0.03
103322,1,63,40.49,2,0.0
103322,2,9,21.24,4,0.0
103323,1,67,31.23,4,0.0
103323,2,77,27.85,3,0.0
103323,3,42,24.65,2,0.05
103323,4,94,28.46,4,0.0
103323,5,110,21.5,3,0.0
103324,1,48,41.26,3,0.1
103324,2,93,23.66,1,0.15
103325,1,109,4.08,3,0.0
103325,2,64,24.96,2,0.0
103325,3,80,24.75,4,0.0
103325,4,65,13.73,1,0.05
103326,1,97,15.93,6,0.1
103327,1,62,38.47,3,0.0
103327,2,45,12.14,2,0.0
103327,3,98,11.57,4,0.05
103327,4,70,12.37,1,0.05
103327,5,76,25.82,4,0.1
103328,1,45,11.88,3,0.0
103328,2,95,18.42,3,0.0
103328,3,68,25.19,4,0.0
103328,4,72,9.4,7,0.0
103329,1,26,16.1,10,0.05
103329,2,71,6.22,3,0.1
103329,3,112,95.15,8,0.1
103329,4,100,65.63,4,0.0
103330,1,117,9.26,4,0.05
103330,2,79,20.58,3,0.0
103330,3,81,23.45,4,0.05
103331,1,46,17.65,6,0.0
103331,2,43,41.61,2,0.05
103331,3,9,22.86,9,0.03
103331,4,37,17.33,2,0.1
103332,1,71,7.66,1,0.0
103332,2,45,11.61,1,0.0
103332,3,110,26.43,4,0.05
103332,4,17,15.57,2,0.0
103332,5,34,24.3,4,0.0
103333,1,67,28.74,2,0.03
103333,2,45,11.73,6,0.0
103333,3,66,6.98,5,0.0
103333,4,40,25.65,6,0.0
103334,1,51,39.82,9,0.0
103334,2,81,26.35,5,0.0
103335,1,32,18.32,1,0.0
103335,2,43,37.01,4,0.1
103335,3,78,9.46,1,0.0
103336,1,53,25.58,3,0.0
103337,1,110,23.58,6,0.0
103337,2,78,9.24,4,0.05
103337,3,80,24.98,16,0.0
103337,4,72,8.54,6,0.0
103338,1,9,26.67,3,0.0
103338,2,26,16.42,6,0.0
103338,3,76,23.79,1,0.0
103338,4,58,7.59,2,0.1
103339,1,98,12.42,4,0.15
103340,1,106,20.04,4,0.1
103341,1,110,25.44,1,0.03
103341,2,71,7.7,6,0.03
103341,3,57,47.46,1,0.0
103341,4,82,6.01,5,0.0
103341,5,118,20.0,6,0.0
103341,6,77,33.74,2,0.03
103342,1,21,28.25,5,0.15
103342,2,97,13.83,8,0.1
103342,3,19,26.95,6,0.0
103343,1,67,31.53,2,0.0
103343,2,45,11.16,2,0.1
103343,3,13,35.83,7,0.0
103344,1,46,17.43,2,0.0
103345,1,53,22.76,4,0.0
103345,2,8,5.05,3,0.0
103345,3,9,23.76,5,0.0
103345,4,54,21.76,8,0.0
103345,5,27,9.36,6,0.05
103346,1,37,16.77,9,0.1
103346,2,60,13.48,5,0.15
103347,1,117,10.39,6,0.03
103347,2,113,10.53,3,0.0
103347,3,83,31.44,3,0.1
103347,4,45,11.83,6,0.0
103347,5,71,7.86,3,0.0
103348,1,80,25.78,2,0.03
103348,2,24,45.92,6,0.03
103349,1,97,14.84,3,0.03
103349,2,8,5.15,2,0.0
103350,1,44,16.45,12,0.0
103350,2,2,28.63,3,0.03
103350,3,51,40.79,4,0.0
103351,1,27,9.64,5,0.05
103351,2,65,10.53,2,0.0
103351,3,12,94.78,2,0.05
103352,1,72,8.56,2,0.15
103352,2,8,4.39,1,0.0
103352,3,83,32.36,2,0.0
103352,4,62,35.44,1,0.03
103352,5,71,7.54,5,0.0
103353,1,46,16.8,3,0.15
103354,1,54,21.86,7,0.0
103354,2,55,18.1,5,0.1
103354,3,60,12.02,11,0.1
103354,4,106,20.81,4,0.15
103354,5,32,19.31,4,0.0
103355,1,112,80.42,2,0.0
103355,2,97,14.63,4,0.15
103356,1,110,25.17,1,0.0
103356,2,104,30.91,2,0.05
103356,3,46,17.24,5,0.05
103356,4,76,28.32,7,0.0
103356,5,55,17.54,5,0.0
103357,1,98,14.64,10,0.0
103357,2,107,38.46,5,0.05
103358,1,2,29.79,5,0.0
103358,2,109,3.5,4,0.05
103359,1,40,26.45,3,0.0
103359,2,97,14.39,2,0.0
103359,3,116,39.99,3,0.1
103359,4,21,28.18,5,0.03
103359,5,43,32.92,8,0.0
103360,1,4,7.22,2,0.0
103360,2,81,24.56,3,0.0
103361,1,60,13.2,8,0.0
103361,2,116,35.38,1,0.0
103362,1,60,14.01,2,0.0
103363,1,21,30.04,6,0.0
103363,2,81,23.6,4,0.1
103363,3,106,21.37,2,0.03
103363,4,24,48.29,9,0.0
103363,5,23,23.56,5,0.03
103363,6,45,12.54,1,0.05
103364,1,79,20.55,2,0.03
103364,2,89,17.97,4,0.1
103365,1,72,9.28,3,0.0
103365,2,46,18.1,7,0.05
103365,3,64,26.63,5,0.2
103366,1,109,4.16,2,0.05
103366,2,112,73.2,2,0.05
103366,3,49,26.71,3,0.0
103367,1,42,20.18,6,0.0
103368,1,72,9.58,1,0.0
103368,2,6,10.07,1,0.0
103368,3,23,23.36,5,0.05
103368,4,79,19.56,3,0.03
103368,5,83,31.74,14,0.1
103369,1,76,23.42,12,0.0
103369,2,32,18.19,7,0.03
103369,3,16,4.94,2,0.0
103369,4,14,22.48,1,0.0
103370,1,51,42.27,2,0.0
103370,2,81,24.33,2,0.0
103371,1,22,14.52,5,0.15
103371,2,10,59.35,3,0.0
103371,3,112,78.43,3,0.0
103371,4,36,31.73,2,0.0
103371,5,81,20.05,5,0.0
103371,6,45,13.14,3,0.15
103371,7,24,52.42,6,0.03
103372,1,63,39.15,2,0.0
103372,2,97,12.74,5,0.0
103372,3,75,17.31,2,0.0
103372,4,68,27.06,1,0.1
103373,1,45,12.41,2,0.0
103373,2,14,23.69,6,0.0
103374,1,25,13.04,2,0.0
103374,2,67,28.76,2,0.05
103375,1,45,12.82,1,0.0
103375,2,92,25.85,5,0.05
103375,3,53,19.99,7,0.1
103375,4,44,15.49,6,0.0
103376,1,87,22.2,2,0.0
103376,2,61,21.32,1,0.05
103376,3,69,4.23,2,0.0
103377,1,31,4.55,3,0.0
103377,2,18,18.04,2,0.05
103377,3,87,23.6,7,0.05
103377,4,10,47.69,5,0.0
103377,5,15,11.75,6,0.05
103377,6,26,15.13,14,0.0
103378,1,65,11.5,7,0.0
103378,2,11,37.1,2,0.05
103378,3,53,25.09,10,0.0
103379,1,31,4.66,10,0.0
103379,2,9,26.87,2,0.0
103379,3,67,31.01,3,0.0
103379,4,83,35.58,8,0.05
103379,5,12,84.66,4,0.15
103379,6,112,90.52,4,0.0
103380,1,33,10.62,7,0.0
103380,2,114,24.2,2,0.0
103380,3,101,24.66,8,0.0
103380,4,110,24.98,2,0.1
103381,1,94,29.65,3,0.1
103381,2,65,11.52,12,0.0
103382,1,41,44.44,9,0.0
103382,2,94,30.54,4,0.0
103382,3,82,6.99,4,0.0
103383,1,118,20.23,13,0.03
103383,2,116,38.22,2,0.03
103383,3,53,23.57,6,0.0
103383,4,44,16.84,3,0.0
103384,1,80,20.54,8,0.1
103384,2,27,9.54,5,0.0
103384,3,23,27.09,17,0.15
103384,4,51,44.85,3,0.15
103384,5,120,4.54,7,0.0
103384,6,72,9.31,2,0.0
103384,7,104,23.96,7,0.05
103384,8,70,12.15,2,0.1
103385,1,18,18.62,5,0.03
103385,2,51,44.57,3,0.1
103386,1,109,3.81,3,0.03
103386,2,97,14.75,7,0.1
103386,3,58,8.17,1,0.03
103386,4,54,24.09,8,0.0
103386,5,104,25.47,4,0.03
103386,6,79,19.27,4,0.05
103387,1,100,58.51,5,0.0
103387,2,45,12.73,6,0.0
103387,3,60,11.43,5,0.0
103387,4,113,10.47,2,0.0
103387,5,116,37.29,3,0.03
103388,1,116,39.71,8,0.0
103388,2,44,15.77,8,0.05
103388,3,83,37.68,2,0.1
103388,4,27,7.34,5,0.05
103389,1,82,5.79,4,0.0
103389,2,49,25.41,5,0.0
103390,1,77,26.69,7,0.05
103390,2,120,4.11,4,0.0
103390,3,40,24.67,1,0.0
103390,4,45,12.02,1,0.0
103391,1,25,14.79,6,0.0
103391,2,80,22.97,2,0.05
103391,3,97,14.19,2,0.0
103392,1,45,11.39,7,0.05
103392,2,58,8.64,11,0.1
103392,3,98,12.02,15,0.05
103392,4,76,22.9,3,0.03
103393,1,106,19.81,4,0.0
103393,2,80,23.1,6,0.03
103393,3,101,21.81,11,0.0
103393,4,71,6.78,3,0.1
103394,1,34,24.19,2,0.0
103395,1,45,11.9,5,0.0
103395,2,12,92.35,2,0.05
103395,3,97,13.26,2,0.0
103395,4,44,14.33,7,0.0
103396,1,15,9.83,1,0.0
103396,2,45,11.26,1,0.0
103396,3,103,26.87,2,0.05
103397,1,80,25.76,2,0.05
103397,2,71,6.63,3,0.05
103397,3,32,19.64,2,0.05
103397,4,3,56.3,4,0.1
103397,5,55,18.36,7,0.1
103398,1,60,12.19,2,0.15
103399,1,103,31.47,2,0.1
103399,2,58,8.84,7,0.0
103400,1,101,20.63,4,0.05
103400,2,116,38.03,4,0.0
103400,3,62,36.01,8,0.0
103400,4,77,34.3,10,0.0
103401,1,113,10.09,2,0.03
103401,2,80,26.62,11,0.0
103401,3,85,31.12,6,0.05
103401,4,110,24.9,4,0.0
103402,1,71,6.52,7,0.05
103402,2,53,22.24,4,0.03
103402,3,80,22.05,6,0.05
103402,4,42,23.46,3,0.0
103403,1,16,4.11,8,0.05
103403,2,49,26.04,2,0.0
103403,3,116,38.48,1,0.0
103403,4,53,23.01,5,0.03
103403,5,45,13.13,7,0.0
103404,1,97,15.49,5,0.03
103404,2,80,26.71,3,0.0
103404,3,71,7.21,4,0.0
103405,1,53,26.14,2,0.0
103406,1,71,6.08,2,0.0
103406,2,91,18.58,3,0.0
103406,3,106,20.89,2,0.0
103407,1,15,10.68,4,0.0
103407,2,110,22.82,7,0.0
103408,1,51,42.28,5,0.0
103408,2,80,22.41,2,0.0
103408,3,101,24.17,3,0.15
103409,1,80,23.69,3,0.0
103409,2,27,9.2,2,0.03
103409,3,112,74.28,3,0.1
103409,4,51,47.81,2,0.2
103410,1,45,11.34,4,0.0
103410,2,72,8.56,2,0.0
103411,1,12,85.53,3,0.15
103411,2,110,24.87,3,0.0
103412,1,34,24.24,4,0.1
103412,2,72,7.94,9,0.0
103412,3,82,6.4,2,0.0
103413,1,28,6.09,3,0.0
103413,2,27,9.19,7,0.0
103413,3,102,26.36,2,0.0
103413,4,72,7.44,5,0.15
103413,5,42,20.69,3,0.05
103414,1,106,21.47,8,0.0
103414,2,112,89.01,2,0.0
103415,1,67,29.76,5,0.0
103415,2,117,7.9,6,0.05
103415,3,81,23.77,9,0.03
103415,4,80,25.62,5,0.0
103415,5,70,12.66,6,0.0
103415,6,34,25.02,1,0.05
103415,7,51,41.97,3,0.0
103416,1,105,5.34,3,0.0
103416,2,71,7.35,6,0.0
103416,3,120,4.66,3,0.0
103416,4,14,24.93,3,0.05
103416,5,37,16.35,1,0.1
103417,1,25,11.31,3,0.0
103417,2,97,17.0,5,0.0
103417,3,76,21.65,1,0.0
103418,1,50,10.07,7,0.0
103418,2,72,8.53,2,0.0
103418,3,65,13.05,3,0.0
103418,4,37,19.54,7,0.0
103418,5,112,82.26,13,0.0
103419,1,76,22.21,2,0.2
103419,2,91,17.73,1,0.0
103420,1,51,47.71,1,0.15
103420,2,115,31.52,3,0.0
103420,3,84,14.67,4,0.1
103421,1,72,8.72,4,0.0
103421,2,48,41.79,1,0.15
103421,3,83,34.08,5,0.0
103422,1,60,10.5,8,0.0
103422,2,73,20.78,13,0.0
103423,1,110,24.16,1,0.1
103423,2,64,22.84,3,0.03
103423,3,80,26.83,9,0.0
103424,1,27,8.58,2,0.0
103424,2,49,26.36,1,0.05
103424,3,51,44.11,2,0.0
103424,4,60,11.76,5,0.15
103424,5,112,75.81,2,0.15
103425,1,90,51.81,7,0.05
103425,2,71,7.03,4,0.15
103426,1,15,12.32,6,0.0
103426,2,30,4.53,3,0.0
103426,3,77,30.64,1,0.15
103426,4,79,18.34,2,0.0
103427,1,97,15.5,7,0.0
103427,2,81,18.61,3,0.0
103427,3,34,26.33,3,0.0
103427,4,45,10.85,3,0.0
103428,1,67,36.35,5,0.0
103428,2,2,31.8,2,0.1
103428,3,72,8.98,5,0.15
103428,4,53,25.94,3,0.0
103428,5,60,10.96,12,0.0
103428,6,81,26.0,5,0.0
103428,7,8,3.9,5,0.0
103428,8,58,7.7,3,0.0
103429,1,45,12.71,4,0.0
103429,2,53,25.46,9,0.0
103429,3,8,4.84,6,0.1
103430,1,78,10.64,11,0.03
103430,2,91,16.85,2,0.0
103431,1,83,34.41,3,0.0
103431,2,94,29.28,8,0.0
103431,3,114,23.05,5,0.0
103431,4,88,37.16,8,0.2
103431,5,51,44.52,8,0.0
103431,6,13,40.88,2,0.0
103432,1,82,6.16,1,0.0
103432,2,44,14.21,5,0.0
103433,1,97,14.96,8,0.0
103433,2,114,28.69,5,0.0
103433,3,102,22.06,1,0.0
103433,4,96,80.45,5,0.0
103433,5,8,4.4,8,0.05
103433,6,110,24.35,4,0.0
103434,1,83,34.45,1,0.1
103434,2,72,8.33,6,0.0
103434,3,89,17.0,8,0.0
103435,1,72,7.22,7,0.0
103435,2,80,22.82,5,0.1
103435,3,60,12.19,3,0.0
103436,1,14,25.35,8,0.0
103436,2,63,42.69,8,0.0
103436,3,35,30.84,4,0.0
103437,1,103,27.95,4,0.0
103437,2,81,23.56,6,0.0
103438,1,60,12.21,6,0.0
103438,2,107,45.03,3,0.0
103438,3,99,28.51,5,0.0
103439,1,107,42.82,5,0.05
103439,2,28,6.74,3,0.05
103439,3,27,8.39,2,0.0
103439,4,52,47.79,7,0.1
103439,5,91,18.98,5,0.0
103439,6,71,7.07,6,0.0
103439,7,117,10.43,2,0.0
103440,1,45,12.43,5,0.03
103440,2,18,18.39,3,0.1
103440,3,37,17.44,1,0.0
103440,4,83,34.13,3,0.15
103440,5,85,33.99,1,0.1
103440,6,66,7.76,6,0.1
103441,1,27,9.19,1,0.0
103441,2,31,5.39,7,0.03
103441,3,80,20.65,3,0.03
103442,1,88,34.45,2,0.05
103443,1,72,9.27,4,0.0
103443,2,83,29.9,2,0.0
103444,1,24,53.52,2,0.1
103444,2,114,23.82,5,0.15
103444,3,84,12.87,4,0.0
103444,4,80,24.39,4,0.1
103444,5,28,6.84,2,0.0
103444,6,14,23.93,3,0.0
103445,1,53,22.36,5,0.0
103445,2,41,50.67,6,0.0
103446,1,63,44.62,3,0.0
103447,1,87,27.43,10,0.1
103447,2,70,11.09,4,0.0
103447,3,24,48.17,5,0.0
103447,4,110,28.41,5,0.05
103447,5,91,17.49,4,0.0
103447,6,42,22.24,4,0.03
103447,7,15,10.9,10,0.03
103447,8,5,22.87,1,0.0
103448,1,81,23.76,4,0.0
103448,2,78,11.2,6,0.05
103448,3,53,24.01,6,0.0
103448,4,26,15.0,3,0.0
103449,1,58,6.49,2,0.03
103449,2,43,40.03,10,0.0
103450,1,67,34.49,2,0.1
103450,2,45,11.35,3,0.0
103450,3,4,7.29,1,0.15
103451,1,117,8.58,10,0.0
103451,2,45,10.44,2,0.0
103451,3,27,10.81,5,0.0
103451,4,72,8.63,3,0.0
103452,1,57,46.5,6,0.0
103453,1,103,27.48,6,0.1
103453,2,60,11.85,1,0.05
103453,3,24,56.04,4,0.0
103454,1,66,7.32,3,0.0
103454,2,23,28.08,6,0.0
103455,1,41,46.46,4,0.0
103455,2,80,24.75,4,0.1
103456,1,65,10.92,3,0.0
103457,1,97,15.76,1,0.0
103457,2,15,10.31,11,0.0
103457,3,12,82.82,12,0.0
103457,4,76,23.07,3,0.1
103458,1,75,14.64,2,0.03
103458,2,85,29.3,5,0.0
103458,3,71,7.41,6,0.0
103459,1,113,9.76,3,0.0
103459,2,110,22.28,6,0.0
103459,3,12,76.13,5,0.05
103459,4,107,41.47,8,0.05
103459,5,83,31.86,4,0.0
103460,1,51,51.55,3,0.05
103460,2,24,47.71,5,0.1
103460,3,4,7.05,5,0.0
103460,4,59,21.44,7,0.0
103460,5,81,24.48,3,0.0
103460,6,79,22.39,2,0.0
103461,1,45,12.99,11,0.0
103461,2,110,26.09,8,0.0
103461,3,108,39.91,3,0.0
103461,4,84,13.52,1,0.0
103461,5,85,24.35,8,0.0
103462,1,32,19.3,4,0.0
103463,1,101,24.24,2,0.0
103463,2,67,28.29,4,0.1
103463,3,45,12.72,5,0.1
103464,1,71,7.95,4,0.0
103464,2,103,30.27,2,0.1
103465,1,85,31.99,3,0.03
103466,1,45,11.13,4,0.03
103466,2,53,25.45,5,0.0
103467,1,49,26.33,2,0.0
103467,2,78,10.65,8,0.0
103467,3,105,5.9,2,0.1
103468,1,88,37.9,2,0.0
103468,2,27,9.13,4,0.0
103468,3,45,11.71,2,0.0
103469,1,116,43.88,2,0.0
103469,2,60,11.14,6,0.2
103469,3,96,81.18,4,0.03
103469,4,44,16.65,7,0.0
103469,5,72,7.93,3,0.0
103469,6,113,9.43,4,0.0
103470,1,71,7.81,1,0.0
103470,2,52,50.41,4,0.0
103470,3,23,21.4,6,0.05
103470,4,57,52.69,3,0.0
103470,5,30,4.45,5,0.1
103470,6,72,8.47,5,0.0
103470,7,76,22.65,7,0.05
103471,1,41,56.55,4,0.0
103471,2,60,11.54,11,0.03
103471,3,76,28.43,5,0.0
103472,1,8,4.87,6,0.03
103472,2,102,20.56,6,0.1
103472,3,97,14.39,4,0.0
103472,4,28,6.37,4,0.05
103472,5,24,49.44,4,0.05
103472,6,44,14.02,3,0.0
103473,1,79,19.03,9,0.1
103473,2,54,23.07,1,0.15
103473,3,60,12.6,3,0.0
103474,1,81,24.59,5,0.1
103474,2,66,6.65,7,0.2
103474,3,27,9.96,5,0.0
103475,1,60,11.08,3,0.0
103475,2,61,19.83,3,0.0
103475,3,32,18.17,5,0.0
103475,4,14,23.04,4,0.05
103476,1,72,7.92,1,0.0
103476,2,12,82.54,2,0.0
103476,3,45,12.97,4,0.0
103476,4,94,27.99,4,0.05
103477,1,51,42.76,4,0.03
103477,2,83,34.4,5,0.05
103477,3,108,37.04,3,0.0
103477,4,39,110.79,2,0.0
103477,5,25,11.86,6,0.05
103478,1,55,21.0,8,0.0
103479,1,83,34.97,1,0.05
103479,2,85,28.07,3,0.0
103480,1,16,5.38,5,0.05
103481,1,59,19.63,5,0.0
103481,2,89,16.93,4,0.1
103482,1,98,12.55,7,0.0
103482,2,83,35.86,1,0.1
103483,1,51,46.14,5,0.0
103483,2,9,30.15,3,0.1
103484,1,12,84.24,3,0.15
103484,2,45,11.12,9,0.0
103484,3,103,29.57,1,0.03
103484,4,27,8.41,9,0.2
103485,1,72,10.28,4,0.0
103485,2,67,31.15,6,0.05
103485,3,50,11.81,2,0.0
103485,4,71,8.21,2,0.05
103485,5,81,25.79,7,0.05
103485,6,24,53.27,4,0.1
103486,1,54,24.93,6,0.0
103486,2,8,4.64,3,0.0
103486,3,44,14.89,3,0.0
103487,1,14,24.84,9,0.2
103487,2,117,10.31,7,0.1
103488,1,45,11.99,5,0.15
103488,2,110,25.67,6,0.05
103489,1,72,8.78,5,0.2
103489,2,24,48.96,9,0.0
103489,3,45,11.54,6,0.03
103489,4,46,17.16,3,0.15
103490,1,51,48.44,14,0.15
103490,2,89,17.83,7,0.03
103491,1,31,5.06,5,0.03
103491,2,79,19.64,4,0.1
103491,3,78,8.89,3,0.05
103491,4,3,68.71,3,0.0
103491,5,32,17.69,8,0.03
103492,1,76,21.43,7,0.0
103492,2,54,22.77,7,0.05
103492,3,80,26.19,1,0.0
103492,4,69,4.21,1,0.0
103493,1,52,40.35,1,0.15
103494,1,108,35.14,3,0.1
103495,1,88,39.87,2,0.03
103495,2,69,4.04,2,0.0
103495,3,120,4.6,4,0.15
103496,1,10,56.55,5,0.0
103496,2,40,21.47,2,0.0
103496,3,82,6.84,6,0.05
103496,4,3,63.0,1,0.0
103496,5,65,12.31,2,0.1
103496,6,72,9.19,1,0.05
103496,7,83,34.88,1,0.0
103496,8,60,9.99,4,0.0
103497,1,26,15.07,3,0.03
103497,2,60,11.07,5,0.0
103497,3,14,21.26,5,0.0
103498,1,48,39.82,1,0.0
103498,2,110,26.19,1,0.0
103498,3,80,21.83,6,0.03
103499,1,83,36.65,4,0.0
103499,2,49,25.76,2,0.0
103499,3,45,11.41,5,0.05
103499,4,26,16.05,1,0.1
103500,1,49,29.04,2,0.03
103500,2,117,9.77,3,0.0
103501,1,103,29.93,3,0.0
103501,2,67,34.59,2,0.0
103501,3,112,87.54,12,0.0
103501,4,82,5.57,5,0.0
103502,1,83,31.2,5,0.1
103502,2,101,25.48,1,0.2
103502,3,50,11.14,11,0.0
103503,1,64,27.75,4,0.0
103503,2,45,11.79,1,0.0
103503,3,51,45.94,3,0.0
103504,1,82,5.72,7,0.05
103504,2,27,9.52,1,0.03
103504,3,87,27.58,5,0.1
103505,1,56,25.21,5,0.0
103505,2,66,8.5,4,0.05
103505,3,94,30.73,8,0.0
103506,1,1,26.46,3,0.0
103506,2,60,11.48,7,0.0
103506,3,76,21.93,5,0.0
103507,1,99,23.92,3,0.05
103507,2,2,28.08,2,0.0
103507,3,22,16.22,2,0.05
103507,4,45,11.87,2,0.0
103508,1,57,43.84,1,0.05
103508,2,67,33.45,4,0.0
103509,1,83,33.04,8,0.03
103509,2,5,22.48,2,0.0
103509,3,112,72.82,4,0.15
103509,4,60,13.84,5,0.1
103510,1,110,27.84,10,0.0
103510,2,98,12.37,2,0.0
103510,3,23,26.49,11,0.0
103511,1,27,10.29,4,0.0
103511,2,92,26.51,1,0.0
103511,3,98,13.41,1,0.05
103511,4,15,10.27,2,0.0
103512,1,76,25.42,1,0.0
103512,2,80,21.49,15,0.0
103512,3,92,24.07,5,0.05
103513,1,67,35.62,5,0.0
103513,2,56,28.15,8,0.05
103514,1,101,22.69,1,0.1
103514,2,83,34.31,9,0.1
103515,1,11,33.29,6,0.15
103515,2,45,12.72,3,0.1
103516,1,14,27.08,6,0.0
103516,2,20,32.36,12,0.0
103516,3,51,46.41,1,0.05
103516,4,118,19.51,2,0.0
103517,1,106,21.76,3,0.05
103517,2,91,20.15,4,0.0
103518,1,75,18.63,1,0.05
103518,2,45,12.5,4,0.1
103518,3,72,8.29,2,0.05
103519,1,54,26.8,5,0.05
103519,2,24,49.71,9,0.1
103519,3,10,56.86,2,0.1
103519,4,79,17.73,9,0.05
103520,1,9,24.12,4,0.03
103520,2,20,34.03,7,0.05
103520,3,53,20.07,1,0.0
103521,1,8,6.31,2,0.05
103521,2,72,8.2,2,0.0
103522,1,24,48.08,3,0.1
103522,2,56,25.08,5,0.03
103522,3,97,15.84,1,0.05
103522,4,58,8.53,2,0.0
103523,1,27,8.71,7,0.15
103523,2,81,28.72,11,0.0
103524,1,80,21.45,6,0.0
103524,2,53,24.79,2,0.05
103524,3,103,29.53,5,0.15
103525,1,105,4.78,1,0.03
103525,2,60,12.81,3,0.0
103526,1,103,30.5,2,0.2
103526,2,115,39.99,2,0.0
103526,3,35,31.17,8,0.0
103527,1,52,44.62,1,0.0
103527,2,24,41.54,1,0.15
103527,3,25,12.41,5,0.03
103527,4,8,5.22,1,0.0
103527,5,76,28.47,4,0.0
103527,6,58,7.91,3,0.05
103528,1,76,24.0,5,0.0
103528,2,70,11.73,6,0.0
103528,3,65,11.46,1,0.0
103528,4,39,110.28,3,0.15
103529,1,40,24.77,7,0.05
103529,2,27,9.12,3,0.0
103530,1,118,21.37,4,0.03
103530,2,8,4.87,5,0.05
103530,3,38,25.37,4,0.03
103530,4,79,20.77,3,0.1
103530,5,2,23.28,2,0.05
103531,1,120,4.94,4,0.0
103531,2,108,36.8,4,0.15
103532,1,71,6.58,4,0.0
103532,2,109,3.26,5,0.0
103532,3,52,46.78,2,0.0
103532,4,58,7.71,8,0.0
103532,5,106,22.68,1,0.05
103533,1,89,17.14,4,0.0
103533,2,6,10.47,7,0.0
103533,3,1,30.31,1,0.1
103534,1,66,7.28,4,0.0
103534,2,14,26.97,3,0.15
103534,3,82,6.66,5,0.05
103534,4,87,28.64,7,0.0
103534,5,109,4.84,2,0.2
103535,1,65,12.72,5,0.0
103535,2,110,27.37,8,0.0
103535,3,45,11.83,6,0.03
103535,4,83,32.74,2,0.05
103535,5,2,25.85,2,0.0
103535,6,78,10.21,4,0.0
103536,1,71,7.94,5,0.05
103536,2,114,25.36,9,0.0
103537,1,101,25.43,10,0.0
103537,2,116,39.64,5,0.05
103538,1,63,37.06,4,0.0
103538,2,85,35.02,3,0.0
103538,3,45,12.12,3,0.0
103539,1,97,15.29,4,0.0
103539,2,13,37.27,10,0.0
103539,3,83,31.0,4,0.15
103540,1,8,5.29,8,0.0
103540,2,97,16.05,3,0.0
103541,1,23,26.37,3,0.15
103541,2,10,53.95,11,0.0
103542,1,97,16.15,5,0.2
103543,1,83,30.9,8,0.03
103543,2,116,43.19,5,0.1
103543,3,45,12.64,6,0.05
103543,4,113,9.69,3,0.0
103543,5,75,16.27,6,0.0
103544,1,71,7.41,3,0.05
103544,2,101,23.82,4,0.05
103544,3,83,28.84,6,0.05
103544,4,98,10.47,4,0.05
103545,1,65,10.24,7,0.0
103545,2,76,22.45,2,0.05
103545,3,85,30.8,5,0.05
103545,4,68,24.82,6,0.0
103546,1,71,7.47,10,0.1
103546,2,94,30.31,2,0.0
103547,1,110,24.04,6,0.0
103547,2,94,31.47,2,0.1
103547,3,113,10.19,2,0.0
103547,4,70,12.39,4,0.0
103547,5,81,28.94,9,0.1
103548,1,53,25.7,1,0.0
103548,2,71,7.86,3,0.1
103548,3,51,47.16,3,0.0
103548,4,45,11.95,3,0.03
103549,1,97,14.41,1,0.0
103549,2,79,20.84,3,0.0
103549,3,71,6.52,1,0.05
103549,4,40,24.92,5,0.0
103549,5,60,10.77,10,0.0
103550,1,60,11.15,1,0.15
103550,2,41,52.87,6,0.0
103551,1,116,41.43,1,0.03
103552,1,101,24.17,4,0.0
103552,2,11,32.28,3,0.0
103552,3,97,14.47,2,0.05
103552,4,71,7.97,6,0.1
103552,5,69,4.13,6,0.05
103552,6,52,45.7,10,0.0
103553,1,82,7.0,6,0.0
103553,2,24,60.82,6,0.0
103553,3,69,4.24,3,0.05
103553,4,62,36.23,5,0.0
103554,1,13,37.26,3,0.0
103554,2,40,24.44,5,0.05
103555,1,70,11.85,4,0.0
103555,2,81,24.78,5,0.15
103555,3,50,11.58,2,0.0
103555,4,91,19.95,2,0.0
103556,1,80,26.49,4,0.0
103556,2,76,23.92,4,0.0
103556,3,82,5.97,8,0.0
103556,4,105,6.24,2,0.05
103557,1,54,22.38,4,0.0
103557,2,76,24.56,2,0.0
103557,3,97,13.44,6,0.0
103557,4,25,13.43,4,0.0
103558,1,51,45.31,3,0.0
103558,2,75,17.1,9,0.1
103559,1,103,24.41,18,0.1
103559,2,25,11.2,6,0.0
103559,3,8,5.03,3,0.05
103559,4,70,11.22,6,0.15
103560,1,70,9.6,2,0.05
103560,2,60,11.42,5,0.05
103560,3,85,26.02,3,0.05
103560,4,97,15.81,2,0.0
103560,5,94,32.79,2,0.0
103561,1,55,20.07,8,0.15
103561,2,85,29.17,2,0.0
103561,3,83,28.46,7,0.0
103561,4,19,26.06,6,0.03
103562,1,60,10.66,1,0.03
103562,2,81,21.06,1,0.0
103562,3,110,26.41,8,0.05
103562,4,70,10.1,9,0.05
103562,5,40,23.79,3,0.15
103562,6,50,10.71,1,0.0
103562,7,102,23.98,7,0.0
103563,1,35,32.07,4,0.0
103563,2,97,14.23,2,0.0
103563,3,9,28.37,3,0.15
103563,4,109,3.82,4,0.0
103564,1,58,7.47,7,0.0
103564,2,8,5.24,6,0.03
103564,3,76,27.72,8,0.0
103564,4,81,27.36,4,0.0
103564,5,16,5.12,4,0.1
103565,1,92,30.92,1,0.03
103565,2,112,79.01,4,0.0
103565,3,110,28.66,2,0.0
103566,1,82,5.37,5,0.03
103566,2,75,18.39,1,0.15
103566,3,22,17.09,6,0.0
103567,1,24,45.18,5,0.0
103567,2,47,19.96,4,0.03
103567,3,39,98.28,4,0.05
103568,1,110,20.72,6,0.0
103569,1,97,13.29,8,0.0
103569,2,45,11.88,2,0.0
103570,1,81,22.39,1,0.0
103571,1,53,21.51,6,0.1
103571,2,10,54.37,2,0.1
103571,3,98,12.2,2,0.05
103572,1,83,39.8,7,0.05
103572,2,63,43.62,11,0.0
103573,1,34,25.26,2,0.03
103574,1,49,27.29,10,0.0
103574,2,70,12.77,2,0.0
103574,3,108,36.89,3,0.1
103575,1,53,25.26,6,0.0
103575,2,56,29.69,7,0.0
103575,3,39,113.25,4,0.05
103575,4,40,21.5,2,0.0
103576,1,101,23.41,1,0.1
103577,1,27,9.25,3,0.03
103578,1,27,9.24,1,0.0
103578,2,22,16.11,3,0.15
103579,1,71,7.78,8,0.2
103579,2,97,15.3,6,0.1
103579,3,82,6.45,6,0.0
103579,4,51,45.42,1,0.0
103580,1,45,12.17,3,0.0
103580,2,37,19.78,2,0.0
103580,3,104,25.86,5,0.0
103581,1,34,24.97,3,0.0
103582,1,45,11.8,6,0.1
103582,2,97,13.01,4,0.0
103582,3,51,40.59,4,0.05
103582,4,76,24.55,4,0.0
103583,1,97,14.33,3,0.0
103583,2,71,7.8,3,0.0
103583,3,88,31.46,4,0.0
103583,4,81,23.71,2,0.03
103583,5,34,21.88,2,0.0
103584,1,83,34.71,5,0.0
103584,2,14,24.85,1,0.05
103584,3,50,9.29,3,0.0
103584,4,44,16.43,1,0.0
103585,1,42,21.09,8,0.0
103585,2,97,15.13,3,0.0
103585,3,16,4.54,8,0.15
103585,4,60,12.17,6,0.0
103585,5,89,17.24,9,0.0
103585,6,109,4.2,6,0.03
103586,1,26,15.81,3,0.0
103586,2,45,11.76,7,0.1
103586,3,81,20.47,6,0.0
103587,1,11,34.85,1,0.05
103587,2,74,28.22,3,0.0
103588,1,83,36.11,2,0.03
103588,2,116,37.6,7,0.05
103588,3,5,27.08,4,0.05
103589,1,71,6.62,5,0.0
103589,2,9,23.97,12,0.0
103590,1,45,11.5,6,0.0
103590,2,116,37.63,3,0.05
103590,3,117,9.98,1,0.15
103590,4,80,23.15,3,0.0
103591,1,67,30.42,3,0.1
103591,2,27,9.82,5,0.05
103591,3,99,25.25,3,0.1
103592,1,72,7.96,4,0.0
103592,2,25,12.61,4,0.0
103592,3,21,28.24,3,0.05
103593,1,69,4.19,5,0.0
103593,2,97,14.82,9,0.0
103593,3,74,32.77,4,0.0
103593,4,23,21.96,4,0.0
103593,5,89,17.31,3,0.15
103594,1,65,12.57,5,0.2
103594,2,53,22.88,3,0.1
103595,1,108,30.6,4,0.0
103595,2,79,18.5,7,0.0
103596,1,101,21.28,1,0.1
103596,2,67,33.93,4,0.05
103597,1,72,9.67,8,0.05
103597,2,39,115.05,1,0.0
103597,3,59,19.58,6,0.0
103597,4,3,56.68,4,0.0
103598,1,60,10.61,6,0.0
103598,2,76,21.25,4,0.0
103599,1,19,26.29,4,0.0
103599,2,53,24.29,4,0.1
103599,3,71,7.65,5,0.0
103599,4,58,8.17,3,0.0
103599,5,52,43.58,3,0.0
103600,1,5,25.2,2,0.03
103600,2,116,40.31,2,0.05
103601,1,76,25.06,3,0.0
103601,2,113,9.58,4,0.1
103602,1,71,7.2,6,0.0
103602,2,110,27.44,5,0.0
103602,3,53,25.44,5,0.0
103602,4,120,4.72,5,0.0
103603,1,24,50.68,1,0.0
103603,2,45,12.52,5,0.03
103603,3,72,8.37,5,0.03
103604,1,24,42.6,3,0.0
103604,2,85,29.44,5,0.03
103605,1,102,23.15,15,0.0
103605,2,2,28.48,3,0.05
103605,3,24,47.24,6,0.0
103606,1,11,33.59,5,0.03
103606,2,51,46.1,3,0.0
103606,3,65,12.37,2,0.0
103606,4,70,11.96,2,0.05
103606,5,97,13.21,8,0.0
103607,1,25,11.99,5,0.05
103607,2,39,115.17,6,0.05
103607,3,52,52.15,8,0.0
103607,4,120,4.83,2,0.03
103608,1,21,28.01,6,0.03
103609,1,109,3.86,8,0.0
103609,2,62,36.89,5,0.05
103609,3,72,7.94,13,0.05
103610,1,22,14.09,2,0.0
103610,2,67,31.4,3,0.0
103610,3,99,26.98,5,0.0
103610,4,101,26.15,3,0.0
103610,5,71,6.47,1,0.0
103610,6,62,34.93,5,0.0
103610,7,98,12.03,11,0.0
103610,8,53,22.58,5,0.0
103611,1,83,33.67,4,0.0
103611,2,40,23.42,9,0.05
103611,3,116,39.17,3,0.0
103611,4,72,8.5,2,0.0
103611,5,58,7.66,3,0.0
103612,1,100,67.95,6,0.0
103612,2,45,12.25,6,0.03
103613,1,101,22.22,2,0.0
103613,2,45,12.13,4,0.05
103613,3,52,51.89,2,0.03
103613,4,4,7.64,9,0.0
103613,5,14,22.5,6,0.0
103614,1,79,20.1,9,0.0
103614,2,54,25.97,3,0.0
103615,1,78,9.05,4,0.0
103615,2,117,8.94,7,0.0
103616,1,85,25.17,2,0.03
103616,2,92,23.06,5,0.05
103616,3,80,20.55,2,0.05
103617,1,81,26.69,5,0.0
103617,2,8,4.21,9,0.1
103617,3,72,7.58,4,0.05
103617,4,60,12.38,3,0.1
103617,5,71,6.71,1,0.0
103618,1,46,17.92,1,0.1
103618,2,45,13.11,2,0.0
103618,3,19,29.38,3,0.2
103618,4,104,27.93,2,0.0
103618,5,83,33.86,3,0.0
103618,6,116,40.15,4,0.0
103618,7,89,16.07,1,0.15
103619,1,72,9.93,2,0.0
103619,2,45,10.31,6,0.0
103619,3,117,8.89,5,0.05
103619,4,70,13.59,1,0.0
103619,5,46,15.16,4,0.05
103620,1,54,24.61,9,0.0
103620,2,116,39.84,5,0.0
103621,1,86,29.91,4,0.2
103621,2,24,54.94,6,0.2
103622,1,76,22.18,8,0.0
103622,2,33,11.74,3,0.0
103622,3,45,12.41,4,0.05
103623,1,94,33.09,5,0.0
103623,2,5,26.68,4,0.0
103623,3,67,30.57,3,0.0
103623,4,54,26.21,7,0.0
103624,1,43,37.81,4,0.0
103624,2,15,11.49,5,0.05
103624,3,112,86.1,3,0.0
103624,4,16,5.63,6,0.0
103625,1,102,26.15,5,0.0
103625,2,52,44.86,2,0.0
103625,3,80,22.01,4,0.0
103626,1,4,7.29,3,0.05
103626,2,97,14.65,1,0.0
103626,3,94,30.68,1,0.0
103627,1,45,11.59,3,0.0
103628,1,51,43.01,1,0.0
103628,2,112,68.23,1,0.0
103628,3,25,13.81,8,0.0
103628,4,46,13.65,4,0.0
103628,5,11,33.47,4,0.0
103628,6,27,9.94,4,0.15
103628,7,44,16.13,1,0.1
103629,1,80,23.79,6,0.05
103629,2,37,19.84,5,0.05
103629,3,75,18.2,6,0.0
103630,1,98,11.96,7,0.05
103630,2,107,35.36,8,0.05
103630,3,72,8.98,4,0.05
103631,1,79,19.26,3,0.03
103631,2,82,7.21,5,0.2
103631,3,67,29.67,2,0.1
103632,1,82,6.43,3,0.03
103632,2,60,13.53,4,0.0
103632,3,1,27.43,1,0.05
103632,4,61,21.07,4,0.1
103633,1,69,4.61,1,0.0
103633,2,53,23.32,3,0.0
103633,3,93,23.12,3,0.1
103633,4,24,53.35,1,0.0
103634,1,69,3.93,1,0.03
103634,2,107,35.34,2,0.0
103635,1,97,14.19,1,0.1
103636,1,45,12.08,3,0.0
103636,2,65,11.28,3,0.05
103637,1,98,13.17,9,0.05
103637,2,81,23.52,3,0.0
103638,1,10,54.6,12,0.0
103638,2,81,26.7,13,0.03
103638,3,58,7.85,3,0.0
103639,1,101,24.53,2,0.03
103639,2,9,22.3,5,0.0
103639,3,5,25.16,9,0.05
103640,1,45,11.97,2,0.1
103640,2,61,21.19,1,0.0
103640,3,27,10.27,5,0.0
103640,4,81,25.09,5,0.0
103640,5,37,19.8,1,0.05
103640,6,43,36.93,7,0.0
103641,1,21,31.01,2,0.0
103641,2,45,11.49,3,0.0
103641,3,53,26.21,4,0.0
103642,1,34,25.32,4,0.0
103642,2,71,7.29,2,0.03
103642,3,88,31.7,1,0.0
103643,1,14,26.11,5,0.0
103643,2,65,13.0,4,0.15
103643,3,45,12.19,4,0.15
103644,1,93,21.52,2,0.0
103644,2,76,23.36,5,0.0
103644,3,70,12.35,6,0.0
103645,1,15,12.1,6,0.03
103645,2,51,43.31,11,0.03
103646,1,60,11.25,4,0.0
103646,2,113,10.63,2,0.0
103647,1,67,32.92,7,0.0
103647,2,116,36.51,3,0.1
103648,1,79,16.29,3,0.0
103648,2,25,10.89,2,0.05
103648,3,65,11.6,2,0.0
103648,4,72,9.28,6,0.1
103648,5,36,26.3,1,0.0
103648,6,81,26.94,3,0.05
103649,1,72,8.86,4,0.05
103649,2,56,30.2,8,0.1
103649,3,13,39.83,2,0.03
103650,1,4,6.5,3,0.0
103650,2,65,13.15,2,0.0
103650,3,68,24.56,5,0.0
103650,4,83,36.31,5,0.1
103651,1,60,12.06,3,0.05
103651,2,89,18.3,1,0.15
103651,3,110,26.33,4,0.0
103651,4,41,55.34,6,0.0
103652,1,102,24.09,2,0.1
103653,1,113,10.52,6,0.0
103653,2,101,26.95,8,0.0
103654,1,27,8.56,4,0.0
103654,2,51,45.73,5,0.0
103654,3,43,35.22,5,0.15
103655,1,110,26.15,4,0.0
103655,2,107,40.43,4,0.15
103655,3,58,8.47,2,0.0
103656,1,110,27.99,3,0.0
103656,2,85,32.24,8,0.0
103656,3,41,44.17,3,0.0
103657,1,91,17.56,4,0.15
103657,2,54,23.34,6,0.0
103657,3,41,54.62,3,0.15
103658,1,106,20.67,2,0.0
103658,2,110,29.08,5,0.05
103659,1,117,9.74,6,0.05
103659,2,91,18.54,5,0.05
103659,3,12,92.48,4,0.15
103659,4,6,11.9,1,0.05
103659,5,45,13.4,8,0.1
103660,1,9,20.08,9,0.0
103660,2,22,17.53,7,0.0
103660,3,40,26.83,1,0.05
103661,1,98,12.55,10,0.0
103661,2,76,26.11,1,0.1
103661,3,113,9.7,7,0.0
103662,1,99,20.1,3,0.1
103662,2,1,27.36,7,0.05
103662,3,58,8.49,4,0.0
103662,4,94,26.03,3,0.0
103663,1,99,27.42,3,0.0
103663,2,81,27.78,9,0.0
103663,3,65,12.35,4,0.0
103664,1,87,29.52,4,0.1
103664,2,45,11.14,6,0.15
103664,3,52,47.11,3,0.1
103664,4,58,7.2,7,0.05
103664,5,82,6.69,3,0.05
103664,6,114,26.96,3,0.03
103665,1,53,21.67,3,0.0
103665,2,34,27.02,4,0.03
103665,3,11,37.62,6,0.0
103666,1,67,29.65,6,0.05
103666,2,60,11.72,3,0.05
103667,1,72,8.03,8,0.0
103667,2,111,106.34,2,0.0
103667,3,74,31.14,1,0.1
103668,1,97,13.76,3,0.0
103668,2,116,37.15,2,0.05
103668,3,81,22.97,5,0.0
103668,4,52,52.93,8,0.0
103668,5,59,21.91,4,0.0
103669,1,81,22.55,5,0.0
103669,2,34,25.52,4,0.1
103669,3,53,24.09,4,0.1
103670,1,84,16.03,3,0.1
103670,2,26,16.45,6,0.0
103671,1,45,11.46,2,0.1
103671,2,67,33.05,1,0.05
103671,3,116,34.64,6,0.0
103671,4,81,22.81,2,0.0
103671,5,108,38.12,2,0.0
103672,1,65,11.86,2,0.0
103672,2,51,38.02,2,0.05
103672,3,46,18.58,6,0.1
103672,4,97,15.57,1,0.05
103672,5,79,19.29,5,0.0
103673,1,39,130.35,3,0.0
103673,2,80,21.8,5,0.03
103673,3,85,27.97,1,0.0
103673,4,76,23.98,2,0.05
103674,1,79,19.07,1,0.05
103674,2,100,59.02,6,0.0
103674,3,105,4.9,1,0.0
103674,4,31,5.68,2,0.05
103675,1,5,25.54,1,0.0
103675,2,71,6.26,3,0.1
103675,3,104,23.21,4,0.1
103675,4,106,22.71,9,0.0
103676,1,117,9.68,5,0.03
103676,2,4,7.67,15,0.1
103677,1,39,116.41,1,0.15
103677,2,82,6.96,2,0.1
103677,3,14,25.72,1,0.0
103677,4,112,78.27,1,0.15
103677,5,53,22.78,7,0.0
103677,6,21,29.95,4,0.1
103678,1,12,79.03,4,0.0
103678,2,53,21.69,3,0.0
103679,1,8,4.75,4,0.0
103679,2,51,47.35,3,0.03
103679,3,79,17.62,9,0.0
103679,4,97,15.16,2,0.05
103680,1,94,32.14,4,0.0
103680,2,86,31.72,3,0.0
103681,1,33,11.0,6,0.0
103682,1,83,26.66,3,0.05
103682,2,104,28.09,6,0.05
103682,3,66,7.01,7,0.2
103683,1,51,50.72,1,0.0
103683,2,65,13.7,4,0.05
103684,1,108,37.73,8,0.1
103684,2,24,47.71,3,0.0
103684,3,67,31.29,6,0.03
103684,4,72,9.34,2,0.0
103685,1,65,11.87,9,0.05
103686,1,34,23.53,5,0.0
103686,2,15,9.32,2,0.0
103686,3,110,20.07,5,0.05
103686,4,118,19.68,3,0.0
103687,1,110,24.61,7,0.0
103687,2,51,46.05,10,0.1
103687,3,75,18.45,13,0.0
103687,4,112,86.85,2,0.0
103688,1,81,22.75,2,0.0
103688,2,27,8.79,5,0.0
103688,3,90,47.46,11,0.0
103688,4,110,26.22,6,0.1
103689,1,21,34.16,6,0.1
103689,2,71,6.83,4,0.0
103689,3,45,11.06,3,0.0
103689,4,39,103.37,4,0.1
103690,1,41,53.69,4,0.1
103690,2,11,34.07,6,0.05
103690,3,71,6.56,5,0.0
103690,4,33,11.96,7,0.0
103690,5,52,42.78,3,0.1
103690,6,48,39.47,4,0.0
103691,1,13,38.6,4,0.1
103691,2,71,6.53,3,0.2
103691,3,5,29.42,6,0.0
103691,4,37,15.36,4,0.1
103692,1,45,12.33,4,0.0
103692,2,106,21.02,19,0.1
103693,1,110,28.66,6,0.0
103693,2,65,11.36,3,0.0
103693,3,66,6.89,9,0.0
103693,4,100,60.16,2,0.0
103694,1,105,5.07,1,0.0
103694,2,71,6.88,3,0.03
103694,3,97,15.08,1,0.0
103694,4,60,12.13,2,0.0
103694,5,52,46.62,2,0.0
103694,6,99,26.99,6,0.0
103695,1,53,26.88,1,0.0
103695,2,90,56.64,3,0.0
103695,3,98,11.54,6,0.05
103696,1,45,12.29,2,0.0
103696,2,57,45.32,5,0.0
103696,3,79,20.56,2,0.0
103696,4,76,27.57,6,0.0
103696,5,44,14.38,2,0.0
103696,6,82,6.88,2,0.0
103696,7,106,21.34,5,0.2
103696,8,26,16.87,6,0.0
103697,1,60,11.23,5,0.0
103697,2,77,28.99,9,0.0
103697,3,67,32.05,2,0.0
103698,1,117,9.29,5,0.03
103698,2,72,8.4,3,0.0
103698,3,83,35.32,4,0.0
103699,1,57,48.1,6,0.0
103699,2,15,11.46,5,0.05
103699,3,65,12.88,3,0.0
103700,1,14,23.51,4,0.0
103700,2,81,25.96,10,0.0
103700,3,59,21.29,3,0.0
103700,4,92,32.96,2,0.0
103700,5,84,13.63,4,0.05
103700,6,53,23.51,3,0.0
103700,7,51,48.7,1,0.1
103701,1,11,36.34,2,0.0
103701,2,8,5.13,7,0.0
103701,3,117,9.11,1,0.0
103701,4,20,31.19,5,0.05
103701,5,110,26.55,1,0.0
103702,1,56,28.47,5,0.05
103702,2,102,21.71,2,0.2
103702,3,83,33.73,3,0.0
103702,4,12,88.77,1,0.0
103703,1,8,5.12,6,0.0
103703,2,45,11.3,1,0.05
103703,3,92,26.26,5,0.15
103703,4,116,38.39,4,0.0
103704,1,71,8.0,2,0.0
103704,2,72,7.68,2,0.0
103704,3,24,48.43,1,0.1
103704,4,21,27.48,6,0.03
103704,5,104,29.18,3,0.0
103704,6,85,31.51,7,0.0
103705,1,89,16.32,1,0.0
103705,2,41,40.77,8,0.03
103705,3,79,18.23,8,0.03
103705,4,45,12.27,4,0.15
103705,5,51,40.79,3,0.0
103706,1,103,30.57,4,0.0
103706,2,21,24.04,3,0.05
103706,3,116,34.84,5,0.0
103706,4,8,5.05,2,0.0
103706,5,79,19.57,2,0.05
103707,1,79,19.74,5,0.0
103707,2,63,42.04,5,0.0
103707,3,51,52.75,12,0.05
103707,4,107,42.61,4,0.0
103707,5,45,11.84,7,0.0
103708,1,24,51.91,5,0.05
103708,2,88,36.31,1,0.03
103709,1,70,9.82,3,0.0
103709,2,34,25.08,2,0.0
103709,3,75,16.27,3,0.0
103710,1,79,19.37,3,0.0
103710,2,58,8.72,7,0.05
103710,3,81,24.84,5,0.05
103710,4,51,44.5,4,0.1
103710,5,60,12.27,9,0.2
103711,1,71,6.43,4,0.0
103711,2,34,26.18,4,0.15
103711,3,33,9.73,5,0.05
103712,1,103,29.79,5,0.0
103712,2,79,19.75,1,0.0
103713,1,98,11.58,4,0.0
103713,2,79,21.66,6,0.0
103713,3,21,33.09,4,0.05
103714,1,72,7.35,3,0.03
103715,1,115,37.73,4,0.2
103715,2,60,12.37,2,0.0
103715,3,101,25.28,4,0.0
103716,1,94,29.62,4,0.0
103716,2,99,23.44,4,0.15
103717,1,64,24.37,2,0.0
103717,2,112,79.85,5,0.1
103717,3,102,25.03,6,0.05
103717,4,29,47.78,4,0.0
103717,5,52,49.88,6,0.0
103717,6,45,12.55,3,0.0
103718,1,76,21.97,2,0.15
103718,2,6,11.02,3,0.0
103718,3,69,4.84,6,0.0
103718,4,45,10.68,5,0.0
103718,5,53,26.65,3,0.0
103719,1,9,21.33,1,0.15
103720,1,72,9.01,7,0.05
103720,2,113,10.63,12,0.15
103720,3,83,32.28,4,0.0
103720,4,45,10.45,4,0.0
103721,1,51,45.87,2,0.0
103721,2,92,26.4,6,0.0
103721,3,3,51.4,2,0.0
103721,4,72,8.27,6,0.15
103722,1,68,23.11,5,0.03
103722,2,80,24.58,3,0.0
103723,1,33,11.7,7,0.05
103723,2,81,25.31,3,0.0
103724,1,60,11.82,2,0.0
103724,2,80,24.91,5,0.0
103724,3,67,30.7,3,0.0
103725,1,3,57.0,10,0.0
103725,2,112,79.61,2,0.05
103725,3,45,11.81,8,0.03
103726,1,85,27.89,7,0.03
103726,2,92,27.33,3,0.0
103727,1,109,4.05,8,0.0
103727,2,76,23.59,1,0.05
103727,3,97,14.39,8,0.05
103727,4,101,23.01,4,0.0
103728,1,14,26.1,5,0.03
103728,2,68,25.65,4,0.1
103728,3,79,20.96,4,0.0
103728,4,103,29.82,4,0.1
103728,5,26,15.85,3,0.0
103729,1,45,11.79,2,0.0
103729,2,53,27.03,3,0.0
103730,1,110,26.88,2,0.0
103730,2,52,50.18,5,0.0
103730,3,70,12.6,2,0.0
103731,1,14,26.0,1,0.1
103731,2,8,5.49,8,0.05
103731,3,110,27.35,5,0.0
103731,4,51,47.08,2,0.05
103731,5,59,20.76,3,0.0
103732,1,76,22.7,4,0.0
103732,2,99,25.42,2,0.1
103733,1,114,29.37,4,0.0
103734,1,91,16.94,2,0.05
103734,2,57,47.73,3,0.1
103734,3,14,22.64,3,0.0
103734,4,120,5.17,4,0.0
103735,1,103,28.43,3,0.0
103735,2,90,52.06,2,0.1
103735,3,71,7.72,9,0.0
103735,4,110,25.64,4,0.0
103735,5,37,18.63,2,0.05
103735,6,102,25.96,5,0.0
103736,1,87,29.7,5,0.1
103736,2,56,28.25,1,0.03
103736,3,97,12.64,6,0.0
103736,4,109,3.76,5,0.0
103736,5,49,23.62,3,0.0
103737,1,81,23.68,2,0.0
103737,2,45,11.82,1,0.0
103737,3,46,20.68,2,0.03
103737,4,6,11.6,6,0.1
103737,5,71,7.59,3,0.1
103738,1,52,51.96,4,0.0
103738,2,94,32.93,3,0.0
103738,3,8,4.96,6,0.1
103739,1,71,7.06,1,0.03
103739,2,80,25.44,3,0.0
103739,3,70,11.35,5,0.05
103739,4,81,24.66,2,0.0
103740,1,89,17.07,8,0.0
103740,2,116,44.89,5,0.03
103740,3,118,19.2,4,0.05
103740,4,83,37.82,3,0.0
103741,1,6,10.02,4,0.0
103741,2,83,32.23,7,0.0
103742,1,24,51.75,6,0.0
103743,1,112,85.6,1,0.0
103744,1,45,12.64,4,0.15
103744,2,24,53.86,3,0.1
103744,3,105,5.57,4,0.0
103745,1,79,18.85,4,0.0
103745,2,53,24.8,5,0.1
103746,1,26,14.06,1,0.0
103746,2,91,18.72,6,0.0
103747,1,119,9.57,1,0.0
103747,2,58,8.11,2,0.03
103747,3,77,33.47,3,0.05
103747,4,70,10.92,3,0.0
103748,1,113,9.14,3,0.0
103748,2,82,7.37,10,0.0
103748,3,8,4.74,4,0.0
103748,4,71,7.91,5,0.0
103749,1,11,37.61,4,0.0
103749,2,71,7.43,2,0.03
103750,1,57,41.09,2,0.03
103750,2,22,17.85,6,0.0
103750,3,98,13.29,8,0.15
103751,1,108,37.97,4,0.05
103751,2,6,9.83,2,0.03
103752,1,79,18.81,4,0.2
103752,2,45,12.03,4,0.03
103752,3,75,16.87,6,0.0
103752,4,90,55.64,7,0.0
103753,1,57,51.55,3,0.0
103753,2,71,7.3,7,0.0
103754,1,97,15.08,1,0.0
103754,2,38,25.78,4,0.0
103754,3,103,30.84,5,0.1
103755,1,71,7.55,4,0.0
103755,2,80,22.66,3,0.05
103755,3,35,27.73,5,0.0
103755,4,56,27.86,7,0.05
103755,5,110,24.56,5,0.15
103755,6,49,27.4,3,0.1
103756,1,67,33.16,4,0.0
103756,2,52,48.84,2,0.1
103756,3,72,9.24,5,0.0
103756,4,8,5.16,8,0.0
103757,1,51,47.63,12,0.1
103758,1,92,27.32,2,0.03
103759,1,67,35.62,3,0.15
103759,2,26,14.15,6,0.03
103759,3,25,13.94,11,0.15
103760,1,32,17.37,3,0.0
103760,2,81,26.67,2,0.05
103760,3,85,26.61,2,0.05
103761,1,12,84.85,2,0.2
103761,2,89,16.1,3,0.0
103761,3,7,15.2,6,0.0
103761,4,54,24.89,4,0.15
103762,1,71,5.86,3,0.0
103762,2,58,7.03,1,0.05
103762,3,116,45.08,3,0.05
103763,1,11,34.8,7,0.05
103763,2,45,11.62,3,0.0
103763,3,9,28.1,7,0.05
103763,4,55,18.04,4,0.03
103764,1,50,10.4,6,0.0
103764,2,23,21.41,3,0.03
103765,1,45,10.98,1,0.0
103765,2,76,26.2,4,0.0
103765,3,107,36.44,1,0.0
103765,4,81,25.4,6,0.0
103765,5,41,49.19,2,0.05
103766,1,56,26.96,3,0.0
103766,2,67,26.54,2,0.0
103767,1,116,41.68,1,0.0
103767,2,32,16.76,7,0.0
103767,3,40,24.6,1,0.0
103767,4,112,82.48,6,0.03
103768,1,89,20.37,3,0.0
103768,2,60,13.6,2,0.15
103768,3,110,22.55,1,0.0
103768,4,82,6.89,6,0.0
103768,5,59,22.95,4,0.0
103769,1,21,30.43,3,0.15
103769,2,63,37.3,3,0.0
103769,3,65,11.81,6,0.0
103769,4,87,25.47,2,0.1
103770,1,11,32.7,2,0.03
103770,2,64,26.92,3,0.05
103771,1,15,11.83,4,0.2
103771,2,98,12.42,3,0.0
103771,3,3,58.01,7,0.0
103772,1,53,25.51,3,0.0
103772,2,69,3.73,1,0.0
103772,3,97,13.93,4,0.1
103773,1,81,20.59,8,0.1
103773,2,92,29.62,6,0.05
103773,3,114,24.52,8,0.0
103773,4,24,49.21,1,0.0
103773,5,14,25.69,3,0.03
103774,1,91,20.27,2,0.0
103774,2,99,23.22,5,0.0
103774,3,40,26.15,3,0.0
103774,4,14,26.06,3,0.0
103775,1,47,21.87,5,0.0
103775,2,60,10.25,1,0.05
103775,3,24,45.69,4,0.0
103775,4,106,17.0,5,0.0
103775,5,21,27.96,2,0.05
103775,6,22,15.8,2,0.0
103776,1,46,15.52,8,0.05
103776,2,53,21.31,2,0.0
103776,3,118,20.57,4,0.0
103776,4,105,5.6,7,0.15
103777,1,65,12.02,1,0.1
103777,2,79,22.21,2,0.0
103778,1,76,21.25,3,0.0
103778,2,23,26.86,1,0.1
103778,3,5,26.66,4,0.1
103778,4,27,8.21,6,0.05
103778,5,82,7.15,4,0.03
103778,6,110,25.41,3,0.05
103779,1,71,6.67,3,0.05
103779,2,34,24.55,2,0.03
103780,1,24,44.77,5,0.0
103780,2,60,12.03,7,0.03
103780,3,52,45.01,3,0.0
103781,1,100,62.4,1,0.0
103781,2,45,13.11,2,0.0
103782,1,79,20.19,2,0.0
103782,2,98,12.34,5,0.05
103782,3,25,11.02,3,0.0
103783,1,19,27.82,3,0.03
103783,2,116,36.03,5,0.0
103784,1,83,36.13,1,0.0
103785,1,19,28.84,1,0.0
103785,2,45,12.59,2,0.03
103785,3,81,23.78,3,0.0
103786,1,53,21.87,1,0.0
103786,2,97,15.59,3,0.0
103786,3,116,39.85,3,0.0
103787,1,99,27.86,4,0.0
103787,2,76,20.78,1,0.05
103787,3,98,11.09,3,0.0
103788,1,34,23.68,1,0.0
103788,2,24,54.67,5,0.0
103788,3,14,26.09,6,0.1
103789,1,62,33.04,8,0.0
103790,1,12,89.18,5,0.15
103790,2,36,30.83,6,0.0
103790,3,90,52.04,6,0.05
103790,4,62,36.67,6,0.0
103791,1,98,12.37,13,0.0
103791,2,83,30.79,5,0.2
103791,3,45,11.3,1,0.0
103791,4,44,15.43,7,0.0
103792,1,78,10.31,4,0.0
103793,1,72,8.42,9,0.15
103794,1,35,29.86,2,0.0
103794,2,110,22.68,1,0.0
103794,3,71,7.06,4,0.05
103794,4,45,12.45,5,0.0
103794,5,65,12.62,1,0.0
103795,1,21,33.59,3,0.03
103795,2,67,30.93,5,0.05
103795,3,60,11.93,6,0.0
103796,1,71,6.43,3,0.1
103796,2,72,7.93,2,0.0
103796,3,116,38.33,5,0.0
103796,4,78,8.84,4,0.0
103796,5,53,26.09,6,0.0
103797,1,53,25.54,5,0.0
103797,2,79,18.95,1,0.05
103797,3,33,11.04,10,0.0
103798,1,85,27.02,3,0.0
103798,2,45,11.75,2,0.1
103798,3,71,6.48,5,0.03
103799,1,112,90.85,7,0.15
103799,2,109,3.8,5,0.1
103800,1,12,83.43,1,0.03
103801,1,104,27.01,7,0.0
103802,1,45,11.21,7,0.15
103802,2,100,69.7,2,0.03
103802,3,94,30.53,6,0.0
103802,4,61,17.8,2,0.05
103802,5,76,22.18,3,0.03
103802,6,53,23.4,9,0.03
103803,1,60,12.0,6,0.0
103803,2,82,6.72,7,0.0
103803,3,67,30.96,3,0.0
103803,4,15,13.05,5,0.0
103803,5,70,11.97,2,0.0
103803,6,8,5.23,6,0.0
103803,7,32,21.59,5,0.0
103804,1,45,11.53,4,0.03
103804,2,28,6.93,2,0.15
103804,3,98,11.7,2,0.15
103804,4,44,14.19,2,0.0
103804,5,23,20.65,1,0.0
103804,6,25,11.68,3,0.0
103805,1,2,28.66,4,0.0
103805,2,51,40.9,3,0.0
103805,3,29,54.6,7,0.0
103805,4,106,21.51,3,0.0
103805,5,45,10.59,17,0.05
103806,1,34,29.33,8,0.03
103806,2,25,11.08,3,0.05
103806,3,87,29.17,2,0.1
103806,4,67,33.08,1,0.03
103806,5,82,5.79,2,0.03
103807,1,60,12.24,1,0.0
103807,2,28,6.66,5,0.0
103807,3,75,19.1,3,0.0
103807,4,79,19.37,1,0.0
103808,1,60,13.73,6,0.0
103808,2,105,5.32,6,0.0
103809,1,79,22.32,5,0.15
103809,2,94,31.63,10,0.03
103810,1,72,8.37,4,0.1
103810,2,3,61.96,4,0.0
103810,3,49,26.65,1,0.05
103811,1,80,24.35,1,0.03
103811,2,24,53.33,5,0.0
103811,3,67,29.92,7,0.1
103812,1,98,12.51,3,0.03
103812,2,54,28.72,2,0.0
103812,3,80,23.58,2,0.0
103812,4,52,43.71,2,0.15
103813,1,105,5.64,8,0.15
103813,2,99,25.02,3,0.03
103814,1,83,34.0,4,0.0
103814,2,85,28.01,2,0.0
103814,3,6,12.99,4,0.0
103814,4,47,23.76,2,0.0
103815,1,82,6.17,4,0.0
103815,2,60,10.66,5,0.05
103816,1,79,19.23,1,0.0
103816,2,85,33.83,10,0.05
103816,3,106,20.87,2,0.0
103816,4,76,21.81,2,0.0
103817,1,98,13.6,1,0.0
103817,2,79,20.68,2,0.03
103818,1,114,26.35,5,0.0
103818,2,72,7.4,4,0.0
103818,3,99,28.19,2,0.0
103819,1,107,38.46,1,0.1
103819,2,33,11.38,3,0.0
103819,3,83,29.57,3,0.1
103819,4,65,13.05,1,0.15
103819,5,110,30.45,2,0.0
103820,1,34,24.66,2,0.0
103820,2,40,22.09,2,0.0
103820,3,79,21.47,3,0.1
103820,4,7,16.33,2,0.1
103821,1,116,34.94,5,0.1
103822,1,15,11.56,1,0.1
103822,2,91,17.87,5,0.1
103822,3,11,34.67,6,0.0
103823,1,83,29.08,4,0.03
103823,2,110,24.22,3,0.1
103823,3,45,10.04,4,0.05
103823,4,30,4.65,5,0.0
103823,5,72,9.38,4,0.0
103823,6,22,17.46,4,0.0
103823,7,88,35.76,4,0.1
103823,8,104,26.27,4,0.1
103824,1,49,27.9,7,0.05
103824,2,94,33.97,3,0.15
103824,3,103,27.93,11,0.0
103825,1,41,46.82,3,0.05
103825,2,64,25.83,2,0.15
103825,3,40,23.9,3,0.0
103826,1,44,15.96,8,0.05
103826,2,49,26.01,2,0.0
103826,3,116,39.18,8,0.15
103826,4,47,26.0,2,0.05
103826,5,60,12.54,5,0.05
103827,1,76,23.46,3,0.0
103827,2,80,25.6,1,0.1
103827,3,60,12.11,4,0.03
103827,4,78,8.75,6,0.0
103828,1,105,5.19,1,0.1
103828,2,1,25.45,1,0.2
103828,3,40,26.01,7,0.0
103828,4,85,26.44,3,0.0
103828,5,78,9.38,2,0.05
103829,1,97,13.39,4,0.0
103829,2,49,24.28,3,0.1
103829,3,71,6.68,14,0.1
103830,1,28,6.01,1,0.0
103830,2,70,12.7,5,0.0
103830,3,82,6.32,8,0.0
103831,1,67,32.99,5,0.15
103831,2,19,26.92,6,0.05
103831,3,40,24.53,3,0.15
103832,1,83,30.59,1,0.05
103832,2,77,27.76,3,0.0
103832,3,103,28.58,6,0.0
103832,4,116,33.59,5,0.0
103832,5,102,24.63,4,0.03
103833,1,11,36.01,1,0.0
103833,2,116,39.77,5,0.0
103833,3,29,53.43,18,0.03
103834,1,116,37.03,1,0.0
103834,2,8,3.84,11,0.15
103834,3,14,20.68,5,0.1
103835,1,87,19.96,4,0.05
103836,1,75,17.9,4,0.15
103836,2,104,26.2,1,0.0
103837,1,103,33.62,4,0.0
103837,2,88,32.76,2,0.05
103837,3,24,50.8,4,0.0
103837,4,45,10.67,9,0.0
103837,5,4,7.04,3,0.03
103838,1,116,38.36,3,0.1
103838,2,100,52.02,7,0.2
103838,3,40,24.22,10,0.0
103838,4,45,13.29,15,0.1
103839,1,53,24.78,6,0.03
103839,2,90,49.05,3,0.15
103839,3,97,13.78,8,0.0
103839,4,94,31.66,3,0.0
103839,5,51,42.13,3,0.1
103840,1,17,14.92,1,0.0
103840,2,80,23.11,1,0.0
103840,3,117,8.38,6,0.0
103840,4,14,26.73,1,0.05
103840,5,104,25.34,5,0.0
103840,6,107,43.01,2,0.0
103841,1,32,18.6,2,0.05
103841,2,40,21.15,2,0.0
103842,1,83,33.47,2,0.15
103842,2,78,9.88,2,0.1
103842,3,5,24.52,9,0.0
103843,1,112,77.05,4,0.0
103843,2,79,18.91,6,0.1
103843,3,106,20.55,1,0.05
103844,1,55,17.39,7,0.1
103844,2,98,11.03,8,0.0
103844,3,46,16.71,3,0.0
103844,4,109,3.88,4,0.03
103844,5,27,7.92,2,0.05
103844,6,60,12.51,2,0.1
103844,7,106,19.12,1,0.2
103845,1,9,24.78,3,0.1
103845,2,24,50.06,4,0.0
103845,3,97,12.93,9,0.0
103846,1,23,23.04,4,0.03
103846,2,105,5.47,1,0.0
103847,1,24,50.09,4,0.0
103847,2,117,8.81,3,0.0
103848,1,104,29.6,4,0.03
103848,2,83,34.74,9,0.05
103849,1,24,48.97,3,0.0
103849,2,85,30.55,3,0.0
103850,1,71,6.33,3,0.0
103850,2,33,10.08,5,0.0
103851,1,65,10.58,1,0.0
103851,2,54,24.94,4,0.0
103852,1,106,22.45,10,0.0
103852,2,23,22.38,3,0.0
103852,3,76,22.17,3,0.0
103853,1,44,14.63,5,0.0
103853,2,76,25.75,1,0.0
103853,3,66,7.35,6,0.0
103853,4,45,12.29,3,0.1
103854,1,107,37.59,4,0.0
103854,2,51,42.8,2,0.0
103855,1,76,24.87,4,0.03
103855,2,80,24.23,3,0.0
103856,1,65,10.42,5,0.03
103856,2,38,26.45,6,0.0
103856,3,108,35.15,2,0.05
103857,1,110,25.53,5,0.0
103857,2,70,11.79,2,0.0
103857,3,11,27.99,7,0.05
103857,4,97,15.97,1,0.0
103857,5,21,26.19,9,0.05
103857,6,76,22.62,8,0.15
103858,1,64,25.62,9,0.1
103858,2,45,10.93,5,0.05
103858,3,80,25.52,6,0.0
103858,4,110,23.39,7,0.2
103858,5,49,28.51,2,0.03
103858,6,32,17.04,5,0.0
103858,7,41,49.18,3,0.0
103859,1,69,4.68,5,0.0
103859,2,49,26.05,3,0.05
103859,3,110,25.63,3,0.03
103859,4,16,5.18,1,0.15
103860,1,22,14.65,4,0.0
103860,2,94,30.23,6,0.05
103860,3,9,27.17,1,0.0
103861,1,102,21.27,3,0.03
103861,2,110,22.54,4,0.0
103861,3,3,60.28,2,0.0
103862,1,54,24.03,3,0.1
103862,2,89,18.69,1,0.0
103862,3,72,8.64,10,0.0
103862,4,60,11.86,3,0.0
103863,1,71,7.1,1,0.0
103863,2,58,8.21,1,0.0
103864,1,112,80.54,2,0.15
103864,2,72,8.3,1,0.03
103864,3,107,46.61,2,0.0
103864,4,24,47.28,5,0.0
103864,5,120,4.58,3,0.0
103864,6,51,44.68,2,0.05
103865,1,87,28.72,9,0.0
103865,2,22,15.2,4,0.0
103865,3,11,39.81,3,0.03
103865,4,66,8.08,10,0.1
103865,5,52,51.04,3,0.0
103865,6,71,7.04,2,0.15
103865,7,72,7.42,2,0.0
103865,8,46,14.61,4,0.1
103866,1,21,30.87,8,0.0
103866,2,53,24.76,4,0.0
103866,3,116,39.69,6,0.05
103867,1,44,15.0,8,0.0
103867,2,108,35.76,5,0.0
103867,3,116,38.47,9,0.0
103867,4,76,18.76,8,0.1
103868,1,5,26.37,3,0.2
103868,2,12,74.45,1,0.0
103868,3,51,49.85,5,0.0
103868,4,76,21.38,4,0.03
103869,1,52,52.35,8,0.0
103869,2,75,17.96,4,0.05
103870,1,49,25.0,5,0.15
103870,2,44,16.19,3,0.0
103870,3,88,37.8,6,0.0
103871,1,45,11.86,9,0.0
103872,1,67,31.7,3,0.0
103872,2,45,13.28,5,0.05
103873,1,39,132.41,2,0.0
103873,2,95,17.9,3,0.15
103873,3,83,36.59,1,0.05
103873,4,60,11.04,2,0.03
103874,1,112,79.86,1,0.0
103875,1,57,42.51,5,0.05
103876,1,116,34.17,6,0.0
103876,2,80,24.79,4,0.15
103876,3,97,14.29,5,0.0
103877,1,97,13.41,2,0.05
103877,2,39,129.25,8,0.0
103878,1,80,25.08,2,0.0
103878,2,72,7.8,2,0.15
103879,1,81,24.23,3,0.05
103879,2,99,28.94,2,0.1
103880,1,21,31.19,5,0.0
103880,2,9,23.83,5,0.15
103880,3,102,23.74,1,0.05
103880,4,81,24.46,1,0.1
103881,1,50,10.17,8,0.05
103881,2,101,24.59,3,0.0
103881,3,80,23.23,2,0.05
103881,4,107,46.33,3,0.0
103882,1,58,8.23,3,0.1
103883,1,101,22.71,2,0.0
103884,1,75,19.28,8,0.03
103884,2,78,8.22,3,0.05
103885,1,110,29.74,4,0.05
103885,2,45,11.4,4,0.03
103885,3,21,29.66,7,0.1
103886,1,44,15.17,5,0.05
103886,2,99,23.88,5,0.0
103887,1,31,4.84,3,0.0
103887,2,45,11.84,4,0.1
103887,3,110,27.18,7,0.15
103887,4,97,14.95,3,0.15
103888,1,97,16.66,8,0.0
103888,2,102,26.42,3,0.0
103888,3,3,62.3,6,0.15
103889,1,45,11.77,4,0.0
103889,2,120,4.33,1,0.05
103889,3,37,16.85,2,0.0
103889,4,106,19.98,9,0.0
103889,5,97,15.65,3,0.0
103890,1,30,4.51,4,0.0
103890,2,9,23.06,7,0.1
103890,3,16,5.55,6,0.05
103890,4,97,14.42,3,0.0
103891,1,97,15.85,4,0.1
103891,2,90,48.7,5,0.0
103891,3,71,7.93,2,0.1
103892,1,108,39.33,3,0.0
103892,2,92,28.24,6,0.15
103892,3,68,27.34,7,0.03
103892,4,22,14.34,4,0.05
103892,5,3,63.65,4,0.0
103893,1,60,12.93,3,0.0
103893,2,81,24.3,1,0.03
103893,3,12,88.77,6,0.0
103893,4,26,15.84,2,0.0
103893,5,90,57.63,3,0.05
103893,6,72,7.91,2,0.05
103893,7,45,12.99,5,0.1
103894,1,39,126.09,4,0.0
103894,2,49,25.36,7,0.0
103894,3,116,36.94,6,0.05
103894,4,24,46.77,3,0.0
103895,1,60,12.39,7,0.05
103895,2,69,4.12,4,0.05
103895,3,89,19.46,6,0.05
103896,1,52,43.8,13,0.0
103896,2,56,27.4,4,0.0
103897,1,15,11.85,2,0.0
103897,2,52,51.88,4,0.0
103898,1,97,14.83,7,0.1
103899,1,97,15.06,6,0.2
103899,2,58,8.14,2,0.0
103899,3,66,8.06,4,0.05
103899,4,80,24.31,1,0.0
103899,5,44,15.56,2,0.0
103900,1,60,11.41,1,0.03
103900,2,92,27.06,5,0.0
103900,3,27,8.45,9,0.0
103900,4,24,50.19,4,0.1
103900,5,79,21.1,3,0.0
103901,1,82,6.42,6,0.15
103901,2,111,82.89,7,0.0
103902,1,90,49.45,4,0.0
103902,2,88,31.88,7,0.05
103902,3,116,38.16,6,0.03
103902,4,103,34.04,9,0.0
103902,5,80,28.16,5,0.0
103903,1,74,31.52,4,0.0
103903,2,25,11.53,1,0.0
103903,3,82,6.66,1,0.0
103904,1,110,25.77,2,0.2
103904,2,82,6.29,2,0.0
103904,3,68,27.64,2,0.05
103904,4,30,4.4,7,0.0
103904,5,67,31.36,9,0.05
103904,6,33,12.05,3,0.05
103905,1,53,24.94,4,0.0
103905,2,27,9.58,3,0.1
103905,3,72,7.97,2,0.0
103906,1,61,19.87,4,0.05
103906,2,94,27.03,3,0.0
103906,3,51,44.39,1,0.0
103906,4,72,8.56,5,0.0
103907,1,92,32.1,3,0.0
103907,2,6,11.91,10,0.05
103908,1,64,25.19,8,0.0
103908,2,51,49.32,9,0.05
103909,1,119,10.22,5,0.05
103909,2,24,48.47,11,0.0
103910,1,81,27.56,3,0.0
103911,1,14,25.96,1,0.0
103911,2,42,22.58,5,0.1
103912,1,98,11.42,5,0.0
103913,1,97,14.73,5,0.0
103913,2,106,16.9,4,0.0
103913,3,105,5.96,4,0.05
103913,4,8,5.22,4,0.1
103914,1,32,17.8,2,0.05
103914,2,81,22.26,5,0.0
103915,1,103,29.82,1,0.0
103915,2,81,26.84,2,0.0
103915,3,24,51.45,4,0.0
103916,1,34,26.25,5,0.0
103916,2,53,22.74,3,0.05
103916,3,45,11.35,2,0.03
103916,4,48,40.74,1,0.03
103917,1,25,12.28,4,0.0
103917,2,72,6.79,13,0.1
103917,3,53,24.98,3,0.0
103917,4,65,14.05,3,0.0
103918,1,89,16.11,3,0.1
103918,2,45,12.19,7,0.05
103918,3,54,23.38,2,0.0
103918,4,44,15.23,5,0.0
103918,5,80,18.87,3,0.1
103919,1,80,23.85,2,0.05
103919,2,99,24.23,6,0.0
103919,3,98,11.42,9,0.1
103919,4,35,30.14,1,0.1
103919,5,60,11.84,2,0.0
103920,1,51,49.74,1,0.03
103920,2,24,49.9,7,0.1
103920,3,83,30.49,4,0.0
103920,4,26,17.0,10,0.1
103920,5,14,26.3,5,0.0
103920,6,19,28.53,1,0.0
103921,1,17,14.35,4,0.0
103921,2,108,36.86,5,0.0
103921,3,45,13.37,4,0.15
103921,4,52,45.01,4,0.0
103921,5,60,11.8,2,0.05
103922,1,108,35.44,7,0.0
103922,2,72,8.34,4,0.05
103922,3,61,20.16,3,0.0
103922,4,81,20.55,6,0.05
103922,5,116,37.38,4,0.0
103923,1,101,24.45,1,0.1
103924,1,11,33.49,6,0.0
103924,2,76,25.6,5,0.0
103924,3,85,27.8,2,0.05
103924,4,88,38.11,4,0.0
103924,5,40,24.22,2,0.0
103924,6,24,50.59,3,0.05
103924,7,56,30.86,3,0.05
103924,8,53,24.1,7,0.2
103925,1,98,11.92,2,0.0
103926,1,83,29.24,2,0.1
103926,2,110,26.69,7,0.0
103927,1,100,51.99,1,0.0
103927,2,60,12.75,2,0.0
103928,1,117,9.72,8,0.03
103928,2,2,28.19,2,0.05
103929,1,80,21.76,1,0.03
103929,2,88,24.87,1,0.15
103929,3,65,12.38,1,0.03
103929,4,14,23.19,2,0.05
103929,5,70,12.73,5,0.1
103929,6,23,26.41,5,0.0
103930,1,15,10.79,1,0.0
103930,2,103,27.61,1,0.03
103930,3,83,33.94,3,0.0
103930,4,45,11.14,2,0.0
103931,1,39,128.78,1,0.0
103931,2,4,7.93,3,0.0
103931,3,14,21.39,3,0.0
103932,1,81,23.07,3,0.0
103932,2,65,12.98,4,0.05
103932,3,117,9.19,5,0.05
103932,4,94,32.13,8,0.15
103933,1,64,24.49,4,0.0
103933,2,97,14.22,9,0.1
103933,3,52,40.09,2,0.0
103933,4,4,7.31,2,0.0
103933,5,106,22.23,7,0.03
103933,6,104,26.69,7,0.03
103934,1,53,25.34,7,0.15
103934,2,116,37.21,5,0.0
103935,1,60,11.73,3,0.1
103935,2,81,27.16,1,0.0
103935,3,116,35.99,2,0.05
103936,1,43,35.52,6,0.0
103936,2,40,25.34,2,0.0
103937,1,3,68.47,2,0.0
103937,2,32,15.79,4,0.2
103937,3,50,12.56,6,0.03
103937,4,103,26.29,5,0.1
103938,1,23,22.53,2,0.0
103938,2,70,12.34,1,0.05
103938,3,13,36.45,1,0.0
103938,4,116,38.58,8,0.0
103939,1,8,5.12,2,0.0
103939,2,33,10.08,2,0.1
103940,1,110,29.38,2,0.05
103941,1,46,17.73,8,0.05
103941,2,45,12.71,3,0.0
103942,1,83,33.07,1,0.0
103942,2,87,26.9,6,0.0
103943,1,24,52.74,3,0.0
103943,2,45,10.64,3,0.0
103944,1,65,11.79,7,0.0
103944,2,110,24.77,4,0.05
103944,3,106,19.42,5,0.0
103944,4,1,34.59,4,0.0
103944,5,32,19.06,2,0.0
103944,6,108,35.18,6,0.0
103944,7,58,7.97,4,0.0
103945,1,58,7.98,2,0.0
103945,2,32,18.64,3,0.05
103945,3,66,6.91,3,0.03
103946,1,52,47.73,3,0.0
103946,2,110,27.16,10,0.1
103946,3,58,9.26,10,0.1
103947,1,113,10.27,3,0.03
103948,1,35,29.06,6,0.1
103948,2,81,25.06,5,0.0
103948,3,52,53.62,8,0.15
103949,1,79,22.13,2,0.03
103949,2,3,58.84,2,0.1
103949,3,76,26.21,5,0.1
103949,4,107,41.93,5,0.0
103949,5,52,52.55,4,0.0
103949,6,81,28.11,5,0.05
103950,1,28,6.79,4,0.0
103950,2,45,9.98,2,0.0
103951,1,31,4.45,5,0.05
103951,2,81,24.76,6,0.0
103951,3,80,20.84,2,0.05
103951,4,53,20.35,3,0.0
103951,5,91,20.9,3,0.0
103951,6,41,43.46,2,0.1
103951,7,71,6.76,4,0.0
103952,1,72,9.84,4,0.03
103952,2,69,4.12,2,0.0
103952,3,116,36.41,4,0.0
103953,1,24,42.09,3,0.05
103953,2,67,28.7,7,0.0
103954,1,3,58.03,1,0.0
103954,2,112,83.37,2,0.0
103955,1,45,11.94,2,0.0
103955,2,33,11.02,3,0.0
103955,3,57,41.14,2,0.1
103955,4,101,26.03,7,0.2
103956,1,40,22.58,5,0.05
103956,2,60,13.77,2,0.0
103956,3,55,19.56,12,0.0
103956,4,37,17.97,2,0.0
103956,5,52,48.57,3,0.15
103956,6,72,8.99,2,0.05
103957,1,67,31.8,6,0.0
103957,2,116,45.18,8,0.0
103957,3,61,19.03,1,0.1
103957,4,35,27.28,4,0.1
103957,5,37,19.04,6,0.0
103958,1,65,11.98,1,0.1
103958,2,101,23.05,3,0.0
103959,1,50,10.57,5,0.1
103959,2,10,54.19,11,0.15
103959,3,113,9.03,3,0.1
103959,4,84,16.92,2,0.03
103959,5,67,27.73,7,0.15
103960,1,116,37.99,7,0.0
103960,2,82,6.6,5,0.0
103960,3,85,32.99,4,0.1
103961,1,49,23.58,7,0.0
103961,2,81,24.96,6,0.0
103961,3,93,23.23,2,0.03
103961,4,27,9.65,3,0.2
103961,5,116,33.83,1,0.0
103961,6,80,23.59,4,0.05
103961,7,60,11.31,4,0.05
103961,8,13,31.99,4,0.0
103962,1,62,38.77,2,0.03
103962,2,20,32.94,4,0.1
103962,3,116,39.21,2,0.0
103962,4,30,4.31,3,0.03
103963,1,78,8.52,5,0.0
103964,1,105,5.57,6,0.1
103964,2,83,33.29,4,0.0
103964,3,116,40.88,3,0.0
103965,1,97,15.72,4,0.03
103965,2,110,26.65,5,0.2
103965,3,102,23.56,6,0.0
103965,4,78,9.57,5,0.0
103965,5,71,6.98,5,0.0
103966,1,48,40.17,6,0.0
103966,2,53,20.7,3,0.05
103966,3,24,55.23,2,0.0
103966,4,6,11.16,3,0.1
103966,5,60,13.31,5,0.0
103966,6,72,8.92,4,0.0
103966,7,89,17.91,1,0.0
103967,1,44,16.1,2,0.0
103967,2,45,10.24,6,0.05
103968,1,14,26.18,9,0.0
103968,2,6,10.04,1,0.03
103968,3,82,6.7,9,0.05
103968,4,32,13.4,6,0.0
103969,1,8,5.46,5,0.05
103969,2,81,25.28,1,0.0
103969,3,89,16.46,1,0.0
103969,4,82,7.25,4,0.0
103969,5,11,35.92,5,0.0
103970,1,89,17.09,5,0.0
103970,2,112,99.99,9,0.05
103970,3,97,16.03,6,0.03
103970,4,107,44.2,4,0.1
103970,5,83,36.36,4,0.0
103970,6,6,12.84,4,0.0
103971,1,53,24.79,5,0.0
103971,2,97,15.22,9,0.05
103972,1,33,10.38,6,0.0
103972,2,8,4.82,13,0.03
103973,1,9,24.73,8,0.0
103973,2,44,16.54,3,0.1
103973,3,89,16.61,5,0.0
103973,4,111,81.48,8,0.0
103973,5,14,25.99,8,0.03
103973,6,94,29.86,3,0.0
103974,1,101,26.77,3,0.0
103974,2,66,8.94,6,0.0
103974,3,92,30.96,6,0.0
103975,1,50,11.03,4,0.0
103975,2,35,31.65,8,0.15
103976,1,8,5.01,10,0.1
103976,2,12,69.43,2,0.0
103976,3,78,10.35,6,0.03
103977,1,52,50.66,9,0.0
103977,2,104,23.0,2,0.0
103978,1,83,34.66,2,0.05
103978,2,116,40.07,2,0.0
103978,3,97,16.19,3,0.05
103978,4,63,43.82,2,0.05
103978,5,24,51.57,1,0.0
103978,6,11,40.44,4,0.03
103978,7,109,4.28,8,0.03
103979,1,49,26.69,5,0.03
103979,2,45,11.79,7,0.0
103979,3,85,32.59,1,0.1
103980,1,64,25.43,6,0.05
103980,2,81,23.45,9,0.05
103981,1,116,35.41,7,0.03
103981,2,19,27.94,6,0.0
103981,3,47,22.8,3,0.0
103981,4,98,11.28,4,0.15
103981,5,120,5.11,6,0.15
103982,1,32,20.15,3,0.1
103982,2,101,25.68,4,0.05
103982,3,77,33.4,2,0.0
103983,1,75,19.28,3,0.1
103983,2,51,47.69,1,0.0
103983,3,82,5.93,3,0.0
103984,1,22,15.2,9,0.0
103984,2,27,9.35,1,0.0
103984,3,72,8.83,11,0.03
103984,4,97,14.85,7,0.0
103984,5,24,50.56,2,0.0
103985,1,67,31.68,5,0.0
103985,2,12,82.75,3,0.1
103985,3,30,4.08,5,0.0
103985,4,52,47.92,4,0.0
103986,1,98,13.32,2,0.0
103986,2,32,21.37,15,0.1
103986,3,59,21.48,3,0.0
103987,1,21,27.94,7,0.0
103987,2,67,28.83,2,0.05
103988,1,60,12.22,2,0.0
103988,2,35,30.22,2,0.0
103988,3,107,43.85,1,0.0
103988,4,6,9.43,1,0.15
103988,5,84,13.87,2,0.0
103988,6,79,21.15,5,0.0
103988,7,54,25.41,4,0.15
103989,1,71,8.03,8,0.05
103989,2,99,25.87,1,0.05
103990,1,40,19.41,3,0.05
103990,2,15,10.27,2,0.0
103990,3,101,23.6,8,0.0
103990,4,70,13.13,3,0.05
103990,5,107,36.46,3,0.1
103991,1,106,20.38,5,0.05
103991,2,67,33.07,15,0.1
103991,3,83,30.92,4,0.0
103991,4,89,15.55,2,0.0
103992,1,75,20.29,5,0.0
103992,2,97,15.68,2,0.0
103992,3,83,37.07,8,0.1
103992,4,34,23.14,1,0.05
103992,5,108,35.53,3,0.0
103993,1,91,17.16,7,0.05
103993,2,45,10.2,7,0.15
103994,1,45,11.63,2,0.0
103995,1,71,7.21,6,0.0
103995,2,49,23.45,4,0.05
103995,3,110,24.03,2,0.15
103995,4,113,10.88,3,0.1
103996,1,80,23.65,3,0.05
103996,2,104,26.47,5,0.15
103996,3,32,19.1,1,0.0
103997,1,116,38.59,3,0.15
103997,2,75,22.03,6,0.1
103997,3,79,19.64,3,0.05
103998,1,105,6.21,4,0.0
103998,2,72,9.37,3,0.05
103998,3,19,21.49,2,0.03
103998,4,4,6.48,5,0.03
103998,5,71,7.02,5,0.0
103998,6,40,27.48,4,0.0
103999,1,83,32.8,2,0.0
103999,2,108,29.62,4,0.0
103999,3,98,13.59,3,0.0
104000,1,33,11.23,6,0.0
104000,2,45,10.36,8,0.1
104000,3,94,31.46,1,0.0
104000,4,81,26.14,6,0.0
104001,1,110,25.17,8,0.0
104002,1,51,42.84,6,0.1
104002,2,81,27.12,2,0.05
104002,3,99,26.43,4,0.2
104003,1,14,24.74,4,0.0
104003,2,11,34.07,1,0.0
104004,1,120,4.98,9,0.0
104004,2,47,22.49,6,0.0
104004,3,31,4.97,6,0.0
104004,4,97,12.99,6,0.1
104005,1,32,18.71,5,0.05
104005,2,4,6.88,6,0.03
104005,3,23,22.47,2,0.05
104006,1,53,24.03,5,0.15
104006,2,72,8.86,3,0.03
104006,3,5,28.56,4,0.05
104007,1,24,43.56,8,0.0
104007,2,6,8.9,1,0.2
104007,3,45,11.14,9,0.03
104007,4,76,24.21,7,0.0
104008,1,63,36.5,10,0.0
104008,2,81,28.19,1,0.0
104009,1,45,12.82,4,0.0
104009,2,79,20.29,5,0.15
104009,3,89,17.74,4,0.0
104009,4,66,6.33,4,0.0
104009,5,25,13.91,4,0.0
104009,6,5,27.53,4,0.05
104009,7,72,7.5,12,0.0
104010,1,45,12.92,2,0.0
104010,2,103,29.14,7,0.0
104010,3,83,32.65,5,0.0
104010,4,24,50.27,4,0.0
104011,1,112,76.18,3,0.2
104012,1,54,25.22,5,0.0
104012,2,45,12.5,5,0.0
104013,1,83,27.54,4,0.0
104013,2,42,21.64,2,0.0
104014,1,71,7.42,3,0.0
104014,2,97,13.99,7,0.1
104014,3,40,24.94,4,0.0
104014,4,83,31.88,3,0.05
104014,5,81,22.07,2,0.0
104014,6,57,49.0,2,0.0
104014,7,116,41.63,4,0.05
104014,8,45,10.75,7,0.0
104015,1,78,9.73,5,0.1
104015,2,45,12.08,3,0.15
104015,3,81,21.24,11,0.1
104015,4,5,24.78,6,0.0
104016,1,40,24.46,2,0.0
104016,2,46,15.02,4,0.05
104016,3,2,26.39,6,0.0
104017,1,68,29.75,4,0.03
104017,2,35,30.01,5,0.0
104017,3,3,69.17,8,0.0
104017,4,79,21.09,4,0.0
104017,5,106,22.49,5,0.05
104018,1,89,18.59,6,0.05
104018,2,51,49.46,5,0.2
104018,3,24,45.78,6,0.0
104019,1,99,23.14,5,0.0
104019,2,23,23.99,7,0.0
104019,3,97,13.24,6,0.0
104019,4,72,6.96,4,0.05
104019,5,59,19.54,5,0.0
104020,1,71,7.83,1,0.03
104020,2,100,58.42,1,0.0
104020,3,104,25.22,5,0.0
104021,1,14,23.33,5,0.15
104021,2,82,6.86,7,0.15
104021,3,49,25.83,1,0.0
104021,4,2,23.49,4,0.03
104022,1,72,8.33,1,0.15
104023,1,65,11.66,2,0.0
104023,2,2,24.55,3,0.05
104023,3,58,7.78,13,0.1
104023,4,113,10.88,5,0.0
104024,1,47,27.99,3,0.0
104024,2,75,18.76,8,0.0
104024,3,33,10.45,1,0.03
104024,4,76,22.16,8,0.0
104025,1,96,67.69,4,0.0
104025,2,113,9.42,1,0.05
104025,3,70,13.69,8,0.03
104025,4,45,9.74,7,0.0
104025,5,53,22.84,6,0.05
104026,1,116,43.64,3,0.0
104026,2,95,20.21,6,0.05
104026,3,28,6.95,7,0.0
104026,4,97,15.0,7,0.2
104026,5,24,44.58,17,0.0
104027,1,109,3.85,4,0.05
104027,2,110,26.41,4,0.1
104027,3,116,37.8,2,0.05
104027,4,23,22.88,3,0.0
104027,5,21,29.72,7,0.03
104027,6,102,25.58,3,0.0
104028,1,88,36.09,6,0.1
104028,2,45,12.13,7,0.0
104028,3,112,82.71,3,0.0
104028,4,40,28.87,6,0.1
104028,5,98,12.45,1,0.1
104029,1,103,26.34,2,0.0
104029,2,84,11.85,7,0.0
104029,3,25,11.29,2,0.05
104030,1,98,12.63,7,0.0
104031,1,97,16.73,4,0.1
104031,2,27,11.37,2,0.0
104031,3,46,18.46,4,0.2
104031,4,65,10.82,7,0.15
104032,1,45,13.49,2,0.15
104032,2,11,34.32,2,0.1
104032,3,83,32.07,3,0.0
104032,4,90,54.21,3,0.0
104033,1,98,13.29,1,0.05
104033,2,26,13.87,5,0.0
104033,3,45,10.15,4,0.0
104033,4,72,9.62,1,0.0
104034,1,112,81.68,4,0.0
104034,2,1,31.34,5,0.0
104034,3,91,17.87,7,0.03
104034,4,62,38.21,3,0.05
104034,5,51,41.67,7,0.0
104035,1,44,15.5,5,0.0
104035,2,81,26.47,5,0.05
104035,3,52,52.49,4,0.0
104035,4,97,14.78,6,0.0
104035,5,60,11.73,5,0.1
104035,6,27,10.59,1,0.1
104035,7,45,11.81,3,0.0
104036,1,85,30.7,4,0.0
104036,2,67,28.45,2,0.15
104036,3,71,7.64,3,0.03
104036,4,12,86.65,3,0.0
104036,5,43,38.61,7,0.05
104036,6,44,14.47,3,0.0
104037,1,53,27.09,3,0.15
104037,2,92,27.23,14,0.15
104037,3,8,4.95,3,0.0
104037,4,65,11.92,1,0.0
104038,1,104,26.71,6,0.15
104038,2,94,30.0,3,0.03
104038,3,116,36.34,6,0.0
104039,1,94,30.46,1,0.05
104039,2,53,24.09,2,0.0
104040,1,99,29.14,4,0.0
104040,2,106,24.86,3,0.0
104040,3,16,5.81,9,0.0
104041,1,110,28.64,9,0.0
104041,2,34,25.25,2,0.0
104041,3,63,37.28,5,0.1
104042,1,61,23.33,3,0.0
104042,2,92,25.18,1,0.05
104042,3,94,29.63,1,0.0
104043,1,110,23.86,4,0.05
104043,2,20,32.85,5,0.0
104043,3,116,36.39,4,0.03
104043,4,101,22.62,8,0.0
104044,1,12,89.51,2,0.03
104044,2,39,113.5,5,0.0
104045,1,97,16.85,3,0.0
104045,2,8,4.94,6,0.0
104046,1,19,26.74,2,0.0
104047,1,13,38.14,3,0.15
104048,1,77,32.04,2,0.0
104048,2,8,5.29,4,0.0
104048,3,97,14.35,5,0.0
104049,1,116,42.15,2,0.0
104049,2,67,36.29,3,0.0
104049,3,109,3.73,6,0.0
104049,4,110,25.5,1,0.0
104049,5,117,8.88,4,0.05
104050,1,45,11.32,6,0.05
104050,2,71,7.02,1,0.0
104050,3,75,17.48,2,0.05
104051,1,81,23.72,6,0.05
104052,1,81,25.6,3,0.05
104053,1,31,5.43,2,0.03
104053,2,82,6.94,2,0.0
104053,3,89,17.58,4,0.1
104053,4,45,15.03,2,0.05
104054,1,34,23.58,4,0.0
104054,2,76,25.07,3,0.0
104055,1,69,4.09,6,0.0
104056,1,112,87.78,11,0.0
104056,2,71,8.2,4,0.0
104056,3,96,70.78,10,0.1
104056,4,36,30.25,6,0.15
104056,5,11,35.37,5,0.0
104056,6,81,24.89,6,0.03
104057,1,65,12.58,5,0.0
104057,2,8,4.48,8,0.0
104057,3,51,42.99,5,0.0
104058,1,60,11.85,4,0.0
104059,1,70,12.49,4,0.05
104059,2,40,24.12,3,0.0
104059,3,64,27.17,3,0.0
104059,4,89,16.06,4,0.0
104060,1,67,32.82,4,0.0
104060,2,16,5.18,4,0.03
104060,3,53,23.24,10,0.0
104061,1,83,30.65,1,0.05
104062,1,97,14.91,5,0.03
104062,2,76,22.22,12,0.05
104063,1,97,14.6,4,0.0
104063,2,45,12.8,1,0.0
104064,1,116,39.57,3,0.05
104064,2,87,23.91,4,0.05
104064,3,6,10.88,6,0.0
104065,1,99,28.45,5,0.0
104065,2,116,37.37,2,0.0
104065,3,81,24.04,4,0.0
104065,4,15,9.22,1,0.1
104066,1,116,32.16,2,0.03
104066,2,60,13.92,10,0.0
104067,1,92,26.63,8,0.0
104067,2,80,23.48,3,0.0
104067,3,78,9.11,7,0.0
104067,4,116,31.22,10,0.0
104068,1,83,35.83,2,0.1
104068,2,45,14.0,10,0.0
104068,3,65,12.35,3,0.0
104068,4,52,41.31,2,0.0
104069,1,45,11.09,4,0.0
104069,2,52,53.1,6,0.0
104069,3,71,7.59,1,0.1
104070,1,53,26.18,1,0.0
104070,2,104,27.96,2,0.0
104070,3,112,73.29,3,0.0
104071,1,19,26.56,4,0.1
104071,2,67,34.86,3,0.0
104072,1,37,15.52,3,0.0
104072,2,49,25.61,1,0.05
104072,3,11,36.25,12,0.1
104072,4,83,35.38,8,0.05
104073,1,15,10.45,6,0.1
104073,2,27,9.85,1,0.0
104073,3,19,25.36,3,0.0
104073,4,90,56.3,6,0.0
104073,5,87,29.09,6,0.0
104073,6,72,9.43,4,0.03
104074,1,85,30.5,1,0.0
104074,2,26,16.85,7,0.0
104074,3,72,8.54,4,0.0
104074,4,16,5.37,2,0.0
104075,1,40,22.3,2,0.0
104075,2,5,27.23,6,0.05
104075,3,32,18.03,4,0.0
104075,4,80,24.88,4,0.03
104076,1,65,11.21,3,0.2
104076,2,96,68.25,6,0.0
104077,1,40,24.67,2,0.03
104077,2,43,39.35,2,0.0
104078,1,90,52.73,5,0.0
104078,2,76,25.78,4,0.0
104078,3,80,24.55,1,0.03
104078,4,86,25.98,4,0.0
104079,1,32,18.02,2,0.0
104079,2,64,24.33,6,0.0
104080,1,45,12.64,11,0.0
104080,2,12,73.99,2,0.0
104080,3,53,26.27,11,0.05
104081,1,67,32.68,6,0.0
104081,2,96,65.68,2,0.05
104082,1,116,33.95,10,0.0
104082,2,97,13.85,3,0.03
104082,3,45,12.58,7,0.0
104082,4,99,24.41,6,0.0
104083,1,79,19.47,5,0.0
104083,2,67,32.2,2,0.0
104083,3,33,10.29,3,0.0
104083,4,71,6.7,6,0.0
104083,5,60,11.64,6,0.0
104083,6,97,13.91,6,0.0
104083,7,2,28.11,8,0.05
104083,8,107,42.57,13,0.0
104084,1,84,11.97,5,0.03
104084,2,79,19.68,3,0.0
104085,1,97,12.58,5,0.05
104085,2,89,17.33,5,0.0
104085,3,58,7.8,1,0.05
104086,1,81,28.75,7,0.0
104086,2,82,7.08,4,0.0
104086,3,79,19.29,5,0.1
104086,4,55,21.79,10,0.0
104087,1,98,13.24,3,0.03
104087,2,45,12.72,6,0.1
104087,3,51,44.18,4,0.0
104088,1,53,27.27,2,0.0
104088,2,98,11.58,1,0.0
104088,3,24,50.68,4,0.0
104089,1,108,33.79,1,0.0
104089,2,82,6.41,7,0.0
104089,3,34,24.49,5,0.15
104089,4,94,27.84,5,0.0
104090,1,14,27.32,7,0.0
104090,2,93,22.58,4,0.0
104091,1,22,15.28,8,0.05
104092,1,82,6.22,2,0.0
104092,2,45,11.12,6,0.1
104093,1,118,18.91,5,0.0
104093,2,70,9.61,2,0.0
104093,3,80,29.41,6,0.03
104094,1,101,24.07,3,0.0
104095,1,72,9.69,5,0.0
104095,2,97,15.63,2,0.03
104095,3,116,35.99,7,0.0
104095,4,75,19.27,6,0.15
104095,5,38,25.44,4,0.15
104096,1,69,4.72,8,0.1
104096,2,45,11.33,4,0.15
104096,3,91,19.96,3,0.0
104097,1,67,29.61,1,0.0
104097,2,15,11.14,4,0.0
104098,1,63,41.77,3,0.0
104098,2,8,5.22,4,0.1
104098,3,68,27.94,3,0.0
104098,4,60,11.94,8,0.0
104098,5,67,29.08,4,0.0
104098,6,47,18.98,1,0.0
104098,7,99,23.28,5,0.0
104098,8,82,7.16,2,0.0
104099,1,71,7.99,5,0.0
104100,1,5,22.86,2,0.1
104100,2,17,13.81,3,0.03
104101,1,81,27.51,2,0.15
104101,2,90,52.52,2,0.0
104102,1,35,32.58,9,0.0
104102,2,16,5.49,3,0.0
104102,3,45,11.11,4,0.05
104102,4,113,10.23,4,0.0
104103,1,25,12.26,1,0.0
104103,2,71,6.76,7,0.15
104103,3,51,46.91,11,0.0
104104,1,37,20.96,7,0.0
104104,2,28,7.11,3,0.0
104104,3,85,28.45,6,0.15
104104,4,109,3.5,4,0.05
104104,5,53,24.61,2,0.0
104105,1,65,9.88,3,0.0
104105,2,81,23.71,3,0.1
104105,3,61,19.5,2,0.0
104105,4,117,9.91,1,0.05
104105,5,15,10.06,10,0.0
104106,1,109,2.98,3,0.0
104106,2,81,29.03,2,0.1
104106,3,50,9.83,3,0.0
104106,4,45,11.22,1,0.03
104106,5,82,6.74,4,0.05
104107,1,67,30.9,7,0.15
104107,2,27,9.68,4,0.0
104107,3,53,23.5,5,0.03
104108,1,72,8.17,3,0.0
104108,2,24,46.25,3,0.05
104109,1,71,7.63,5,0.0
104109,2,116,42.59,6,0.1
104109,3,110,27.08,2,0.03
104109,4,67,31.5,3,0.05
104110,1,2,27.77,2,0.0
104110,2,93,25.37,4,0.0
104110,3,32,18.69,5,0.15
104110,4,17,15.8,11,0.1
104111,1,116,36.56,2,0.0
104111,2,110,28.28,3,0.0
104112,1,60,12.65,3,0.0
104112,2,5,26.11,7,0.05
104112,3,52,42.46,4,0.05
104112,4,71,7.23,4,0.05
104113,1,20,31.65,2,0.0
104114,1,23,22.54,4,0.2
104114,2,71,6.13,1,0.0
104114,3,116,38.66,2,0.2
104115,1,99,26.4,6,0.0
104115,2,24,47.46,3,0.0
104115,3,87,29.67,3,0.0
104115,4,44,13.8,2,0.1
104116,1,45,11.82,9,0.05
104116,2,76,27.1,3,0.05
104116,3,81,24.53,8,0.0
104117,1,80,24.85,2,0.0
104117,2,97,15.62,3,0.0
104118,1,45,11.08,4,0.05
104118,2,64,25.51,7,0.03
104119,1,67,30.23,4,0.0
104119,2,20,29.42,3,0.03
104119,3,111,84.93,3,0.05
104120,1,11,36.05,5,0.0
104120,2,24,53.63,4,0.2
104120,3,81,24.73,2,0.0
104120,4,49,25.58,9,0.0
104121,1,49,25.05,2,0.05
104121,2,36,30.3,6,0.15
104121,3,40,22.55,2,0.03
104121,4,32,19.72,1,0.15
104122,1,45,12.65,5,0.03
104123,1,107,41.88,2,0.05
104123,2,41,53.96,5,0.0
104123,3,24,49.91,5,0.0
104123,4,91,18.16,3,0.03
104124,1,97,14.66,5,0.1
104124,2,78,9.67,6,0.0
104124,3,11,35.44,11,0.0
104124,4,120,5.12,1,0.05
104124,5,98,14.24,7,0.0
104125,1,75,19.91,3,0.03
104125,2,95,19.58,7,0.0
104126,1,80,25.24,3,0.0
104126,2,112,73.07,4,0.0
104126,3,67,30.38,1,0.0
104126,4,59,19.52,3,0.0
104126,5,110,21.5,4,0.03
104126,6,60,11.78,2,0.0
104126,7,52,48.72,1,0.0
104126,8,97,13.53,7,0.05
104127,1,24,48.95,4,0.0
104127,2,76,22.02,4,0.0
104127,3,71,6.74,6,0.0
104128,1,16,5.9,4,0.0
104128,2,2,27.93,3,0.0
104128,3,34,25.32,3,0.1
104128,4,102,20.99,5,0.0
104129,1,81,24.34,7,0.05
104129,2,40,24.0,3,0.1
104129,3,45,11.31,6,0.0
104129,4,109,4.05,3,0.05
104130,1,91,21.95,4,0.0
104130,2,55,17.78,12,0.1
104130,3,38,28.01,10,0.0
104130,4,32,18.81,1,0.1
104131,1,27,9.51,5,0.15
104131,2,110,27.43,5,0.0
104131,3,40,23.07,1,0.05
104132,1,83,30.51,4,0.0
104132,2,24,50.49,2,0.0
104132,3,79,16.15,5,0.0
104133,1,65,12.12,6,0.0
104133,2,56,28.8,7,0.03
104133,3,80,22.4,7,0.0
104133,4,67,32.1,8,0.0
104133,5,36,29.37,3,0.0
104133,6,108,38.08,3,0.1
104134,1,76,19.89,2,0.0
104134,2,26,15.91,3,0.1
104134,3,23,24.62,6,0.0
104134,4,72,9.24,1,0.0
104134,5,57,47.81,3,0.0
104134,6,27,9.72,5,0.1
104135,1,106,19.98,8,0.0
104135,2,1,28.7,14,0.0
104135,3,115,36.9,4,0.0
104135,4,85,27.29,4,0.05
104135,5,80,28.3,6,0.1
104136,1,44,16.13,5,0.0
104137,1,45,12.46,4,0.0
104137,2,84,14.48,4,0.05
104138,1,45,12.75,7,0.0
104138,2,58,8.53,1,0.03
104138,3,38,25.37,3,0.0
104138,4,3,63.17,2,0.1
104138,5,71,7.24,4,0.05
104138,6,51,50.94,4,0.03
104139,1,62,36.01,5,0.0
104140,1,107,46.04,2,0.0
104140,2,21,28.85,1,0.0
104140,3,76,28.06,6,0.0
104140,4,45,13.21,2,0.0
104141,1,28,6.13,1,0.0
104141,2,33,12.11,16,0.03
104142,1,81,27.9,5,0.0
104143,1,52,45.5,1,0.05
104143,2,50,10.31,3,0.0
104143,3,53,23.09,5,0.1
104144,1,3,71.08,2,0.0
104144,2,8,5.1,4,0.0
104144,3,45,11.56,4,0.1
104145,1,72,9.2,3,0.2
104145,2,31,5.3,6,0.03
104145,3,8,5.23,3,0.1
104145,4,50,11.05,5,0.0
104146,1,47,23.0,1,0.03
104146,2,78,9.86,2,0.15
104146,3,104,30.6,5,0.05
104147,1,45,12.62,4,0.0
104147,2,116,41.82,2,0.0
104147,3,27,9.06,3,0.0
104148,1,24,44.63,4,0.0
104148,2,114,21.94,3,0.05
104148,3,116,41.64,3,0.05
104149,1,104,27.46,3,0.0
104149,2,90,50.11,3,0.1
104149,3,107,44.23,2,0.0
104149,4,110,22.99,2,0.0
104149,5,112,71.87,1,0.0
104150,1,71,6.9,3,0.15
104150,2,51,42.48,5,0.0
104150,3,8,6.06,3,0.0
104150,4,15,10.84,4,0.0
104151,1,54,25.64,3,0.1
104151,2,56,30.98,13,0.0
104151,3,12,80.81,1,0.0
104152,1,91,18.54,10,0.05
104152,2,54,22.81,14,0.0
104152,3,60,10.26,2,0.0
104153,1,108,32.6,1,0.0
104153,2,33,11.39,2,0.05
104154,1,19,27.94,6,0.0
104154,2,14,25.64,6,0.2
104154,3,71,7.49,9,0.05
104154,4,24,51.0,7,0.05
104155,1,117,8.89,3,0.03
104155,2,81,23.07,4,0.05
104155,3,67,33.22,7,0.0
104155,4,85,27.74,3,0.2
104156,1,103,30.38,6,0.0
104156,2,94,32.83,4,0.0
104156,3,116,33.54,11,0.0
104157,1,76,23.87,8,0.05
104157,2,11,37.37,1,0.0
104157,3,95,17.56,6,0.03
104157,4,9,25.4,5,0.05
104157,5,71,7.42,5,0.2
104157,6,6,9.87,5,0.03
104158,1,51,48.81,1,0.0
104158,2,5,25.69,3,0.0
104158,3,75,18.83,2,0.0
104159,1,47,21.77,5,0.0
104160,1,116,39.7,3,0.0
104160,2,76,26.26,3,0.0
104160,3,72,8.08,5,0.0
104161,1,49,25.11,1,0.0
104161,2,3,62.42,4,0.0
104161,3,45,11.57,1,0.05
104162,1,45,11.83,6,0.1
104162,2,120,5.15,2,0.05
104163,1,72,7.37,2,0.0
104163,2,18,17.79,3,0.05
104163,3,65,12.91,5,0.05
104163,4,36,33.48,3,0.0
104163,5,45,11.7,3,0.0
104163,6,23,20.1,3,0.0
104164,1,112,79.53,3,0.0
104164,2,67,33.71,2,0.15
104164,3,66,6.68,4,0.0
104164,4,59,21.05,10,0.05
104165,1,57,43.45,8,0.0
104165,2,87,26.83,2,0.0
104165,3,112,81.59,7,0.0
104166,1,110,27.04,7,0.0
104166,2,108,32.06,4,0.0
104166,3,85,25.94,4,0.0
104166,4,103,32.51,4,0.0
104167,1,99,28.52,4,0.0
104167,2,101,22.2,3,0.1
104167,3,95,19.48,2,0.05
104167,4,65,10.91,1,0.0
104168,1,79,21.03,3,0.2
104168,2,70,13.34,5,0.1
104168,3,34,23.2,5,0.0
104169,1,17,15.25,5,0.0
104169,2,71,7.22,5,0.0
104170,1,102,25.37,5,0.0
104170,2,72,8.19,8,0.0
104170,3,89,16.4,9,0.05
104171,1,45,11.06,4,0.1
104171,2,9,25.79,4,0.0
104172,1,22,15.95,2,0.05
104172,2,65,12.26,4,0.0
104172,3,102,22.06,2,0.0
104173,1,81,24.39,7,0.05
104173,2,83,36.35,4,0.0
104173,3,46,15.89,5,0.2
104173,4,58,7.38,7,0.0
104173,5,45,12.79,6,0.0
104173,6,7,13.65,4,0.0
104174,1,31,4.98,3,0.1
104174,2,45,13.37,2,0.0
104174,3,51,47.0,2,0.0
104174,4,10,48.52,2,0.0
104175,1,44,13.2,5,0.0
104175,2,81,25.64,4,0.15
104175,3,98,13.55,5,0.0
104176,1,85,31.51,5,0.0
104176,2,12,79.98,1,0.0
104176,3,8,4.43,3,0.1
104177,1,22,14.36,5,0.1
104177,2,71,7.83,2,0.05
104177,3,114,26.57,5,0.0
104177,4,81,24.62,7,0.05
104177,5,33,11.4,2,0.0
104178,1,112,91.26,1,0.0
104178,2,62,30.03,4,0.05
104178,3,116,39.66,1,0.0
104179,1,109,3.39,1,0.0
104179,2,40,24.81,1,0.0
104180,1,79,21.81,3,0.0
104180,2,65,12.83,1,0.0
104180,3,35,32.27,2,0.05
104180,4,28,7.07,9,0.0
104181,1,105,5.74,8,0.0
104181,2,49,23.32,6,0.05
104181,3,97,16.45,1,0.05
104181,4,52,43.54,3,0.15
104181,5,45,12.71,2,0.0
104181,6,110,22.04,2,0.0
104182,1,16,5.54,4,0.0
104182,2,106,22.63,5,0.0
104183,1,81,24.65,4,0.03
104183,2,51,48.98,4,0.0
104184,1,94,31.3,5,0.03
104185,1,94,30.64,2,0.0
104185,2,82,6.28,4,0.1
104185,3,76,24.04,5,0.1
104186,1,97,15.02,11,0.0
104187,1,102,24.87,5,0.03
104187,2,97,16.37,2,0.05
104187,3,51,46.18,1,0.0
104187,4,82,5.67,3,0.0
104188,1,79,18.78,3,0.0
104188,2,21,24.23,4,0.0
104188,3,24,53.8,5,0.03
104188,4,9,23.8,6,0.0
104188,5,110,27.93,6,0.05
104188,6,101,20.86,10,0.15
104188,7,45,13.09,10,0.1
104189,1,58,8.77,1,0.0
104189,2,72,8.65,4,0.03
104190,1,81,24.34,3,0.0
104190,2,51,45.08,1,0.0
104190,3,25,13.43,5,0.0
104190,4,116,37.12,6,0.0
104190,5,10,51.54,8,0.0
104191,1,110,28.71,3,0.1
104191,2,45,12.07,3,0.0
104192,1,104,26.42,7,0.03
104192,2,53,25.19,1,0.0
104192,3,26,17.38,6,0.05
104192,4,45,11.87,5,0.0
104192,5,46,17.58,10,0.1
104193,1,58,8.63,1,0.03
104194,1,98,12.2,2,0.0
104194,2,114,22.53,1,0.15
104194,3,51,45.94,5,0.1
104194,4,33,10.78,4,0.03
104194,5,8,4.36,3,0.0
104195,1,72,8.44,2,0.0
104195,2,80,19.7,2,0.05
104195,3,100,69.25,2,0.0
104195,4,33,9.56,4,0.0
104196,1,51,47.21,3,0.0
104196,2,61,17.96,3,0.0
104196,3,52,49.54,1,0.1
104196,4,30,4.82,6,0.0
104196,5,102,27.69,2,0.0
104197,1,52,45.94,5,0.15
104197,2,35,30.29,4,0.0
104197,3,99,28.46,3,0.1
104197,4,83,30.44,3,0.05
104197,5,45,12.22,3,0.0
104197,6,60,10.56,2,0.1
104198,1,66,7.74,4,0.0
104198,2,40,22.12,3,0.0
104198,3,115,32.5,6,0.1
104198,4,79,22.6,2,0.0
104198,5,38,31.25,6,0.0
104198,6,108,42.23,1,0.1
104198,7,105,6.22,2,0.0
104199,1,51,40.61,4,0.05
104199,2,23,22.41,3,0.0
104199,3,27,9.09,6,0.0
104200,1,83,34.07,2,0.0
104200,2,33,12.56,5,0.0
104200,3,45,11.86,2,0.1
104200,4,12,72.54,2,0.2
104200,5,98,12.99,4,0.03
104201,1,39,123.77,1,0.0
104201,2,78,11.06,7,0.1
104202,1,51,50.57,1,0.0
104202,2,106,20.43,2,0.1
104202,3,116,38.96,2,0.05
104202,4,82,6.78,3,0.2
104202,5,85,34.69,6,0.03
104203,1,46,14.43,5,0.03
104203,2,74,25.53,6,0.0
104203,3,89,18.16,5,0.05
104204,1,99,26.56,2,0.0
104204,2,110,28.35,2,0.15
104204,3,111,88.2,8,0.05
104204,4,45,9.79,2,0.05
104205,1,69,3.87,5,0.0
104205,2,19,30.72,1,0.0
104205,3,109,3.79,7,0.0
104205,4,66,9.0,6,0.03
104206,1,76,22.31,3,0.0
104206,2,4,7.53,8,0.0
104206,3,44,14.66,2,0.0
104206,4,52,50.65,3,0.2
104206,5,104,23.6,6,0.03
104206,6,106,21.86,1,0.0
104207,1,69,3.96,5,0.0
104207,2,98,12.61,4,0.1
104207,3,52,45.65,4,0.03
104208,1,81,26.84,4,0.0
104208,2,72,7.4,1,0.0
104209,1,116,34.44,4,0.0
104209,2,15,11.26,8,0.0
104210,1,19,24.29,1,0.0
104210,2,35,29.1,3,0.0
104210,3,3,58.82,8,0.05
104210,4,4,6.88,10,0.15
104210,5,83,32.87,9,0.0
104211,1,108,37.31,3,0.0
104211,2,110,26.01,9,0.0
104211,3,75,20.24,9,0.0
104212,1,81,26.96,6,0.0
104212,2,113,8.65,4,0.1
104212,3,71,7.18,6,0.1
104212,4,70,10.62,2,0.0
104212,5,29,46.33,6,0.0
104213,1,25,12.1,3,0.0
104213,2,64,22.92,3,0.0
104214,1,31,5.51,3,0.0
104214,2,60,12.49,3,0.0
104215,1,110,26.11,3,0.0
104215,2,10,47.97,6,0.0
104215,3,89,17.66,5,0.0
104215,4,78,9.61,2,0.15
104216,1,34,27.03,2,0.0
104216,2,116,39.31,6,0.0
104216,3,83,32.46,3,0.0
104216,4,6,11.43,4,0.0
104216,5,77,35.22,3,0.0
104216,6,81,27.1,3,0.1
104216,7,78,9.12,4,0.1
104216,8,45,12.39,2,0.0
104217,1,94,29.35,4,0.1
104217,2,76,30.61,5,0.05
104218,1,51,37.67,1,0.03
104218,2,45,12.82,3,0.1
104218,3,94,31.6,2,0.1
104218,4,70,13.03,3,0.0
104218,5,40,24.3,7,0.03
104218,6,78,8.69,5,0.0
104218,7,92,27.22,1,0.05
104219,1,45,12.52,11,0.0
104219,2,23,21.73,2,0.0
104219,3,81,23.54,9,0.15
104219,4,49,22.21,4,0.0
104219,5,9,24.43,4,0.0
104220,1,97,13.04,2,0.15
104220,2,65,12.94,6,0.0
104220,3,33,10.31,3,0.0
104220,4,31,5.23,2,0.0
104220,5,106,21.19,5,0.03
104221,1,103,27.43,3,0.0
104222,1,12,85.3,7,0.15
104222,2,116,38.12,1,0.0
104222,3,108,40.54,3,0.05
104222,4,17,13.71,4,0.03
104222,5,65,13.25,3,0.0
104222,6,8,4.83,3,0.0
104223,1,79,19.08,6,0.0
104223,2,31,5.42,3,0.0
104223,3,101,23.33,3,0.0
104223,4,71,6.74,8,0.03
104224,1,45,11.8,3,0.03
104224,2,110,22.64,9,0.05
104225,1,40,24.47,6,0.1
104225,2,52,43.94,5,0.1
104225,3,67,32.39,4,0.03
104225,4,51,46.32,4,0.0
104225,5,23,22.84,1,0.0
104225,6,45,10.25,6,0.0
104226,1,115,36.59,3,0.1
104226,2,44,15.51,4,0.0
104226,3,67,33.39,8,0.0
104226,4,53,25.27,1,0.0
104227,1,55,21.44,3,0.0
104227,2,65,10.49,4,0.0
104227,3,60,12.16,3,0.0
104228,1,76,24.53,5,0.2
104228,2,110,28.45,6,0.0
104228,3,24,49.53,6,0.0
104228,4,100,60.24,3,0.0
104229,1,98,11.25,2,0.0
104229,2,14,24.15,6,0.0
104229,3,26,15.76,2,0.05
104230,1,110,27.25,4,0.03
104230,2,106,20.93,3,0.0
104231,1,96,68.98,6,0.0
104231,2,34,22.86,5,0.0
104231,3,16,5.88,6,0.05
104231,4,55,18.65,3,0.1
104231,5,45,11.93,5,0.03
104232,1,50,11.99,9,0.05
104232,2,45,13.21,3,0.0
104232,3,32,20.02,6,0.03
104232,4,116,35.51,5,0.0
104233,1,60,11.98,6,0.0
104233,2,71,7.99,4,0.1
104233,3,24,51.71,3,0.05
104233,4,94,26.74,4,0.03
104234,1,21,25.35,5,0.15
104234,2,40,24.12,4,0.0
104234,3,72,8.45,12,0.0
104234,4,83,32.97,11,0.0
104234,5,45,12.96,5,0.0
104234,6,67,31.26,4,0.0
104235,1,110,25.97,10,0.0
104235,2,98,11.82,1,0.05
104235,3,24,51.09,6,0.1
104235,4,81,25.63,6,0.0
104235,5,86,33.08,3,0.0
104235,6,71,6.42,7,0.0
104235,7,79,18.11,3,0.03
104236,1,80,24.13,1,0.0
104236,2,78,9.81,7,0.05
104237,1,49,26.25,3,0.1
104237,2,67,30.7,2,0.0
104237,3,10,57.95,5,0.05
104237,4,94,29.37,2,0.0
104238,1,70,11.68,2,0.0
104238,2,75,19.29,4,0.05
104238,3,35,29.35,3,0.1
104239,1,106,17.98,5,0.2
104239,2,97,13.92,1,0.05
104239,3,24,46.05,3,0.05
104239,4,45,12.72,2,0.0
104239,5,82,6.06,8,0.03
104240,1,82,6.53,3,0.0
104241,1,9,24.71,3,0.0
104241,2,85,29.4,4,0.0
104241,3,69,4.09,3,0.0
104241,4,16,5.45,1,0.0
104241,5,34,24.73,4,0.1
104241,6,27,9.4,6,0.0
104242,1,63,36.93,4,0.05
104242,2,24,51.37,2,0.0
104243,1,65,12.36,7,0.05
104243,2,5,24.54,8,0.0
104243,3,72,8.53,6,0.15
104243,4,110,29.07,5,0.05
104243,5,74,28.55,4,0.0
104244,1,89,18.93,2,0.0
104244,2,110,20.93,2,0.0
104244,3,67,31.67,5,0.2
104245,1,10,52.74,1,0.05
104245,2,87,23.92,6,0.0
104245,3,70,12.65,5,0.1
104245,4,25,13.54,5,0.0
104245,5,108,39.42,1,0.0
104245,6,66,7.51,5,0.03
104246,1,119,10.74,4,0.0
104246,2,67,33.93,6,0.0
104246,3,14,24.22,9,0.0
104247,1,106,19.8,13,0.0
104248,1,5,28.95,4,0.05
104248,2,45,10.54,1,0.05
104248,3,113,10.81,12,0.1
104248,4,112,84.85,1,0.0
104248,5,90,50.07,1,0.0
104249,1,117,8.44,6,0.0
104249,2,51,46.03,4,0.0
104249,3,81,26.17,1,0.05
104249,4,45,10.99,2,0.1
104250,1,23,22.51,9,0.1
104250,2,81,28.66,3,0.1
104250,3,76,23.74,5,0.1
104251,1,97,14.98,3,0.05
104251,2,76,22.86,3,0.1
104251,3,1,27.69,5,0.0
104251,4,85,32.27,5,0.05
104252,1,80,26.12,4,0.05
104252,2,45,12.98,7,0.0
104252,3,37,18.69,3,0.0
104253,1,110,22.74,5,0.05
104253,2,44,17.4,2,0.03
104253,3,27,9.17,7,0.0
104253,4,45,11.27,2,0.0
104254,1,24,50.44,1,0.03
104254,2,51,44.05,8,0.05
104255,1,94,31.89,2,0.0
104255,2,106,17.35,4,0.0
104255,3,99,28.69,2,0.0
104256,1,21,28.02,2,0.03
104257,1,91,16.98,14,0.03
104257,2,83,35.87,4,0.03
104257,3,15,10.94,11,0.03
104258,1,45,13.67,3,0.05
104258,2,54,23.14,9,0.0
104258,3,95,19.07,2,0.1
104258,4,97,15.71,4,0.0
104259,1,60,11.03,4,0.05
104259,2,105,5.11,2,0.1
104259,3,91,17.96,2,0.0
104260,1,65,12.28,1,0.0
104260,2,45,12.85,5,0.15
104260,3,114,29.43,2,0.0
104261,1,25,13.2,6,0.0
104261,2,98,13.12,5,0.0
104262,1,116,36.3,9,0.05
104262,2,35,32.53,5,0.0
104263,1,71,7.26,2,0.0
104263,2,33,11.69,6,0.0
104263,3,26,12.78,1,0.0
104263,4,27,9.33,2,0.0
104263,5,47,22.96,5,0.03
104263,6,43,38.0,2,0.03
104264,1,81,27.27,1,0.0
104264,2,53,27.28,2,0.0
104264,3,85,32.91,8,0.0
104264,4,70,12.74,4,0.0
104265,1,72,9.1,6,0.0
104265,2,14,24.37,2,0.0
104265,3,41,47.45,6,0.0
104266,1,44,17.52,8,0.1
104266,2,37,18.3,2,0.15
104266,3,112,82.39,6,0.0
104267,1,95,19.15,2,0.05
104267,2,6,11.5,2,0.1
104267,3,79,19.4,3,0.0
104268,1,100,62.27,7,0.0
104268,2,83,33.26,3,0.0
104268,3,71,6.51,13,0.0
104268,4,13,43.37,4,0.0
104268,5,1,33.38,1,0.0
104269,1,9,25.85,1,0.0
104269,2,45,10.03,1,0.1
104269,3,94,31.36,16,0.0
104269,4,26,16.77,4,0.0
104270,1,31,5.75,11,0.0
104270,2,32,14.1,3,0.0
104271,1,45,10.07,1,0.1
104271,2,8,4.66,4,0.03
104271,3,67,32.76,3,0.05
104271,4,110,26.82,7,0.0
104272,1,97,13.85,3,0.0
104272,2,71,6.98,8,0.05
104272,3,80,26.25,10,0.0
104272,4,67,31.62,5,0.0
104273,1,110,29.4,2,0.03
104273,2,34,22.96,7,0.03
104274,1,108,37.65,5,0.0
104274,2,81,25.06,3,0.0
104274,3,71,7.73,6,0.0
104275,1,64,24.27,1,0.0
104275,2,99,27.27,8,0.03
104275,3,62,34.02,1,0.0
104275,4,55,21.79,3,0.0
104276,1,31,5.78,5,0.03
104276,2,9,24.96,6,0.0
104276,3,95,18.85,5,0.0
104276,4,44,13.4,3,0.0
104276,5,21,25.21,4,0.0
104276,6,45,12.16,3,0.0
104277,1,60,12.12,5,0.0
104277,2,59,22.36,5,0.1
104278,1,8,5.15,2,0.0
104278,2,72,9.94,1,0.0
104278,3,24,42.87,7,0.05
104279,1,70,10.95,3,0.0
104280,1,24,47.42,10,0.0
104280,2,67,34.19,2,0.03
104280,3,15,11.62,2,0.03
104280,4,101,23.18,1,0.05
104280,5,107,41.41,6,0.03
104281,1,58,8.63,1,0.0
104282,1,48,38.36,4,0.03
104282,2,72,8.39,4,0.1
104282,3,112,81.56,3,0.1
104283,1,50,11.25,5,0.0
104283,2,83,29.52,4,0.0
104283,3,25,12.06,4,0.0
104283,4,37,20.01,2,0.0
104283,5,79,17.48,4,0.0
104283,6,27,8.86,4,0.05
104284,1,5,22.82,5,0.0
104284,2,65,10.68,3,0.03
104284,3,37,17.74,7,0.1
104284,4,8,5.36,2,0.0
104284,5,81,27.41,4,0.03
104285,1,84,15.03,4,0.0
104285,2,80,24.07,4,0.0
104286,1,79,18.32,2,0.0
104286,2,104,24.34,3,0.0
104287,1,106,18.66,3,0.0
104287,2,67,36.26,3,0.1
104287,3,53,24.1,5,0.0
104288,1,110,23.94,12,0.1
104288,2,53,22.57,7,0.0
104288,3,17,15.95,9,0.0
104288,4,81,25.86,2,0.0
104289,1,87,26.17,1,0.0
104289,2,71,7.46,5,0.0
104289,3,45,12.73,2,0.1
104290,1,79,14.95,3,0.0
104290,2,26,15.88,2,0.2
104290,3,20,36.0,2,0.0
104291,1,97,13.31,4,0.03
104291,2,112,73.36,2,0.05
104291,3,55,19.72,2,0.0
104292,1,60,11.15,1,0.15
104292,2,44,17.79,6,0.0
104292,3,99,26.65,5,0.0
104292,4,110,24.86,4,0.0
104292,5,101,24.79,3,0.0
104292,6,83,28.55,6,0.0
104293,1,82,6.69,4,0.2
104293,2,107,41.52,5,0.0
104293,3,45,10.76,2,0.15
104294,1,81,25.97,11,0.0
104294,2,110,26.69,5,0.0
104295,1,116,42.09,3,0.1
104295,2,107,42.58,4,0.03
104295,3,72,8.84,5,0.05
104295,4,38,29.49,5,0.15
104296,1,27,9.28,6,0.0
104296,2,76,26.82,1,0.0
104296,3,62,36.41,5,0.05
104296,4,72,8.83,7,0.05
104296,5,52,46.33,3,0.0
104297,1,53,24.82,3,0.0
104297,2,60,13.75,5,0.1
104297,3,25,12.11,3,0.0
104297,4,80,24.16,4,0.1
104297,5,26,16.08,7,0.0
104298,1,54,24.7,8,0.0
104298,2,74,28.58,4,0.1
104299,1,56,32.34,3,0.05
104299,2,81,22.76,4,0.1
104299,3,104,25.25,8,0.05
104299,4,65,9.65,5,0.05
104299,5,24,41.63,4,0.0
104299,6,76,23.15,5,0.0
104300,1,80,22.93,3,0.05
104300,2,25,12.92,3,0.0
104300,3,112,79.82,10,0.0
104300,4,116,41.13,2,0.0
104300,5,53,25.99,2,0.0
104300,6,81,27.05,5,0.0
104301,1,38,26.68,3,0.0
104301,2,53,23.05,5,0.05
104302,1,45,12.32,2,0.0
104303,1,54,23.95,4,0.0
104303,2,112,75.2,1,0.0
104304,1,118,19.83,3,0.1
104304,2,45,12.05,6,0.05
104305,1,110,26.22,5,0.2
104305,2,71,6.28,2,0.05
104305,3,114,23.24,3,0.05
104305,4,37,19.08,1,0.0
104306,1,66,7.64,8,0.0
104306,2,32,19.35,6,0.1
104306,3,58,8.67,11,0.1
104307,1,66,8.19,1,0.15
104307,2,98,12.14,10,0.05
104308,1,72,9.64,4,0.15
104308,2,45,10.84,4,0.0
104308,3,60,11.8,6,0.0
104308,4,34,22.99,9,0.03
104308,5,87,28.92,8,0.15
104309,1,8,5.12,11,0.1
104309,2,20,28.88,3,0.0
104309,3,110,27.08,5,0.0
104309,4,69,4.83,7,0.05
104309,5,54,27.39,2,0.05
104309,6,80,24.61,1,0.1
104310,1,104,24.89,1,0.0
104310,2,86,31.31,4,0.05
104310,3,14,25.87,6,0.0
104310,4,78,8.98,12,0.0
104311,1,32,17.19,4,0.0
104311,2,97,14.02,8,0.03
104311,3,63,49.19,3,0.05
104311,4,48,35.92,7,0.03
104312,1,104,25.44,12,0.1
104312,2,79,22.37,8,0.0
104313,1,51,44.97,5,0.1
104313,2,59,20.89,6,0.03
104314,1,87,23.5,6,0.0
104314,2,6,11.15,4,0.03
104314,3,76,20.36,3,0.0
104315,1,45,13.28,7,0.0
104315,2,108,34.59,2,0.0
104315,3,58,8.01,3,0.0
104315,4,68,25.45,2,0.0
104315,5,50,11.54,5,0.1
104315,6,63,36.95,6,0.0
104316,1,62,34.49,2,0.03
104316,2,45,11.68,5,0.1
104316,3,76,26.83,7,0.05
104316,4,53,25.39,2,0.0
104316,5,107,44.21,3,0.1
104317,1,87,29.54,2,0.0
104317,2,81,23.79,6,0.03
104317,3,41,49.55,3,0.03
104317,4,110,27.32,3,0.1
104317,5,82,6.8,12,0.03
104317,6,117,8.16,3,0.0
104317,7,97,15.9,7,0.0
104318,1,21,28.89,12,0.0
104318,2,9,23.79,7,0.03
104318,3,47,19.97,4,0.1
104319,1,51,42.8,2,0.03
104319,2,45,12.96,4,0.0
104319,3,62,36.54,3,0.0
104319,4,65,9.29,5,0.1
104320,1,71,7.81,5,0.1
104320,2,58,8.02,3,0.0
104320,3,20,28.65,11,0.0
104320,4,63,39.5,5,0.0
104321,1,14,23.62,2,0.05
104321,2,15,10.16,3,0.0
104322,1,8,4.77,4,0.1
104322,2,108,34.94,7,0.05
104322,3,67,32.13,5,0.0
104322,4,63,45.85,3,0.1
104322,5,4,6.99,5,0.1
104322,6,81,23.04,3,0.15
104323,1,110,23.0,6,0.0
104323,2,26,15.81,4,0.0
104323,3,79,23.81,6,0.0
104324,1,71,7.65,3,0.0
104324,2,76,20.34,15,0.0
104325,1,15,10.18,10,0.03
104325,2,95,19.31,3,0.0
104326,1,68,25.94,3,0.05
104326,2,90,50.94,3,0.03
104326,3,51,46.94,8,0.03
104326,4,110,24.46,1,0.05
104326,5,76,24.28,3,0.15
104326,6,49,26.95,3,0.05
104326,7,81,22.5,5,0.0
104327,1,87,26.13,5,0.0
104327,2,7,14.97,6,0.0
104327,3,81,24.31,6,0.0
104328,1,110,25.57,5,0.0
104328,2,7,14.87,4,0.0
104328,3,47,20.81,1,0.0
104328,4,83,31.23,5,0.05
104329,1,60,10.78,3,0.0
104329,2,116,39.22,7,0.2
104330,1,110,28.64,2,0.03
104330,2,49,28.56,4,0.1
104330,3,79,16.69,3,0.0
104331,1,76,25.06,3,0.0
104331,2,40,23.23,3,0.0
104331,3,107,42.37,3,0.05
104331,4,87,27.47,2,0.0
104331,5,14,27.98,12,0.0
104332,1,44,15.54,3,0.1
104332,2,45,10.79,7,0.1
104332,3,83,34.66,3,0.15
104333,1,49,24.71,4,0.0
104333,2,25,12.51,6,0.03
104333,3,40,25.63,1,0.0
104334,1,41,58.0,1,0.0
104334,2,110,30.56,3,0.0
104334,3,60,11.34,7,0.0
104334,4,51,46.32,6,0.05
104334,5,24,47.81,1,0.03
104334,6,108,31.18,2,0.0
104335,1,78,8.75,6,0.0
104335,2,63,38.44,4,0.0
104335,3,112,82.74,1,0.0
104336,1,53,24.22,3,0.15
104336,2,92,30.24,4,0.0
104337,1,57,40.59,6,0.0
104337,2,1,32.33,7,0.05
104338,1,26,15.01,5,0.05
104338,2,6,9.05,10,0.05
104338,3,116,33.59,7,0.05
104338,4,41,48.49,6,0.03
104338,5,28,6.68,4,0.1
104338,6,82,6.33,11,0.2
104339,1,31,5.0,4,0.0
104339,2,49,28.3,4,0.0
104339,3,26,16.44,3,0.05
104340,1,66,8.18,3,0.05
104340,2,87,26.42,7,0.0
104340,3,60,12.89,6,0.0
104341,1,78,8.47,3,0.0
104341,2,76,27.08,3,0.0
104341,3,104,25.23,9,0.1
104341,4,113,9.86,4,0.0
104342,1,108,37.59,3,0.0
104342,2,116,36.8,5,0.15
104342,3,68,28.25,3,0.0
104343,1,44,15.73,5,0.0
104343,2,67,28.16,2,0.0
104344,1,106,21.16,6,0.05
104344,2,65,11.29,1,0.15
104345,1,79,18.97,4,0.0
104345,2,110,26.43,2,0.0
104346,1,78,10.04,6,0.05
104346,2,83,30.78,3,0.05
104347,1,6,11.92,5,0.05
104347,2,53,24.82,6,0.0
104347,3,98,12.56,5,0.0
104347,4,31,5.0,4,0.0
104348,1,67,34.49,2,0.0
104348,2,13,37.12,4,0.05
104349,1,103,25.51,8,0.0
104349,2,115,33.37,2,0.0
104349,3,19,25.94,1,0.0
104350,1,34,29.65,7,0.1
104350,2,60,12.68,7,0.05
104350,3,71,6.64,4,0.0
104351,1,100,59.28,6,0.0
104351,2,64,24.65,4,0.1
104351,3,2,29.75,3,0.05
104352,1,81,22.05,4,0.2
104352,2,2,29.38,3,0.0
104352,3,114,25.79,2,0.2
104353,1,34,27.51,2,0.0
104353,2,47,23.69,2,0.0
104354,1,60,10.77,6,0.0
104354,2,112,75.69,4,0.0
104354,3,97,12.93,2,0.0
104354,4,71,8.07,4,0.05
104354,5,40,26.32,7,0.0
104355,1,24,46.0,2,0.03
104355,2,51,41.7,3,0.0
104355,3,113,10.43,2,0.05
104356,1,11,32.62,6,0.0
104357,1,64,26.37,6,0.0
104357,2,81,21.81,1,0.05
104357,3,53,21.32,4,0.0
104358,1,84,14.95,12,0.0
104358,2,86,33.82,4,0.15
104358,3,52,50.27,6,0.0
104358,4,68,23.85,3,0.0
104358,5,8,4.53,2,0.05
104358,6,44,15.67,3,0.1
104358,7,79,16.63,4,0.05
104358,8,116,45.16,3,0.0
104359,1,81,22.24,2,0.0
104359,2,47,21.68,3,0.0
104359,3,79,22.72,6,0.0
104359,4,83,31.76,8,0.0
104360,1,100,66.06,2,0.0
104360,2,81,21.67,6,0.0
104360,3,76,27.37,3,0.0
104361,1,92,28.56,1,0.0
104361,2,71,7.17,4,0.03
104361,3,21,30.73,2,0.15
104361,4,110,23.86,7,0.0
104362,1,71,6.97,1,0.0
104362,2,80,22.34,3,0.0
104362,3,33,10.8,3,0.05
104363,1,71,6.86,3,0.0
104363,2,65,11.39,2,0.0
104363,3,83,35.56,1,0.0
104363,4,72,9.3,4,0.1
104364,1,28,7.17,5,0.0
104364,2,8,5.74,4,0.0
104364,3,63,37.21,3,0.0
104364,4,116,40.64,6,0.0
104364,5,106,22.69,4,0.1
104365,1,112,80.87,2,0.0
104365,2,50,11.37,2,0.0
104366,1,79,17.61,6,0.05
104366,2,51,44.75,2,0.0
104366,3,40,25.15,8,0.0
104367,1,82,6.16,6,0.15
104367,2,64,25.04,10,0.05
104367,3,97,14.91,5,0.03
104368,1,108,38.12,2,0.0
104369,1,40,22.27,1,0.0
104369,2,53,26.78,8,0.05
104369,3,110,22.86,4,0.0
104370,1,68,23.11,2,0.05
104371,1,97,12.9,3,0.0
104371,2,52,45.64,2,0.0
104371,3,67,34.19,3,0.0
104372,1,79,22.54,2,0.0
104372,2,53,26.62,6,0.05
104372,3,21,28.61,1,0.15
104372,4,70,10.73,2,0.0
104373,1,60,10.97,15,0.15
104373,2,77,33.35,3,0.0
104374,1,111,73.02,1,0.0
104374,2,114,30.04,2,0.0
104374,3,104,26.22,9,0.0
104374,4,72,8.19,6,0.0
104375,1,71,6.69,7,0.0
104375,2,40,27.65,1,0.0
104375,3,8,5.03,1,0.0
104375,4,3,64.68,2,0.05
104376,1,34,23.75,5,0.15
104376,2,76,23.93,19,0.05
104377,1,33,12.16,14,0.05
104377,2,81,25.13,5,0.0
104378,1,24,44.3,5,0.0
104378,2,82,6.47,4,0.1
104378,3,94,30.71,7,0.1
104378,4,2,25.07,2,0.0
104379,1,72,9.67,3,0.03
104379,2,3,61.61,1,0.1
104380,1,116,40.52,3,0.15
104380,2,81,21.31,9,0.0
104381,1,76,22.7,2,0.03
104381,2,81,28.21,5,0.05
104381,3,83,31.26,5,0.0
104381,4,97,15.19,8,0.0
104382,1,67,33.41,5,0.05
104382,2,106,22.86,4,0.0
104382,3,81,22.49,5,0.0
104383,1,40,23.05,3,0.0
104383,2,111,85.67,5,0.05
104384,1,58,8.88,9,0.0
104384,2,57,51.95,1,0.15
104384,3,76,21.61,10,0.1
104384,4,75,17.92,4,0.0
104385,1,91,17.76,4,0.0
104385,2,52,46.58,2,0.2
104385,3,88,35.62,7,0.0
104386,1,45,12.26,6,0.05
104386,2,110,25.87,6,0.0
104386,3,81,23.35,2,0.0
104386,4,101,23.29,3,0.0
104387,1,71,6.47,10,0.1
104387,2,5,24.63,8,0.0
104387,3,59,21.14,3,0.05
104387,4,52,52.71,1,0.0
104387,5,76,25.69,13,0.0
104388,1,45,12.31,6,0.1
104388,2,38,26.18,4,0.03
104388,3,71,7.33,3,0.0
104388,4,113,11.3,4,0.0
104388,5,48,44.81,9,0.0
104389,1,24,47.44,8,0.1
104389,2,45,11.63,12,0.03
104390,1,100,68.35,4,0.1
104390,2,49,27.47,5,0.05
104390,3,83,33.62,6,0.05
104390,4,51,42.19,5,0.1
104391,1,67,30.32,1,0.0
104392,1,2,26.86,3,0.05
104392,2,10,49.18,2,0.0
104393,1,82,6.68,3,0.0
104393,2,80,21.79,6,0.0
104393,3,60,13.3,2,0.0
104394,1,51,47.79,5,0.0
104394,2,8,4.51,2,0.15
104394,3,65,11.68,1,0.0
104395,1,94,28.58,8,0.0
104395,2,116,37.37,3,0.0
104395,3,60,12.77,3,0.1
104395,4,8,4.72,10,0.03
104395,5,45,11.69,2,0.0
104395,6,59,23.42,3,0.2
104395,7,48,40.65,5,0.0
104395,8,87,26.63,5,0.15
104396,1,116,38.94,1,0.0
104396,2,32,16.28,5,0.0
104396,3,81,28.97,3,0.05
104396,4,99,28.46,10,0.05
104396,5,117,8.63,1,0.05
104397,1,74,29.8,2,0.0
104397,2,45,13.35,3,0.0
104397,3,53,26.62,4,0.1
104397,4,110,28.0,1,0.0
104397,5,111,95.52,4,0.0
104398,1,24,51.11,2,0.0
104398,2,17,15.73,4,0.0
104398,3,93,22.65,2,0.2
104399,1,11,34.82,6,0.03
104399,2,45,13.03,2,0.0
104399,3,55,18.55,4,0.03
104399,4,24,53.3,5,0.1
104399,5,65,11.13,6,0.1
104399,6,71,6.67,1,0.05
104400,1,3,54.25,2,0.0
104400,2,4,6.6,3,0.05
104400,3,106,21.89,2,0.15
104400,4,6,11.64,7,0.0
104400,5,81,25.5,4,0.0
104401,1,9,27.88,2,0.0
104401,2,72,8.05,8,0.2
104401,3,75,19.51,3,0.15
104402,1,80,22.19,1,0.1
104402,2,66,8.21,3,0.03
104402,3,1,33.36,4,0.0
104402,4,67,32.6,5,0.0
104402,5,23,23.22,3,0.03
104402,6,47,24.58,7,0.2
104403,1,71,7.04,3,0.1
104403,2,4,8.14,2,0.03
104403,3,33,11.56,2,0.0
104403,4,108,38.22,3,0.2
104403,5,15,10.72,7,0.15
104403,6,81,26.33,6,0.15
104404,1,116,41.61,2,0.15
104404,2,101,18.82,2,0.05
104405,1,82,6.61,6,0.0
104405,2,103,26.56,4,0.0
104405,3,116,37.51,3,0.0
104406,1,97,15.54,2,0.05
104406,2,8,5.44,1,0.1
104406,3,87,26.27,3,0.05
104407,1,35,36.51,2,0.15
104407,2,45,13.54,4,0.0
104407,3,59,19.1,11,0.0
104408,1,110,24.34,2,0.0
104408,2,79,22.58,7,0.0
104409,1,27,10.24,2,0.0
104409,2,64,24.47,6,0.0
104410,1,110,27.47,4,0.05
104410,2,65,12.12,7,0.0
104411,1,62,38.89,1,0.0
104411,2,22,16.55,3,0.0
104412,1,5,26.26,3,0.0
104412,2,40,27.17,5,0.15
104413,1,26,16.28,1,0.03
104413,2,83,31.41,4,0.0
104413,3,76,24.31,2,0.1
104413,4,60,12.83,9,0.1
104414,1,23,26.69,3,0.0
104415,1,62,33.71,2,0.03
104415,2,58,8.32,3,0.0
104415,3,60,13.11,4,0.0
104416,1,108,41.26,1,0.0
104417,1,32,18.48,3,0.03
104417,2,64,21.34,2,0.0
104417,3,81,26.52,4,0.0
104417,4,53,24.81,3,0.05
104417,5,88,38.67,6,0.0
104417,6,9,24.92,5,0.05
104418,1,103,29.2,3,0.2
104419,1,61,20.67,4,0.0
104419,2,24,57.47,3,0.0
104419,3,60,11.76,2,0.05
104420,1,67,32.72,2,0.03
104420,2,54,25.21,10,0.0
104420,3,8,4.94,9,0.03
104420,4,97,14.82,5,0.0
104421,1,67,29.39,17,0.0
104421,2,11,33.92,2,0.0
104421,3,116,39.92,8,0.1
104422,1,45,14.09,8,0.0
104422,2,72,8.92,5,0.05
104422,3,53,24.0,3,0.05
104422,4,110,26.29,3,0.0
104423,1,45,13.06,4,0.0
104423,2,53,23.76,5,0.0
104423,3,100,64.83,3,0.03
104424,1,72,7.29,4,0.1
104424,2,70,12.22,5,0.15
104424,3,88,36.98,4,0.0
104425,1,99,23.48,5,0.1
104425,2,24,50.99,7,0.15
104425,3,97,14.29,5,0.05
104425,4,8,5.39,1,0.05
104426,1,9,25.34,3,0.0
104426,2,2,27.84,6,0.15
104426,3,77,32.06,2,0.03
104426,4,76,25.21,6,0.0
104426,5,94,28.72,4,0.0
104427,1,8,5.33,4,0.0
104427,2,62,37.66,3,0.0
104427,3,107,40.12,6,0.15
104428,1,2,27.36,1,0.0
104428,2,100,59.27,6,0.0
104428,3,23,20.99,9,0.0
104429,1,45,11.15,5,0.0
104429,2,116,43.06,12,0.05
104429,3,12,87.86,4,0.1
104429,4,58,7.2,2,0.03
104430,1,39,106.05,5,0.0
104430,2,60,13.02,1,0.05
104430,3,98,12.25,8,0.0
104430,4,54,23.1,5,0.1
104430,5,61,22.19,4,0.0
104430,6,89,15.56,3,0.0
104430,7,76,21.04,4,0.0
104431,1,67,33.47,5,0.0
104432,1,99,21.35,3,0.0
104432,2,33,10.78,10,0.0
104432,3,59,19.87,6,0.1
104432,4,100,60.51,3,0.0
104433,1,69,3.82,3,0.15
104433,2,24,47.13,4,0.0
104433,3,75,19.17,1,0.05
104433,4,60,13.18,8,0.05
104434,1,67,33.12,5,0.0
104434,2,60,10.5,5,0.1
104434,3,81,23.52,4,0.05
104434,4,112,91.3,4,0.0
104435,1,26,14.9,9,0.0
104436,1,79,19.62,5,0.0
104436,2,100,59.93,2,0.0
104437,1,2,29.77,3,0.0
104437,2,60,14.52,4,0.0
104437,3,65,12.86,7,0.0
104438,1,5,24.66,11,0.1
104438,2,40,25.9,1,0.03
104438,3,44,13.22,3,0.0
104438,4,46,17.33,3,0.0
104439,1,45,12.68,2,0.0
104439,2,34,24.04,3,0.0
104439,3,24,51.03,12,0.03
104439,4,57,46.12,5,0.15
104440,1,25,12.99,6,0.1
104440,2,120,4.6,4,0.0
104441,1,110,24.09,2,0.0
104441,2,52,46.49,6,0.05
104441,3,20,34.6,6,0.0
104442,1,39,120.32,3,0.05
104442,2,22,15.82,9,0.03
104442,3,44,15.14,5,0.0
104442,4,33,10.2,2,0.0
104442,5,97,15.01,6,0.0
104443,1,45,11.51,1,0.0
104443,2,53,23.67,2,0.1
104443,3,82,7.12,4,0.03
104443,4,81,21.28,4,0.0
104444,1,97,16.57,6,0.0
104444,2,56,23.9,5,0.0
104444,3,98,13.46,4,0.0
104445,1,82,6.76,2,0.03
104445,2,45,10.75,6,0.0
104445,3,105,5.47,1,0.0
104445,4,81,29.76,6,0.0
104445,5,89,16.91,9,0.0
104445,6,116,30.66,2,0.0
104445,7,11,31.55,10,0.0
104446,1,91,20.88,7,0.0
104446,2,67,32.11,4,0.1
104447,1,113,10.69,4,0.0
104447,2,49,24.7,11,0.15
104447,3,34,25.44,4,0.0
104447,4,103,28.44,3,0.0
104448,1,81,24.03,2,0.0
104448,2,97,14.51,2,0.03
104448,3,116,38.08,1,0.0
104448,4,78,8.94,3,0.15
104448,5,1,30.77,5,0.0
104449,1,113,8.79,4,0.0
104449,2,27,8.86,2,0.2
104449,3,85,28.24,4,0.03
104449,4,92,25.98,11,0.03
104449,5,116,36.99,2,0.05
104449,6,54,22.82,2,0.0
104449,7,15,10.67,11,0.0
104450,1,47,23.59,2,0.05
104450,2,116,37.85,1,0.0
104450,3,35,32.54,5,0.03
104451,1,84,16.48,2,0.0
104452,1,101,23.74,3,0.05
104452,2,102,23.07,5,0.15
104452,3,114,25.66,3,0.05
104453,1,76,22.15,1,0.1
104453,2,16,5.73,1,0.03
104453,3,1,22.15,1,0.0
104453,4,60,11.93,2,0.0
104454,1,99,24.89,1,0.0
104454,2,117,9.35,6,0.0
104454,3,116,32.08,5,0.15
104454,4,28,6.87,3,0.15
104455,1,104,26.88,2,0.0
104455,2,61,17.39,3,0.0
104455,3,34,23.67,6,0.0
104455,4,51,48.43,8,0.1
104456,1,51,42.17,6,0.1
104456,2,16,5.56,4,0.15
104456,3,58,8.28,9,0.15
104456,4,8,5.31,5,0.0
104457,1,110,29.43,3,0.0
104457,2,97,14.4,5,0.0
104458,1,46,19.17,5,0.05
104458,2,10,49.77,2,0.1
104458,3,40,25.01,2,0.0
104458,4,67,29.68,3,0.0
104459,1,57,49.66,5,0.2
104459,2,8,4.21,4,0.1
104459,3,1,30.73,7,0.0
104459,4,66,8.39,6,0.1
104460,1,115,37.88,2,0.0
104460,2,14,23.71,4,0.0
104460,3,103,31.26,3,0.03
104460,4,100,52.81,5,0.0
104461,1,71,7.84,5,0.03
104461,2,80,26.78,2,0.0
104462,1,55,19.6,2,0.05
104462,2,10,51.48,4,0.0
104463,1,62,36.89,6,0.03
104463,2,72,8.55,5,0.0
104463,3,69,4.19,2,0.0
104463,4,26,15.55,8,0.0
104464,1,69,4.28,6,0.0
104464,2,113,10.65,6,0.0
104465,1,112,78.72,7,0.0
104465,2,98,10.66,5,0.05
104465,3,27,11.11,3,0.0
104466,1,12,87.95,9,0.0
104466,2,45,12.61,3,0.05
104466,3,103,29.26,2,0.1
104467,1,71,8.5,6,0.03
104467,2,6,9.17,1,0.05
104467,3,108,34.25,5,0.0
104467,4,91,17.54,2,0.0
104467,5,44,14.98,6,0.0
104468,1,109,4.4,5,0.03
104468,2,81,22.51,3,0.0
104468,3,40,21.9,6,0.0
104468,4,104,21.94,7,0.0
104469,1,71,7.77,2,0.0
104469,2,51,46.41,2,0.1
104469,3,83,35.0,2,0.2
104470,1,97,16.8,1,0.1
104470,2,52,53.57,2,0.0
104471,1,103,27.96,2,0.05
104471,2,11,37.89,5,0.0
104471,3,79,20.33,4,0.15
104471,4,83,33.49,4,0.05
104472,1,53,22.01,4,0.15
104472,2,60,10.97,6,0.03
104472,3,28,6.98,5,0.0
104472,4,65,12.62,1,0.0
104472,5,103,32.85,11,0.2
104473,1,26,14.69,4,0.1
104473,2,49,27.62,4,0.0
104474,1,76,24.85,4,0.03
104474,2,105,6.26,3,0.0
104475,1,85,29.32,3,0.0
104475,2,53,25.13,6,0.15
104475,3,60,11.76,7,0.05
104475,4,67,35.61,3,0.03
104475,5,44,15.7,12,0.1
104476,1,83,35.64,7,0.0
104476,2,110,26.47,4,0.0
104477,1,79,20.72,4,0.0
104477,2,110,25.28,5,0.0
104477,3,62,36.09,5,0.0
104478,1,45,9.59,3,0.1
104478,2,79,17.79,10,0.05
104478,3,99,27.02,2,0.0
104479,1,46,15.67,4,0.0
104479,2,15,11.54,5,0.0
104480,1,60,12.92,2,0.0
104480,2,21,31.06,3,0.05
104480,3,65,12.81,7,0.0
104481,1,97,15.57,3,0.15
104481,2,9,24.38,1,0.0
104481,3,22,16.63,9,0.05
104481,4,79,21.65,7,0.1
104482,1,102,21.74,3,0.0
104482,2,113,10.11,3,0.0
104483,1,83,31.07,8,0.15
104483,2,37,16.85,4,0.0
104483,3,76,23.09,3,0.0
104483,4,98,12.16,2,0.0
104484,1,67,31.65,7,0.15
104484,2,75,16.18,8,0.0
104484,3,61,22.32,4,0.0
104485,1,84,14.53,6,0.15
104485,2,87,26.61,1,0.0
104485,3,89,16.16,1,0.1
104486,1,15,11.03,4,0.0
104486,2,112,73.58,11,0.0
104487,1,5,25.62,1,0.0
104487,2,8,4.62,5,0.0
104487,3,34,23.78,1,0.0
104488,1,65,12.46,3,0.0
104488,2,33,11.03,5,0.0
104488,3,116,42.57,3,0.05
104489,1,3,54.55,2,0.0
104489,2,82,7.66,2,0.05
104489,3,45,10.42,5,0.1
104489,4,60,12.28,5,0.05
104490,1,97,14.43,2,0.0
104490,2,81,26.95,10,0.05
104490,3,21,26.64,2,0.15
104491,1,28,6.01,5,0.1
104491,2,49,26.41,7,0.0
104491,3,55,19.88,1,0.0
104492,1,82,7.17,4,0.1
104492,2,87,27.52,2,0.0
104492,3,60,12.72,2,0.05
104492,4,110,26.63,1,0.03
104492,5,85,31.71,4,0.0
104493,1,31,4.87,4,0.05
104493,2,34,24.03,3,0.0
104493,3,107,41.83,2,0.05
104493,4,51,45.53,3,0.15
104494,1,27,10.22,3,0.1
104494,2,71,7.09,4,0.1
104494,3,38,26.6,7,0.05
104494,4,98,14.69,1,0.03
104494,5,50,10.71,2,0.0
104495,1,51,45.53,3,0.05
104495,2,71,6.38,1,0.0
104496,1,24,57.36,2,0.0
104497,1,110,29.05,1,0.0
104497,2,35,30.53,9,0.1
104497,3,24,38.82,3,0.0
104497,4,106,18.7,5,0.0
104498,1,107,37.17,2,0.0
104498,2,95,18.91,5,0.0
104498,3,2,27.73,4,0.05
104498,4,82,7.02,3,0.0
104499,1,102,19.18,5,0.0
104499,2,66,9.66,19,0.0
104499,3,105,5.46,5,0.0
104500,1,105,5.74,4,0.03
104500,2,23,25.46,3,0.0
104501,1,117,9.83,6,0.0
104501,2,75,16.55,8,0.2
104501,3,116,31.6,4,0.05
104501,4,112,78.87,2,0.0
104501,5,100,53.1,7,0.15
104502,1,116,39.21,2,0.0
104502,2,34,25.56,8,0.03
104503,1,83,35.76,5,0.0
104503,2,76,25.02,5,0.05
104503,3,4,7.58,4,0.0
104503,4,109,3.64,3,0.0
104503,5,44,17.34,2,0.0
104504,1,120,4.8,3,0.15
104505,1,79,18.68,9,0.0
104505,2,34,26.03,5,0.05
104506,1,4,7.27,4,0.05
104506,2,97,17.04,5,0.0
104506,3,83,32.21,1,0.0
104507,1,53,26.33,9,0.0
104507,2,79,18.48,2,0.0
104507,3,67,28.85,1,0.0
104508,1,117,9.37,3,0.1
104508,2,4,6.81,7,0.0
104508,3,45,12.58,10,0.0
104508,4,104,26.64,9,0.0
104508,5,85,30.48,4,0.0
104508,6,1,30.85,1,0.0
104509,1,45,11.11,2,0.0
104510,1,68,26.02,2,0.0
104510,2,116,33.33,4,0.0
104510,3,45,11.38,7,0.0
104511,1,99,24.85,3,0.1
104512,1,71,8.02,6,0.05
104512,2,8,5.51,1,0.0
104513,1,51,45.64,4,0.15
104514,1,67,29.14,3,0.0
104514,2,112,81.15,1,0.0
104514,3,89,16.25,9,0.0
104514,4,116,38.07,2,0.1
104515,1,106,23.45,5,0.15
104515,2,90,51.27,4,0.03
104515,3,17,15.69,5,0.1
104516,1,40,21.63,2,0.0
104516,2,72,9.6,6,0.0
104517,1,72,7.69,4,0.05
104517,2,64,26.33,2,0.05
104517,3,110,21.64,1,0.0
104517,4,8,5.37,1,0.0
104518,1,14,23.59,4,0.0
104518,2,59,21.47,1,0.1
104518,3,82,6.45,2,0.0
104518,4,107,44.2,2,0.0
104518,5,76,23.95,4,0.05
104519,1,65,12.4,2,0.0
104519,2,104,24.92,3,0.0
104519,3,87,25.23,8,0.0
104519,4,101,22.02,2,0.0
104520,1,105,5.62,5,0.0
104520,2,79,20.27,1,0.0
104521,1,45,11.27,3,0.1
104521,2,4,6.91,2,0.0
104521,3,33,11.52,1,0.1
104521,4,9,23.75,3,0.05
104521,5,99,24.85,3,0.0
104521,6,80,23.55,3,0.15
104522,1,65,10.07,2,0.0
104522,2,51,43.01,1,0.0
104522,3,60,11.13,3,0.0
104522,4,37,17.76,1,0.0
104522,5,17,13.68,2,0.15
104523,1,116,36.31,2,0.0
104523,2,81,24.87,1,0.05
104524,1,79,21.54,6,0.0
104525,1,6,11.87,2,0.0
104525,2,85,30.09,4,0.0
104525,3,97,15.57,2,0.0
104525,4,91,17.64,4,0.0
104526,1,8,5.24,2,0.0
104527,1,72,8.32,3,0.0
104527,2,52,53.25,12,0.05
104528,1,110,26.92,8,0.0
104528,2,67,30.44,3,0.0
104529,1,28,6.4,1,0.05
104529,2,56,24.28,4,0.0
104529,3,71,5.98,1,0.0
104529,4,91,15.93,6,0.0
104529,5,97,15.24,2,0.0
104530,1,36,30.76,5,0.0
104530,2,45,12.8,6,0.1
104530,3,28,6.35,10,0.0
104531,1,81,25.59,9,0.05
104531,2,25,13.32,2,0.0
104531,3,116,37.33,1,0.1
104532,1,47,23.36,3,0.0
104533,1,74,31.9,8,0.0
104533,2,111,91.73,6,0.05
104534,1,14,24.53,4,0.1
104534,2,114,27.74,2,0.0
104534,3,83,37.29,3,0.0
104534,4,116,36.32,5,0.05
104534,5,72,8.12,8,0.05
104535,1,79,17.94,2,0.0
104535,2,102,21.54,13,0.2
104536,1,107,36.18,4,0.0
104536,2,94,33.29,4,0.0
104536,3,109,4.03,5,0.1
104536,4,81,22.13,3,0.05
104536,5,60,12.49,6,0.1
104537,1,45,10.8,7,0.1
104537,2,67,31.49,3,0.0
104537,3,14,28.87,1,0.0
104537,4,94,29.39,4,0.1
104538,1,53,24.43,3,0.0
104538,2,81,23.4,4,0.1
104538,3,104,26.01,3,0.0
104538,4,5,27.5,1,0.1
104539,1,69,4.21,2,0.1
104539,2,63,37.2,3,0.03
104539,3,79,21.49,1,0.05
104540,1,52,50.55,9,0.0
104540,2,53,23.51,1,0.0
104540,3,80,21.99,9,0.05
104540,4,33,10.34,1,0.0
104540,5,67,29.17,3,0.0
104541,1,87,27.0,3,0.15
104541,2,79,18.83,5,0.0
104542,1,34,24.51,5,0.0
104542,2,62,38.21,1,0.0
104542,3,104,25.6,7,0.0
104542,4,53,24.11,7,0.05
104542,5,47,20.14,2,0.15
104543,1,26,14.27,3,0.0
104543,2,97,15.36,2,0.0
104543,3,103,30.11,7,0.0
104543,4,102,22.15,13,0.0
104543,5,61,20.45,1,0.05
104543,6,53,22.0,4,0.0
104543,7,110,24.88,6,0.0
104544,1,72,8.9,6,0.1
104544,2,76,24.89,2,0.15
104544,3,45,12.29,4,0.0
104545,1,110,25.22,17,0.0
104545,2,88,33.25,1,0.0
104546,1,51,43.71,9,0.0
104546,2,113,9.19,4,0.0
104546,3,116,42.89,3,0.1
104547,1,98,13.2,6,0.0
104547,2,21,32.85,3,0.1
104547,3,53,23.52,1,0.1
104547,4,65,12.74,9,0.0
104548,1,51,46.4,1,0.0
104548,2,41,45.54,8,0.0
104548,3,16,4.77,3,0.0
104548,4,23,21.29,3,0.0
104549,1,71,6.92,6,0.05
104549,2,14,22.07,2,0.0
104549,3,117,9.78,3,0.0
104550,1,76,21.85,5,0.0
104550,2,60,10.35,5,0.05
104550,3,24,51.84,5,0.0
104550,4,67,31.94,6,0.03
104551,1,21,24.32,11,0.0
104551,2,107,34.56,3,0.2
104551,3,52,45.61,1,0.1
104551,4,22,15.97,5,0.03
104551,5,27,9.3,9,0.0
104552,1,110,25.48,4,0.0
104552,2,53,24.87,3,0.0
104552,3,32,14.73,2,0.1
104552,4,91,20.07,5,0.15
104552,5,4,6.35,4,0.0
104553,1,79,16.84,1,0.0
104553,2,39,109.6,2,0.0
104553,3,66,6.68,5,0.0
104554,1,72,8.62,1,0.0
104554,2,60,13.11,3,0.0
104554,3,21,27.81,4,0.1
104554,4,34,24.4,2,0.0
104555,1,71,6.9,6,0.15
104555,2,16,4.78,3,0.0
104555,3,12,81.88,2,0.0
104556,1,90,47.25,8,0.0
104556,2,51,41.02,10,0.1
104556,3,114,27.87,3,0.0
104556,4,83,29.19,6,0.0
104556,5,110,26.65,2,0.0
104557,1,40,24.56,6,0.05
104557,2,112,83.23,3,0.0
104557,3,24,48.45,4,0.0
104558,1,87,31.68,2,0.0
104558,2,60,11.55,9,0.0
104559,1,114,30.81,2,0.0
104559,2,93,25.0,2,0.05
104559,3,104,26.79,4,0.05
104559,4,92,28.5,3,0.0
104559,5,102,25.41,3,0.0
104559,6,45,12.48,5,0.03
104560,1,26,15.94,5,0.05
104560,2,93,25.58,5,0.0
104560,3,24,47.99,1,0.0
104560,4,40,27.23,4,0.0
104560,5,105,5.83,4,0.15
104560,6,97,15.43,5,0.1
104560,7,45,11.82,2,0.0
104560,8,21,28.6,6,0.15
104561,1,45,11.82,13,0.05
104561,2,53,24.82,5,0.0
104561,3,96,76.78,4,0.03
104561,4,112,80.07,3,0.0
104561,5,76,22.45,3,0.2
104562,1,8,5.19,2,0.0
104562,2,52,42.66,3,0.1
104562,3,81,25.32,3,0.05
104562,4,15,11.55,4,0.0
104563,1,44,15.56,3,0.05
104563,2,24,48.18,4,0.1
104563,3,60,12.22,2,0.0
104563,4,97,14.69,4,0.0
104563,5,67,29.7,9,0.15
104564,1,94,30.14,4,0.0
104564,2,82,7.44,4,0.0
104564,3,67,27.66,5,0.0
104564,4,8,5.06,5,0.1
104564,5,89,16.66,2,0.0
104565,1,114,23.25,1,0.15
104565,2,24,55.05,2,0.05
104565,3,101,23.23,4,0.0
104565,4,79,18.02,6,0.1
104565,5,2,26.39,3,0.03
104565,6,51,46.18,2,0.0
104566,1,53,23.49,5,0.0
104566,2,84,13.14,1,0.03
104567,1,76,23.33,7,0.1
104567,2,34,23.21,2,0.0
104567,3,14,22.66,2,0.0
104567,4,110,24.26,4,0.0
104568,1,6,9.94,7,0.0
104568,2,71,8.25,8,0.0
104568,3,74,27.87,5,0.0
104569,1,25,13.62,6,0.0
104569,2,35,29.23,4,0.0
104570,1,79,19.64,2,0.0
104570,2,63,36.98,7,0.1
104570,3,37,17.8,4,0.0
104570,4,60,10.48,1,0.05
104571,1,85,25.64,9,0.0
104571,2,35,32.82,2,0.0
104571,3,24,47.9,1,0.0
104571,4,104,26.54,2,0.03
104571,5,17,17.19,5,0.0
104572,1,76,22.47,2,0.1
104572,2,15,12.0,6,0.1
104572,3,14,24.57,1,0.03
104573,1,83,32.2,3,0.05
104573,2,84,15.68,3,0.05
104573,3,40,21.91,8,0.0
104573,4,90,51.52,2,0.2
104573,5,81,24.14,4,0.1
104573,6,106,22.38,3,0.1
104573,7,53,23.73,1,0.0
104574,1,92,27.19,4,0.0
104574,2,79,17.77,2,0.0
104574,3,120,4.51,5,0.03
104574,4,40,27.76,3,0.0
104574,5,67,32.99,2,0.05
104574,6,103,34.07,6,0.0
104575,1,67,31.08,7,0.0
104575,2,72,7.67,5,0.0
104575,3,64,22.61,5,0.0
104576,1,112,79.77,7,0.0
104576,2,21,30.46,4,0.03
104576,3,100,61.42,5,0.0
104576,4,53,25.04,8,0.0
104577,1,45,13.54,3,0.0
104577,2,10,49.03,6,0.0
104577,3,65,12.23,2,0.0
104578,1,50,12.25,3,0.05
104578,2,83,33.06,11,0.0
104578,3,71,7.99,1,0.15
104578,4,45,10.26,4,0.0
104579,1,65,13.13,5,0.03
104579,2,110,25.64,6,0.0
104579,3,113,10.28,7,0.05
104579,4,40,23.22,10,0.0
104579,5,116,35.71,3,0.05
104580,1,60,12.75,4,0.15
104580,2,103,34.85,15,0.05
104580,3,49,27.4,3,0.2
104580,4,81,25.58,4,0.0
104581,1,83,32.24,3,0.0
104581,2,14,22.37,1,0.03
104582,1,72,8.62,4,0.0
104582,2,83,33.25,4,0.1
104582,3,33,10.57,3,0.0
104582,4,70,12.0,3,0.0
104582,5,40,22.44,3,0.0
104583,1,97,16.24,8,0.0
104583,2,99,29.2,5,0.0
104583,3,32,19.15,10,0.0
104583,4,46,17.54,4,0.1
104583,5,107,37.39,1,0.0
104583,6,69,3.26,3,0.05
104583,7,27,9.84,1,0.1
104584,1,3,55.63,5,0.05
104584,2,106,18.26,10,0.0
104585,1,23,23.94,3,0.0
104585,2,99,25.29,3,0.1
104585,3,40,25.58,3,0.05
104586,1,45,13.54,3,0.1
104586,2,39,125.53,3,0.03
104586,3,97,13.74,4,0.0
104587,1,38,27.17,2,0.0
104587,2,71,7.68,5,0.0
104587,3,81,25.35,3,0.15
104588,1,22,14.83,1,0.0
104588,2,23,22.84,2,0.0
104589,1,108,37.95,2,0.03
104589,2,57,41.23,6,0.1
104589,3,105,5.4,6,0.0
104589,4,85,28.53,5,0.0
104589,5,58,8.27,5,0.05
104590,1,53,26.29,2,0.0
104590,2,90,48.75,1,0.03
104590,3,58,8.45,4,0.0
104590,4,83,32.87,9,0.2
104590,5,51,40.11,1,0.0
104590,6,72,9.25,8,0.0
104590,7,110,27.03,5,0.05
104591,1,58,7.71,1,0.1
104591,2,97,17.37,7,0.0
104591,3,70,12.79,4,0.0
104591,4,60,10.27,5,0.15
104591,5,116,32.45,1,0.0
104592,1,70,10.95,5,0.03
104592,2,60,10.93,3,0.05
104592,3,32,18.14,3,0.0
104592,4,53,22.6,3,0.1
104592,5,79,18.26,3,0.0
104592,6,58,7.45,6,0.05
104593,1,60,11.93,1,0.1
104594,1,78,9.67,4,0.05
104594,2,70,13.29,3,0.0
104595,1,25,11.23,4,0.03
104595,2,112,77.8,4,0.0
104595,3,50,12.03,3,0.03
104596,1,88,27.88,5,0.0
104596,2,81,20.97,2,0.0
104597,1,90,46.16,3,0.0
104597,2,53,23.87,5,0.0
104597,3,50,12.12,6,0.1
104598,1,4,7.74,1,0.05
104598,2,32,17.82,6,0.0
104598,3,27,8.87,5,0.0
104598,4,26,16.64,4,0.0
104598,5,117,9.65,6,0.0
104598,6,67,29.98,3,0.1
104599,1,80,21.95,9,0.0
104599,2,45,12.95,2,0.0
104599,3,81,24.33,6,0.05
104600,1,79,21.43,7,0.0
104600,2,45,11.52,5,0.1
104600,3,72,8.56,4,0.0
104601,1,51,48.84,6,0.05
104601,2,32,19.78,3,0.05
104601,3,71,6.59,2,0.03
104601,4,82,6.92,4,0.0
104602,1,75,18.09,5,0.1
104602,2,1,27.38,1,0.0
104602,3,114,25.99,2,0.15
104603,1,45,11.98,5,0.0
104603,2,28,6.25,3,0.03
104603,3,113,9.01,2,0.0
104603,4,40,24.68,7,0.0
104604,1,72,9.33,5,0.1
104604,2,79,19.68,1,0.0
104604,3,57,46.26,6,0.0
104604,4,26,15.67,5,0.05
104604,5,105,6.61,2,0.05
104605,1,83,34.44,2,0.0
104605,2,51,47.26,3,0.05
104605,3,89,18.36,5,0.1
104605,4,71,8.09,4,0.0
104606,1,82,6.93,6,0.0
104606,2,25,10.22,3,0.1
104607,1,110,28.17,6,0.0
104607,2,91,19.16,5,0.05
104608,1,72,7.67,2,0.0
104608,2,71,7.66,3,0.0
104608,3,93,23.52,4,0.0
104608,4,44,15.63,1,0.0
104609,1,45,12.38,10,0.05
104609,2,40,24.82,10,0.0
104609,3,34,24.89,9,0.1
104609,4,89,16.06,6,0.0
104609,5,64,28.38,12,0.0
104610,1,98,11.43,3,0.0
104610,2,103,28.22,2,0.1
104611,1,4,7.86,8,0.0
104612,1,24,43.42,5,0.05
104612,2,57,49.37,3,0.0
104612,3,81,24.06,5,0.0
104612,4,65,10.72,1,0.05
104613,1,45,10.63,3,0.0
104613,2,26,15.87,6,0.0
104613,3,49,30.15,3,0.0
104613,4,116,31.92,4,0.05
104614,1,81,18.89,3,0.05
104614,2,98,12.28,4,0.1
104614,3,106,19.78,4,0.1
104614,4,27,8.1,3,0.05
104614,5,97,16.65,4,0.0
104615,1,76,25.66,1,0.05
104615,2,59,22.73,4,0.0
104615,3,90,51.73,6,0.0
104616,1,79,19.61,6,0.03
104617,1,52,39.04,3,0.05
104617,2,55,17.96,5,0.0
104617,3,112,78.16,4,0.0
104617,4,110,28.49,5,0.05
104618,1,70,13.79,1,0.0
104618,2,64,25.5,5,0.03
104618,3,65,12.16,2,0.0
104618,4,85,32.12,3,0.0
104618,5,67,26.51,5,0.2
104618,6,53,27.33,2,0.0
104618,7,110,24.03,5,0.0
104618,8,72,9.13,2,0.1
104619,1,8,4.69,2,0.05
104619,2,91,19.46,3,0.0
104619,3,22,14.16,1,0.03
104619,4,83,32.0,2,0.0
104620,1,105,5.44,6,0.0
104620,2,66,7.56,11,0.0
104620,3,4,6.59,8,0.0
104620,4,37,21.32,7,0.0
104620,5,13,33.58,2,0.1
104621,1,76,26.77,6,0.05
104621,2,94,27.93,7,0.0
104621,3,14,24.73,1,0.0
104621,4,91,16.53,4,0.0
104622,1,90,53.18,6,0.0
104622,2,51,43.98,3,0.1
104622,3,110,27.52,5,0.0
104622,4,34,23.5,5,0.15
104622,5,79,18.02,5,0.2
104623,1,45,11.39,6,0.0
104623,2,67,29.31,4,0.1
104623,3,9,30.53,10,0.0
104624,1,38,27.48,3,0.0
104624,2,24,55.23,7,0.15
104624,3,81,24.61,6,0.03
104624,4,110,20.48,4,0.15
104625,1,116,37.62,1,0.1
104625,2,101,26.53,5,0.05
104626,1,106,21.26,2,0.0
104626,2,75,18.24,5,0.0
104626,3,72,8.97,1,0.0
104627,1,11,37.52,3,0.0
104627,2,60,11.91,2,0.0
104627,3,43,36.68,5,0.0
104627,4,58,8.92,3,0.0
104627,5,59,20.7,5,0.0
104627,6,116,35.75,16,0.0
104628,1,53,25.73,4,0.03
104628,2,15,11.53,4,0.0
104628,3,97,15.39,1,0.0
104629,1,109,3.9,10,0.1
104629,2,1,27.61,2,0.0
104629,3,67,29.82,7,0.0
104629,4,40,24.29,2,0.03
104629,5,93,27.45,3,0.0
104629,6,110,24.87,2,0.03
104629,7,72,7.62,5,0.0
104630,1,120,5.15,4,0.03
104630,2,87,24.98,2,0.03
104630,3,64,22.74,2,0.05
104630,4,72,8.95,2,0.03
104630,5,99,26.11,2,0.0
104630,6,53,20.97,9,0.03
104631,1,45,12.21,6,0.0
104631,2,51,38.62,6,0.0
104631,3,81,23.79,4,0.0
104631,4,102,23.61,5,0.0
104631,5,101,24.9,5,0.0
104631,6,76,24.35,2,0.0
104632,1,97,15.93,5,0.15
104632,2,71,8.5,4,0.05
104633,1,79,17.9,6,0.0
104633,2,80,21.39,1,0.03
104634,1,82,5.95,3,0.0
104634,2,20,35.54,5,0.0
104634,3,17,16.65,6,0.05
104634,4,112,74.85,3,0.0
104635,1,60,9.97,3,0.05
104635,2,110,22.41,9,0.1
104636,1,28,6.76,2,0.1
104636,2,72,9.26,9,0.05
104636,3,113,10.17,4,0.2
104636,4,96,76.27,1,0.0
104636,5,80,26.25,5,0.0
104637,1,81,23.75,4,0.0
104637,2,60,10.38,10,0.15
104637,3,106,21.0,3,0.05
104638,1,29,50.99,3,0.0
104638,2,45,11.93,3,0.0
104638,3,81,29.78,16,0.0
104639,1,85,27.55,3,0.0
104639,2,72,9.5,2,0.03
104639,3,116,40.8,8,0.03
104639,4,71,6.99,5,0.03
104640,1,83,37.34,9,0.15
104640,2,99,27.97,1,0.1
104641,1,25,10.5,4,0.15
104641,2,6,8.93,2,0.1
104641,3,47,20.46,5,0.05
104641,4,67,34.85,10,0.05
104641,5,76,27.04,4,0.05
104642,1,56,27.16,1,0.0
104642,2,26,13.25,2,0.0
104642,3,70,10.76,4,0.0
104643,1,81,22.22,2,0.15
104644,1,86,27.69,3,0.0
104644,2,81,24.93,2,0.1
104644,3,9,27.44,3,0.0
104644,4,66,8.16,1,0.1
104644,5,85,28.58,7,0.05
104645,1,38,31.44,3,0.1
104645,2,72,9.11,10,0.0
104645,3,67,27.01,4,0.05
104646,1,56,30.35,3,0.0
104646,2,69,3.97,5,0.05
104647,1,101,22.71,5,0.05
104647,2,16,5.51,7,0.03
104647,3,45,11.06,5,0.03
104647,4,97,13.66,13,0.0
104647,5,42,23.08,3,0.1
104647,6,105,5.47,2,0.0
104647,7,104,26.95,2,0.03
104647,8,6,11.29,6,0.1
104648,1,81,25.83,5,0.0
104648,2,8,5.22,3,0.0
104649,1,66,6.33,6,0.0
104649,2,26,15.3,2,0.05
104649,3,75,18.56,7,0.2
104649,4,77,32.01,5,0.03
104650,1,59,18.95,1,0.0
104650,2,24,53.05,3,0.05
104650,3,31,5.19,6,0.0
104651,1,72,9.02,5,0.0
104651,2,6,8.71,6,0.05
104652,1,81,27.54,2,0.0
104653,1,44,13.73,1,0.0
104653,2,89,17.02,4,0.0
104654,1,99,25.56,1,0.0
104654,2,94,31.45,2,0.0
104655,1,75,18.72,16,0.0
104655,2,45,12.11,4,0.05
104655,3,13,33.79,10,0.0
104655,4,80,23.67,2,0.0
104656,1,44,15.03,7,0.15
104656,2,15,12.09,6,0.0
104657,1,76,23.63,5,0.0
104657,2,81,28.64,7,0.1
104657,3,101,23.02,6,0.0
104658,1,72,8.99,11,0.0
104658,2,82,6.26,9,0.0
104658,3,80,24.18,8,0.15
104658,4,24,50.24,3,0.15
104658,5,79,19.31,3,0.1
104659,1,91,17.86,6,0.05
104659,2,50,10.37,5,0.0
104659,3,23,22.31,1,0.15
104659,4,83,36.29,4,0.0
104659,5,45,12.35,3,0.1
104660,1,26,17.06,2,0.0
104660,2,91,19.04,3,0.0
104660,3,112,79.94,8,0.0
104661,1,9,20.93,3,0.0
104661,2,45,11.56,5,0.0
104662,1,40,25.69,4,0.0
104662,2,91,17.03,4,0.0
104662,3,58,8.01,16,0.0
104662,4,104,28.54,5,0.0
104663,1,24,57.21,3,0.0
104663,2,112,71.53,4,0.0
104663,3,12,87.88,3,0.05
104663,4,116,38.48,1,0.0
104663,5,53,24.06,6,0.0
104664,1,64,26.53,4,0.0
104664,2,26,15.64,5,0.0
104664,3,80,22.46,4,0.05
104665,1,34,20.52,3,0.0
104665,2,72,8.24,5,0.0
104665,3,48,39.61,3,0.05
104665,4,58,8.34,1,0.03
104666,1,72,7.63,6,0.15
104666,2,112,85.98,3,0.0
104666,3,49,27.95,3,0.0
104666,4,4,7.17,2,0.0
104667,1,43,34.54,8,0.0
104667,2,90,57.66,11,0.0
104668,1,90,55.36,4,0.0
104668,2,2,28.7,1,0.0
104668,3,15,10.89,6,0.0
104668,4,79,18.8,3,0.0
104669,1,99,23.29,3,0.1
104669,2,118,20.19,3,0.0
104669,3,33,11.38,2,0.05
104670,1,83,28.63,3,0.0
104670,2,72,9.28,2,0.0
104671,1,99,21.32,5,0.0
104671,2,21,30.8,4,0.05
104672,1,40,21.75,4,0.0
104672,2,71,6.57,8,0.05
104672,3,101,24.41,16,0.0
104672,4,58,7.75,4,0.05
104672,5,24,49.75,6,0.03
104673,1,118,22.44,3,0.1
104673,2,23,20.46,5,0.03
104674,1,58,8.1,5,0.15
104674,2,23,23.55,3,0.0
104674,3,12,84.44,3,0.1
104675,1,70,10.77,1,0.05
104675,2,47,20.83,3,0.0
104675,3,8,4.53,2,0.15
104676,1,14,25.77,8,0.0
104676,2,9,25.16,4,0.05
104676,3,27,10.31,11,0.1
104676,4,45,10.93,2,0.0
104676,5,81,22.67,2,0.0
104676,6,2,24.31,6,0.05
104677,1,5,26.21,4,0.1
104677,2,112,75.04,4,0.0
104677,3,82,7.04,3,0.1
104678,1,61,20.87,1,0.0
104678,2,45,11.13,8,0.0
104679,1,32,17.56,1,0.1
104679,2,11,33.43,3,0.0
104679,3,60,11.01,2,0.03
104679,4,45,11.32,7,0.0
104680,1,53,24.45,5,0.0
104680,2,81,22.23,1,0.0
104680,3,99,25.87,5,0.0
104680,4,83,31.97,10,0.0
104681,1,52,46.45,2,0.0
104681,2,101,22.11,4,0.0
104682,1,45,10.96,2,0.1
104682,2,51,46.42,6,0.05
104682,3,58,7.86,2,0.1
104683,1,53,25.28,6,0.0
104683,2,76,23.02,3,0.0
104684,1,15,11.81,4,0.05
104684,2,24,50.38,2,0.2
104684,3,27,9.74,2,0.0
104685,1,68,26.44,8,0.03
104685,2,21,26.96,7,0.0
104685,3,54,22.45,2,0.15
104686,1,81,27.42,1,0.05
104687,1,8,5.18,5,0.05
104687,2,81,22.82,3,0.0
104687,3,55,19.11,1,0.0
104687,4,100,57.91,2,0.03
104687,5,45,11.18,8,0.05
104687,6,113,8.78,7,0.0
104687,7,82,5.4,2,0.0
104687,8,15,10.47,8,0.1
104688,1,97,14.08,7,0.05
104688,2,32,18.91,2,0.0
104688,3,94,29.33,1,0.0
104689,1,15,9.73,4,0.0
104689,2,71,6.81,1,0.15
104689,3,83,33.33,3,0.05
104690,1,79,18.18,6,0.1
104690,2,78,10.34,3,0.0
104690,3,95,18.8,1,0.0
104690,4,44,12.75,9,0.0
104690,5,45,10.68,10,0.1
104691,1,46,16.74,2,0.1
104691,2,5,26.39,6,0.0
104691,3,8,4.66,1,0.1
104692,1,72,8.71,1,0.1
104692,2,53,24.53,3,0.0
104693,1,62,34.58,5,0.0
104693,2,110,28.29,5,0.0
104693,3,71,7.16,3,0.0
104693,4,44,14.65,3,0.1
104694,1,24,49.92,1,0.0
104694,2,59,22.49,1,0.0
104694,3,6,12.43,4,0.1
104695,1,72,8.7,13,0.15
104696,1,60,12.42,6,0.0
104696,2,116,39.03,1,0.0
104696,3,40,26.12,6,0.03
104696,4,8,5.72,3,0.0
104697,1,24,51.19,2,0.0
104697,2,58,7.78,5,0.0
104698,1,79,16.99,8,0.0
104698,2,88,35.97,4,0.0
104698,3,85,25.1,3,0.0
104699,1,52,43.8,2,0.03
104699,2,82,7.51,10,0.15
104699,3,16,5.81,9,0.1
104699,4,90,53.07,4,0.0
104699,5,43,35.14,4,0.1
104700,1,23,24.53,4,0.0
104700,2,107,43.14,8,0.0
104701,1,59,21.32,4,0.03
104701,2,45,12.19,6,0.15
104701,3,71,7.23,5,0.0
104701,4,2,25.13,5,0.0
104702,1,83,31.34,5,0.0
104702,2,110,23.14,1,0.03
104702,3,72,8.39,3,0.1
104702,4,24,52.92,5,0.05
104702,5,6,9.7,3,0.1
104702,6,60,12.64,6,0.0
104703,1,51,42.95,11,0.1
104703,2,97,16.4,3,0.1
104703,3,83,33.31,7,0.1
104703,4,81,26.96,6,0.1
104704,1,53,24.5,2,0.1
104704,2,60,11.8,3,0.0
104704,3,116,36.67,4,0.0
104704,4,81,24.69,3,0.0
104705,1,97,14.08,3,0.05
104705,2,45,12.5,3,0.0
104706,1,53,24.59,5,0.0
104706,2,111,89.83,5,0.0
104706,3,34,22.34,9,0.0
104706,4,87,25.38,2,0.0
104706,5,69,4.5,7,0.0
104706,6,45,11.62,9,0.0
104707,1,52,49.24,4,0.0
104707,2,101,24.44,3,0.0
104707,3,16,4.67,5,0.0
104708,1,75,19.24,2,0.1
104708,2,60,9.92,12,0.0
104708,3,14,24.24,3,0.0
104709,1,11,34.65,4,0.05
104709,2,113,8.64,1,0.1
104709,3,4,6.59,2,0.05
104710,1,62,33.16,5,0.05
104710,2,47,20.24,4,0.0
104710,3,20,32.6,1,0.05
104710,4,67,30.59,12,0.0
104711,1,33,10.09,11,0.1
104712,1,87,23.23,1,0.0
104712,2,10,51.46,7,0.0
104712,3,27,9.44,2,0.1
104713,1,70,11.49,4,0.0
104713,2,53,22.02,9,0.1
104713,3,19,24.44,2,0.0
104713,4,21,28.55,6,0.03
104713,5,44,16.01,4,0.0
104713,6,116,37.97,3,0.03
104714,1,40,25.5,4,0.1
104714,2,34,23.24,8,0.15
104715,1,45,12.78,7,0.0
104715,2,98,14.67,1,0.15
104715,3,34,29.48,7,0.03
104715,4,79,19.68,1,0.0
104716,1,72,9.07,1,0.0
104716,2,112,76.29,9,0.0
104717,1,83,32.52,1,0.0
104717,2,44,14.46,4,0.1
104717,3,87,29.75,10,0.0
104717,4,66,7.01,3,0.0
104718,1,94,30.96,7,0.03
104718,2,76,25.55,8,0.0
104718,3,12,93.25,2,0.0
104718,4,5,25.46,3,0.03
104718,5,116,37.1,13,0.05
104718,6,40,25.51,1,0.0
104719,1,40,22.42,3,0.0
104719,2,97,15.49,3,0.0
104719,3,38,28.14,2,0.0
104719,4,67,29.6,5,0.15
104719,5,116,42.3,10,0.0
104719,6,46,18.59,4,0.0
104720,1,116,36.32,5,0.03
104721,1,83,34.09,1,0.0
104721,2,116,41.9,1,0.1
104721,3,40,24.66,2,0.0
104721,4,82,6.56,3,0.0
104721,5,101,22.99,4,0.05
104721,6,106,22.42,2,0.2
104721,7,59,20.73,11,0.05
104722,1,44,16.73,1,0.0
104722,2,32,18.93,2,0.15
104722,3,51,46.12,1,0.15
104722,4,92,30.75,5,0.1
104722,5,52,45.62,6,0.1
104722,6,27,9.62,11,0.0
104722,7,78,10.74,6,0.15
104723,1,73,19.57,4,0.05
104723,2,93,21.91,2,0.0
104724,1,106,21.64,7,0.0
104724,2,60,12.29,3,0.0
104724,3,71,6.98,6,0.0
104724,4,40,24.75,2,0.05
104724,5,97,16.95,1,0.05
104725,1,113,10.22,6,0.05
104725,2,99,26.92,6,0.0
104725,3,65,13.41,5,0.03
104725,4,67,28.01,3,0.2
104726,1,38,22.01,3,0.05
104726,2,64,25.45,2,0.03
104726,3,52,49.88,7,0.05
104727,1,82,6.14,7,0.05
104728,1,58,7.54,3,0.1
104728,2,89,16.91,2,0.0
104728,3,117,9.08,4,0.0
104729,1,101,20.68,5,0.0
104729,2,14,25.47,5,0.0
104729,3,113,9.09,4,0.0
104729,4,67,30.88,2,0.0
104730,1,101,23.41,10,0.03
104730,2,76,24.72,4,0.03
104730,3,10,51.89,4,0.0
104730,4,81,25.58,1,0.0
104731,1,116,39.75,3,0.1
104731,2,27,9.67,3,0.05
104731,3,81,27.01,2,0.0
104731,4,25,12.34,2,0.03
104731,5,31,4.84,3,0.0
104731,6,5,24.33,3,0.0
104732,1,6,11.55,10,0.1
104732,2,88,31.7,4,0.1
104732,3,112,79.77,2,0.05
104732,4,72,8.8,2,0.03
104732,5,83,31.57,3,0.03
104733,1,12,89.96,1,0.0
104733,2,81,22.97,2,0.1
104733,3,34,24.84,5,0.0
104733,4,110,26.83,7,0.0
104733,5,52,47.49,4,0.0
104734,1,15,11.55,3,0.0
104735,1,72,8.69,4,0.0
104735,2,108,38.45,3,0.0
104735,3,34,21.94,5,0.0
104735,4,68,27.36,8,0.05
104735,5,64,25.3,5,0.0
104736,1,82,5.84,2,0.1
104736,2,53,23.66,12,0.05
104736,3,51,47.03,4,0.05
104736,4,109,3.93,4,0.1
104736,5,110,25.04,8,0.05
104736,6,70,12.71,3,0.05
104737,1,80,24.2,7,0.2
104737,2,12,80.12,5,0.1
104738,1,63,41.18,1,0.1
104738,2,45,13.02,6,0.0
104739,1,24,45.82,3,0.0
104739,2,15,11.55,8,0.1
104740,1,117,8.76,9,0.15
104740,2,51,45.64,5,0.03
104740,3,110,27.89,1,0.0
104740,4,27,9.44,11,0.03
104740,5,31,5.25,1,0.05
104741,1,79,17.51,1,0.0
104741,2,2,28.06,3,0.0
104741,3,116,33.48,5,0.0
104741,4,87,24.76,5,0.15
104742,1,92,26.94,5,0.0
104742,2,81,24.99,3,0.0
104742,3,8,4.72,2,0.0
104742,4,45,11.86,2,0.2
104743,1,79,20.26,3,0.15
104743,2,46,18.78,3,0.1
104744,1,101,24.4,6,0.0
104744,2,28,6.16,11,0.1
104744,3,51,47.79,10,0.05
104745,1,83,33.27,11,0.0
104745,2,1,27.67,4,0.05
104745,3,75,20.38,8,0.0
104745,4,58,6.57,4,0.2
104746,1,15,10.07,5,0.0
104746,2,79,19.73,3,0.0
104747,1,71,8.69,6,0.0
104747,2,91,17.28,5,0.0
104747,3,84,14.71,2,0.1
104748,1,5,23.43,2,0.03
104748,2,52,46.77,6,0.0
104748,3,99,27.56,4,0.03
104748,4,107,41.99,1,0.1
104748,5,67,29.19,6,0.05
104748,6,68,29.63,2,0.0
104748,7,82,6.34,11,0.03
104749,1,110,31.86,2,0.0
104750,1,109,4.17,3,0.2
104750,2,91,18.34,1,0.0
104750,3,101,19.42,4,0.05
104750,4,53,27.83,1,0.05
104750,5,71,7.57,1,0.0
104751,1,26,13.84,4,0.0
104751,2,45,11.99,1,0.0
104751,3,116,37.18,1,0.0
104751,4,51,38.36,3,0.03
104751,5,87,25.84,1,0.05
104751,6,67,32.78,2,0.0
104752,1,98,12.24,5,0.1
104752,2,54,22.25,1,0.0
104753,1,72,10.08,2,0.0
104753,2,75,18.17,6,0.15
104753,3,54,22.95,9,0.05
104753,4,26,15.26,3,0.05
104754,1,52,47.54,2,0.0
104754,2,5,24.98,2,0.0
104754,3,45,11.53,2,0.0
104755,1,1,30.44,8,0.2
104756,1,65,11.89,3,0.03
104756,2,15,11.28,3,0.0
104756,3,17,15.54,11,0.1
104756,4,16,5.13,6,0.0
104756,5,27,9.74,6,0.0
104757,1,58,7.5,3,0.0
104757,2,92,27.49,4,0.03
104757,3,34,24.07,5,0.1
104757,4,36,31.39,5,0.05
104757,5,89,19.35,2,0.05
104758,1,67,32.3,5,0.0
104759,1,24,47.06,3,0.1
104759,2,108,39.16,5,0.0
104759,3,51,49.07,5,0.0
104760,1,40,25.97,3,0.0
104760,2,110,24.68,7,0.0
104760,3,15,11.88,6,0.0
104760,4,116,34.67,3,0.1
104761,1,38,27.27,5,0.0
104761,2,94,29.59,2,0.0
104762,1,32,18.77,2,0.03
104762,2,24,48.86,2,0.0
104762,3,82,6.57,3,0.0
104763,1,98,11.47,3,0.05
104763,2,49,25.68,8,0.0
104764,1,80,26.15,1,0.03
104764,2,74,31.44,5,0.0
104764,3,79,21.47,5,0.0
104764,4,98,12.75,5,0.0
104765,1,65,11.15,4,0.0
104765,2,23,21.55,1,0.0
104765,3,14,26.23,4,0.0
104765,4,40,26.09,4,0.1
104765,5,111,91.44,6,0.0
104765,6,45,12.93,2,0.0
104765,7,3,62.26,3,0.0
104765,8,83,25.95,3,0.03
104766,1,104,28.08,2,0.0
104767,1,103,27.91,6,0.0
104767,2,45,12.24,5,0.0
104767,3,41,51.45,2,0.0
104768,1,24,52.29,3,0.0
104768,2,63,42.41,4,0.0
104768,3,44,15.98,5,0.0
104768,4,1,31.54,7,0.0
104769,1,44,17.27,1,0.0
104769,2,63,36.52,7,0.0
104770,1,43,39.06,2,0.0
104770,2,49,23.98,1,0.05
104770,3,111,89.06,3,0.0
104770,4,112,71.53,4,0.0
104771,1,19,26.15,3,0.05
104771,2,106,20.55,2,0.0
104772,1,113,9.61,6,0.05
104772,2,71,7.3,1,0.0
104772,3,57,47.56,3,0.0
104772,4,2,29.79,8,0.1
104772,5,79,19.49,1,0.0
104772,6,92,28.28,4,0.1
104773,1,104,25.3,5,0.03
104773,2,106,22.44,2,0.0
104773,3,120,4.73,2,0.0
104773,4,53,24.96,2,0.0
104773,5,27,8.74,1,0.05
104774,1,12,82.73,2,0.0
104774,2,9,26.09,1,0.0
104774,3,40,24.56,6,0.0
104775,1,81,25.31,2,0.0
104775,2,109,3.55,6,0.05
104776,1,82,6.7,2,0.1
104776,2,16,5.76,9,0.2
104776,3,67,35.46,2,0.0
104776,4,31,4.94,1,0.0
104777,1,23,23.34,2,0.0
104777,2,110,25.67,4,0.0
104777,3,9,21.35,3,0.2
104777,4,60,11.56,3,0.0
104777,5,67,31.52,6,0.0
104777,6,25,12.18,2,0.05
104778,1,11,34.13,3,0.0
104778,2,32,16.0,4,0.1
104778,3,53,22.83,7,0.05
104779,1,116,38.91,2,0.03
104779,2,112,79.41,3,0.0
104779,3,51,46.39,3,0.0
104779,4,110,25.39,4,0.0
104779,5,84,15.74,3,0.0
104779,6,45,11.02,3,0.0
104779,7,98,12.2,6,0.03
104779,8,101,26.59,2,0.0
104780,1,44,16.17,1,0.0
104780,2,40,23.43,5,0.0
104780,3,38,26.74,3,0.05
104780,4,118,20.97,5,0.05
104780,5,76,26.41,2,0.0
104781,1,101,28.42,6,0.0
104781,2,116,36.03,2,0.15
104781,3,45,12.9,3,0.0
104781,4,16,4.64,1,0.0
104781,5,15,10.14,8,0.03
104781,6,85,29.18,1,0.05
104781,7,90,54.67,1,0.1
104782,1,100,67.09,2,0.0
104782,2,108,37.57,4,0.0
104783,1,81,22.69,7,0.0
104783,2,94,32.15,6,0.0
104783,3,2,29.72,2,0.05
104783,4,58,7.84,10,0.0
104784,1,96,84.07,4,0.0
104784,2,17,14.85,2,0.0
104785,1,78,8.82,4,0.0
104786,1,24,57.02,7,0.1
104786,2,26,16.79,4,0.1
104786,3,110,25.29,4,0.0
104787,1,48,37.92,3,0.15
104787,2,94,30.09,5,0.15
104787,3,105,5.6,5,0.0
104787,4,89,18.96,8,0.0
104787,5,102,23.84,8,0.0
104787,6,7,13.72,2,0.0
104788,1,118,21.77,2,0.1
104788,2,107,39.18,7,0.0
104788,3,52,45.22,7,0.0
104788,4,2,31.38,4,0.0
104789,1,82,6.63,2,0.0
104789,2,116,42.18,3,0.0
104789,3,50,11.62,3,0.0
104789,4,72,7.91,2,0.0
104790,1,104,27.52,1,0.0
104790,2,34,27.0,3,0.0
104790,3,60,13.66,4,0.2
104790,4,5,24.64,1,0.03
104791,1,14,25.35,6,0.03
104791,2,71,7.13,6,0.0
104791,3,9,22.7,9,0.0
104791,4,83,27.66,3,0.0
104792,1,116,34.07,6,0.05
104792,2,60,13.13,7,0.1
104792,3,14,25.18,9,0.15
104792,4,40,25.79,3,0.1
104793,1,32,18.84,3,0.05
104793,2,112,87.98,6,0.1
104793,3,51,47.74,6,0.15
104794,1,97,15.34,8,0.0
104794,2,98,10.91,4,0.0
104794,3,71,7.63,2,0.0
104794,4,105,5.51,5,0.0
104794,5,75,18.91,2,0.05
104794,6,40,23.79,7,0.0
104794,7,14,24.26,3,0.0
104795,1,34,24.5,2,0.0
104795,2,51,46.13,1,0.05
104795,3,8,5.58,3,0.0
104795,4,45,10.53,5,0.0
104795,5,110,25.13,3,0.05
104796,1,98,10.15,4,0.0
104796,2,72,9.39,5,0.05
104796,3,45,11.8,5,0.0
104797,1,15,10.54,4,0.0
104797,2,26,14.34,4,0.0
104797,3,110,23.17,2,0.0
104797,4,89,17.94,2,0.05
104798,1,118,21.92,3,0.0
104798,2,81,27.15,3,0.0
104799,1,101,25.05,5,0.0
104799,2,16,5.89,2,0.0
104800,1,113,10.36,4,0.05
104801,1,82,7.2,5,0.0
104801,2,72,8.71,5,0.15
104802,1,59,20.97,3,0.0
104802,2,82,6.11,6,0.0
104802,3,103,31.41,15,0.0
104802,4,37,19.82,3,0.05
104803,1,66,8.23,12,0.05
104803,2,6,11.38,3,0.0
104803,3,45,13.43,1,0.05
104803,4,9,24.95,2,0.0
104804,1,81,24.52,2,0.0
104804,2,72,8.57,7,0.0
104804,3,83,34.9,9,0.03
104804,4,95,19.69,3,0.05
104804,5,6,11.44,2,0.0
104805,1,87,25.94,7,0.0
104805,2,27,9.7,6,0.1
104805,3,90,57.76,9,0.05
104805,4,97,15.64,8,0.0
104806,1,116,37.96,1,0.0
104806,2,65,12.89,1,0.1
104806,3,32,19.43,7,0.1
104806,4,56,29.29,7,0.0
104807,1,81,25.66,6,0.0
104807,2,71,7.17,3,0.03
104807,3,52,53.13,7,0.0
104808,1,64,25.25,7,0.0
104808,2,40,21.41,6,0.0
104808,3,52,45.11,2,0.03
104808,4,82,6.62,6,0.2
104808,5,49,28.88,5,0.0
104808,6,36,32.85,4,0.0
104808,7,24,50.54,4,0.0
104809,1,94,35.18,10,0.15
104809,2,34,24.28,2,0.0
104809,3,107,44.0,9,0.0
104810,1,51,51.09,6,0.0
104810,2,45,11.93,8,0.1
104810,3,8,5.03,7,0.0
104810,4,79,18.81,1,0.0
104811,1,90,49.37,2,0.05
104812,1,71,7.0,5,0.05
104812,2,93,25.22,4,0.03
104812,3,45,12.67,8,0.0
104812,4,4,7.09,7,0.0
104813,1,79,21.34,10,0.0
104813,2,97,14.18,1,0.0
104813,3,11,33.96,3,0.03
104814,1,51,43.54,7,0.0
104814,2,98,11.87,3,0.0
104814,3,9,25.07,2,0.0
104815,1,95,20.84,6,0.0
104815,2,32,20.2,5,0.0
104816,1,59,21.57,4,0.0
104816,2,94,31.27,5,0.05
104816,3,25,12.29,3,0.0
104817,1,94,35.32,6,0.0
104818,1,51,43.82,2,0.1
104818,2,102,23.89,2,0.0
104818,3,72,8.64,3,0.0
104818,4,36,29.78,6,0.0
104819,1,27,10.66,3,0.0
104819,2,99,28.27,2,0.0
104819,3,60,11.0,2,0.0
104820,1,45,13.63,4,0.03
104820,2,85,29.05,2,0.0
104820,3,116,40.18,7,0.0
104820,4,46,18.03,2,0.0
104820,5,23,20.49,4,0.0
104820,6,107,39.42,3,0.15
104821,1,114,27.41,9,0.0
104821,2,15,10.04,3,0.0
104822,1,58,7.01,5,0.0
104822,2,59,18.81,4,0.05
104822,3,52,49.64,10,0.1
104823,1,110,26.61,4,0.1
104823,2,53,25.1,5,0.0
104823,3,39,89.97,4,0.0
104823,4,60,10.93,4,0.05
104824,1,16,4.63,3,0.0
104824,2,97,15.39,7,0.0
104824,3,116,35.87,8,0.0
104824,4,117,9.97,2,0.0
104824,5,40,25.32,7,0.0
104824,6,68,27.09,6,0.0
104824,7,32,19.31,13,0.05
104825,1,10,59.84,2,0.05
104825,2,81,24.83,4,0.05
104825,3,98,12.27,3,0.0
104825,4,47,22.24,1,0.0
104825,5,106,21.29,4,0.1
104825,6,62,34.46,3,0.0
104826,1,116,38.43,9,0.03
104826,2,60,10.76,3,0.0
104826,3,19,24.75,2,0.05
104827,1,24,56.2,2,0.2
104827,2,57,43.32,3,0.0
104827,3,89,16.04,4,0.0
104828,1,58,7.4,4,0.0
104828,2,56,26.43,4,0.15
104828,3,15,10.47,1,0.0
104828,4,24,46.63,5,0.0
104828,5,53,23.09,2,0.0
104828,6,18,16.82,5,0.0
104829,1,116,41.54,5,0.2
104829,2,111,90.45,6,0.2
104830,1,34,27.45,5,0.0
104830,2,113,9.95,6,0.0
104830,3,107,42.37,4,0.0
104830,4,32,17.96,5,0.05
104831,1,22,16.27,8,0.0
104831,2,105,4.9,6,0.0
104831,3,79,18.5,5,0.0
104832,1,53,25.61,7,0.0
104832,2,24,55.14,4,0.05
104833,1,101,23.92,5,0.0
104833,2,47,20.81,4,0.03
104833,3,40,25.44,1,0.1
104833,4,78,10.64,7,0.0
104834,1,47,21.16,5,0.15
104834,2,83,35.29,1,0.0
104834,3,67,30.71,10,0.0
104835,1,64,22.53,4,0.03
104835,2,45,11.07,3,0.15
104835,3,24,46.46,2,0.03
104835,4,40,29.87,4,0.05
104835,5,50,11.7,2,0.03
104835,6,99,25.39,4,0.0
104835,7,103,30.23,1,0.05
104835,8,18,16.53,15,0.0
104836,1,94,33.49,7,0.15
104837,1,70,11.51,2,0.0
104837,2,110,27.02,2,0.1
104837,3,67,30.44,2,0.0
104837,4,107,43.56,10,0.0
104837,5,80,21.29,4,0.0
104838,1,82,5.8,1,0.05
104838,2,14,22.71,6,0.0
104839,1,71,7.46,5,0.0
104839,2,113,10.68,3,0.0
104839,3,22,15.96,9,0.05
104840,1,81,21.21,1,0.0
104840,2,104,26.06,7,0.0
104840,3,40,25.38,9,0.0
104841,1,21,30.67,3,0.0
104841,2,116,43.69,2,0.0
104841,3,43,40.05,4,0.0
104841,4,45,13.13,3,0.0
104841,5,67,33.32,3,0.0
104842,1,37,19.66,3,0.05
104842,2,98,13.84,5,0.05
104842,3,101,23.03,5,0.0
104842,4,97,15.06,2,0.0
104843,1,120,5.01,7,0.0
104843,2,21,31.95,6,0.05
104843,3,112,83.19,9,0.0
104844,1,101,26.66,6,0.1
104844,2,107,51.29,3,0.1
104844,3,44,16.25,2,0.1
104844,4,110,25.84,8,0.0
104845,1,56,28.69,1,0.05
104845,2,72,9.88,8,0.0
104846,1,71,6.49,3,0.0
104846,2,45,12.82,3,0.15
104846,3,41,48.06,7,0.03
104847,1,40,26.4,4,0.0
104847,2,72,9.43,8,0.0
104847,3,104,25.96,4,0.0
104847,4,33,10.92,5,0.0
104847,5,45,12.1,5,0.0
104847,6,71,7.26,2,0.0
104848,1,117,9.9,3,0.0
104848,2,28,7.5,2,0.03
104848,3,97,13.85,4,0.0
104848,4,12,83.88,3,0.0
104849,1,2,26.13,2,0.03
104849,2,71,6.96,8,0.0
104849,3,6,9.81,5,0.0
104849,4,81,27.0,3,0.1
104849,5,79,22.16,3,0.0
104850,1,21,27.62,12,0.0
104850,2,98,12.33,11,0.1
104851,1,80,22.41,3,0.05
104851,2,75,15.04,3,0.0
104851,3,97,17.54,3,0.05
104851,4,45,11.53,14,0.05
104852,1,91,18.45,8,0.0
104852,2,34,23.78,3,0.0
104853,1,76,25.35,8,0.0
104853,2,51,48.31,4,0.0
104853,3,85,30.81,3,0.1
104853,4,78,9.12,4,0.0
104854,1,1,25.45,5,0.0
104854,2,72,7.67,3,0.0
104855,1,67,32.05,7,0.03
104855,2,81,24.72,4,0.0
104855,3,88,31.6,8,0.05
104855,4,94,31.08,2,0.05
104856,1,65,12.24,3,0.1
104856,2,99,24.4,1,0.0
104856,3,71,6.41,11,0.05
104856,4,81,27.07,4,0.1
104857,1,83,34.0,4,0.0
104857,2,71,7.39,3,0.0
104857,3,67,30.25,1,0.0
104857,4,16,4.85,13,0.0
104857,5,80,21.01,2,0.0
104858,1,21,28.95,3,0.03
104858,2,88,39.65,7,0.0
104858,3,60,11.8,8,0.0
104858,4,92,27.68,2,0.0
104858,5,39,112.66,4,0.15
104859,1,69,4.04,7,0.2
104859,2,60,10.17,3,0.03
104860,1,60,11.58,3,0.0
104860,2,45,12.0,6,0.0
104860,3,78,8.16,3,0.0
104860,4,27,9.15,3,0.0
104860,5,101,25.17,1,0.03
104860,6,33,13.52,3,0.05
104861,1,67,37.37,3,0.1
104861,2,15,12.14,8,0.15
104862,1,10,52.55,1,0.1
104862,2,116,36.25,1,0.05
104862,3,67,32.41,2,0.15
104862,4,60,12.61,2,0.15
104863,1,51,45.91,2,0.1
104863,2,102,27.06,6,0.0
104863,3,47,22.51,4,0.05
104863,4,45,11.19,2,0.1
104863,5,53,26.55,7,0.05
104864,1,110,27.08,2,0.1
104864,2,27,9.74,9,0.0
104864,3,94,29.08,4,0.0
104864,4,45,11.46,1,0.05
104864,5,71,6.93,5,0.0
104864,6,104,25.0,4,0.0
104864,7,59,24.27,5,0.0
104864,8,101,27.92,2,0.05
104865,1,24,48.74,4,0.05
104865,2,45,11.4,5,0.0
104865,3,67,28.45,4,0.0
104866,1,51,42.07,5,0.0
104866,2,44,14.6,4,0.1
104866,3,15,8.99,8,0.0
104867,1,25,13.18,6,0.05
104867,2,93,21.39,2,0.15
104867,3,4,7.48,4,0.0
104867,4,83,34.09,3,0.0
104868,1,45,11.47,5,0.0
104869,1,116,38.99,5,0.0
104869,2,95,20.44,7,0.0
104869,3,8,4.92,2,0.0
104870,1,71,7.59,6,0.0
104870,2,7,15.47,7,0.0
104870,3,56,23.97,1,0.0
104870,4,73,17.7,2,0.0
104870,5,67,32.48,4,0.1
104871,1,38,23.57,4,0.03
104871,2,45,10.25,7,0.0
104871,3,53,25.87,6,0.1
104871,4,64,29.52,2,0.1
104871,5,3,44.72,4,0.0
104872,1,56,28.99,6,0.0
104872,2,112,67.84,4,0.0
104872,3,51,51.94,8,0.0
104872,4,117,9.43,4,0.0
104873,1,47,23.75,8,0.0
104873,2,53,22.47,1,0.15
104873,3,76,24.97,4,0.15
104873,4,15,10.19,4,0.0
104873,5,23,24.0,5,0.03
104873,6,110,27.64,6,0.0
104874,1,15,10.58,12,0.0
104874,2,94,28.89,4,0.0
104874,3,60,12.83,6,0.1
104874,4,71,8.05,4,0.0
104875,1,15,11.2,4,0.0
104876,1,14,23.8,1,0.05
104876,2,44,15.09,3,0.0
104876,3,99,24.68,1,0.0
104877,1,64,21.78,3,0.0
104877,2,88,33.36,2,0.0
104878,1,45,11.24,5,0.0
104878,2,105,5.57,4,0.0
104878,3,70,11.02,2,0.0
104878,4,53,25.14,2,0.0
104879,1,108,35.57,2,0.0
104879,2,46,15.5,10,0.1
104879,3,87,25.13,1,0.05
104880,1,10,50.38,4,0.15
104880,2,45,11.23,3,0.05
104880,3,76,24.0,6,0.15
104880,4,99,25.38,5,0.0
104881,1,94,28.82,3,0.0
104882,1,110,27.08,6,0.0
104882,2,40,25.86,2,0.0
104882,3,67,27.23,2,0.0
104883,1,58,7.83,3,0.05
104884,1,97,15.59,1,0.0
104884,2,34,26.83,4,0.0
104884,3,6,10.1,4,0.0
104885,1,110,28.06,1,0.05
104885,2,105,5.62,4,0.1
104886,1,97,12.5,2,0.0
104886,2,58,8.48,17,0.1
104886,3,71,6.23,3,0.0
104887,1,47,24.01,4,0.03
104888,1,55,17.84,8,0.0
104888,2,78,10.18,5,0.0
104889,1,110,26.91,3,0.0
104889,2,99,22.89,2,0.0
104890,1,87,25.02,4,0.0
104890,2,72,7.76,1,0.2
104890,3,45,11.94,3,0.03
104890,4,49,23.77,2,0.0
104891,1,37,18.59,7,0.0
104891,2,116,41.44,3,0.0
104891,3,113,9.5,5,0.0
104892,1,79,20.85,3,0.1
104892,2,12,87.77,1,0.0
104892,3,45,11.67,2,0.1
104892,4,52,53.62,3,0.0
104893,1,106,22.44,2,0.1
104893,2,37,17.52,9,0.0
104893,3,45,12.42,3,0.0
104894,1,45,12.05,4,0.15
104894,2,51,42.87,9,0.03
104894,3,16,4.97,2,0.0
104895,1,76,22.85,6,0.03
104895,2,85,25.12,1,0.05
104896,1,45,11.98,4,0.05
104896,2,72,9.3,1,0.0
104896,3,65,11.8,10,0.0
104896,4,81,21.86,4,0.0
104897,1,116,37.36,6,0.1
104897,2,60,12.02,7,0.03
104897,3,81,24.18,2,0.15
104897,4,45,13.03,6,0.0
104897,5,79,19.75,6,0.03
104897,6,35,29.9,5,0.05
104897,7,15,10.93,8,0.0
104897,8,110,24.92,2,0.0
104898,1,89,19.74,3,0.15
104898,2,15,10.12,4,0.0
104898,3,79,18.67,5,0.0
104899,1,110,26.79,5,0.0
104899,2,72,7.19,5,0.03
104899,3,45,12.29,5,0.0
104899,4,24,54.59,7,0.0
104899,5,116,36.33,2,0.05
104899,6,97,16.11,2,0.0
104900,1,80,20.85,6,0.03
104900,2,87,26.67,11,0.0
104900,3,8,4.56,8,0.0
104901,1,3,63.96,7,0.0
104901,2,86,29.92,4,0.0
104901,3,84,14.82,2,0.0
104901,4,103,23.34,5,0.05
104902,1,113,9.99,3,0.05
104902,2,67,30.32,4,0.0
104903,1,56,29.18,5,0.0
104903,2,13,36.25,6,0.0
104903,3,24,48.3,6,0.0
104904,1,78,8.96,6,0.0
104904,2,34,29.57,12,0.2
104904,3,120,4.67,6,0.0
104905,1,81,25.24,7,0.0
104906,1,67,32.43,2,0.0
104906,2,15,11.0,2,0.03
104906,3,65,12.18,6,0.0
104907,1,34,21.5,2,0.0
104907,2,88,36.3,1,0.0
104907,3,110,25.66,5,0.03
104907,4,67,36.29,3,0.0
104907,5,92,29.08,4,0.0
104907,6,83,32.26,3,0.0
104908,1,39,121.25,3,0.0
104908,2,92,27.62,1,0.0
104909,1,50,11.47,3,0.0
104909,2,72,7.31,2,0.0
104910,1,45,12.64,2,0.0
104910,2,106,20.48,2,0.0
104910,3,49,28.36,1,0.15
104910,4,21,30.54,6,0.0
104910,5,116,38.24,5,0.0
104911,1,82,5.93,6,0.05
104911,2,99,21.28,5,0.0
104911,3,105,5.78,5,0.0
104911,4,94,32.99,1,0.1
104911,5,116,39.25,5,0.0
104912,1,106,18.98,3,0.0
104912,2,26,15.78,7,0.1
104913,1,117,10.13,3,0.05
104913,2,100,63.82,3,0.0
104913,3,37,19.02,9,0.03
104913,4,60,12.44,3,0.05
104914,1,45,11.67,4,0.0
104914,2,22,15.08,2,0.0
104915,1,98,11.28,4,0.05
104915,2,83,33.88,1,0.0
104916,1,27,11.21,3,0.1
104916,2,92,26.6,10,0.03
104917,1,110,29.78,13,0.0
104917,2,72,7.92,6,0.0
104917,3,83,27.98,3,0.05
104917,4,16,4.68,6,0.0
104917,5,79,20.1,14,0.0
104918,1,30,4.55,3,0.05
104918,2,52,51.77,3,0.1
104919,1,116,39.26,10,0.0
104919,2,72,8.83,3,0.15
104919,3,67,33.46,10,0.2
104920,1,58,8.86,3,0.15
104921,1,81,23.44,7,0.0
104921,2,70,10.47,15,0.2
104921,3,51,46.87,3,0.15
104922,1,81,25.71,8,0.1
104922,2,80,23.43,1,0.05
104922,3,26,13.37,4,0.0
104923,1,8,5.57,1,0.0
104924,1,106,20.71,7,0.0
104924,2,72,8.1,5,0.0
104924,3,94,28.74,13,0.0
104925,1,45,13.07,3,0.0
104925,2,32,15.85,3,0.0
104926,1,45,11.18,8,0.0
104926,2,56,31.9,12,0.0
104927,1,116,38.45,2,0.0
104927,2,66,7.43,5,0.0
104927,3,45,12.12,4,0.0
104927,4,15,10.98,4,0.1
104927,5,51,44.76,9,0.0
104928,1,60,11.13,6,0.0
104928,2,45,12.61,4,0.0
104929,1,87,27.19,4,0.0
104929,2,14,24.94,4,0.0
104929,3,42,25.66,3,0.1
104930,1,51,45.51,5,0.0
104930,2,98,11.66,6,0.0
104931,1,51,39.36,1,0.03
104932,1,91,17.58,4,0.2
104932,2,104,26.87,2,0.03
104932,3,34,26.23,3,0.1
104932,4,116,41.79,9,0.0
104933,1,71,7.17,6,0.15
104933,2,33,11.8,6,0.05
104933,3,106,24.09,7,0.0
104933,4,72,8.84,4,0.0
104933,5,24,52.82,3,0.1
104934,1,101,23.03,3,0.2
104934,2,91,16.13,1,0.05
104934,3,117,10.53,5,0.0
104935,1,16,5.09,2,0.15
104935,2,71,7.17,2,0.0
104935,3,79,20.86,6,0.03
104935,4,53,23.83,3,0.0
104935,5,104,29.67,1,0.0
104936,1,83,31.06,6,0.03
104936,2,9,23.7,7,0.0
104936,3,23,26.01,4,0.1
104936,4,4,5.93,3,0.05
104936,5,5,27.7,2,0.0
104936,6,14,26.58,3,0.15
104936,7,8,4.88,3,0.0
104937,1,41,49.39,2,0.05
104937,2,45,11.05,4,0.1
104938,1,79,18.63,3,0.0
104938,2,33,11.48,1,0.1
104939,1,24,53.46,3,0.0
104939,2,81,24.98,3,0.0
104940,1,65,12.83,3,0.05
104940,2,94,30.97,5,0.1
104940,3,53,26.18,1,0.0
104941,1,105,5.62,8,0.0
104941,2,45,9.86,2,0.0
104942,1,116,39.91,3,0.05
104942,2,45,10.45,8,0.15
104942,3,32,18.52,11,0.0
104943,1,76,23.84,5,0.0
104943,2,66,7.07,1,0.0
104943,3,19,28.84,2,0.0
104943,4,95,18.76,3,0.05
104943,5,89,16.96,3,0.15
104943,6,92,24.12,4,0.03
104943,7,71,8.18,9,0.0
104943,8,82,6.68,1,0.0
104944,1,40,23.7,3,0.0
104944,2,80,23.06,2,0.0
104945,1,67,31.4,3,0.0
104945,2,24,52.21,2,0.0
104945,3,25,12.36,3,0.0
104946,1,67,32.17,3,0.15
104946,2,60,10.49,5,0.0
104946,3,84,15.63,7,0.05
104947,1,8,5.0,3,0.0
104947,2,32,21.76,4,0.0
104947,3,56,27.78,3,0.0
104948,1,71,6.82,4,0.0
104948,2,24,43.46,3,0.05
104948,3,97,14.39,8,0.2
104949,1,97,15.5,3,0.2
104950,1,81,24.87,2,0.0
104950,2,53,26.06,3,0.05
104950,3,94,26.28,4,0.0
104950,4,91,21.43,6,0.0
104951,1,8,4.5,3,0.0
104951,2,97,12.61,7,0.1
104952,1,15,12.42,12,0.0
104952,2,90,56.54,5,0.15
104952,3,61,19.46,8,0.0
104952,4,92,26.04,4,0.0
104953,1,15,10.53,1,0.03
104953,2,43,38.55,5,0.05
104954,1,81,23.54,3,0.05
104954,2,44,16.32,5,0.0
104954,3,45,13.09,7,0.0
104955,1,81,26.48,2,0.05
104955,2,100,60.02,6,0.15
104955,3,71,8.87,12,0.0
104955,4,51,41.31,3,0.0
104956,1,81,25.73,9,0.1
104957,1,79,17.96,1,0.03
104958,1,90,54.42,1,0.0
104958,2,71,6.71,11,0.1
104959,1,64,29.0,7,0.05
104959,2,32,19.49,3,0.1
104959,3,116,40.46,4,0.1
104960,1,71,6.82,10,0.1
104960,2,2,27.2,3,0.0
104960,3,116,36.17,2,0.0
104961,1,110,26.12,5,0.0
104961,2,91,18.99,1,0.05
104961,3,50,9.9,4,0.0
104961,4,2,31.23,3,0.0
104961,5,58,7.33,4,0.1
104962,1,75,18.15,8,0.0
104962,2,110,25.2,4,0.05
104962,3,20,33.74,2,0.0
104963,1,24,50.18,5,0.0
104963,2,112,85.86,8,0.1
104963,3,14,21.43,1,0.1
104963,4,79,19.34,7,0.0
104963,5,32,17.33,4,0.1
104964,1,97,12.83,3,0.1
104964,2,89,17.58,4,0.0
104964,3,96,79.04,5,0.0
104965,1,52,44.25,2,0.0
104965,2,112,83.46,7,0.1
104965,3,26,13.31,4,0.0
104965,4,93,25.42,1,0.0
104966,1,87,26.12,3,0.05
104966,2,81,27.44,6,0.0
104967,1,44,13.07,1,0.05
104967,2,110,25.03,2,0.0
104967,3,53,24.56,8,0.0
104968,1,71,7.03,5,0.0
104968,2,40,23.44,5,0.0
104968,3,83,26.75,4,0.1
104969,1,62,39.16,1,0.0
104969,2,7,16.9,3,0.0
104969,3,37,17.29,2,0.05
104969,4,83,32.92,1,0.0
104970,1,72,9.4,2,0.1
104971,1,109,3.57,1,0.03
104971,2,58,7.45,4,0.05
104971,3,47,24.55,8,0.0
104971,4,24,50.61,5,0.05
104971,5,97,13.85,1,0.1
104972,1,40,24.04,4,0.0
104972,2,55,18.34,6,0.0
104973,1,87,29.04,3,0.05
104973,2,113,8.89,5,0.0
104973,3,75,18.79,8,0.0
104973,4,21,30.55,12,0.0
104974,1,24,50.93,6,0.0
104974,2,9,27.21,1,0.1
104975,1,24,54.67,1,0.0
104975,2,23,22.64,3,0.1
104975,3,43,39.23,2,0.0
104975,4,4,6.41,3,0.1
104976,1,9,26.72,17,0.05
104977,1,65,13.12,2,0.0
104977,2,51,45.98,4,0.0
104977,3,71,7.52,2,0.0
104977,4,98,12.0,4,0.0
104978,1,79,19.22,9,0.0
104978,2,12,81.43,8,0.0
104978,3,116,33.51,5,0.0
104979,1,63,38.4,2,0.0
104979,2,106,22.7,3,0.0
104980,1,72,8.04,2,0.03
104980,2,40,26.75,1,0.0
104981,1,45,12.82,4,0.0
104981,2,81,25.35,7,0.15
104981,3,8,5.01,2,0.0
104981,4,3,68.02,6,0.1
104981,5,118,20.11,8,0.0
104981,6,72,8.45,3,0.0
104981,7,14,24.33,5,0.0
104982,1,45,10.68,3,0.0
104982,2,12,89.94,6,0.0
104983,1,81,23.96,7,0.15
104983,2,111,92.47,5,0.0
104983,3,45,12.74,10,0.0
104983,4,82,6.15,6,0.03
104983,5,36,28.01,3,0.0
104984,1,118,20.87,7,0.05
104984,2,9,24.46,1,0.0
104984,3,76,22.43,4,0.0
104984,4,8,4.9,1,0.0
104984,5,45,11.87,4,0.0
104985,1,82,6.42,5,0.0
104985,2,51,41.71,5,0.0
104985,3,98,12.98,5,0.15
104985,4,45,11.91,7,0.1
104986,1,34,23.58,5,0.05
104986,2,46,16.99,7,0.0
104987,1,58,7.64,9,0.0
104987,2,81,25.54,3,0.05
104987,3,71,7.95,4,0.1
104987,4,26,17.59,10,0.0
104988,1,110,29.33,4,0.15
104988,2,60,10.68,5,0.15
104989,1,94,32.57,8,0.0
104989,2,53,25.96,5,0.1
104989,3,32,19.82,1,0.0
104990,1,97,14.08,1,0.0
104990,2,99,25.31,6,0.0
104990,3,60,12.16,5,0.15
104991,1,27,9.65,1,0.2
104991,2,51,48.47,2,0.05
104992,1,70,12.08,4,0.0
104992,2,51,47.42,3,0.05
104993,1,106,20.65,8,0.0
104993,2,45,11.75,9,0.0
104994,1,102,23.22,6,0.03
104994,2,78,8.5,4,0.0
104994,3,83,35.76,2,0.0
104995,1,40,23.5,2,0.0
104995,2,82,6.45,7,0.0
104995,3,59,20.78,3,0.1
104996,1,58,8.54,2,0.0
104996,2,49,27.75,3,0.15
104996,3,116,37.52,4,0.0
104997,1,69,4.1,3,0.05
104997,2,25,11.77,3,0.03
104998,1,51,40.24,8,0.05
104998,2,102,23.09,9,0.0
104998,3,92,27.85,8,0.1
104998,4,60,10.93,1,0.1
104999,1,66,7.4,9,0.05
104999,2,83,29.9,6,0.0
105000,1,112,80.85,2,0.03
105000,2,80,22.84,9,0.1
105000,3,110,25.51,7,0.1
105000,4,26,17.69,5,0.0
105001,1,8,4.92,2,0.1
105001,2,75,17.1,1,0.0
105001,3,76,21.13,5,0.0
105001,4,24,53.91,5,0.15
105001,5,15,12.51,2,0.0
105001,6,71,7.11,11,0.0
105002,1,102,24.04,1,0.0
105002,2,2,26.91,3,0.1
105003,1,47,23.15,1,0.0
105003,2,60,11.68,3,0.0
105004,1,45,12.31,4,0.0
105004,2,9,25.74,3,0.05
105004,3,51,49.13,12,0.0
105005,1,34,25.64,8,0.05
105005,2,35,28.86,2,0.05
105005,3,25,11.4,4,0.15
105005,4,15,10.69,7,0.2
105006,1,57,41.08,12,0.05
105006,2,95,21.66,4,0.0
105007,1,85,28.66,2,0.05
105007,2,116,35.68,1,0.1
105007,3,84,14.45,8,0.0
105007,4,60,14.41,3,0.05
105008,1,82,6.31,6,0.05
105008,2,26,13.2,2,0.0
105008,3,66,8.19,1,0.0
105009,1,105,6.0,6,0.0
105009,2,76,27.94,5,0.1
105009,3,31,4.31,2,0.0
105009,4,53,23.13,4,0.0
105010,1,51,53.06,3,0.15
105010,2,99,26.01,4,0.0
105010,3,67,34.29,4,0.0
105010,4,87,24.88,7,0.03
105010,5,83,30.32,2,0.15
105011,1,78,10.42,5,0.03
105011,2,86,32.45,3,0.1
105012,1,116,39.84,12,0.0
105012,2,94,24.46,3,0.0
105012,3,41,47.5,2,0.03
105012,4,14,24.48,4,0.15
105013,1,5,26.99,1,0.0
105013,2,109,3.32,9,0.05
105013,3,95,18.66,5,0.0
105014,1,97,14.58,4,0.0
105015,1,35,29.58,1,0.05
105016,1,82,6.91,5,0.2
105016,2,51,43.19,15,0.0
105016,3,23,24.51,3,0.05
105016,4,52,52.12,6,0.0
105017,1,97,15.85,4,0.05
105017,2,71,7.87,7,0.0
105017,3,65,12.31,4,0.0
105017,4,45,11.16,6,0.1
105018,1,88,34.2,6,0.15
105018,2,38,29.25,4,0.1
105019,1,27,9.18,2,0.05
105019,2,44,14.74,9,0.03
105019,3,76,23.83,6,0.03
105019,4,78,9.48,5,0.0
105019,5,80,22.87,8,0.0
105020,1,99,25.9,3,0.03
105021,1,45,13.49,1,0.0
105021,2,81,22.06,5,0.0
105021,3,60,12.33,5,0.05
105021,4,53,26.93,4,0.03
105021,5,78,10.61,1,0.1
105022,1,45,10.76,2,0.0
105022,2,97,14.23,5,0.1
105022,3,49,27.16,3,0.0
105022,4,58,7.83,8,0.0
105022,5,80,22.27,4,0.0
105023,1,23,22.78,1,0.0
105023,2,88,35.77,5,0.0
105024,1,45,12.09,16,0.15
105024,2,94,30.26,2,0.05
105024,3,66,6.82,4,0.1
105025,1,95,19.24,3,0.0
105025,2,25,11.68,8,0.03
105025,3,116,36.47,6,0.0
105026,1,116,39.7,6,0.0
105026,2,14,22.72,5,0.0
105027,1,53,25.35,4,0.0
105027,2,56,27.46,2,0.1
105027,3,67,30.61,9,0.05
105028,1,110,26.19,6,0.03
105028,2,81,24.43,4,0.05
105028,3,45,10.55,3,0.0
105028,4,65,11.54,5,0.0
105028,5,8,5.18,4,0.0
105028,6,49,24.35,2,0.0
105029,1,116,40.88,5,0.0
105029,2,53,25.89,1,0.0
105029,3,71,6.95,3,0.0
105030,1,105,5.42,3,0.0
105030,2,32,19.35,1,0.0
105030,3,64,23.49,10,0.0
105031,1,101,23.35,3,0.1
105031,2,70,13.12,6,0.05
105031,3,40,25.11,5,0.0
105032,1,12,79.63,7,0.0
105032,2,30,4.74,8,0.0
105032,3,117,9.1,2,0.0
105032,4,77,31.63,4,0.0
105033,1,34,24.31,9,0.0
105034,1,14,23.48,3,0.05
105034,2,113,10.15,3,0.1
105035,1,53,22.3,3,0.0
105035,2,91,18.62,2,0.0
105035,3,81,26.23,6,0.0
105035,4,89,19.26,3,0.0
105035,5,101,23.84,5,0.1
105035,6,116,39.09,2,0.0
105036,1,44,15.53,7,0.0
105036,2,31,5.3,2,0.03
105036,3,79,20.88,3,0.0
105036,4,92,28.06,5,0.05
105037,1,112,89.77,5,0.03
105037,2,32,19.99,2,0.0
105037,3,56,31.03,3,0.05
105037,4,21,24.97,2,0.1
105037,5,23,21.24,5,0.2
105038,1,66,7.88,5,0.03
105038,2,97,15.2,4,0.0
105038,3,107,39.9,6,0.1
105039,1,85,30.16,7,0.0
105040,1,79,16.17,5,0.0
105040,2,71,7.74,8,0.0
105040,3,53,25.68,4,0.15
105041,1,53,22.12,3,0.03
105041,2,72,7.83,7,0.0
105041,3,110,26.02,8,0.0
105042,1,14,29.33,10,0.1
105042,2,92,27.1,5,0.03
105042,3,72,9.09,11,0.03
105042,4,112,80.26,3,0.05
105043,1,4,8.19,4,0.0
105043,2,67,31.6,5,0.0
105043,3,69,3.59,7,0.1
105043,4,72,8.35,3,0.0
105044,1,20,28.52,5,0.0
105044,2,38,28.38,4,0.0
105044,3,117,8.72,3,0.05
105044,4,64,23.7,7,0.0
105045,1,56,25.29,6,0.0
105045,2,8,5.07,8,0.0
105045,3,51,47.7,2,0.03
105046,1,43,41.52,5,0.0
105046,2,10,46.72,7,0.05
105047,1,72,9.88,2,0.0
105047,2,51,47.31,4,0.0
105047,3,32,20.43,1,0.1
105047,4,112,72.19,8,0.1
105047,5,117,9.77,2,0.0
105047,6,94,30.56,8,0.0
105048,1,83,29.37,8,0.0
105049,1,71,7.05,1,0.0
105049,2,104,23.3,7,0.0
105049,3,24,55.1,2,0.0
105049,4,4,7.77,5,0.0
105050,1,93,25.06,2,0.0
105050,2,72,8.33,3,0.1
105050,3,85,26.93,4,0.05
105051,1,27,9.07,8,0.0
105051,2,106,21.98,3,0.1
105051,3,99,27.72,2,0.2
105051,4,5,24.23,4,0.0
105051,5,83,32.35,3,0.0
105051,6,33,12.91,4,0.0
105052,1,23,20.33,3,0.0
105052,2,52,47.62,6,0.0
105052,3,46,15.87,1,0.05
105052,4,57,43.54,4,0.0
105053,1,64,23.18,6,0.2
105053,2,117,9.36,1,0.05
105053,3,45,11.06,8,0.0
105053,4,51,49.1,3,0.05
105054,1,80,23.71,6,0.05
105054,2,27,9.45,10,0.0
105054,3,112,81.31,1,0.1
105054,4,66,7.93,4,0.0
105055,1,104,28.52,6,0.05
105055,2,60,12.05,11,0.0
105056,1,71,8.02,5,0.0
105056,2,60,10.97,3,0.0
105056,3,91,18.59,12,0.0
105057,1,49,28.29,4,0.15
105057,2,109,4.09,1,0.03
105058,1,59,23.81,3,0.0
105058,2,1,30.01,2,0.1
105058,3,40,23.11,8,0.0
105058,4,51,40.64,2,0.0
105058,5,116,37.67,11,0.0
105058,6,101,25.37,3,0.0
105058,7,100,61.46,2,0.1
105059,1,58,8.45,6,0.0
105059,2,32,22.15,3,0.05
105060,1,89,18.3,3,0.0
105060,2,99,25.83,2,0.0
105061,1,116,37.52,1,0.0
105061,2,94,34.38,5,0.0
105061,3,65,12.65,1,0.1
105062,1,116,37.45,5,0.05
105062,2,100,58.92,7,0.0
105062,3,105,4.98,6,0.05
105062,4,2,25.83,22,0.0
105063,1,26,15.12,1,0.0
105063,2,109,3.64,8,0.0
105063,3,89,15.57,8,0.0
105064,1,26,15.75,5,0.0
105065,1,110,24.44,9,0.1
105065,2,86,28.74,3,0.1
105066,1,97,14.89,11,0.0
105066,2,16,4.54,6,0.0
105066,3,45,12.21,5,0.0
105066,4,116,41.09,5,0.0
105067,1,82,7.43,7,0.1
105067,2,97,15.06,5,0.03
105067,3,98,11.75,3,0.0
105068,1,110,27.25,5,0.0
105068,2,83,36.31,2,0.0
105068,3,24,54.32,3,0.0
105068,4,82,6.49,4,0.03
105068,5,79,17.3,3,0.0
105068,6,60,12.54,2,0.0
105068,7,95,20.44,2,0.15
105068,8,41,48.01,6,0.1
105069,1,24,51.7,10,0.0
105069,2,117,10.83,11,0.05
105069,3,110,23.19,6,0.15
105069,4,16,4.87,1,0.0
105069,5,71,8.38,4,0.1
105069,6,82,6.94,1,0.05
105070,1,109,3.88,3,0.0
105070,2,5,26.3,5,0.0
105070,3,74,27.31,3,0.03
105071,1,53,26.04,4,0.05
105071,2,60,10.84,5,0.0
105071,3,91,16.52,1,0.0
105071,4,116,32.38,6,0.0
105071,5,19,25.2,2,0.0
105071,6,82,6.6,14,0.0
105071,7,16,4.47,4,0.0
105071,8,26,16.24,1,0.0
105072,1,87,32.34,4,0.05
105072,2,116,38.23,1,0.1
105072,3,40,22.04,5,0.05
105073,1,90,54.1,4,0.0
105073,2,76,28.61,4,0.0
105073,3,44,13.33,3,0.03
105074,1,83,36.49,2,0.0
105074,2,103,28.59,7,0.0
105074,3,120,4.82,4,0.0
105075,1,45,11.84,6,0.0
105075,2,84,13.64,2,0.0
105075,3,62,32.07,3,0.0
105075,4,65,12.91,12,0.1
105076,1,60,11.72,2,0.0
105076,2,98,12.37,1,0.05
105076,3,67,35.08,4,0.03
105077,1,116,38.43,3,0.0
105077,2,24,43.28,5,0.1
105077,3,72,8.8,6,0.1
105077,4,69,4.45,5,0.0
105077,5,110,25.22,10,0.05
105077,6,87,29.24,8,0.0
105078,1,81,21.26,3,0.03
105079,1,114,25.37,5,0.1
105079,2,71,7.45,6,0.1
105079,3,79,20.49,2,0.0
105079,4,112,65.95,3,0.0
105079,5,20,29.68,9,0.05
105080,1,44,16.11,3,0.0
105080,2,45,11.93,5,0.0
105080,3,17,17.24,4,0.03
105080,4,24,52.61,2,0.0
105080,5,71,6.8,12,0.05
105080,6,40,28.23,3,0.0
105081,1,111,84.42,3,0.15
105081,2,98,10.68,5,0.0
105082,1,45,13.75,9,0.0
105082,2,9,24.39,3,0.0
105082,3,31,5.26,5,0.0
105083,1,103,25.91,5,0.05
105084,1,60,12.38,6,0.0
105084,2,117,10.02,6,0.0
105084,3,106,20.19,6,0.05
105085,1,26,13.94,9,0.03
105085,2,116,35.65,7,0.03
105085,3,79,21.45,3,0.0
105086,1,84,14.51,1,0.1
105086,2,82,7.04,8,0.05
105086,3,9,28.05,1,0.0
105086,4,78,10.29,9,0.03
105087,1,69,4.17,2,0.0
105087,2,68,28.31,3,0.15
105088,1,1,26.25,7,0.0
105088,2,80,22.34,4,0.0
105088,3,26,16.01,2,0.0
105088,4,15,10.24,2,0.05
105088,5,28,6.76,3,0.0
105089,1,112,82.5,2,0.0
105089,2,83,31.92,4,0.0
105089,3,6,11.42,3,0.0
105090,1,108,35.05,2,0.0
105090,2,102,23.52,8,0.0
105090,3,38,24.85,1,0.05
105090,4,45,11.95,5,0.0
105091,1,71,8.04,2,0.0
105091,2,64,25.01,5,0.15
105091,3,79,20.75,5,0.0
105091,4,104,29.27,3,0.1
105092,1,117,8.12,3,0.0
105092,2,113,11.19,2,0.05
105093,1,61,20.07,2,0.0
105093,2,81,27.06,4,0.15
105093,3,69,4.1,1,0.0
105094,1,66,6.94,3,0.0
105094,2,80,23.12,4,0.05
105094,3,52,48.62,9,0.0
105095,1,44,15.73,4,0.0
105095,2,83,35.6,3,0.05
105095,3,6,11.48,7,0.0
105095,4,90,52.03,4,0.0
105095,5,99,29.17,4,0.0
105096,1,50,12.68,2,0.0
105096,2,63,38.82,4,0.03
105096,3,87,26.96,3,0.0
105097,1,83,31.14,3,0.0
105097,2,67,35.3,1,0.0
105098,1,90,53.12,3,0.1
105098,2,72,8.65,4,0.05
105098,3,64,27.56,5,0.0
105098,4,44,15.31,1,0.0
105099,1,44,14.61,6,0.0
105099,2,67,35.25,1,0.1
105099,3,48,40.95,12,0.15
105099,4,34,22.98,4,0.0
105100,1,98,13.21,6,0.0
105100,2,23,22.76,6,0.0
105100,3,81,26.29,6,0.03
105101,1,78,8.85,10,0.05
105101,2,32,19.34,4,0.0
105101,3,81,22.73,5,0.03
105101,4,106,24.93,3,0.0
105101,5,79,19.5,4,0.03
105101,6,65,13.19,1,0.0
105102,1,10,53.92,4,0.0
105102,2,60,12.5,3,0.0
105102,3,72,8.22,3,0.0
105103,1,70,11.37,8,0.0
105103,2,41,50.33,2,0.1
105104,1,96,72.59,1,0.05
105104,2,101,25.82,4,0.0
105104,3,75,15.73,5,0.03
105104,4,107,36.84,1,0.03
105104,5,83,36.01,2,0.1
105105,1,67,27.68,3,0.0
105105,2,82,6.42,5,0.0
105105,3,45,12.75,5,0.0
105106,1,81,21.49,6,0.0
105106,2,85,29.27,3,0.2
105106,3,101,22.26,5,0.0
105107,1,107,38.55,4,0.0
105108,1,91,17.27,2,0.0
105108,2,45,12.23,8,0.0
105109,1,64,30.19,8,0.0
105109,2,58,8.89,2,0.0
105110,1,118,19.04,1,0.1
105111,1,11,34.31,7,0.1
105111,2,58,6.42,8,0.05
105111,3,81,22.23,3,0.0
105112,1,21,34.54,3,0.1
105112,2,9,24.74,1,0.05
105112,3,104,26.91,2,0.2
105112,4,108,37.94,1,0.0
105112,5,31,4.98,3,0.03
105113,1,65,10.9,2,0.05
105113,2,24,54.55,3,0.0
105113,3,9,22.52,3,0.0
105114,1,45,11.84,5,0.0
105114,2,87,28.71,8,0.0
105114,3,58,8.36,10,0.0
105115,1,117,10.16,4,0.0
105115,2,13,39.42,1,0.03
105115,3,85,32.3,6,0.1
105116,1,53,26.54,1,0.05
105116,2,45,13.06,3,0.05
105116,3,24,49.61,6,0.03
105117,1,55,21.67,4,0.15
105117,2,45,12.01,2,0.03
105118,1,51,42.13,4,0.0
105119,1,114,21.49,3,0.0
105119,2,15,11.92,5,0.0
105119,3,94,25.41,3,0.0
105120,1,53,26.94,4,0.1
105120,2,94,24.16,1,0.05
105120,3,85,28.63,5,0.15
105121,1,81,24.84,1,0.0
105121,2,32,20.31,2,0.05
105121,3,53,22.15,2,0.15
105122,1,64,27.29,3,0.0
105122,2,116,37.01,8,0.05
105122,3,104,24.86,3,0.05
105122,4,88,36.9,4,0.1
105122,5,7,13.75,5,0.03
105122,6,14,25.37,11,0.03
105123,1,76,22.56,6,0.0
105123,2,81,26.33,3,0.1
105123,3,69,4.06,3,0.15
105124,1,9,23.45,1,0.03
105124,2,47,22.87,3,0.03
105124,3,67,35.14,5,0.0
105124,4,27,8.94,2,0.0
105124,5,68,22.88,5,0.15
105125,1,41,40.43,10,0.0
105125,2,14,27.56,3,0.0
105125,3,92,31.66,2,0.1
105126,1,12,86.28,8,0.0
105126,2,65,10.73,12,0.0
105126,3,44,15.36,2,0.05
105127,1,32,19.38,3,0.05
105128,1,37,18.08,3,0.0
105128,2,83,35.56,6,0.0
105128,3,16,5.09,2,0.0
105128,4,58,9.13,1,0.1
105129,1,110,24.46,7,0.03
105129,2,107,40.74,10,0.1
105130,1,110,22.25,3,0.0
105130,2,113,10.11,5,0.15
105131,1,101,23.17,4,0.03
105131,2,16,5.39,6,0.0
105131,3,53,24.85,4,0.0
105131,4,116,41.36,2,0.15
105132,1,24,54.39,7,0.0
105132,2,71,7.51,6,0.0
105132,3,5,26.9,2,0.03
105132,4,81,24.23,6,0.0
105133,1,51,46.45,6,0.0
105133,2,45,13.54,3,0.1
105133,3,40,21.55,4,0.0
105133,4,8,4.98,2,0.05
105134,1,6,12.05,6,0.05
105134,2,81,23.89,3,0.15
105135,1,110,22.09,6,0.03
105135,2,81,25.77,1,0.1
105136,1,45,11.47,5,0.1
105136,2,101,23.53,3,0.0
105136,3,33,11.69,9,0.0
105136,4,99,23.85,3,0.1
105137,1,79,17.71,1,0.05
105137,2,14,23.98,2,0.03
105137,3,24,50.43,4,0.1
105137,4,97,17.39,2,0.1
105138,1,79,17.87,1,0.0
105139,1,120,4.71,5,0.0
105139,2,79,19.22,3,0.05
105139,3,53,24.98,1,0.1
105139,4,60,14.05,5,0.0
105139,5,83,32.56,6,0.05
105140,1,11,34.49,13,0.15
105140,2,23,24.23,6,0.0
105140,3,24,50.67,2,0.03
105140,4,51,47.87,2,0.05
105140,5,60,11.8,3,0.0
105141,1,20,29.67,9,0.0
105141,2,9,26.92,4,0.15
105141,3,72,9.07,1,0.0
105142,1,57,49.58,3,0.0
105142,2,71,7.6,8,0.0
105142,3,10,53.04,8,0.15
105143,1,62,37.97,4,0.05
105143,2,45,12.41,7,0.0
105143,3,80,22.86,2,0.0
105143,4,51,43.11,4,0.0
105144,1,79,19.87,5,0.05
105145,1,63,40.8,2,0.0
105145,2,34,24.23,2,0.0
105145,3,71,7.19,2,0.0
105146,1,103,23.21,3,0.03
105146,2,90,59.8,4,0.0
105146,3,8,4.83,6,0.1
105147,1,24,46.28,8,0.03
105147,2,58,8.04,2,0.1
105147,3,19,24.26,7,0.1
105147,4,71,7.6,5,0.1
105147,5,110,23.77,5,0.0
105148,1,22,14.99,5,0.1
105149,1,32,17.52,5,0.1
105149,2,116,35.56,4,0.2
105149,3,99,29.21,8,0.0
105149,4,113,7.9,5,0.1
105149,5,34,22.04,5,0.05
105150,1,7,15.45,1,0.0
105151,1,81,26.3,4,0.15
105151,2,70,12.2,2,0.1
105151,3,12,78.05,1,0.0
105151,4,71,7.03,7,0.0
105151,5,86,26.38,5,0.05
105152,1,60,12.16,8,0.0
105152,2,110,26.37,2,0.1
105152,3,92,29.3,4,0.05
105152,4,75,20.16,5,0.0
105153,1,101,26.56,1,0.0
105153,2,81,24.21,2,0.05
105154,1,45,13.36,5,0.15
105155,1,110,25.05,1,0.0
105155,2,24,44.3,9,0.0
105155,3,114,26.62,5,0.1
105155,4,113,10.36,3,0.0
105156,1,55,20.23,5,0.0
105157,1,52,52.77,3,0.0
105157,2,39,132.29,3,0.0
105157,3,49,25.55,3,0.0
105157,4,87,27.78,2,0.0
105157,5,63,46.36,3,0.0
105157,6,72,9.11,10,0.0
105157,7,75,15.19,4,0.0
105157,8,65,14.14,1,0.03
105158,1,103,27.63,3,0.0
105158,2,44,16.36,5,0.0
105158,3,101,23.13,7,0.05
105159,1,85,30.68,1,0.0
105159,2,71,7.12,4,0.0
105159,3,99,26.89,6,0.0
105159,4,9,27.1,3,0.1
105159,5,68,26.72,4,0.05
105160,1,110,25.18,3,0.0
105160,2,89,17.03,4,0.0
105161,1,94,26.25,2,0.0
105161,2,26,17.06,5,0.0
105161,3,97,13.5,4,0.05
105162,1,79,20.65,5,0.15
105162,2,32,17.41,2,0.0
105162,3,45,10.2,9,0.05
105162,4,20,27.94,3,0.0
105163,1,45,13.15,2,0.15
105164,1,70,10.2,3,0.0
105164,2,64,26.5,4,0.0
105164,3,32,16.54,4,0.1
105164,4,97,14.22,2,0.05
105165,1,99,24.74,4,0.0
105165,2,107,38.17,1,0.0
105166,1,89,17.76,2,0.0
105166,2,100,61.9,8,0.0
105166,3,72,7.86,5,0.0
105166,4,82,6.98,1,0.15
105166,5,78,9.24,4,0.0
105166,6,55,19.59,4,0.03
105166,7,44,15.77,6,0.1
105167,1,49,27.49,2,0.0
105167,2,14,26.23,2,0.0
105167,3,99,30.55,4,0.0
105167,4,13,36.32,8,0.0
105167,5,80,21.13,9,0.0
105168,1,71,8.26,2,0.0
105168,2,45,11.73,4,0.05
105168,3,51,44.75,1,0.0
105168,4,52,48.94,2,0.0
105168,5,83,30.89,1,0.15
105169,1,81,20.69,5,0.0
105169,2,8,4.72,5,0.0
105170,1,98,12.58,6,0.03
105170,2,113,12.13,6,0.0
105170,3,100,63.48,3,0.0
105171,1,14,25.57,5,0.0
105171,2,105,6.28,4,0.0
105171,3,16,4.69,2,0.05
105171,4,52,44.62,5,0.0
105172,1,33,11.13,6,0.03
105172,2,105,4.92,3,0.0
105173,1,45,11.05,5,0.15
105173,2,65,10.48,4,0.0
105174,1,52,51.37,5,0.03
105174,2,14,24.88,5,0.05
105175,1,83,35.21,9,0.0
105175,2,3,61.69,11,0.03
105175,3,32,17.23,9,0.1
105175,4,72,8.45,2,0.1
105175,5,40,24.64,2,0.0
105175,6,8,4.68,11,0.03
105176,1,26,15.65,2,0.0
105176,2,106,21.15,4,0.1
105177,1,31,4.88,3,0.05
105178,1,78,11.15,5,0.0
105178,2,53,19.47,2,0.05
105178,3,21,32.09,3,0.0
105179,1,25,12.86,11,0.0
105179,2,58,7.45,5,0.0
105179,3,110,24.54,4,0.0
105179,4,10,52.51,6,0.0
105179,5,76,24.63,8,0.0
105180,1,104,24.66,8,0.0
105180,2,81,24.44,7,0.05
105180,3,28,6.99,5,0.03
105181,1,42,20.8,4,0.0
105181,2,15,11.54,2,0.03
105182,1,99,26.47,3,0.1
105183,1,106,19.26,3,0.0
105183,2,58,8.58,6,0.05
105183,3,5,23.91,4,0.0
105183,4,75,17.87,6,0.0
105183,5,81,25.09,2,0.05
105184,1,23,20.04,4,0.03
105184,2,106,20.25,1,0.05
105184,3,21,30.99,2,0.1
105184,4,67,27.2,12,0.0
105185,1,92,27.14,2,0.0
105185,2,107,45.04,3,0.0
105186,1,10,53.79,3,0.0
105186,2,83,36.33,1,0.0
105186,3,85,27.15,1,0.05
105186,4,112,72.44,4,0.03
105187,1,25,11.25,10,0.0
105187,2,20,31.38,8,0.0
105187,3,29,45.02,5,0.0
105187,4,94,31.71,4,0.1
105187,5,72,8.68,5,0.0
105187,6,97,13.9,6,0.05
105188,1,9,25.19,3,0.15
105188,2,51,47.54,6,0.1
105188,3,60,12.0,5,0.0
105188,4,67,33.8,3,0.03
105188,5,86,31.27,2,0.0
105188,6,15,11.86,2,0.0
105189,1,112,82.71,9,0.0
105189,2,53,23.78,4,0.0
105189,3,72,8.32,4,0.15
105190,1,82,5.67,5,0.0
105190,2,83,35.08,3,0.03
105190,3,43,36.54,18,0.0
105190,4,45,10.18,4,0.03
105190,5,60,9.83,4,0.0
105190,6,40,24.66,4,0.0
105191,1,93,25.93,5,0.05
105191,2,72,7.94,4,0.0
105191,3,4,7.56,2,0.1
105191,4,98,12.86,2,0.0
105192,1,14,23.03,4,0.0
105193,1,22,15.47,1,0.05
105193,2,82,5.22,4,0.0
105193,3,45,12.6,2,0.15
105193,4,71,7.49,3,0.0
105193,5,94,31.14,5,0.0
105193,6,46,15.39,8,0.0
105194,1,113,10.41,2,0.0
105194,2,112,84.01,4,0.1
105194,3,110,25.52,4,0.0
105194,4,32,16.77,5,0.0
105194,5,71,7.15,4,0.05
105195,1,91,18.77,9,0.0
105195,2,27,8.24,4,0.05
105195,3,2,32.74,8,0.0
105195,4,108,32.25,4,0.15
105196,1,103,30.38,2,0.0
105197,1,97,16.2,1,0.1
105197,2,14,26.26,1,0.0
105197,3,49,26.79,6,0.0
105197,4,82,6.4,3,0.0
105198,1,92,30.69,3,0.2
105198,2,52,51.66,5,0.15
105199,1,26,15.29,10,0.03
105199,2,24,47.41,2,0.0
105199,3,116,35.87,4,0.0
105199,4,83,30.73,3,0.0
105199,5,51,48.42,6,0.0
105199,6,57,49.61,4,0.0
105200,1,60,11.93,1,0.05
105200,2,67,34.18,5,0.0
105200,3,78,10.07,6,0.0
105201,1,116,43.69,1,0.0
105201,2,67,26.14,5,0.05
105202,1,76,22.88,4,0.0
105202,2,116,34.12,6,0.0
105203,1,75,20.76,2,0.0
105203,2,98,11.47,4,0.1
105204,1,53,19.86,3,0.0
105204,2,94,28.54,7,0.05
105205,1,63,42.57,3,0.05
105205,2,75,17.55,2,0.0
105205,3,53,22.35,1,0.15
105205,4,105,5.37,6,0.05
105206,1,83,35.08,9,0.1
105206,2,117,10.54,3,0.0
105206,3,85,29.69,2,0.0
105207,1,46,17.17,5,0.0
105207,2,57,47.89,6,0.0
105207,3,63,43.75,4,0.05
105208,1,109,3.45,7,0.0
105208,2,62,36.74,5,0.0
105208,3,98,10.33,1,0.0
105208,4,82,6.38,5,0.0
105209,1,97,16.98,7,0.0
105209,2,14,25.59,2,0.0
105210,1,117,9.39,2,0.0
105210,2,80,21.34,2,0.0
105210,3,71,7.27,7,0.0
105210,4,99,27.82,11,0.05
105211,1,12,91.78,5,0.0
105211,2,44,16.18,5,0.0
105211,3,75,20.68,5,0.03
105211,4,100,54.55,8,0.0
105212,1,83,26.68,1,0.0
105212,2,105,5.77,1,0.0
105213,1,48,38.43,7,0.0
105213,2,12,86.54,2,0.0
105214,1,71,6.81,2,0.1
105215,1,101,26.2,1,0.15
105215,2,17,14.88,1,0.05
105215,3,60,11.61,6,0.0
105215,4,107,43.49,9,0.05
105216,1,117,10.17,1,0.0
105216,2,45,12.05,3,0.0
105217,1,51,44.56,6,0.1
105217,2,26,17.12,8,0.1
105218,1,24,46.5,10,0.0
105218,2,104,22.53,6,0.05
105218,3,80,20.5,4,0.0
105218,4,72,8.6,7,0.15
105219,1,85,29.96,3,0.03
105219,2,65,11.33,2,0.0
105219,3,89,19.3,6,0.05
105220,1,78,9.23,3,0.0
105220,2,116,37.07,2,0.0
105220,3,65,11.85,8,0.0
105221,1,101,22.8,1,0.1
105221,2,86,25.26,10,0.05
105222,1,58,7.41,2,0.0
105222,2,88,27.83,15,0.0
105222,3,117,9.79,1,0.0
105222,4,24,45.71,1,0.0
105222,5,89,18.06,8,0.0
105222,6,3,53.74,2,0.0
105223,1,75,20.82,1,0.0
105223,2,94,30.68,2,0.0
105224,1,85,32.8,4,0.15
105224,2,107,38.94,3,0.0
105225,1,51,43.48,6,0.0
105225,2,19,29.2,6,0.15
105225,3,52,51.06,7,0.05
105226,1,3,64.5,2,0.05
105226,2,63,40.03,1,0.0
105226,3,62,34.18,1,0.0
105226,4,45,12.11,2,0.05
105226,5,97,15.48,2,0.0
105226,6,106,20.34,1,0.03
105227,1,110,25.07,5,0.2
105227,2,86,31.46,3,0.1
105227,3,83,36.43,3,0.0
105227,4,94,28.81,3,0.0
105228,1,60,13.16,2,0.0
105228,2,116,37.73,6,0.0
105228,3,12,86.91,4,0.2
105229,1,15,11.11,4,0.0
105229,2,51,46.49,3,0.0
105230,1,108,34.67,5,0.03
105230,2,91,17.33,3,0.0
105230,3,49,28.66,6,0.15
105230,4,45,12.67,2,0.1
105230,5,51,47.94,1,0.0
105230,6,70,11.38,4,0.0
105230,7,9,20.94,2,0.05
105230,8,117,9.97,1,0.1
105231,1,81,26.39,1,0.05
105231,2,87,22.96,6,0.0
105231,3,45,12.57,2,0.0
105232,1,86,31.15,7,0.1
105232,2,30,4.39,9,0.1
105232,3,71,7.86,5,0.05
105232,4,53,22.22,7,0.05
105233,1,20,29.38,1,0.0
105233,2,4,7.67,6,0.0
105233,3,71,5.89,3,0.05
105233,4,61,19.77,3,0.05
105234,1,15,11.92,5,0.0
105235,1,97,12.76,8,0.0
105235,2,79,20.07,1,0.1
105236,1,60,12.11,2,0.0
105236,2,106,16.84,3,0.05
105237,1,97,14.07,1,0.0
105237,2,58,8.01,2,0.0
105237,3,12,85.29,6,0.1
105237,4,83,35.18,3,0.1
105238,1,40,27.04,1,0.0
105238,2,94,32.79,2,0.1
105238,3,63,35.11,2,0.0
105238,4,34,25.85,3,0.0
105238,5,60,12.42,3,0.05
105238,6,12,90.6,6,0.03
105238,7,71,6.62,7,0.0
105239,1,112,80.79,2,0.05
105239,2,25,11.29,8,0.0
105239,3,40,27.58,1,0.0
105240,1,63,35.86,2,0.1
105240,2,72,8.63,2,0.0
105240,3,33,10.52,4,0.1
105241,1,70,11.11,1,0.05
105241,2,21,29.18,7,0.1
105241,3,81,27.32,6,0.0
105242,1,112,76.3,4,0.0
105242,2,59,21.3,4,0.05
105242,3,116,37.54,1,0.03
105243,1,87,26.16,9,0.0
105244,1,76,22.58,5,0.0
105244,2,45,10.84,5,0.0
105245,1,107,37.36,4,0.0
105245,2,108,38.26,3,0.1
105245,3,116,32.12,2,0.03
105245,4,103,29.07,2,0.0
105246,1,49,25.25,5,0.0
105246,2,66,6.27,7,0.05
105247,1,27,9.5,4,0.0
105247,2,78,9.95,6,0.1
105247,3,60,11.31,1,0.1
105247,4,24,47.54,4,0.0
105248,1,14,26.11,4,0.0
105249,1,34,26.48,1,0.0
105249,2,90,57.09,11,0.05
105249,3,72,9.05,4,0.1
105249,4,64,25.66,2,0.0
105249,5,107,40.89,4,0.0
105250,1,49,25.04,5,0.0
105250,2,76,23.99,8,0.0
105251,1,81,23.26,8,0.05
105251,2,106,21.65,3,0.0
105251,3,88,32.21,7,0.0
105251,4,79,21.04,5,0.0
105252,1,81,25.2,7,0.0
105252,2,71,7.34,3,0.0
105252,3,104,26.72,6,0.0
105252,4,45,11.88,10,0.1
105253,1,49,25.03,2,0.05
105253,2,53,26.26,4,0.0
105253,3,104,27.69,7,0.03
105253,4,79,19.58,9,0.0
105253,5,24,44.17,1,0.0
105254,1,60,11.74,4,0.05
105255,1,64,24.58,5,0.0
105255,2,11,30.85,4,0.0
105255,3,53,24.14,6,0.0
105255,4,51,42.79,2,0.0
105256,1,97,13.74,1,0.1
105256,2,108,39.92,6,0.0
105256,3,49,24.32,1,0.1
105257,1,70,12.25,2,0.0
105257,2,10,53.51,3,0.05
105257,3,97,14.44,2,0.0
105257,4,67,35.83,8,0.0
105258,1,65,11.0,6,0.0
105258,2,24,43.17,4,0.1
105258,3,49,24.22,3,0.1
105258,4,15,12.09,5,0.0
105259,1,61,21.41,4,0.15
105259,2,45,12.22,3,0.05
105259,3,53,24.53,4,0.05
105259,4,105,5.27,2,0.05
105259,5,72,7.68,4,0.0
105260,1,104,21.99,9,0.1
105260,2,105,4.98,7,0.0
105261,1,94,26.18,1,0.0
105261,2,4,6.69,3,0.0
105261,3,87,26.47,2,0.1
105262,1,15,10.57,3,0.0
105262,2,85,28.13,3,0.0
105262,3,36,33.21,1,0.15
105262,4,112,75.11,6,0.0
105263,1,60,12.13,3,0.03
105263,2,70,11.76,11,0.0
105264,1,61,19.65,4,0.05
105264,2,45,12.07,9,0.0
105264,3,97,16.09,1,0.0
105264,4,118,22.2,7,0.0
105264,5,6,11.13,1,0.03
105264,6,71,7.61,1,0.0
105265,1,6,10.07,4,0.0
105265,2,83,30.19,5,0.0
105265,3,2,28.16,8,0.0
105265,4,105,5.29,5,0.0
105265,5,50,10.18,9,0.05
105265,6,94,29.9,4,0.03
105265,7,96,79.5,2,0.1
105266,1,110,21.71,5,0.0
105267,1,105,5.16,3,0.05
105267,2,71,7.99,3,0.1
105268,1,85,25.43,3,0.05
105268,2,44,16.16,4,0.03
105268,3,90,50.02,3,0.05
105268,4,7,13.52,4,0.15
105268,5,97,15.52,5,0.0
105269,1,45,11.64,2,0.1
105269,2,32,17.4,4,0.05
105269,3,83,34.44,3,0.0
105270,1,72,9.13,6,0.03
105270,2,102,26.64,2,0.1
105270,3,60,12.59,8,0.1
105271,1,71,7.63,2,0.03
105271,2,25,11.29,5,0.05
105272,1,72,8.81,3,0.0
105272,2,116,33.54,3,0.0
105272,3,52,45.35,3,0.0
105273,1,66,8.22,13,0.05
105273,2,62,38.21,13,0.0
105274,1,15,11.87,3,0.1
105274,2,45,12.31,3,0.0
105274,3,98,12.37,2,0.0
105275,1,75,20.14,3,0.0
105275,2,81,27.66,4,0.0
105275,3,16,5.53,10,0.03
105275,4,71,7.31,3,0.0
105275,5,31,5.32,7,0.0
105276,1,4,7.24,7,0.0
105276,2,52,46.54,1,0.03
105276,3,80,24.21,2,0.0
105276,4,78,9.58,4,0.03
105276,5,65,11.71,3,0.0
105277,1,41,50.94,2,0.0
105277,2,53,27.47,6,0.0
105277,3,79,20.32,3,0.05
105278,1,112,82.19,4,0.0
105278,2,2,29.05,6,0.1
105278,3,60,11.5,2,0.0
105278,4,45,14.4,2,0.05
105279,1,34,24.54,2,0.0
105279,2,117,9.37,8,0.0
105279,3,32,17.42,2,0.1
105280,1,64,29.03,2,0.05
105280,2,79,19.62,2,0.0
105280,3,54,21.55,5,0.03
105281,1,72,8.08,9,0.15
105281,2,51,48.94,8,0.0
105282,1,99,23.99,12,0.05
105282,2,18,19.15,6,0.05
105282,3,71,7.07,10,0.05
105282,4,72,8.97,5,0.05
105283,1,62,31.56,6,0.0
105283,2,72,8.27,6,0.1
105283,3,79,19.93,5,0.0
105283,4,85,30.27,5,0.0
105283,5,114,28.09,3,0.0
105284,1,105,5.82,3,0.0
105284,2,108,34.54,2,0.15
105285,1,45,11.89,3,0.1
105285,2,117,9.77,4,0.03
105285,3,113,10.29,1,0.1
105285,4,58,9.12,7,0.03
105285,5,44,15.25,5,0.0
105286,1,65,11.07,6,0.0
105286,2,94,27.05,2,0.0
105286,3,70,12.5,5,0.05
105286,4,83,31.56,1,0.0
105287,1,106,21.02,11,0.0
105287,2,83,30.91,1,0.1
105287,3,14,24.13,2,0.03
105287,4,29,55.93,6,0.0
105288,1,21,26.71,7,0.03
105288,2,110,24.69,6,0.0
105288,3,27,8.44,2,0.0
105288,4,76,22.75,6,0.0
105289,1,78,9.62,2,0.0
105289,2,48,40.74,3,0.0
105289,3,15,11.31,3,0.1
105289,4,97,15.01,3,0.1
105289,5,60,12.34,6,0.05
105290,1,85,29.74,3,0.0
105290,2,83,33.02,5,0.03
105291,1,108,34.07,3,0.03
105291,2,67,30.62,2,0.1
105291,3,44,15.42,2,0.0
105292,1,88,34.25,2,0.15
105292,2,39,95.0,5,0.0
105292,3,79,20.31,1,0.1
105292,4,57,49.95,3,0.0
105293,1,45,12.22,6,0.0
105293,2,58,7.99,4,0.0
105293,3,66,7.3,8,0.03
105293,4,81,24.0,1,0.0
105294,1,1,29.04,6,0.0
105294,2,90,55.18,2,0.1
105294,3,60,13.06,6,0.0
105294,4,104,23.89,4,0.0
105295,1,78,7.96,11,0.0
105295,2,60,12.3,1,0.0
105295,3,89,16.2,4,0.0
105296,1,67,32.15,4,0.0
105296,2,71,6.53,4,0.0
105296,3,99,25.74,5,0.0
105297,1,62,39.13,1,0.0
105297,2,45,11.4,6,0.15
105297,3,76,25.94,4,0.05
105298,1,45,11.92,8,0.0
105298,2,98,10.96,9,0.05
105298,3,83,32.49,7,0.05
105298,4,69,4.14,2,0.0
105299,1,45,11.66,8,0.0
105299,2,63,39.55,5,0.1
105300,1,110,23.28,3,0.0
105300,2,76,25.82,2,0.0
105300,3,116,37.58,5,0.0
105300,4,51,44.0,2,0.0
105301,1,56,28.0,8,0.05
105301,2,45,10.97,7,0.0
105302,1,80,21.64,7,0.05
105302,2,81,25.69,4,0.0
105303,1,83,33.91,2,0.0
105303,2,33,10.13,5,0.15
105304,1,37,17.68,1,0.0
105304,2,76,22.98,12,0.0
105304,3,16,5.31,4,0.03
105305,1,105,5.96,2,0.05
105305,2,110,23.92,2,0.0
105305,3,21,30.05,8,0.0
105305,4,81,23.42,8,0.05
105306,1,23,20.65,6,0.03
105306,2,51,41.41,4,0.1
105306,3,101,22.63,4,0.0
105307,1,45,12.2,4,0.15
105307,2,24,57.35,6,0.0
105307,3,79,18.44,1,0.0
105307,4,97,15.05,5,0.0
105307,5,41,56.87,3,0.05
105308,1,100,62.41,5,0.1
105308,2,117,8.55,3,0.0
105308,3,24,44.34,8,0.03
105309,1,79,18.88,2,0.0
105309,2,83,34.76,3,0.0
105309,3,51,47.24,4,0.0
105310,1,98,11.98,5,0.0
105310,2,97,14.06,1,0.15
105310,3,71,6.81,5,0.03
105311,1,33,10.56,5,0.0
105311,2,63,40.84,3,0.0
105311,3,110,21.85,4,0.05
105311,4,79,19.87,6,0.03
105312,1,34,24.31,6,0.05
105313,1,8,4.83,4,0.0
105313,2,40,26.74,2,0.1
105313,3,85,25.71,7,0.15
105314,1,71,7.92,5,0.03
105314,2,9,23.68,5,0.1
105314,3,117,10.44,6,0.0
105314,4,85,30.58,1,0.05
105314,5,61,21.38,2,0.0
105315,1,35,34.54,9,0.03
105315,2,83,32.48,5,0.0
105315,3,79,19.17,3,0.15
105316,1,25,11.4,6,0.0
105316,2,21,27.76,5,0.05
105316,3,24,57.27,4,0.0
105317,1,34,24.5,1,0.0
105317,2,82,6.33,2,0.0
105317,3,99,25.41,11,0.05
105317,4,83,31.92,4,0.05
105317,5,94,31.66,4,0.05
105317,6,44,16.71,6,0.0
105317,7,114,27.07,6,0.03
105318,1,48,37.0,11,0.05
105318,2,45,11.5,3,0.0
105318,3,83,32.24,2,0.0
105318,4,15,11.86,1,0.03
105318,5,38,30.56,2,0.0
105319,1,76,26.48,4,0.0
105319,2,5,24.47,3,0.03
105319,3,106,19.4,2,0.0
105320,1,101,23.46,3,0.1
105320,2,97,15.22,9,0.0
105321,1,60,11.83,8,0.0
105321,2,39,118.02,6,0.0
105321,3,76,23.97,7,0.03
105321,4,24,45.69,1,0.0
105321,5,15,10.84,5,0.0
105322,1,42,22.52,2,0.0
105322,2,14,27.48,3,0.1
105322,3,97,14.84,3,0.0
105322,4,110,26.43,2,0.03
105323,1,28,6.11,2,0.0
105323,2,7,14.89,5,0.0
105323,3,8,4.27,3,0.0
105323,4,44,14.8,4,0.0
105323,5,67,35.38,3,0.1
105324,1,63,35.23,3,0.05
105324,2,7,13.47,7,0.0
105324,3,20,32.3,1,0.0
105325,1,66,7.09,3,0.0
105325,2,64,25.88,7,0.05
105325,3,109,3.48,3,0.0
105325,4,85,30.14,7,0.0
105325,5,91,19.65,5,0.15
105325,6,89,18.16,6,0.0
105326,1,95,19.92,2,0.05
105327,1,97,15.99,8,0.05
105327,2,112,81.37,3,0.0
105328,1,70,12.75,5,0.15
105329,1,97,13.7,6,0.0
105329,2,99,28.57,2,0.0
105329,3,71,6.51,2,0.0
105330,1,47,23.02,2,0.0
105330,2,52,42.16,2,0.0
105330,3,81,26.31,3,0.0
105331,1,42,20.37,7,0.0
105331,2,65,14.2,4,0.0
105332,1,71,6.67,6,0.0
105332,2,45,12.84,7,0.1
105332,3,72,9.61,1,0.15
105333,1,57,49.3,14,0.05
105333,2,40,25.12,9,0.0
105333,3,81,23.86,3,0.0
105333,4,99,27.97,3,0.03
105334,1,11,39.09,4,0.05
105334,2,59,19.32,4,0.05
105334,3,60,13.26,1,0.1
105334,4,117,9.17,2,0.0
105334,5,74,28.82,6,0.03
105334,6,94,30.57,2,0.0
105335,1,116,41.43,4,0.0
105335,2,37,16.89,8,0.0
105336,1,45,12.66,3,0.1
105336,2,76,24.96,10,0.03
105336,3,54,26.54,5,0.05
105336,4,97,15.76,1,0.1
105336,5,60,13.36,3,0.03
105337,1,111,84.11,2,0.0
105338,1,82,6.49,5,0.0
105338,2,116,41.72,3,0.0
105338,3,52,42.15,3,0.03
105338,4,104,25.59,5,0.0
105338,5,27,9.11,6,0.0
105338,6,76,23.84,4,0.1
105338,7,81,24.68,4,0.05
105338,8,14,23.26,2,0.15
105339,1,112,91.35,1,0.1
105339,2,83,31.88,3,0.05
105339,3,104,24.73,4,0.0
105340,1,59,16.5,1,0.0
105340,2,110,21.09,4,0.0
105340,3,14,24.29,4,0.0
105341,1,45,11.79,4,0.0
105341,2,69,4.32,5,0.05
105341,3,71,6.09,2,0.0
105342,1,117,9.14,4,0.0
105342,2,11,35.32,3,0.0
105342,3,105,5.49,8,0.0
105343,1,93,26.33,7,0.0
105343,2,87,26.02,3,0.0
105344,1,45,12.53,2,0.03
105344,2,81,25.7,9,0.05
105344,3,69,4.68,3,0.1
105344,4,5,28.55,2,0.0
105344,5,72,7.65,8,0.05
105345,1,80,22.32,3,0.05
105345,2,78,9.19,1,0.1
105345,3,50,8.62,9,0.0
105346,1,37,16.94,7,0.03
105346,2,3,59.49,2,0.0
105346,3,40,23.32,1,0.0
105347,1,40,27.04,3,0.0
105347,2,31,4.64,1,0.05
105347,3,50,10.68,9,0.0
105347,4,99,23.77,5,0.05
105348,1,43,38.63,4,0.0
105348,2,80,21.64,2,0.05
105348,3,27,8.39,3,0.2
105348,4,85,29.06,1,0.0
105348,5,44,15.48,2,0.05
105348,6,14,23.3,4,0.1
105348,7,54,27.12,2,0.0
105348,8,40,23.04,9,0.0
105349,1,5,23.85,3,0.0
105350,1,94,28.05,4,0.0
105350,2,110,26.73,7,0.15
105351,1,2,32.11,3,0.0
105352,1,82,7.13,8,0.0
105352,2,23,25.47,10,0.0
105352,3,71,6.37,5,0.0
105352,4,44,16.77,2,0.0
105353,1,116,36.24,2,0.0
105353,2,83,33.15,5,0.0
105354,1,81,22.41,6,0.0
105354,2,52,47.58,4,0.0
105355,1,120,4.95,5,0.05
105355,2,38,25.29,3,0.0
105356,1,60,10.89,1,0.03
105357,1,46,17.2,2,0.1
105358,1,83,36.12,3,0.0
105358,2,78,8.89,3,0.0
105359,1,13,36.57,1,0.0
105359,2,45,11.59,2,0.05
105360,1,28,6.79,1,0.0
105360,2,58,7.1,5,0.03
105361,1,68,27.65,2,0.0
105361,2,32,20.95,3,0.15
105361,3,8,4.97,7,0.0
105361,4,110,23.97,9,0.1
105362,1,52,45.66,4,0.05
105362,2,112,84.05,12,0.0
105362,3,66,8.82,2,0.1
105362,4,60,12.34,6,0.0
105363,1,90,53.01,8,0.15
105363,2,116,38.65,6,0.03
105363,3,64,28.74,3,0.05
105364,1,106,19.76,4,0.0
105364,2,11,37.97,4,0.1
105364,3,25,10.51,1,0.03
105364,4,62,42.58,6,0.0
105365,1,52,48.64,7,0.0
105365,2,3,59.74,6,0.0
105366,1,90,51.46,2,0.0
105366,2,107,46.34,7,0.0
105366,3,110,26.88,2,0.0
105367,1,45,10.69,4,0.15
105367,2,49,23.49,6,0.0
105368,1,19,25.12,4,0.0
105368,2,85,28.68,6,0.0
105368,3,81,22.81,2,0.05
105368,4,45,10.29,2,0.0
105368,5,13,39.41,7,0.1
105368,6,15,9.78,5,0.0
105368,7,4,7.06,2,0.0
105368,8,23,22.86,2,0.05
105369,1,67,30.87,2,0.0
105369,2,79,17.74,9,0.0
105370,1,81,29.09,3,0.05
105370,2,15,10.33,3,0.0
105371,1,94,28.74,8,0.0
105371,2,45,11.98,5,0.0
105371,3,83,31.59,3,0.03
105372,1,60,13.21,1,0.05
105372,2,59,19.5,2,0.05
105372,3,66,8.33,5,0.05
105373,1,105,5.99,6,0.0
105373,2,38,29.56,1,0.15
105373,3,79,19.48,1,0.0
105374,1,106,21.09,3,0.0
105374,2,88,33.52,2,0.0
105374,3,23,22.5,3,0.0
105374,4,100,69.97,3,0.05
105375,1,94,32.12,3,0.0
105375,2,101,20.24,3,0.0
105375,3,78,9.69,1,0.0
105375,4,93,23.43,4,0.1
105375,5,87,27.2,4,0.0
105376,1,89,18.82,5,0.0
105376,2,45,11.11,4,0.0
105376,3,12,86.17,11,0.0
105377,1,56,29.62,3,0.15
105377,2,80,24.82,1,0.0
105377,3,102,23.32,6,0.0
105377,4,32,16.12,4,0.05
105378,1,58,7.77,3,0.1
105378,2,106,22.13,7,0.15
105379,1,94,31.09,3,0.2
105379,2,9,26.21,2,0.05
105379,3,110,24.44,3,0.0
105380,1,69,3.91,3,0.1
105380,2,89,18.74,4,0.0
105380,3,71,7.24,5,0.0
105380,4,62,35.99,10,0.1
105380,5,22,14.31,1,0.1
105381,1,45,10.92,3,0.1
105381,2,98,13.21,3,0.05
105382,1,71,7.21,1,0.05
105382,2,85,29.22,2,0.0
105382,3,110,24.01,4,0.1
105382,4,88,33.82,3,0.1
105383,1,71,7.25,5,0.0
105383,2,92,28.91,13,0.0
105384,1,71,7.3,2,0.05
105384,2,105,5.52,4,0.0
105384,3,88,33.96,4,0.0
105385,1,101,24.05,5,0.1
105386,1,94,31.17,2,0.0
105386,2,85,23.91,1,0.1
105387,1,45,12.09,4,0.0
105387,2,15,11.77,2,0.0
105387,3,65,11.88,5,0.05
105387,4,49,28.66,1,0.0
105387,5,88,37.52,6,0.15
105388,1,63,38.04,6,0.0
105388,2,109,3.93,6,0.05
105389,1,24,48.15,1,0.0
105389,2,3,61.19,4,0.05
105389,3,103,26.32,9,0.1
105389,4,97,16.57,6,0.0
105390,1,110,27.3,3,0.0
105391,1,41,43.4,4,0.05
105391,2,18,17.5,2,0.03
105391,3,52,48.72,4,0.0
105391,4,27,9.09,2,0.0
105392,1,45,10.92,4,0.0
105392,2,26,14.17,1,0.0
105393,1,94,30.39,2,0.05
105394,1,21,29.24,7,0.03
105394,2,88,37.68,2,0.1
105394,3,8,4.53,3,0.0
105394,4,63,41.32,5,0.05
105394,5,45,14.32,3,0.03
105395,1,45,11.94,2,0.0
105395,2,40,23.38,3,0.15
105395,3,61,21.32,2,0.0
105395,4,22,17.91,10,0.0
105395,5,101,22.8,12,0.0
105396,1,83,32.05,7,0.03
105396,2,17,14.58,3,0.1
105396,3,72,8.21,2,0.0
105396,4,53,19.29,1,0.1
105396,5,58,8.25,4,0.0
105397,1,56,29.26,3,0.0
105397,2,118,22.36,3,0.0
105398,1,6,10.29,2,0.0
105398,2,101,22.97,3,0.03
105398,3,24,48.03,4,0.05
105399,1,113,9.72,2,0.03
105399,2,53,25.24,3,0.03
105400,1,31,5.35,1,0.0
105400,2,8,5.05,4,0.0
105400,3,95,21.88,1,0.0
105401,1,33,11.52,3,0.0
105402,1,91,19.24,3,0.1
105402,2,73,17.52,8,0.0
105402,3,112,82.44,2,0.03
105403,1,78,10.33,3,0.0
105403,2,52,43.93,4,0.0
105404,1,107,32.58,3,0.0
105404,2,63,43.34,2,0.05
105404,3,44,14.53,3,0.1
105404,4,97,15.18,3,0.0
105405,1,40,24.68,4,0.05
105405,2,67,35.08,3,0.0
105405,3,60,11.1,6,0.15
105405,4,82,6.93,4,0.05
105405,5,45,11.99,5,0.0
105406,1,72,9.53,1,0.1
105406,2,94,33.71,2,0.05
105406,3,101,24.72,4,0.1
105406,4,102,22.09,10,0.05
105407,1,2,28.27,2,0.0
105407,2,83,25.7,3,0.0
105407,3,79,19.38,8,0.0
105407,4,72,7.91,2,0.1
105407,5,8,5.69,2,0.0
105407,6,95,19.48,5,0.05
105408,1,51,47.17,3,0.1
105408,2,78,8.63,3,0.05
105408,3,23,21.53,4,0.0
105409,1,28,6.33,2,0.15
105409,2,35,29.28,1,0.0
105409,3,89,19.08,8,0.0
105409,4,54,23.18,1,0.03
105410,1,83,32.18,2,0.0
105410,2,88,36.96,10,0.0
105410,3,79,21.69,5,0.0
105410,4,60,10.67,2,0.2
105410,5,116,42.31,5,0.1
105411,1,25,12.01,11,0.1
105411,2,34,25.4,5,0.05
105411,3,72,8.45,10,0.0
105411,4,82,6.86,6,0.05
105412,1,81,24.96,3,0.03
105412,2,36,34.96,3,0.0
105412,3,110,26.7,6,0.0
105412,4,15,12.24,4,0.0
105412,5,83,32.04,10,0.0
105413,1,113,10.61,6,0.0
105413,2,118,21.92,5,0.05
105413,3,97,13.33,5,0.0
105413,4,108,35.75,1,0.0
105413,5,11,36.24,2,0.15
105414,1,45,10.42,9,0.15
105414,2,58,8.5,6,0.1
105414,3,56,25.86,5,0.05
105415,1,81,25.61,8,0.05
105415,2,24,52.6,8,0.0
105416,1,107,45.83,3,0.0
105416,2,17,15.07,3,0.0
105416,3,59,22.23,4,0.03
105417,1,85,29.16,10,0.0
105417,2,58,7.63,7,0.0
105417,3,65,12.41,6,0.05
105418,1,59,21.88,3,0.05
105418,2,41,47.96,3,0.0
105419,1,106,20.86,2,0.0
105419,2,15,10.89,2,0.0
105419,3,2,29.54,8,0.05
105419,4,60,12.23,7,0.03
105419,5,75,21.75,3,0.1
105420,1,52,52.46,2,0.0
105420,2,64,25.57,2,0.15
105420,3,51,44.29,7,0.15
105420,4,80,23.31,3,0.05
105421,1,6,12.15,5,0.1
105421,2,72,9.21,5,0.0
105422,1,46,18.73,1,0.1
105422,2,24,46.46,2,0.0
105422,3,95,20.78,7,0.0
105422,4,97,12.5,1,0.03
105423,1,41,50.13,3,0.15
105423,2,76,22.07,2,0.0
105423,3,81,28.15,4,0.0
105423,4,79,21.86,5,0.0
105423,5,21,26.44,7,0.0
105423,6,75,17.93,6,0.0
105423,7,8,5.14,7,0.2
105423,8,89,18.41,2,0.1
105424,1,9,28.9,6,0.0
105424,2,33,10.41,4,0.1
105424,3,11,38.07,4,0.0
105424,4,53,24.89,4,0.0
105424,5,87,29.17,2,0.0
105425,1,44,15.23,3,0.1
105425,2,13,31.59,2,0.0
105426,1,48,42.39,3,0.05
105426,2,10,50.37,2,0.0
105426,3,97,13.13,7,0.0
105427,1,109,3.64,6,0.1
105428,1,24,48.08,5,0.1
105428,2,108,33.02,8,0.0
105429,1,44,15.74,3,0.0
105429,2,76,24.16,3,0.0
105429,3,24,50.31,2,0.0
105430,1,81,27.53,1,0.05
105431,1,15,12.81,4,0.0
105431,2,10,50.87,3,0.0
105432,1,45,11.35,2,0.0
105432,2,110,25.6,2,0.05
105432,3,24,47.25,4,0.0
105432,4,80,24.21,2,0.15
105432,5,53,22.97,2,0.05
105433,1,85,31.46,4,0.0
105433,2,26,15.96,1,0.0
105433,3,98,10.47,1,0.15
105433,4,99,27.25,3,0.0
105433,5,24,52.53,2,0.0
105434,1,114,27.53,3,0.03
105434,2,56,29.13,7,0.0
105435,1,81,30.27,2,0.05
105435,2,87,29.13,2,0.0
105435,3,24,51.61,5,0.0
105436,1,44,12.27,3,0.1
105436,2,110,27.98,3,0.03
105436,3,91,20.78,9,0.03
105437,1,14,24.42,2,0.0
105437,2,51,47.28,4,0.03
105437,3,72,9.17,3,0.0
105438,1,98,11.77,1,0.1
105438,2,23,26.29,3,0.0
105438,3,72,8.51,7,0.0
105438,4,44,16.89,8,0.0
105439,1,78,8.81,5,0.0
105439,2,105,5.05,2,0.0
105439,3,65,11.8,5,0.0
105439,4,110,26.36,2,0.0
105439,5,25,11.64,1,0.1
105440,1,45,11.74,2,0.0
105440,2,2,29.12,2,0.0
105440,3,23,24.09,2,0.0
105440,4,116,40.52,3,0.0
105440,5,110,24.4,3,0.15
105441,1,5,25.94,3,0.05
105441,2,110,24.84,6,0.05
105441,3,27,9.42,6,0.1
105441,4,36,30.17,2,0.0
105441,5,104,22.46,1,0.03
105441,6,25,11.5,6,0.05
105441,7,38,27.41,4,0.03
105442,1,53,23.44,3,0.1
105443,1,25,11.44,9,0.0
105443,2,45,10.8,4,0.0
105443,3,83,26.63,5,0.0
105444,1,8,5.1,4,0.0
105444,2,24,49.92,3,0.0
105445,1,67,28.21,3,0.0
105445,2,116,42.97,3,0.1
105445,3,78,8.67,3,0.0
105445,4,54,26.76,1,0.0
105445,5,45,11.38,8,0.0
105445,6,52,53.44,2,0.05
105446,1,83,29.25,5,0.15
105446,2,5,25.89,6,0.05
105446,3,76,22.66,2,0.0
105446,4,87,27.3,4,0.05
105447,1,97,13.9,2,0.03
105447,2,50,9.66,4,0.0
105447,3,45,13.35,1,0.1
105447,4,105,5.78,3,0.0
105447,5,76,22.21,9,0.05
105448,1,39,122.37,4,0.0
105448,2,63,37.74,3,0.0
105449,1,116,35.35,1,0.15
105449,2,93,21.93,2,0.0
105450,1,41,51.3,4,0.15
105450,2,60,11.7,8,0.05
105450,3,92,30.55,3,0.05
105450,4,98,12.84,4,0.0
105450,5,4,6.92,2,0.05
105451,1,40,26.05,2,0.03
105451,2,25,12.66,8,0.1
105452,1,93,24.61,2,0.0
105452,2,71,7.17,4,0.0
105452,3,67,32.25,4,0.0
105453,1,12,75.42,4,0.0
105453,2,107,42.54,8,0.0
105453,3,34,23.99,2,0.05
105453,4,68,25.1,6,0.0
105454,1,80,23.96,5,0.1
105454,2,41,46.1,2,0.0
105454,3,63,44.08,7,0.05
105455,1,39,117.06,1,0.03
105455,2,34,24.99,5,0.0
105455,3,82,5.91,2,0.0
105455,4,6,12.04,2,0.1
105456,1,24,47.14,1,0.0
105456,2,67,28.89,2,0.05
105457,1,97,15.93,5,0.03
105457,2,83,35.2,3,0.15
105457,3,82,6.11,1,0.2
105458,1,92,26.26,2,0.0
105458,2,40,23.07,2,0.0
105459,1,57,49.94,3,0.03
105460,1,58,8.57,4,0.2
105460,2,59,24.87,3,0.0
105460,3,12,74.63,2,0.0
105460,4,81,23.95,4,0.05
105461,1,82,6.95,2,0.0
105461,2,15,11.39,4,0.0
105462,1,117,10.25,4,0.03
105462,2,71,5.79,4,0.1
105462,3,25,13.43,3,0.0
105462,4,81,22.74,2,0.0
105462,5,45,12.8,5,0.0
105462,6,76,27.93,1,0.05
105462,7,83,31.62,3,0.0
105463,1,110,25.49,5,0.0
105463,2,31,5.38,6,0.03
105463,3,98,13.96,6,0.03
105463,4,97,13.98,1,0.0
105463,5,53,21.85,2,0.15
105463,6,45,12.22,2,0.0
105463,7,101,21.99,3,0.0
105464,1,25,13.09,5,0.03
105464,2,77,32.14,1,0.0
105464,3,85,30.54,1,0.0
105465,1,60,11.77,7,0.0
105465,2,81,26.6,8,0.05
105466,1,118,19.68,3,0.0
105467,1,45,12.31,5,0.0
105467,2,78,10.2,4,0.1
105467,3,44,15.66,4,0.0
105467,4,89,16.4,7,0.0
105468,1,5,23.34,7,0.1
105468,2,61,20.95,1,0.0
105469,1,101,23.24,3,0.0
105469,2,80,23.05,4,0.0
105469,3,45,13.14,3,0.15
105469,4,109,3.72,2,0.15
105470,1,100,68.1,5,0.15
105470,2,53,24.82,8,0.0
105470,3,24,48.06,2,0.15
105470,4,34,22.48,4,0.0
105470,5,45,12.3,1,0.1
105470,6,21,28.95,6,0.15
105471,1,64,22.78,2,0.0
105471,2,98,10.45,3,0.0
105472,1,26,15.14,3,0.1
105472,2,53,24.12,6,0.05
105472,3,64,26.84,8,0.0
105472,4,81,23.98,3,0.1
105473,1,71,6.32,4,0.0
105473,2,116,41.11,12,0.0
105473,3,45,12.09,2,0.05
105473,4,51,43.89,4,0.05
105473,5,112,77.56,11,0.0
105474,1,78,8.64,3,0.05
105474,2,11,34.46,1,0.0
105474,3,81,19.99,4,0.05
105475,1,82,6.08,5,0.2
105475,2,67,29.94,2,0.15
105475,3,113,9.74,8,0.0
105475,4,13,36.95,3,0.0
105476,1,60,12.47,6,0.05
105477,1,45,12.44,3,0.05
105477,2,87,26.24,3,0.0
105477,3,63,34.33,1,0.0
105477,4,79,21.46,5,0.0
105477,5,80,22.26,2,0.0
105477,6,27,10.31,8,0.0
105478,1,110,25.53,3,0.1
105479,1,19,28.0,2,0.05
105479,2,116,39.99,8,0.0
105480,1,50,9.74,12,0.05
105480,2,117,8.85,4,0.0
105481,1,36,31.15,5,0.1
105481,2,98,13.28,3,0.05
105481,3,44,16.24,3,0.0
105481,4,58,7.42,1,0.0
105481,5,80,24.47,8,0.05
105481,6,9,23.4,10,0.0
105481,7,106,22.25,7,0.05
105482,1,110,29.97,2,0.0
105482,2,78,9.6,3,0.0
105482,3,71,7.33,4,0.0
105482,4,83,35.47,8,0.0
105483,1,106,22.88,6,0.0
105483,2,53,24.43,4,0.0
105483,3,15,10.77,1,0.1
105483,4,109,3.87,8,0.1
105483,5,58,8.7,3,0.0
105484,1,50,10.09,3,0.0
105484,2,72,8.67,1,0.0
105484,3,102,25.81,2,0.0
105484,4,16,5.0,3,0.0
105485,1,12,93.75,11,0.03
105485,2,67,32.87,5,0.0
105485,3,110,20.78,3,0.2
105485,4,71,6.52,9,0.0
105486,1,67,35.06,2,0.1
105486,2,45,11.44,1,0.0
105487,1,49,26.31,6,0.05
105487,2,81,24.15,3,0.0
105487,3,17,14.97,8,0.0
105488,1,80,21.81,2,0.0
105489,1,71,7.35,5,0.0
105489,2,23,23.63,3,0.05
105490,1,97,15.94,4,0.0
105490,2,94,31.69,6,0.05
105490,3,81,24.71,4,0.1
105490,4,80,23.43,1,0.05
105490,5,76,21.43,3,0.0
105491,1,80,23.14,7,0.0
105492,1,111,90.64,1,0.0
105492,2,109,3.64,4,0.03
105492,3,112,78.31,13,0.05
105492,4,116,43.05,2,0.0
105493,1,90,58.37,3,0.03
105493,2,21,26.4,8,0.0
105494,1,23,24.7,8,0.05
105494,2,94,28.99,1,0.0
105494,3,105,6.05,10,0.05
105495,1,76,25.32,2,0.0
105495,2,34,21.85,6,0.15
105495,3,87,26.27,6,0.05
105495,4,110,26.63,8,0.0
105495,5,12,66.62,5,0.1
105495,6,64,26.93,3,0.0
105496,1,50,11.06,3,0.0
105496,2,116,40.01,4,0.0
105496,3,27,9.34,2,0.15
105496,4,45,11.89,2,0.0
105497,1,64,26.42,6,0.05
105497,2,100,60.11,3,0.1
105497,3,94,29.56,6,0.0
105497,4,60,11.29,7,0.05
105498,1,101,28.65,3,0.0
105498,2,92,25.39,3,0.15
105498,3,51,43.29,2,0.1
105498,4,88,38.39,9,0.05
105499,1,98,12.11,2,0.0
105499,2,36,29.01,2,0.0
105499,3,85,32.59,2,0.0
105499,4,81,25.21,2,0.0
105500,1,28,6.81,6,0.0
105500,2,53,24.77,5,0.0
105500,3,52,46.11,8,0.0
105500,4,12,74.86,5,0.0
105500,5,72,9.14,6,0.05
105501,1,10,48.28,2,0.03
105501,2,110,31.55,8,0.0
105501,3,116,30.55,3,0.0
105502,1,80,26.48,5,0.0
105503,1,63,40.09,6,0.0
105503,2,95,19.51,3,0.0
105503,3,62,33.28,4,0.0
105504,1,95,20.56,2,0.0
105504,2,89,18.64,1,0.0
105504,3,116,37.78,2,0.0
105505,1,76,27.02,7,0.03
105505,2,51,44.23,2,0.0
105505,3,71,8.4,5,0.03
105505,4,90,54.71,13,0.05
105506,1,65,13.33,1,0.0
105506,2,10,50.21,6,0.0
105506,3,60,12.14,6,0.0
105507,1,17,17.34,6,0.15
105507,2,67,37.11,3,0.0
105507,3,24,44.11,4,0.1
105508,1,68,22.87,6,0.0
105508,2,60,13.42,4,0.05
105508,3,8,5.39,3,0.0
105508,4,78,9.95,6,0.1
105508,5,21,31.22,4,0.03
105509,1,37,18.75,4,0.0
105509,2,76,24.1,3,0.0
105509,3,14,25.94,5,0.1
105509,4,116,41.36,4,0.15
105510,1,15,10.86,3,0.05
105510,2,13,40.73,3,0.0
105511,1,27,9.91,5,0.05
105511,2,81,25.31,2,0.0
105511,3,109,3.85,6,0.0
105511,4,116,37.13,3,0.0
105512,1,110,26.74,2,0.05
105512,2,23,22.27,13,0.0
105512,3,80,24.71,4,0.0
105513,1,69,4.46,4,0.0
105513,2,56,24.29,1,0.0
105513,3,47,24.52,3,0.0
105513,4,117,8.64,3,0.03
105514,1,71,7.72,3,0.0
105514,2,108,34.8,8,0.0
105514,3,70,11.49,5,0.0
105514,4,105,5.88,3,0.0
105514,5,45,11.98,2,0.0
105515,1,110,27.21,5,0.0
105515,2,88,40.4,3,0.0
105515,3,97,15.03,13,0.05
105515,4,47,21.77,3,0.0
105515,5,15,10.55,2,0.0
105516,1,97,12.78,5,0.0
105516,2,72,8.64,6,0.0
105516,3,101,23.84,3,0.0
105517,1,108,40.94,3,0.0
105517,2,15,11.51,3,0.0
105518,1,97,13.32,2,0.0
105518,2,30,4.17,6,0.0
105518,3,84,14.38,1,0.0
105518,4,52,45.22,1,0.0
105518,5,116,37.8,3,0.1
105519,1,64,27.67,7,0.0
105519,2,31,4.84,3,0.05
105519,3,45,12.06,3,0.03
105519,4,110,24.54,2,0.03
105520,1,99,26.45,4,0.03
105520,2,105,5.18,6,0.1
105521,1,97,13.77,3,0.0
105521,2,45,11.38,3,0.0
105521,3,99,27.29,1,0.0
105521,4,51,41.22,2,0.05
105522,1,60,12.17,3,0.1
105522,2,6,10.39,4,0.0
105522,3,45,10.98,2,0.0
105523,1,76,22.88,8,0.05
105523,2,80,19.28,2,0.1
105523,3,74,31.08,3,0.0
105524,1,99,29.89,8,0.0
105524,2,116,38.11,2,0.0
105524,3,107,44.17,8,0.0
105525,1,99,27.12,3,0.0
105525,2,45,11.24,4,0.0
105525,3,17,16.75,3,0.0
105526,1,8,4.88,1,0.05
105526,2,101,25.18,4,0.0
105526,3,92,27.95,5,0.0
105527,1,85,23.89,3,0.15
105527,2,25,13.0,6,0.0
105527,3,101,25.38,2,0.15
105528,1,58,8.85,2,0.1
105528,2,72,8.75,8,0.0
105528,3,50,10.88,5,0.0
105528,4,34,24.77,10,0.1
105528,5,75,19.46,17,0.0
105528,6,33,10.45,7,0.03
105529,1,66,7.8,5,0.0
105530,1,24,49.6,3,0.03
105530,2,82,6.39,5,0.0
105530,3,65,12.61,2,0.1
105530,4,6,12.33,4,0.03
105530,5,56,24.97,3,0.0
105531,1,109,3.64,3,0.0
105531,2,36,33.49,2,0.1
105531,3,112,87.01,1,0.05
105531,4,9,20.35,3,0.0
105532,1,49,26.51,5,0.0
105532,2,23,23.52,3,0.0
105532,3,54,23.34,4,0.0
105532,4,94,30.14,3,0.0
105532,5,65,13.9,3,0.0
105532,6,87,26.51,3,0.1
105533,1,38,27.69,8,0.0
105533,2,11,31.8,7,0.0
105533,3,85,25.32,4,0.05
105533,4,83,30.71,4,0.0
105533,5,92,27.4,3,0.03
105534,1,45,13.56,1,0.0
105534,2,112,83.23,1,0.0
105534,3,51,43.13,4,0.15
105534,4,99,24.78,5,0.0
105534,5,52,46.87,6,0.2
105535,1,63,43.41,4,0.0
105535,2,71,7.3,3,0.05
105535,3,67,32.3,1,0.1
105535,4,108,38.42,7,0.1
105535,5,97,15.89,4,0.0
105535,6,45,13.15,4,0.03
105535,7,117,8.77,2,0.2
105536,1,87,24.0,5,0.0
105536,2,81,24.89,5,0.05
105537,1,32,19.5,2,0.0
105537,2,67,35.68,3,0.0
105538,1,116,44.76,1,0.1
105538,2,45,14.43,3,0.05
105538,3,112,75.62,4,0.0
105539,1,110,24.38,8,0.15
105539,2,51,49.47,4,0.03
105540,1,106,19.39,3,0.05
105540,2,109,3.95,3,0.05
105540,3,83,32.4,7,0.03
105541,1,72,9.19,2,0.05
105542,1,116,38.68,4,0.1
105542,2,99,27.4,7,0.0
105542,3,45,12.0,7,0.05
105543,1,116,41.38,3,0.15
105543,2,104,26.8,4,0.1
105543,3,10,53.61,8,0.0
105544,1,40,22.18,2,0.0
105544,2,8,5.45,3,0.03
105544,3,96,66.92,9,0.0
105544,4,45,11.81,1,0.03
105545,1,72,7.71,4,0.0
105545,2,107,40.77,2,0.0
105545,3,60,12.27,1,0.0
105545,4,67,32.85,2,0.1
105545,5,76,28.95,4,0.0
105546,1,68,26.25,1,0.03
105546,2,70,12.36,7,0.05
105547,1,33,11.85,4,0.0
105547,2,71,7.9,5,0.0
105547,3,38,25.97,5,0.0
105547,4,15,10.31,1,0.05
105548,1,72,8.2,6,0.0
105548,2,116,36.72,6,0.1
105548,3,107,42.96,4,0.03
105549,1,80,22.39,6,0.1
105549,2,9,24.48,8,0.0
105549,3,71,7.55,4,0.0
105549,4,108,34.12,2,0.0
105549,5,116,35.21,6,0.0
105550,1,87,28.77,4,0.0
105550,2,53,24.78,2,0.0
105551,1,34,25.25,8,0.0
105551,2,58,7.68,4,0.0
105551,3,70,10.94,7,0.0
105552,1,76,21.73,1,0.2
105552,2,87,23.49,5,0.0
105553,1,67,35.29,4,0.0
105553,2,110,26.86,5,0.0
105554,1,111,86.41,6,0.0
105554,2,47,21.0,4,0.0
105554,3,99,23.66,5,0.05
105554,4,57,47.2,5,0.0
105554,5,33,12.47,4,0.0
105555,1,38,28.66,7,0.0
105555,2,33,11.28,10,0.05
105555,3,60,12.6,4,0.05
105555,4,83,34.47,2,0.03
105556,1,81,26.07,1,0.0
105556,2,71,6.53,4,0.03
105556,3,20,32.23,2,0.15
105556,4,74,32.98,7,0.0
105556,5,120,5.42,2,0.0
105556,6,56,29.28,5,0.15
105557,1,64,26.23,3,0.1
105557,2,27,9.51,4,0.05
105558,1,24,51.36,6,0.15
105558,2,27,8.83,4,0.0
105559,1,8,4.85,4,0.0
105559,2,73,18.8,4,0.0
105559,3,98,12.58,3,0.0
105559,4,14,25.91,6,0.03
105559,5,76,21.69,4,0.0
105559,6,40,26.96,5,0.05
105560,1,24,49.77,6,0.0
105560,2,97,15.16,3,0.03
105560,3,65,11.33,4,0.15
105561,1,116,31.44,6,0.0
105561,2,6,10.5,8,0.0
105561,3,110,24.57,7,0.0
105562,1,49,24.42,3,0.0
105563,1,71,6.5,1,0.0
105564,1,83,32.02,12,0.0
105564,2,60,11.85,6,0.0
105564,3,107,44.98,6,0.05
105565,1,33,11.81,11,0.0
105565,2,4,6.94,7,0.0
105566,1,17,15.71,4,0.0
105566,2,45,13.32,2,0.0
105567,1,114,29.61,1,0.1
105568,1,85,30.76,1,0.0
105568,2,79,21.26,4,0.15
105568,3,76,23.49,2,0.0
105568,4,16,5.09,8,0.0
105569,1,116,43.82,5,0.05
105569,2,66,7.28,9,0.1
105569,3,67,31.96,1,0.15
105569,4,88,29.97,6,0.0
105570,1,97,13.8,3,0.1
105570,2,33,11.4,5,0.03
105570,3,20,33.84,4,0.05
105570,4,16,5.16,3,0.1
105570,5,21,34.26,3,0.15
105571,1,12,83.69,6,0.0
105571,2,45,11.9,6,0.0
105571,3,1,26.25,3,0.0
105572,1,100,54.94,1,0.0
105572,2,51,39.85,4,0.0
105572,3,113,9.42,3,0.0
105573,1,106,21.0,8,0.05
105573,2,33,11.38,5,0.03
105573,3,51,39.22,5,0.05
105573,4,67,30.26,4,0.0
105574,1,45,10.98,3,0.0
105575,1,79,21.11,9,0.15
105575,2,45,11.3,7,0.05
105575,3,50,9.81,4,0.1
105575,4,37,18.19,3,0.0
105576,1,72,9.5,14,0.2
105576,2,6,10.73,1,0.03
105576,3,15,10.36,4,0.1
105576,4,110,24.18,4,0.0
105576,5,83,35.11,3,0.0
105576,6,97,14.28,2,0.0
105576,7,55,19.03,1,0.0
105577,1,65,12.5,4,0.0
105577,2,34,24.95,6,0.0
105577,3,81,25.55,4,0.0
105577,4,26,14.57,2,0.15
105577,5,45,10.61,9,0.0
105577,6,84,15.95,3,0.0
105578,1,79,17.34,1,0.0
105578,2,8,4.99,2,0.0
105578,3,53,26.49,6,0.0
105579,1,10,48.22,6,0.0
105579,2,45,11.43,5,0.0
105579,3,98,11.89,2,0.0
105580,1,95,20.58,2,0.0
105580,2,79,17.75,5,0.03
105580,3,78,9.27,1,0.0
105580,4,81,25.38,4,0.0
105580,5,53,23.43,4,0.1
105580,6,104,28.62,2,0.0
105581,1,65,12.52,2,0.1
105581,2,71,8.1,1,0.0
105582,1,106,20.94,4,0.0
105582,2,2,27.63,1,0.05
105583,1,45,11.83,9,0.05
105583,2,53,24.68,1,0.1
105584,1,89,18.77,1,0.0
105584,2,52,46.99,4,0.0
105585,1,97,14.79,6,0.0
105586,1,111,82.38,7,0.1
105586,2,34,29.48,1,0.0
105586,3,45,11.73,6,0.15
105587,1,84,11.71,4,0.0
105587,2,110,26.17,4,0.0
105587,3,83,31.06,2,0.0
105588,1,80,23.36,4,0.0
105588,2,45,11.66,3,0.0
105588,3,79,22.56,5,0.0
105588,4,60,11.86,2,0.1
105588,5,71,5.95,4,0.0
105588,6,58,7.48,1,0.05
105589,1,41,52.86,4,0.05
105589,2,81,22.27,2,0.0
105589,3,26,14.7,3,0.0
105589,4,97,16.16,5,0.0
105589,5,33,11.85,1,0.0
105589,6,117,10.74,4,0.0
105590,1,82,6.26,3,0.1
105590,2,40,26.41,3,0.0
105590,3,90,56.33,3,0.05
105591,1,12,85.46,2,0.0
105591,2,44,15.52,3,0.15
105592,1,54,21.67,1,0.1
105592,2,82,6.68,4,0.03
105592,3,32,22.51,8,0.05
105592,4,83,35.78,8,0.0
105593,1,51,47.71,3,0.0
105593,2,113,8.79,5,0.2
105594,1,78,10.08,3,0.05
105594,2,60,12.4,1,0.0
105594,3,90,59.95,1,0.0
105594,4,59,18.56,8,0.03
105595,1,96,67.58,5,0.0
105596,1,32,16.78,1,0.15
105596,2,69,3.94,4,0.0
105596,3,82,6.68,13,0.0
105596,4,24,46.14,3,0.1
105596,5,44,15.93,10,0.1
105597,1,97,10.89,3,0.1
105597,2,82,5.89,2,0.0
105597,3,110,25.95,3,0.0
105598,1,116,36.42,6,0.1
105598,2,52,43.02,4,0.0
105599,1,97,17.12,2,0.0
105599,2,16,5.42,5,0.05
105599,3,100,62.66,4,0.0
105599,4,56,27.76,3,0.03
105599,5,105,5.26,4,0.03
105600,1,34,22.46,5,0.0
105600,2,83,32.2,4,0.05
105600,3,67,33.28,5,0.0
105601,1,46,17.72,4,0.05
105601,2,90,55.61,2,0.0
105601,3,17,16.55,3,0.1
105602,1,25,12.19,5,0.0
105602,2,5,20.92,2,0.0
105603,1,45,11.72,10,0.0
105603,2,15,10.78,3,0.0
105603,3,94,30.09,8,0.0
105604,1,106,18.53,13,0.1
105604,2,65,11.83,3,0.15
105604,3,110,26.72,5,0.0
105604,4,53,24.16,1,0.15
105604,5,19,27.28,2,0.03
105605,1,33,10.8,5,0.0
105605,2,99,25.54,17,0.0
105605,3,54,24.7,5,0.15
105606,1,56,29.53,6,0.0
105607,1,54,27.46,3,0.0
105608,1,25,11.23,7,0.1
105608,2,81,24.07,2,0.0
105608,3,101,21.17,10,0.0
105609,1,71,7.87,2,0.15
105609,2,83,36.96,10,0.1
105609,3,72,6.99,7,0.15
105609,4,101,24.3,5,0.0
105609,5,80,22.95,1,0.0
105609,6,9,25.97,5,0.0
105610,1,116,35.76,5,0.0
105610,2,72,9.16,5,0.2
105610,3,108,31.05,2,0.1
105610,4,117,9.54,2,0.0
105611,1,72,8.74,8,0.0
105611,2,93,25.29,5,0.0
105611,3,85,29.61,5,0.1
105611,4,53,24.06,3,0.15
105611,5,81,25.83,4,0.1
105612,1,85,28.82,4,0.0
105612,2,67,33.08,3,0.0
105612,3,43,34.86,3,0.0
105612,4,94,23.47,3,0.0
105613,1,24,46.23,1,0.0
105613,2,83,36.71,8,0.0
105613,3,107,43.17,4,0.0
105614,1,107,41.19,3,0.0
105614,2,24,44.91,5,0.0
105614,3,112,77.6,1,0.1
105614,4,69,4.07,2,0.0
105614,5,89,15.14,3,0.15
105615,1,104,28.93,6,0.0
105616,1,31,4.81,10,0.0
105616,2,75,18.05,3,0.0
105616,3,112,82.48,3,0.1
105616,4,41,45.58,3,0.0
105616,5,117,8.55,2,0.0
105616,6,76,20.07,1,0.0
105616,7,106,18.91,10,0.0
105617,1,110,24.02,7,0.03
105617,2,113,9.9,7,0.1
105617,3,47,21.65,8,0.0
105617,4,71,7.39,1,0.1
105618,1,52,44.09,3,0.0
105618,2,70,12.35,7,0.0
105619,1,57,49.98,2,0.0
105619,2,70,11.38,5,0.1
105619,3,106,20.23,3,0.0
105620,1,63,40.57,11,0.0
105620,2,79,18.42,1,0.05
105620,3,64,23.66,5,0.0
105621,1,47,22.73,1,0.0
105621,2,80,23.03,1,0.0
105621,3,10,56.48,4,0.0
105621,4,83,35.54,6,0.0
105621,5,117,9.85,3,0.1
105622,1,67,34.12,3,0.15
105622,2,51,48.57,3,0.0
105622,3,46,17.25,1,0.1
105623,1,117,9.5,2,0.05
105623,2,80,25.13,3,0.0
105623,3,16,4.78,2,0.05
105623,4,45,11.21,6,0.0
105623,5,110,25.81,6,0.03
105623,6,76,27.29,3,0.0
105624,1,58,7.59,12,0.0
105624,2,10,55.63,6,0.05
105624,3,94,27.92,4,0.0
105625,1,45,12.07,1,0.0
105625,2,110,26.96,3,0.03
105625,3,32,21.57,2,0.0
105626,1,116,40.51,6,0.15
105626,2,105,6.09,2,0.0
105626,3,97,14.66,3,0.0
105627,1,67,28.47,7,0.03
105627,2,52,50.51,2,0.1
105627,3,38,28.99,4,0.0
105627,4,9,20.04,6,0.0
105627,5,92,26.58,7,0.0
105628,1,18,15.11,10,0.0
105629,1,113,9.18,2,0.1
105629,2,79,19.72,3,0.0
105629,3,89,17.68,3,0.15
105630,1,76,24.46,4,0.0
105631,1,101,27.29,10,0.0
105632,1,8,4.57,2,0.1
105632,2,75,20.0,9,0.1
105632,3,49,28.61,2,0.0
105632,4,44,15.93,11,0.2
105633,1,110,25.69,4,0.05
105634,1,76,21.49,3,0.15
105634,2,117,9.31,3,0.0
105634,3,45,12.54,5,0.0
105634,4,116,39.11,7,0.0
105635,1,97,12.87,4,0.2
105635,2,81,26.62,3,0.05
105635,3,103,25.67,11,0.0
105636,1,64,20.57,3,0.0
105636,2,24,52.51,3,0.1
105636,3,9,24.54,2,0.1
105636,4,93,23.24,2,0.05
105637,1,45,12.36,2,0.0
105637,2,60,11.25,3,0.0
105638,1,97,16.4,3,0.0
105638,2,57,51.61,13,0.1
105639,1,117,9.55,5,0.0
105639,2,106,19.15,7,0.0
105639,3,101,23.96,4,0.0
105639,4,82,6.73,3,0.15
105640,1,70,11.19,1,0.15
105640,2,11,33.31,3,0.03
105640,3,66,8.55,2,0.0
105640,4,65,10.65,9,0.0
105640,5,79,20.35,1,0.1
105641,1,83,31.14,4,0.0
105642,1,110,26.18,5,0.1
105642,2,116,34.81,3,0.0
105643,1,79,22.9,2,0.0
105643,2,71,7.2,4,0.15
105643,3,39,122.98,2,0.05
105644,1,10,48.32,3,0.0
105644,2,116,37.99,6,0.05
105644,3,27,9.48,2,0.1
105645,1,110,24.69,4,0.0
105645,2,94,31.73,4,0.15
105645,3,19,24.9,3,0.0
105645,4,91,18.08,3,0.0
105646,1,45,12.89,3,0.0
105646,2,98,14.12,1,0.0
105646,3,16,4.63,3,0.1
105646,4,33,11.42,3,0.0
105646,5,8,4.76,4,0.0
105647,1,98,13.4,4,0.0
105647,2,91,18.76,2,0.0
105647,3,10,50.35,3,0.0
105647,4,32,18.79,3,0.0
105647,5,60,11.4,17,0.1
105648,1,110,25.56,11,0.0
105648,2,114,28.27,8,0.15
105648,3,97,14.76,3,0.0
105649,1,64,26.68,4,0.0
105649,2,80,23.71,6,0.0
105649,3,11,30.86,6,0.15
105649,4,89,17.46,6,0.0
105649,5,118,21.44,7,0.1
105650,1,40,21.85,2,0.03
105650,2,17,14.57,1,0.1
105650,3,69,4.29,1,0.0
105650,4,105,4.52,3,0.0
105651,1,83,36.53,4,0.0
105651,2,24,41.44,4,0.15
105651,3,45,10.9,2,0.15
105651,4,105,5.57,5,0.15
105651,5,2,28.41,3,0.0
105651,6,15,10.37,5,0.1
105652,1,49,24.23,6,0.0
105652,2,55,19.21,2,0.1
105652,3,76,23.33,3,0.0
105652,4,79,18.91,10,0.05
105653,1,45,11.63,6,0.15
105653,2,110,26.52,4,0.0
105653,3,88,37.69,3,0.05
105653,4,60,11.41,4,0.03
105653,5,19,21.69,3,0.05
105654,1,45,11.75,5,0.0
105654,2,12,88.22,5,0.0
105654,3,10,55.25,1,0.03
105654,4,99,27.76,6,0.0
105655,1,67,32.36,12,0.0
105655,2,25,12.9,1,0.0
105655,3,55,19.61,2,0.0
105655,4,104,26.64,7,0.0
105655,5,72,8.71,5,0.1
105656,1,45,10.4,4,0.15
105656,2,116,35.62,2,0.0
105657,1,60,10.81,1,0.0
105657,2,25,10.77,12,0.0
105657,3,45,12.74,1,0.0
105657,4,80,23.43,2,0.05
105658,1,79,19.73,4,0.0
105658,2,116,31.87,4,0.0
105658,3,81,23.2,2,0.0
105658,4,13,36.3,6,0.15
105659,1,76,26.78,4,0.0
105659,2,110,25.3,8,0.1
105660,1,116,38.39,2,0.0
105660,2,67,32.57,5,0.05
105661,1,81,26.54,6,0.0
105661,2,79,19.58,3,0.2
105661,3,49,27.31,9,0.05
105661,4,51,40.71,7,0.05
105661,5,71,8.04,6,0.1
105662,1,45,12.21,2,0.05
105663,1,35,28.47,5,0.03
105663,2,109,3.87,8,0.0
105663,3,110,24.06,6,0.0
105664,1,68,26.18,3,0.03
105665,1,65,12.06,5,0.0
105665,2,57,51.62,4,0.0
105665,3,71,7.46,4,0.1
105666,1,81,26.43,4,0.1
105667,1,52,44.75,14,0.05
105667,2,116,38.99,6,0.05
105667,3,51,44.65,3,0.0
105667,4,11,30.16,9,0.1
105668,1,97,13.61,3,0.0
105668,2,92,31.63,5,0.1
105668,3,89,17.09,1,0.0
105668,4,52,45.54,12,0.0
105669,1,72,9.59,5,0.03
105669,2,28,6.79,5,0.15
105669,3,58,8.19,2,0.05
105670,1,102,23.31,4,0.0
105670,2,52,48.24,8,0.0
105670,3,79,16.45,3,0.05
105670,4,78,9.51,3,0.0
105671,1,67,32.18,5,0.0
105671,2,9,27.04,2,0.03
105672,1,69,4.28,4,0.0
105672,2,117,9.72,3,0.0
105673,1,44,15.88,2,0.0
105673,2,2,28.35,11,0.0
105673,3,90,53.59,2,0.05
105674,1,10,49.25,2,0.15
105674,2,98,12.25,3,0.0
105674,3,75,17.52,13,0.0
105675,1,116,44.1,8,0.0
105675,2,57,45.8,4,0.05
105675,3,58,9.06,1,0.1
105675,4,105,4.87,1,0.0
105675,5,81,24.56,4,0.1
105675,6,2,30.23,3,0.0
105675,7,34,21.16,2,0.05
105676,1,60,12.52,2,0.1
105676,2,104,22.46,5,0.0
105676,3,110,28.44,2,0.0
105676,4,51,45.47,6,0.0
105676,5,40,21.22,4,0.0
105676,6,116,36.98,16,0.05
105677,1,92,24.6,5,0.0
105677,2,51,47.13,3,0.1
105677,3,11,38.26,1,0.0
105678,1,51,44.26,6,0.0
105678,2,60,12.04,4,0.0
105678,3,81,25.58,5,0.15
105679,1,88,32.54,1,0.0
105679,2,65,12.09,2,0.0
105679,3,8,4.42,8,0.0
105680,1,81,24.36,9,0.0
105680,2,110,25.72,5,0.0
105680,3,116,35.89,2,0.0
105680,4,106,21.86,6,0.0
105680,5,14,21.91,6,0.1
105680,6,51,49.5,5,0.0
105681,1,54,23.07,5,0.0
105681,2,5,26.82,2,0.0
105681,3,14,24.95,2,0.0
105681,4,75,19.85,1,0.0
105682,1,78,10.26,6,0.05
105682,2,8,4.36,2,0.0
105682,3,34,22.53,6,0.0
105683,1,69,4.21,2,0.05
105683,2,116,39.07,3,0.0
105683,3,5,24.92,3,0.0
105683,4,105,5.23,4,0.05
105683,5,82,6.24,4,0.0
105683,6,80,23.57,3,0.05
105684,1,67,34.56,3,0.0
105684,2,94,31.66,6,0.0
105684,3,18,17.19,4,0.03
105684,4,45,10.35,3,0.1
105685,1,76,25.94,1,0.0
105685,2,66,7.6,6,0.0
105686,1,106,20.46,4,0.1
105686,2,110,22.04,5,0.15
105686,3,78,8.87,6,0.0
105687,1,45,11.34,2,0.0
105688,1,1,28.22,2,0.0
105688,2,65,12.21,3,0.03
105689,1,75,20.94,4,0.03
105689,2,81,26.33,9,0.05
105689,3,116,42.25,1,0.1
105690,1,114,23.36,11,0.1
105690,2,55,21.65,10,0.05
105690,3,7,15.9,2,0.1
105690,4,67,35.86,1,0.0
105690,5,94,27.77,3,0.05
105691,1,116,39.55,5,0.0
105691,2,80,24.23,2,0.1
105691,3,97,14.31,2,0.0
105692,1,81,24.16,4,0.0
105692,2,101,23.42,1,0.0
105692,3,107,39.83,8,0.0
105692,4,103,22.43,6,0.15
105693,1,45,11.77,5,0.0
105693,2,110,23.79,5,0.0
105693,3,97,14.92,2,0.0
105694,1,88,38.12,5,0.05
105694,2,101,25.16,9,0.1
105694,3,80,25.66,5,0.0
105695,1,15,10.07,4,0.0
105696,1,79,20.36,3,0.0
105696,2,109,3.92,3,0.0
105696,3,56,24.76,11,0.0
105696,4,80,22.69,3,0.0
105697,1,116,39.29,2,0.0
105697,2,60,11.92,1,0.0
105697,3,110,26.89,3,0.1
105697,4,53,24.33,1,0.05
105697,5,57,41.39,6,0.0
105698,1,16,5.58,1,0.0
105698,2,78,9.74,3,0.0
105699,1,33,10.55,11,0.0
105699,2,39,114.32,8,0.0
105699,3,85,25.3,1,0.05
105699,4,9,22.21,1,0.05
105700,1,65,13.23,1,0.0
105700,2,110,28.09,9,0.1
105700,3,60,11.8,2,0.0
105701,1,54,20.58,3,0.0
105701,2,52,44.47,7,0.05
105701,3,32,17.75,3,0.0
105702,1,11,35.99,7,0.15
105702,2,72,8.22,7,0.0
105703,1,17,13.9,5,0.0
105703,2,118,20.36,9,0.0
105703,3,72,9.78,3,0.1
105703,4,12,87.76,4,0.2
105703,5,67,35.42,5,0.03
105703,6,117,10.27,2,0.0
105704,1,109,3.6,1,0.03
105704,2,81,25.12,7,0.0
105704,3,44,14.15,3,0.1
105705,1,103,24.64,3,0.15
105705,2,17,15.56,16,0.0
105705,3,8,4.24,5,0.0
105706,1,108,43.31,1,0.15
105706,2,81,23.34,2,0.15
105706,3,91,19.06,4,0.0
105706,4,71,7.27,2,0.0
105706,5,11,36.91,3,0.0
105706,6,83,36.57,6,0.0
105707,1,26,17.32,4,0.0
105707,2,27,9.44,4,0.15
105708,1,12,80.4,5,0.0
105708,2,68,24.27,1,0.0
105708,3,25,11.41,1,0.05
105709,1,31,4.97,5,0.1
105709,2,51,44.42,3,0.05
105709,3,15,10.82,2,0.0
105709,4,99,23.85,7,0.1
105709,5,97,14.43,1,0.03
105710,1,9,25.21,3,0.0
105710,2,110,29.93,3,0.05
105710,3,78,9.15,12,0.15
105711,1,108,34.16,3,0.0
105711,2,79,16.71,5,0.0
105711,3,31,5.35,6,0.0
105711,4,91,17.31,4,0.03
105712,1,40,24.49,3,0.0
105712,2,65,11.84,5,0.1
105712,3,45,12.66,6,0.0
105713,1,71,6.55,1,0.05
105713,2,66,8.48,9,0.0
105713,3,45,11.27,7,0.0
105713,4,81,22.6,2,0.0
105714,1,35,32.45,4,0.0
105715,1,16,4.85,7,0.0
105715,2,45,12.27,5,0.0
105715,3,1,28.01,2,0.05
105716,1,92,34.14,4,0.1
105716,2,41,47.67,4,0.03
105716,3,27,8.87,1,0.0
105717,1,11,33.98,13,0.0
105717,2,37,14.78,7,0.0
105717,3,45,10.77,7,0.0
105717,4,84,15.69,7,0.0
105718,1,45,11.22,5,0.0
105718,2,56,28.65,4,0.0
105718,3,70,12.37,5,0.03
105719,1,106,20.05,3,0.05
105719,2,116,38.21,4,0.0
105719,3,113,9.78,5,0.0
105720,1,45,11.03,7,0.0
105720,2,34,24.44,9,0.0
105720,3,21,30.76,5,0.0
105721,1,78,9.02,4,0.0
105721,2,40,22.55,4,0.05
105721,3,66,7.96,4,0.0
105721,4,97,14.3,10,0.2
105722,1,1,23.95,5,0.05
105722,2,87,27.51,4,0.05
105722,3,76,23.68,4,0.1
105722,4,83,36.27,3,0.2
105723,1,53,24.8,11,0.1
105723,2,65,12.41,5,0.05
105723,3,92,27.1,4,0.05
105723,4,75,15.89,8,0.15
105723,5,83,31.89,5,0.0
105724,1,16,5.04,5,0.1
105724,2,58,7.74,7,0.1
105725,1,71,7.85,4,0.05
105725,2,67,30.94,3,0.03
105726,1,27,9.92,4,0.05
105726,2,49,25.67,5,0.15
105727,1,58,8.56,5,0.03
105727,2,106,19.37,2,0.1
105727,3,99,30.54,2,0.0
105727,4,16,5.08,2,0.0
105727,5,81,24.84,3,0.0
105728,1,97,15.41,3,0.0
105728,2,81,26.44,5,0.15
105729,1,86,32.9,3,0.1
105730,1,60,11.84,4,0.0
105730,2,97,13.99,4,0.1
105730,3,79,20.81,3,0.05
105731,1,80,21.84,5,0.0
105731,2,45,11.27,2,0.1
105731,3,76,23.48,1,0.1
105731,4,27,10.49,2,0.0
105731,5,81,23.45,6,0.15
105731,6,52,39.63,6,0.0
105732,1,62,37.61,3,0.05
105732,2,71,8.4,2,0.0
105732,3,54,24.91,5,0.15
105733,1,76,24.81,4,0.1
105733,2,24,52.97,8,0.0
105734,1,76,22.7,8,0.0
105734,2,92,24.53,4,0.0
105734,3,97,13.87,11,0.05
105734,4,104,26.99,4,0.0
105735,1,2,27.28,3,0.03
105735,2,45,11.8,4,0.05
105735,3,56,28.4,8,0.05
105735,4,53,23.02,7,0.05
105736,1,57,48.29,5,0.05
105736,2,72,9.62,1,0.03
105736,3,53,26.89,3,0.0
105736,4,71,7.03,2,0.0
105736,5,44,16.45,4,0.0
105737,1,87,26.76,1,0.0
105737,2,72,10.09,4,0.0
105737,3,31,5.52,3,0.03
105737,4,50,11.64,1,0.0
105737,5,41,50.76,14,0.0
105738,1,8,4.9,5,0.03
105738,2,34,30.1,6,0.0
105738,3,44,16.09,5,0.0
105738,4,88,29.8,6,0.1
105739,1,117,9.42,1,0.0
105739,2,75,20.44,3,0.0
105740,1,105,5.81,3,0.0
105740,2,84,15.25,3,0.0
105740,3,99,25.75,7,0.0
105740,4,107,42.39,5,0.0
105741,1,84,12.83,10,0.0
105741,2,43,34.88,6,0.0
105741,3,9,22.38,7,0.1
105741,4,4,7.45,4,0.0
105742,1,22,16.39,2,0.0
105742,2,4,7.24,2,0.0
105742,3,83,29.66,2,0.0
105743,1,72,8.4,8,0.1
105743,2,45,11.94,12,0.2
105743,3,53,21.53,1,0.05
105743,4,78,10.14,7,0.0
105744,1,97,15.14,6,0.0
105745,1,99,21.09,3,0.0
105746,1,51,40.72,4,0.0
105746,2,78,9.0,3,0.0
105747,1,8,4.89,3,0.03
105747,2,50,10.55,7,0.1
105747,3,86,29.81,6,0.0
105747,4,70,12.2,5,0.03
105747,5,55,18.79,4,0.05
105748,1,89,17.07,1,0.05
105748,2,67,31.25,8,0.05
105748,3,40,28.56,3,0.2
105748,4,49,25.05,7,0.0
105749,1,85,25.9,6,0.15
105749,2,19,26.96,4,0.0
105749,3,82,6.03,3,0.0
105750,1,13,31.1,5,0.0
105750,2,106,19.94,7,0.0
105750,3,98,12.74,2,0.15
105750,4,65,12.29,1,0.1
105751,1,21,25.93,1,0.0
105751,2,32,17.51,3,0.05
105751,3,78,8.78,5,0.0
105752,1,97,14.04,2,0.0
105752,2,55,21.92,2,0.05
105752,3,88,31.62,5,0.0
105752,4,8,5.12,9,0.15
105752,5,84,14.95,5,0.1
105752,6,54,23.9,1,0.0
105753,1,45,14.18,4,0.0
105753,2,74,29.71,8,0.0
105754,1,76,22.99,7,0.15
105754,2,51,40.6,1,0.0
105754,3,20,29.18,5,0.05
105754,4,97,15.77,2,0.03
105755,1,120,5.44,7,0.1
105755,2,14,20.22,4,0.0
105756,1,108,31.48,7,0.1
105756,2,51,49.92,4,0.0
105756,3,11,36.23,5,0.0
105756,4,79,18.37,10,0.0
105756,5,52,45.95,5,0.0
105756,6,87,29.09,5,0.05
105756,7,67,31.78,1,0.0
105757,1,104,28.82,4,0.05
105757,2,79,21.15,9,0.0
105757,3,88,32.57,10,0.0
105758,1,2,26.18,8,0.0
105758,2,101,22.24,9,0.03
105758,3,99,25.48,3,0.0
105758,4,66,7.83,5,0.15
105759,1,62,37.79,6,0.0
105759,2,60,12.55,4,0.0
105760,1,31,4.7,3,0.0
105760,2,45,12.53,2,0.03
105760,3,78,9.54,4,0.1
105760,4,76,21.36,2,0.0
105760,5,109,3.68,8,0.0
105760,6,103,28.59,3,0.05
105760,7,72,8.65,4,0.0
105760,8,104,25.25,3,0.15
105761,1,40,21.35,4,0.05
105761,2,21,31.82,12,0.0
105761,3,96,73.42,2,0.0
105761,4,83,32.04,5,0.2
105761,5,2,28.3,7,0.0
105761,6,60,11.33,6,0.05
105761,7,97,15.91,4,0.05
105762,1,81,25.9,7,0.15
105762,2,110,27.04,7,0.0
105762,3,11,36.54,2,0.1
105762,4,5,22.55,5,0.03
105762,5,17,15.23,2,0.05
105762,6,33,10.5,2,0.0
105762,7,2,30.01,6,0.05
105763,1,80,24.24,5,0.0
105763,2,97,15.66,7,0.05
105763,3,8,5.05,10,0.0
105763,4,46,18.29,2,0.0
105764,1,80,23.7,9,0.03
105764,2,101,22.77,5,0.0
105765,1,116,35.29,12,0.03
105765,2,88,37.64,4,0.0
105765,3,14,25.33,8,0.0
105765,4,33,10.8,7,0.0
105765,5,60,9.89,8,0.0
105766,1,27,8.32,2,0.0
105766,2,98,13.65,4,0.05
105766,3,97,14.03,5,0.0
105767,1,51,47.38,9,0.0
105767,2,97,14.9,4,0.03
105768,1,67,34.89,6,0.2
105769,1,24,54.77,2,0.0
105769,2,106,21.64,3,0.2
105769,3,79,19.45,2,0.03
105770,1,25,13.23,5,0.05
105770,2,28,6.72,6,0.1
105770,3,53,23.81,4,0.0
105770,4,112,72.92,5,0.05
105770,5,94,34.23,1,0.0
105771,1,60,12.14,6,0.0
105771,2,105,5.86,7,0.03
105772,1,85,29.46,1,0.05
105772,2,6,10.07,5,0.0
105772,3,58,8.63,3,0.05
105773,1,83,32.89,3,0.1
105773,2,113,10.24,4,0.0
105774,1,113,11.71,6,0.05
105774,2,15,10.0,3,0.05
105774,3,116,38.04,6,0.05
105775,1,52,48.93,3,0.0
105776,1,71,6.59,3,0.15
105776,2,47,22.78,1,0.0
105776,3,22,15.22,14,0.05
105777,1,87,24.59,2,0.15
105777,2,100,59.97,6,0.1
105777,3,70,11.47,3,0.0
105777,4,104,28.61,5,0.0
105777,5,54,24.57,1,0.0
105777,6,91,19.37,2,0.0
105778,1,107,44.71,1,0.0
105779,1,79,18.1,4,0.1
105779,2,13,43.4,2,0.0
105780,1,37,18.8,3,0.0
105780,2,70,10.53,3,0.0
105780,3,9,22.47,2,0.0
105781,1,116,35.61,6,0.1
105781,2,110,27.35,8,0.0
105781,3,31,5.23,4,0.0
105782,1,110,25.69,4,0.0
105782,2,83,30.58,3,0.0
105782,3,1,29.45,7,0.0
105782,4,15,11.28,4,0.03
105782,5,53,23.79,6,0.05
105783,1,39,114.23,3,0.1
105783,2,16,5.44,5,0.03
105784,1,80,23.71,1,0.05
105784,2,110,26.05,5,0.05
105784,3,71,6.11,2,0.0
105784,4,63,42.12,3,0.0
105784,5,9,20.9,3,0.0
105785,1,60,11.4,4,0.1
105785,2,117,9.4,6,0.0
105786,1,31,4.91,2,0.0
105786,2,33,11.41,3,0.05
105786,3,57,40.11,5,0.0
105787,1,29,45.55,3,0.03
105787,2,89,17.5,2,0.0
105787,3,104,29.19,11,0.0
105787,4,75,18.4,9,0.0
105787,5,23,22.97,4,0.05
105788,1,83,31.51,11,0.0
105788,2,34,25.88,8,0.1
105788,3,2,28.83,4,0.0
105789,1,52,46.58,4,0.1
105789,2,113,11.01,3,0.03
105789,3,45,12.08,1,0.0
105789,4,79,19.55,5,0.1
105789,5,110,24.87,7,0.03
105789,6,98,13.25,8,0.0
105789,7,66,7.75,5,0.0
105790,1,27,9.39,3,0.2
105790,2,83,34.08,4,0.03
105790,3,52,39.97,3,0.05
105791,1,12,89.67,8,0.0
105791,2,45,13.82,10,0.0
105791,3,79,19.8,2,0.05
105791,4,56,27.37,3,0.05
105791,5,64,28.22,2,0.1
105792,1,51,45.16,7,0.0
105792,2,116,33.39,7,0.0
105793,1,70,12.37,1,0.05
105793,2,116,39.95,6,0.15
105793,3,103,28.63,2,0.0
105793,4,97,15.11,1,0.03
105793,5,35,27.98,2,0.0
105794,1,39,122.84,4,0.1
105794,2,45,9.44,4,0.1
105794,3,8,5.11,9,0.0
105795,1,52,50.54,12,0.03
105795,2,57,49.65,10,0.0
105795,3,9,23.92,4,0.0
105795,4,106,19.49,2,0.0
105796,1,52,44.57,4,0.15
105796,2,81,24.86,5,0.0
105796,3,24,46.66,7,0.0
105797,1,40,22.67,10,0.1
105797,2,83,30.74,1,0.15
105797,3,6,9.66,5,0.0
105798,1,98,13.3,1,0.05
105798,2,104,26.54,3,0.0
105798,3,24,54.08,2,0.15
105798,4,84,15.25,1,0.0
105799,1,21,28.61,3,0.0
105799,2,82,6.65,10,0.0
105799,3,84,16.2,7,0.0
105800,1,46,17.03,5,0.1
105800,2,68,27.06,3,0.05
105801,1,24,43.5,4,0.0
105801,2,72,8.61,5,0.0
105801,3,113,10.67,5,0.1
105801,4,45,11.16,2,0.0
105801,5,106,21.98,2,0.0
105802,1,34,25.45,7,0.0
105802,2,37,19.47,1,0.0
105802,3,101,21.68,8,0.0
105802,4,65,12.86,3,0.0
105802,5,2,29.75,4,0.0
105802,6,77,31.07,4,0.0
105802,7,14,27.18,2,0.0
105803,1,98,11.41,7,0.0
105803,2,92,29.87,6,0.0
105803,3,72,8.97,4,0.0
105804,1,5,26.9,2,0.0
105804,2,71,6.75,6,0.0
105804,3,81,25.34,2,0.0
105805,1,120,4.38,4,0.0
105805,2,106,22.3,2,0.0
105805,3,45,12.22,9,0.0
105805,4,64,25.68,2,0.0
105806,1,53,21.05,3,0.0
105806,2,77,30.91,3,0.1
105807,1,71,7.51,4,0.0
105807,2,65,11.32,2,0.1
105808,1,53,27.57,7,0.0
105808,2,79,20.68,4,0.05
105808,3,80,23.26,3,0.0
105809,1,98,10.9,3,0.0
105809,2,116,35.44,7,0.1
105809,3,79,19.19,1,0.0
105809,4,106,18.67,2,0.03
105810,1,70,10.91,7,0.1
105810,2,64,21.71,1,0.0
105810,3,67,36.27,2,0.1
105811,1,60,12.44,4,0.15
105811,2,116,41.02,4,0.1
105811,3,21,31.6,4,0.15
105811,4,98,11.07,2,0.2
105811,5,15,12.14,5,0.1
105811,6,67,31.5,1,0.0
105812,1,51,46.67,4,0.0
105813,1,98,13.09,7,0.1
105813,2,83,28.4,2,0.0
105813,3,78,9.29,4,0.0
105813,4,74,29.39,10,0.0
105813,5,69,3.97,4,0.1
105814,1,8,4.66,11,0.0
105814,2,75,20.72,11,0.1
105814,3,98,12.45,9,0.2
105815,1,92,25.73,11,0.0
105815,2,71,7.34,4,0.0
105815,3,9,25.07,3,0.05
105815,4,106,22.85,4,0.0
105816,1,79,19.91,2,0.1
105816,2,76,20.28,9,0.0
105816,3,65,10.67,4,0.05
105816,4,53,21.42,2,0.15
105817,1,85,32.44,6,0.0
105817,2,104,25.1,3,0.03
105818,1,53,28.07,1,0.0
105819,1,78,8.17,2,0.05
105819,2,97,15.42,4,0.0
105819,3,45,12.53,5,0.03
105819,4,28,7.63,1,0.0
105820,1,85,28.18,2,0.0
105821,1,94,32.77,10,0.15
105821,2,58,8.25,3,0.0
105821,3,27,8.93,8,0.05
105822,1,45,12.27,4,0.1
105822,2,60,13.62,4,0.0
105822,3,67,33.1,3,0.05
105823,1,45,10.63,8,0.0
105823,2,21,27.72,6,0.0
105823,3,56,30.21,3,0.15
105823,4,58,8.61,3,0.03
105824,1,21,29.91,2,0.05
105824,2,71,7.98,3,0.0
105824,3,104,24.35,1,0.05
105824,4,69,3.87,1,0.0
105825,1,43,33.89,3,0.0
105825,2,53,25.78,7,0.0
105825,3,75,19.92,2,0.0
105825,4,54,25.14,2,0.03
105825,5,58,8.42,5,0.0
105826,1,96,79.47,4,0.15
105827,1,83,30.66,2,0.0
105827,2,10,58.19,8,0.05
105828,1,94,28.26,1,0.0
105828,2,11,35.94,6,0.0
105828,3,80,24.98,7,0.03
105828,4,117,10.33,3,0.15
105828,5,72,8.62,2,0.1
105828,6,105,5.21,5,0.0
105829,1,112,67.44,5,0.0
105829,2,23,19.21,4,0.0
105829,3,76,26.22,3,0.05
105830,1,51,48.62,2,0.15
105830,2,97,15.08,6,0.15
105831,1,45,11.54,3,0.1
105831,2,22,17.31,5,0.0
105831,3,51,42.19,3,0.05
105831,4,60,12.2,4,0.03
105832,1,116,38.45,1,0.05
105832,2,40,24.16,9,0.0
105832,3,71,7.22,5,0.15
105833,1,116,41.46,3,0.0
105833,2,32,18.54,1,0.0
105833,3,81,22.4,1,0.1
105833,4,3,58.29,16,0.0
105834,1,98,12.58,2,0.1
105834,2,72,8.72,4,0.0
105834,3,71,8.01,2,0.0
105835,1,98,11.23,4,0.05
105835,2,104,26.42,5,0.05
105835,3,67,28.89,2,0.0
105835,4,52,52.86,3,0.0
105835,5,89,17.94,1,0.1
105835,6,16,5.0,2,0.05
105835,7,53,26.72,7,0.0
105836,1,82,5.98,3,0.0
105836,2,104,27.52,4,0.15
105837,1,82,6.44,2,0.1
105837,2,21,30.73,5,0.1
105838,1,31,5.41,2,0.0
105838,2,95,19.37,7,0.0
105838,3,22,14.62,3,0.0
105839,1,79,21.91,3,0.0
105839,2,60,13.47,4,0.0
105840,1,65,11.53,2,0.1
105840,2,67,33.06,10,0.05
105840,3,19,30.22,8,0.03
105841,1,69,4.24,6,0.03
105841,2,65,11.7,4,0.15
105842,1,15,9.52,4,0.0
105842,2,112,80.76,2,0.0
105843,1,82,6.27,6,0.2
105843,2,29,46.71,4,0.05
105844,1,116,35.92,6,0.0
105845,1,45,10.87,4,0.0
105845,2,23,23.87,2,0.0
105845,3,58,8.42,8,0.1
105845,4,34,25.73,8,0.0
105846,1,14,22.07,4,0.15
105846,2,97,14.92,10,0.05
105847,1,8,4.8,1,0.15
105847,2,27,10.05,5,0.05
105847,3,85,28.94,3,0.0
105847,4,57,46.31,5,0.0
105847,5,51,46.66,5,0.0
105848,1,56,27.35,2,0.0
105848,2,52,48.39,5,0.0
105848,3,109,4.22,6,0.15
105849,1,26,15.32,5,0.1
105849,2,106,22.13,16,0.0
105849,3,27,8.83,4,0.1
105849,4,18,16.12,4,0.03
105850,1,116,42.55,3,0.0
105850,2,45,11.07,4,0.1
105850,3,70,11.64,8,0.0
105851,1,110,25.7,5,0.05
105851,2,57,51.47,12,0.1
105851,3,71,8.59,1,0.0
105852,1,53,21.62,2,0.05
105852,2,54,23.08,2,0.1
105852,3,98,12.56,2,0.03
105853,1,60,12.09,8,0.0
105853,2,82,7.41,7,0.05
105853,3,12,89.02,5,0.0
105853,4,24,47.84,3,0.0
105854,1,76,24.71,3,0.0
105855,1,83,32.22,5,0.03
105855,2,67,31.62,3,0.0
105855,3,9,24.51,5,0.15
105855,4,32,18.53,4,0.0
105855,5,89,18.66,4,0.0
105856,1,71,7.4,3,0.15
105856,2,79,19.41,4,0.05
105856,3,36,30.48,6,0.0
105857,1,47,22.48,5,0.03
105857,2,70,13.15,5,0.0
105858,1,17,13.16,4,0.0
105858,2,34,24.67,3,0.0
105859,1,44,13.83,2,0.1
105859,2,8,4.92,1,0.0
105859,3,47,23.28,1,0.0
105859,4,97,15.01,16,0.05
105860,1,4,6.24,3,0.0
105860,2,8,4.73,5,0.0
105860,3,14,26.6,3,0.15
105860,4,35,28.9,3,0.0
105860,5,12,80.54,4,0.0
105860,6,76,25.46,3,0.15
105861,1,99,25.87,3,0.0
105861,2,54,24.03,9,0.03
105861,3,44,17.49,3,0.05
105861,4,3,67.13,4,0.15
105862,1,89,17.72,7,0.03
105862,2,2,27.12,11,0.0
105862,3,45,13.33,3,0.0
105863,1,81,26.33,4,0.0
105863,2,114,26.27,6,0.05
105863,3,24,48.1,4,0.0
105863,4,57,52.58,4,0.05
105864,1,59,21.59,11,0.0
105864,2,25,13.25,2,0.0
105864,3,11,30.23,2,0.15
105865,1,20,32.17,5,0.05
105865,2,97,14.77,2,0.0
105865,3,44,16.88,4,0.0
105866,1,9,23.94,19,0.03
105866,2,24,45.98,4,0.0
105866,3,97,16.19,2,0.0
105867,1,40,27.72,3,0.05
105867,2,22,16.0,2,0.0
105867,3,117,10.32,6,0.0
105867,4,52,41.9,6,0.05
105867,5,79,21.59,5,0.15
105868,1,75,18.97,2,0.0
105868,2,67,28.92,2,0.03
105868,3,71,7.01,3,0.0
105868,4,24,48.17,4,0.15
105868,5,82,6.75,5,0.1
105869,1,41,51.16,5,0.0
105869,2,45,10.41,1,0.15
105869,3,109,4.0,1,0.0
105870,1,17,14.63,6,0.1
105870,2,71,7.79,1,0.03
105870,3,60,12.18,6,0.15
105870,4,56,22.68,8,0.0
105871,1,80,23.82,2,0.1
105871,2,67,30.54,3,0.0
105872,1,45,10.57,4,0.0
105872,2,40,25.28,8,0.0
105872,3,104,26.66,5,0.05
105873,1,62,33.92,2,0.0
105873,2,51,46.16,1,0.1
105873,3,55,16.75,4,0.0
105873,4,116,35.5,3,0.0
105874,1,76,27.33,1,0.0
105874,2,79,19.54,1,0.05
105874,3,120,5.26,5,0.05
105875,1,113,10.03,4,0.0
105875,2,110,25.57,1,0.15
105875,3,75,19.32,2,0.0
105876,1,45,12.46,4,0.03
105876,2,78,9.17,3,0.05
105876,3,8,5.05,2,0.0
105877,1,104,25.05,1,0.0
105877,2,24,52.27,4,0.0
105877,3,60,12.5,9,0.15
105878,1,54,21.71,11,0.1
105878,2,15,11.5,3,0.0
105878,3,91,17.92,2,0.03
105878,4,42,19.83,2,0.0
105879,1,83,31.3,4,0.0
105879,2,71,7.49,1,0.0
105879,3,11,32.61,2,0.03
105879,4,8,5.35,1,0.0
105879,5,59,21.84,7,0.0
105879,6,24,54.11,4,0.05
105880,1,108,33.73,14,0.0
105880,2,20,33.82,5,0.0
105880,3,81,27.84,5,0.05
105881,1,67,30.74,3,0.0
105881,2,56,23.26,13,0.1
105882,1,56,27.79,6,0.0
105882,2,113,9.95,6,0.0
105883,1,57,52.22,2,0.0
105883,2,60,11.77,1,0.0
105883,3,4,8.04,4,0.05
105883,4,98,13.13,13,0.15
105884,1,25,11.36,5,0.15
105884,2,45,11.06,2,0.0
105884,3,81,23.24,10,0.1
105885,1,35,31.6,1,0.0
105885,2,99,26.26,6,0.0
105885,3,85,28.68,7,0.0
105885,4,117,9.41,2,0.15
105886,1,44,15.92,3,0.0
105886,2,98,13.6,1,0.05
105886,3,8,4.69,9,0.0
105886,4,62,33.21,5,0.0
105887,1,102,26.74,10,0.0
105887,2,29,41.71,4,0.0
105887,3,78,9.68,2,0.0
105887,4,11,40.07,3,0.1
105887,5,97,16.28,5,0.05
105888,1,75,18.9,2,0.1
105889,1,114,24.38,4,0.0
105889,2,53,23.13,2,0.0
105889,3,64,25.7,1,0.05
105889,4,116,42.11,2,0.0
105890,1,24,53.07,1,0.0
105890,2,79,16.33,2,0.0
105890,3,26,13.68,3,0.0
105890,4,36,30.46,5,0.05
105890,5,99,24.3,3,0.03
105890,6,51,44.02,3,0.05
105891,1,112,73.79,2,0.0
105891,2,106,21.85,3,0.0
105891,3,23,21.41,2,0.05
105891,4,107,42.8,6,0.2
105891,5,12,86.98,5,0.05
105891,6,26,15.89,3,0.05
105891,7,45,11.12,4,0.0
105891,8,116,41.14,3,0.1
105892,1,58,6.78,4,0.0
105893,1,87,29.63,12,0.0
105893,2,45,12.16,2,0.0
105893,3,5,23.74,5,0.0
105894,1,86,27.15,7,0.0
105894,2,84,16.85,4,0.0
105894,3,111,83.73,4,0.0
105894,4,79,17.0,8,0.0
105894,5,45,13.46,3,0.05
105895,1,16,5.05,2,0.0
105895,2,94,31.65,1,0.05
105895,3,97,15.24,2,0.1
105896,1,83,30.73,4,0.0
105896,2,106,22.23,5,0.1
105897,1,76,22.3,5,0.0
105898,1,81,24.79,7,0.0
105898,2,64,23.46,3,0.0
105898,3,97,16.02,1,0.05
105898,4,57,49.84,6,0.0
105898,5,67,30.93,4,0.0
105898,6,26,14.98,4,0.0
105898,7,32,19.37,5,0.0
105899,1,114,26.08,7,0.0
105899,2,112,84.25,7,0.0
105899,3,118,23.07,3,0.0
105899,4,11,30.13,2,0.05
105900,1,45,12.54,4,0.1
105900,2,118,18.86,2,0.15
105901,1,65,12.82,5,0.0
105901,2,83,30.96,1,0.1
105901,3,17,15.47,4,0.05
105901,4,67,31.73,2,0.0
105902,1,72,8.08,4,0.0
105902,2,85,33.6,6,0.03
105902,3,63,44.4,7,0.1
105902,4,23,20.9,5,0.0
105903,1,67,29.42,5,0.1
105903,2,72,8.44,4,0.0
105903,3,58,9.2,5,0.03
105903,4,28,7.34,2,0.0
105904,1,32,16.16,13,0.0
105904,2,51,54.69,3,0.0
105904,3,83,33.5,7,0.0
105904,4,34,25.83,1,0.0
105904,5,12,83.32,7,0.0
105905,1,77,31.96,4,0.1
105905,2,98,12.0,3,0.0
105905,3,71,7.0,7,0.05
105905,4,33,12.37,6,0.0
105905,5,106,20.61,5,0.0
105906,1,51,42.19,6,0.03
105906,2,8,5.05,9,0.0
105906,3,34,23.82,5,0.0
105907,1,60,11.43,2,0.0
105907,2,105,5.2,4,0.05
105907,3,34,25.33,10,0.05
105907,4,10,53.41,3,0.0
105908,1,15,10.72,3,0.0
105908,2,25,12.44,3,0.0
105908,3,84,18.01,6,0.0
105909,1,53,24.96,4,0.03
105909,2,66,7.84,7,0.0
105909,3,51,44.85,1,0.1
105909,4,40,24.1,3,0.15
105910,1,45,11.02,3,0.0
105910,2,94,36.17,7,0.0
105911,1,96,81.58,3,0.0
105911,2,8,5.23,4,0.05
105911,3,89,17.9,2,0.0
105912,1,4,7.07,3,0.0
105912,2,14,26.35,3,0.03
105913,1,69,4.25,4,0.03
105913,2,94,33.65,2,0.0
105913,3,76,22.32,4,0.0
105913,4,8,5.14,5,0.0
105913,5,34,25.07,2,0.0
105913,6,12,88.37,2,0.05
105914,1,116,38.51,6,0.0
105914,2,71,7.01,2,0.0
105914,3,51,45.36,2,0.15
105914,4,37,19.82,5,0.0
105915,1,97,15.1,3,0.0
105915,2,21,28.45,5,0.15
105915,3,34,24.0,3,0.15
105915,4,9,28.39,4,0.05
105916,1,24,49.75,5,0.0
105916,2,53,24.77,2,0.0
105916,3,23,25.31,12,0.1
105917,1,41,48.57,6,0.1
105917,2,72,8.4,5,0.0
105918,1,107,44.17,6,0.05
105918,2,52,48.33,1,0.0
105918,3,57,50.68,2,0.05
105919,1,40,22.59,7,0.0
105919,2,51,40.08,8,0.0
105919,3,105,5.14,4,0.2
105920,1,12,73.82,4,0.05
105921,1,90,46.95,6,0.05
105921,2,50,11.76,3,0.0
105921,3,8,5.41,3,0.0
105922,1,76,25.3,3,0.0
105922,2,112,74.14,3,0.0
105922,3,27,9.86,3,0.0
105923,1,45,13.41,8,0.1
105923,2,85,25.67,5,0.0
105923,3,69,3.99,10,0.0
105923,4,98,12.03,4,0.15
105924,1,53,23.19,9,0.05
105924,2,45,11.78,3,0.0
105924,3,52,50.67,3,0.05
105924,4,60,12.07,1,0.05
105924,5,61,20.24,8,0.0
105924,6,51,42.3,5,0.0
105925,1,34,25.48,4,0.15
105925,2,51,46.35,4,0.05
105925,3,21,23.31,2,0.15
105926,1,24,51.75,3,0.0
105926,2,51,41.01,3,0.05
105927,1,110,22.54,11,0.05
105927,2,92,29.35,2,0.0
105927,3,64,24.26,6,0.0
105927,4,83,32.2,6,0.05
105927,5,81,23.42,1,0.0
105927,6,116,41.43,4,0.0
105928,1,14,27.08,3,0.0
105929,1,14,25.67,2,0.05
105929,2,54,26.15,4,0.03
105929,3,12,82.54,7,0.03
105930,1,78,9.51,2,0.0
105930,2,56,27.94,4,0.0
105930,3,69,4.16,4,0.05
105930,4,33,11.03,6,0.0
105931,1,110,23.54,5,0.0
105932,1,72,8.31,7,0.0
105932,2,110,22.97,3,0.03
105932,3,70,10.87,5,0.05
105932,4,37,18.46,5,0.03
105932,5,97,9.76,6,0.05
105932,6,25,12.17,3,0.0
105932,7,90,54.81,3,0.0
105933,1,97,13.39,4,0.1
105933,2,82,6.28,4,0.0
105934,1,90,48.65,8,0.0
105934,2,45,12.3,3,0.1
105934,3,81,22.09,4,0.0
105935,1,16,4.63,4,0.05
105935,2,49,25.79,3,0.0
105935,3,45,13.01,5,0.05
105935,4,81,25.0,2,0.15
105936,1,52,50.0,6,0.0
105936,2,32,16.19,7,0.0
105936,3,45,11.86,3,0.05
105936,4,70,12.64,5,0.1
105937,1,46,15.71,1,0.0
105937,2,24,56.44,4,0.0
105937,3,21,33.19,7,0.0
105938,1,25,13.63,4,0.0
105938,2,116,35.08,2,0.0
105938,3,117,8.58,2,0.05
105938,4,45,12.31,3,0.0
105939,1,75,20.42,3,0.03
105939,2,105,5.74,15,0.05
105939,3,54,24.76,4,0.1
105939,4,91,19.02,3,0.0
105939,5,110,27.83,7,0.05
105939,6,59,20.76,3,0.0
105940,1,45,11.17,2,0.03
105940,2,110,25.79,5,0.03
105940,3,70,12.57,6,0.15
105940,4,99,28.2,3,0.0
105940,5,105,4.78,3,0.1
105941,1,100,58.98,2,0.0
105941,2,50,10.31,1,0.0
105941,3,81,23.58,1,0.05
105942,1,108,36.29,3,0.1
105942,2,81,24.77,4,0.0
105942,3,87,27.87,7,0.0
105943,1,109,3.81,5,0.0
105943,2,13,38.62,4,0.0
105944,1,52,44.8,6,0.0
105944,2,51,47.27,2,0.03
105945,1,15,10.93,5,0.2
105945,2,103,30.27,8,0.05
105945,3,60,12.92,8,0.1
105945,4,83,28.23,3,0.0
105945,5,110,22.11,5,0.03
105946,1,60,12.54,2,0.1
105946,2,82,6.97,12,0.03
105946,3,55,21.58,4,0.0
105946,4,36,36.4,4,0.1
105947,1,106,21.93,6,0.15
105947,2,27,10.1,6,0.0
105947,3,113,9.94,6,0.05
105947,4,65,12.55,8,0.0
105948,1,23,24.16,3,0.05
105948,2,45,10.61,6,0.0
105949,1,46,18.7,5,0.0
105949,2,110,27.24,5,0.15
105949,3,15,8.27,8,0.0
105950,1,70,10.66,1,0.0
105950,2,67,38.65,3,0.0
105950,3,80,24.68,1,0.03
105951,1,71,7.48,6,0.0
105951,2,61,21.78,2,0.0
105951,3,36,33.81,4,0.03
105951,4,45,12.66,3,0.0
105952,1,41,52.39,1,0.05
105952,2,52,45.17,2,0.0
105952,3,76,25.93,8,0.0
105952,4,108,40.19,3,0.0
105952,5,53,23.23,1,0.0
105953,1,52,51.02,6,0.05
105953,2,79,21.29,9,0.0
105953,3,97,14.72,3,0.0
105954,1,109,3.79,6,0.0
105954,2,72,9.35,6,0.0
105954,3,98,12.23,10,0.1
105955,1,11,28.38,5,0.05
105955,2,112,74.05,6,0.0
105956,1,106,19.31,5,0.0
105956,2,102,25.47,2,0.05
105956,3,71,7.89,1,0.1
105956,4,46,17.81,4,0.0
105956,5,58,8.7,2,0.0
105957,1,71,7.67,1,0.05
105957,2,94,32.04,9,0.05
105957,3,82,6.3,8,0.0
105957,4,108,37.46,6,0.05
105958,1,27,9.27,11,0.0
105958,2,117,10.27,2,0.0
105958,3,19,24.33,1,0.03
105959,1,71,8.38,2,0.05
105959,2,9,25.68,5,0.0
105960,1,32,19.25,2,0.0
105960,2,94,29.57,3,0.15
105960,3,107,39.05,3,0.15
105961,1,99,23.09,1,0.0
105961,2,81,22.51,8,0.03
105962,1,71,7.33,1,0.0
105962,2,110,26.56,3,0.1
105962,3,8,5.6,6,0.15
105962,4,53,27.56,6,0.03
105963,1,76,24.84,4,0.1
105963,2,24,48.71,3,0.0
105964,1,71,8.04,8,0.0
105964,2,15,10.6,5,0.0
105965,1,87,26.49,6,0.0
105965,2,56,29.84,1,0.0
105966,1,113,11.13,4,0.1
105966,2,98,12.68,10,0.0
105966,3,53,23.62,1,0.0
105966,4,57,46.11,4,0.0
105967,1,36,30.58,3,0.0
105967,2,94,28.46,6,0.05
105968,1,92,24.89,6,0.0
105968,2,8,5.41,2,0.0
105968,3,9,21.54,1,0.0
105969,1,82,6.79,6,0.0
105969,2,86,28.39,9,0.0
105969,3,75,18.82,3,0.0
105969,4,56,27.04,4,0.0
105970,1,81,23.0,3,0.0
105971,1,96,76.59,12,0.0
105971,2,47,20.39,1,0.03
105971,3,58,8.29,1,0.0
105972,1,89,16.68,3,0.0
105972,2,83,32.43,6,0.0
105973,1,104,25.51,1,0.0
105974,1,46,18.06,2,0.0
105974,2,110,25.89,2,0.05
105975,1,117,8.88,2,0.15
105975,2,116,40.4,1,0.0
105975,3,12,82.48,8,0.0
105976,1,29,49.14,6,0.0
105976,2,58,7.91,1,0.0
105976,3,87,27.46,2,0.0
105976,4,19,28.9,2,0.0
105977,1,45,11.69,9,0.05
105977,2,60,11.47,4,0.1
105977,3,82,6.51,2,0.0
105978,1,46,16.97,2,0.05
105978,2,58,7.12,1,0.0
105978,3,82,7.14,5,0.0
105979,1,67,32.78,5,0.0
105979,2,17,13.64,7,0.15
105979,3,45,11.77,4,0.0
105980,1,71,7.89,4,0.0
105981,1,60,12.96,3,0.03
105981,2,53,23.22,9,0.0
105982,1,92,27.13,2,0.0
105982,2,72,7.62,9,0.0
105982,3,25,12.91,1,0.03
105982,4,1,30.95,1,0.2
105983,1,53,28.6,2,0.1
105983,2,108,32.91,4,0.0
105983,3,12,91.6,9,0.0
105983,4,110,22.92,5,0.15
105984,1,103,32.57,3,0.1
105984,2,116,37.52,1,0.0
105984,3,67,35.09,3,0.05
105984,4,82,7.2,1,0.1
105984,5,81,24.64,2,0.0
105985,1,83,36.88,7,0.2
105985,2,97,15.81,1,0.0
105985,3,106,24.16,4,0.05
105985,4,45,11.69,2,0.0
105986,1,80,26.36,7,0.0
105986,2,61,17.59,2,0.0
105986,3,75,14.57,3,0.0
105986,4,24,44.28,5,0.0
105986,5,67,30.4,6,0.0
105987,1,45,13.0,6,0.0
105987,2,71,7.59,1,0.05
105987,3,111,83.63,4,0.05
105987,4,98,12.71,4,0.0
105987,5,39,109.49,2,0.05
105987,6,75,18.44,2,0.0
105988,1,30,4.82,13,0.0
105988,2,116,39.3,2,0.1
105988,3,97,13.44,5,0.0
105988,4,110,23.84,1,0.0
105988,5,11,29.38,7,0.0
105989,1,60,11.14,1,0.0
105989,2,79,19.39,7,0.1
105989,3,116,37.87,3,0.0
105989,4,91,16.97,1,0.05
105989,5,26,16.02,6,0.0
105990,1,71,7.01,12,0.1
105990,2,97,13.86,5,0.05
105990,3,81,26.03,6,0.0
105990,4,106,21.99,1,0.0
105990,5,105,5.15,3,0.0
105991,1,21,28.23,6,0.0
105991,2,31,4.36,4,0.0
105991,3,116,34.45,2,0.0
105992,1,58,9.94,7,0.0
105992,2,72,9.73,3,0.05
105992,3,34,28.13,9,0.15
105992,4,15,11.34,8,0.1
105993,1,67,33.9,6,0.1
105993,2,50,10.25,1,0.0
105994,1,91,19.14,6,0.05
105994,2,76,25.46,5,0.15
105994,3,14,27.3,5,0.0
105995,1,61,16.15,4,0.0
105995,2,60,12.05,3,0.0
105995,3,78,9.42,4,0.0
105995,4,33,10.92,6,0.0
105996,1,98,12.08,7,0.0
105997,1,72,7.3,3,0.0
105997,2,94,28.02,4,0.0
105998,1,105,5.51,7,0.0
105998,2,81,27.76,2,0.0
105999,1,80,21.45,3,0.0
105999,2,81,25.91,5,0.0
105999,3,107,44.88,3,0.0
106000,1,60,10.7,4,0.0
106000,2,81,23.84,5,0.1
106000,3,76,25.51,4,0.0
106000,4,20,36.08,5,0.15
106000,5,26,15.23,2,0.0
106000,6,38,27.96,8,0.0
106001,1,58,8.7,2,0.0
106001,2,61,21.66,5,0.0
106002,1,71,7.05,11,0.1
106002,2,52,45.66,3,0.0
106002,3,72,9.11,3,0.0
106003,1,78,9.74,6,0.03
106003,2,113,9.43,3,0.05
106003,3,53,24.18,4,0.0
106004,1,79,19.35,2,0.0
106004,2,101,25.63,4,0.0
106005,1,45,11.14,12,0.0
106005,2,2,29.86,3,0.05
106005,3,37,18.4,5,0.0
106006,1,108,39.3,7,0.03
106006,2,79,18.98,5,0.2
106007,1,45,11.57,4,0.1
106007,2,40,22.46,6,0.0
106007,3,53,28.09,6,0.1
106008,1,103,26.43,8,0.0
106008,2,82,6.5,2,0.0
106009,1,101,27.33,8,0.0
106009,2,99,24.6,2,0.15
106009,3,34,23.23,2,0.0
106009,4,72,8.26,1,0.0
106009,5,71,7.05,6,0.03
106010,1,109,3.94,3,0.05
106010,2,116,33.52,2,0.05
106010,3,10,54.54,1,0.05
106011,1,45,11.72,8,0.0
106012,1,15,11.18,1,0.0
106012,2,80,23.5,6,0.0
106012,3,12,86.34,8,0.05
106012,4,25,13.64,2,0.05
106013,1,5,25.93,4,0.0
106014,1,8,4.38,8,0.05
106015,1,26,15.07,3,0.0
106015,2,13,37.02,2,0.1
106015,3,43,37.33,8,0.05
106015,4,80,22.47,4,0.0
106015,5,113,9.79,7,0.0
106016,1,38,29.44,8,0.0
106016,2,45,11.68,7,0.0
106017,1,51,45.98,6,0.2
106017,2,112,81.45,9,0.0
106017,3,116,36.96,9,0.05
106018,1,82,6.74,8,0.05
106018,2,44,16.53,2,0.15
106018,3,106,21.06,7,0.1
106018,4,15,11.37,5,0.0
106018,5,69,4.07,4,0.05
106018,6,65,11.69,4,0.05
106019,1,59,22.69,5,0.15
106019,2,45,12.36,1,0.05
106019,3,10,55.68,4,0.0
106019,4,65,12.57,1,0.0
106020,1,27,10.6,8,0.0
106020,2,53,24.58,4,0.0
106020,3,116,31.8,1,0.0
106020,4,113,10.82,3,0.03
106021,1,56,26.78,11,0.0
106021,2,46,20.1,5,0.05
106022,1,45,12.46,2,0.03
106022,2,108,34.39,7,0.05
106022,3,84,15.9,7,0.03
106023,1,21,25.33,5,0.0
106023,2,113,10.81,3,0.05
106023,3,60,10.59,3,0.0
106023,4,91,18.35,4,0.0
106023,5,64,24.1,6,0.0
106024,1,45,14.75,2,0.0
106024,2,94,32.31,10,0.0
106024,3,71,6.7,1,0.0
106024,4,83,31.82,4,0.15
106024,5,9,24.67,2,0.0
106025,1,26,15.47,3,0.0
106025,2,45,12.18,7,0.03
106025,3,106,21.58,6,0.0
106025,4,6,12.0,9,0.03
106025,5,116,44.79,8,0.0
106026,1,96,76.78,2,0.0
106026,2,72,9.68,6,0.0
106026,3,81,23.06,3,0.03
106027,1,71,7.45,2,0.03
106027,2,105,6.02,2,0.1
106027,3,40,22.12,6,0.1
106027,4,73,16.76,4,0.03
106027,5,51,44.16,7,0.0
106028,1,103,29.79,1,0.0
106028,2,60,13.1,3,0.1
106028,3,110,25.68,3,0.1
106029,1,72,7.79,8,0.1
106029,2,63,35.17,1,0.03
106029,3,67,36.51,7,0.0
106029,4,24,49.93,5,0.0
106030,1,99,26.69,2,0.0
106030,2,1,23.84,5,0.05
106030,3,46,16.24,3,0.2
106031,1,60,12.9,4,0.0
106031,2,4,6.46,1,0.05
106031,3,24,50.31,5,0.0
106032,1,110,26.18,8,0.0
106032,2,21,30.04,9,0.0
106033,1,40,24.54,4,0.0
106033,2,34,25.16,8,0.0
106034,1,76,22.29,9,0.0
106034,2,6,10.94,2,0.03
106034,3,12,87.02,3,0.0
106034,4,81,22.31,3,0.05
106034,5,93,25.87,6,0.1
106034,6,82,6.56,2,0.0
106035,1,85,27.53,3,0.0
106035,2,116,48.12,3,0.0
106035,3,72,7.19,8,0.03
106036,1,40,27.36,4,0.05
106037,1,19,30.42,2,0.05
106037,2,45,10.68,5,0.0
106037,3,117,10.72,3,0.03
106038,1,102,23.25,6,0.2
106038,2,97,15.19,6,0.0
106038,3,49,26.51,3,0.0
106038,4,116,40.09,2,0.0
106038,5,52,52.27,6,0.03
106039,1,120,5.0,5,0.1
106039,2,61,20.39,3,0.0
106039,3,60,12.46,2,0.0
106039,4,45,11.05,2,0.0
106040,1,60,11.91,10,0.0
106041,1,110,24.33,3,0.0
106041,2,58,7.55,10,0.05
106041,3,14,27.05,2,0.0
106042,1,120,4.79,9,0.0
106042,2,46,16.26,1,0.05
106042,3,68,26.58,3,0.03
106043,1,45,12.0,1,0.0
106043,2,71,7.54,9,0.0
106043,3,26,17.07,4,0.1
106043,4,81,25.04,5,0.0
106043,5,19,24.61,6,0.0
106043,6,98,13.23,1,0.0
106044,1,45,12.89,5,0.1
106044,2,51,47.91,4,0.05
106045,1,51,42.33,3,0.05
106045,2,26,16.19,4,0.1
106045,3,68,26.0,2,0.1
106045,4,70,11.35,8,0.0
106045,5,3,61.54,9,0.0
106045,6,24,52.83,4,0.0
106046,1,45,11.9,3,0.05
106046,2,97,15.42,3,0.2
106047,1,97,14.41,6,0.05
106047,2,80,21.24,5,0.0
106048,1,17,14.38,2,0.1
106048,2,9,23.71,2,0.0
106048,3,23,23.76,2,0.0
106048,4,104,26.84,5,0.1
106048,5,94,30.15,7,0.15
106049,1,60,13.41,3,0.0
106049,2,99,28.53,1,0.05
106049,3,16,5.12,7,0.0
106049,4,51,43.76,1,0.0
106050,1,75,16.81,3,0.03
106050,2,71,7.92,5,0.0
106050,3,23,25.61,7,0.0
106050,4,11,33.08,4,0.15
106050,5,98,11.99,2,0.0
106050,6,79,21.54,7,0.0
106050,7,82,5.66,1,0.1
106050,8,40,23.6,8,0.05
106051,1,68,23.58,6,0.1
106051,2,48,34.95,8,0.0
106051,3,9,21.58,7,0.1
106051,4,110,28.99,4,0.0
106052,1,52,46.2,7,0.03
106052,2,45,11.26,4,0.03
106052,3,83,31.04,5,0.0
106053,1,86,31.16,3,0.0
106053,2,56,24.66,4,0.1
106053,3,116,41.63,12,0.0
106053,4,79,19.39,2,0.05
106054,1,99,26.64,2,0.1
106054,2,84,14.37,7,0.0
106054,3,56,25.78,3,0.0
106055,1,76,25.44,7,0.0
106055,2,50,10.88,3,0.05
106055,3,18,16.97,5,0.0
106056,1,24,45.51,1,0.0
106056,2,12,84.32,1,0.03
106056,3,19,23.8,1,0.03
106057,1,25,12.32,4,0.0
106057,2,8,4.56,4,0.0
106058,1,60,12.61,5,0.1
106058,2,116,35.1,5,0.0
106058,3,44,15.56,3,0.0
106058,4,45,11.82,4,0.0
106058,5,83,34.68,2,0.0
106058,6,31,4.98,5,0.05
106058,7,14,26.92,4,0.0
106059,1,58,7.48,6,0.0
106059,2,94,33.94,1,0.05
106059,3,27,8.96,2,0.0
106059,4,45,12.01,2,0.05
106060,1,67,32.7,5,0.2
106060,2,70,12.59,2,0.0
106060,3,103,31.39,5,0.0
106060,4,64,20.11,1,0.1
106060,5,76,27.34,3,0.0
106061,1,23,24.49,2,0.0
106061,2,80,25.54,10,0.0
106061,3,38,29.34,5,0.0
106061,4,116,40.41,7,0.0
106061,5,102,26.93,4,0.1
106062,1,23,25.05,3,0.0
106062,2,113,10.37,5,0.0
106063,1,76,23.53,6,0.1
106063,2,97,14.07,4,0.2
106064,1,14,25.74,5,0.1
106064,2,94,30.85,2,0.15
106064,3,33,10.54,2,0.1
106064,4,89,18.46,3,0.0
106065,1,97,13.04,2,0.05
106066,1,81,24.44,7,0.0
106066,2,51,47.13,7,0.0
106066,3,12,81.05,6,0.0
106066,4,85,23.8,3,0.15
106067,1,120,5.43,4,0.0
106067,2,71,7.39,4,0.1
106067,3,65,14.41,6,0.0
106067,4,59,20.63,6,0.0
106067,5,60,11.18,3,0.0
106067,6,11,32.41,2,0.0
106067,7,116,45.24,8,0.1
106067,8,83,32.25,4,0.05
106068,1,60,12.54,6,0.0
106068,2,26,15.04,7,0.0
106068,3,89,18.24,4,0.05
106069,1,45,12.68,3,0.0
106069,2,37,16.55,4,0.0
106069,3,44,16.24,3,0.0
106070,1,19,27.75,3,0.0
106070,2,68,25.94,7,0.0
106070,3,97,13.56,5,0.0
106070,4,33,11.56,4,0.1
106070,5,8,4.6,1,0.1
106071,1,98,13.43,3,0.15
106071,2,113,10.02,8,0.15
106072,1,53,25.2,2,0.0
106072,2,62,34.12,1,0.0
106073,1,98,12.67,8,0.05
106073,2,83,34.78,2,0.0
106073,3,58,8.28,4,0.0
106074,1,40,25.83,8,0.0
106074,2,1,29.99,12,0.0
106074,3,44,15.12,5,0.0
106074,4,72,8.8,3,0.0
106075,1,79,19.18,2,0.0
106075,2,33,13.41,4,0.03
106076,1,105,4.93,5,0.05
106076,2,49,25.67,3,0.1
106076,3,56,27.58,6,0.2
106076,4,72,7.83,1,0.05
106077,1,40,25.85,1,0.05
106077,2,91,16.78,6,0.0
106077,3,14,28.47,7,0.1
106078,1,83,28.41,9,0.05
106079,1,77,33.32,2,0.03
106079,2,24,50.68,7,0.15
106080,1,71,7.02,5,0.0
106080,2,24,51.49,6,0.05
106080,3,21,23.72,2,0.05
106081,1,83,33.62,12,0.0
106081,2,110,21.88,2,0.0
106081,3,68,25.98,1,0.0
106082,1,110,24.91,4,0.0
106082,2,76,26.14,4,0.0
106082,3,114,28.24,9,0.0
106082,4,47,21.47,6,0.2
106083,1,45,13.41,4,0.0
106083,2,71,7.02,3,0.03
106083,3,44,15.59,4,0.15
106083,4,4,6.71,7,0.0
106083,5,40,19.86,8,0.1
106084,1,93,27.91,1,0.0
106084,2,67,36.66,6,0.1
106084,3,51,46.91,5,0.0
106084,4,114,27.5,2,0.0
106084,5,79,18.36,4,0.0
106084,6,27,9.62,1,0.1
106085,1,74,29.9,2,0.0
106085,2,9,26.56,3,0.1
106085,3,81,22.16,6,0.0
106086,1,8,4.65,7,0.05
106086,2,28,6.88,4,0.1
106086,3,113,10.16,4,0.03
106087,1,46,19.7,11,0.1
106087,2,97,15.02,5,0.05
106087,3,44,13.87,6,0.0
106087,4,8,5.23,3,0.0
106087,5,39,123.27,8,0.03
106088,1,97,15.15,1,0.0
106088,2,24,53.26,1,0.1
106088,3,76,24.11,5,0.03
106089,1,32,18.83,2,0.15
106089,2,95,17.63,10,0.0
106089,3,13,34.74,6,0.0
106090,1,48,41.28,1,0.05
106090,2,15,10.2,13,0.1
106090,3,72,7.66,6,0.1
106091,1,24,51.0,4,0.1
106091,2,83,34.88,1,0.1
106091,3,11,36.04,2,0.0
106091,4,91,20.59,6,0.15
106092,1,24,53.79,5,0.0
106092,2,98,10.15,3,0.0
106092,3,25,11.58,7,0.0
106092,4,83,29.5,8,0.0
106092,5,67,31.34,3,0.0
106093,1,43,38.85,1,0.1
106093,2,45,11.67,1,0.0
106093,3,72,8.44,7,0.0
106094,1,72,7.92,3,0.0
106094,2,80,26.33,4,0.15
106094,3,23,23.36,11,0.0
106094,4,113,10.68,6,0.15
106095,1,72,8.76,5,0.0
106095,2,93,25.57,3,0.1
106095,3,28,6.64,6,0.0
106096,1,91,18.64,1,0.0
106096,2,117,8.56,8,0.05
106096,3,5,26.3,4,0.15
106097,1,101,23.7,7,0.0
106098,1,32,14.52,6,0.05
106098,2,79,20.65,15,0.0
106098,3,82,6.24,2,0.0
106098,4,46,17.49,1,0.0
106098,5,58,8.31,2,0.1
106099,1,25,10.81,2,0.0
106099,2,17,14.5,3,0.0
106099,3,87,24.56,3,0.0
106099,4,80,22.77,3,0.03
106099,5,46,16.68,3,0.0
106099,6,9,25.33,2,0.1
106100,1,107,37.58,1,0.1
106100,2,92,26.7,1,0.05
106101,1,39,118.03,8,0.0
106101,2,45,11.91,2,0.0
106101,3,94,32.85,2,0.1
106101,4,52,47.32,6,0.0
106102,1,97,14.15,4,0.0
106102,2,8,4.89,1,0.15
106102,3,4,7.44,3,0.05
106103,1,113,8.87,1,0.0
106103,2,103,32.87,5,0.0
106104,1,97,16.96,2,0.0
106104,2,27,10.39,4,0.0
106104,3,85,26.29,1,0.0
106104,4,116,42.18,2,0.03
106105,1,74,28.33,3,0.05
106105,2,110,25.96,4,0.0
106105,3,45,12.81,4,0.0
106105,4,44,12.07,4,0.03
106105,5,13,38.35,6,0.05
106105,6,48,34.93,6,0.03
106106,1,105,5.7,1,0.05
106106,2,33,10.77,1,0.0
106107,1,53,26.69,4,0.15
106107,2,57,46.34,3,0.0
106107,3,24,54.64,2,0.0
106108,1,91,19.09,5,0.0
106108,2,4,7.3,4,0.1
106109,1,72,8.57,3,0.0
106109,2,45,12.45,5,0.0
106109,3,80,26.74,3,0.0
106109,4,110,26.24,3,0.05
106109,5,106,19.27,4,0.05
106110,1,10,52.31,2,0.15
106110,2,103,30.59,2,0.05
106110,3,31,5.83,1,0.1
106110,4,83,33.71,1,0.0
106111,1,36,27.79,9,0.0
106111,2,10,49.57,1,0.0
106111,3,64,25.01,1,0.0
106112,1,106,20.0,3,0.0
106112,2,110,24.92,8,0.0
106112,3,25,13.16,4,0.1
106112,4,12,84.05,7,0.0
106113,1,101,23.59,5,0.0
106113,2,23,27.44,6,0.1
106113,3,110,25.89,5,0.0
106113,4,81,26.79,3,0.0
106113,5,45,11.69,3,0.0
106114,1,15,10.28,4,0.0
106114,2,82,6.44,1,0.05
106114,3,13,37.17,3,0.05
106114,4,44,13.5,3,0.0
106115,1,109,3.57,2,0.0
106115,2,27,7.77,3,0.0
106115,3,74,29.24,9,0.2
106116,1,106,22.07,7,0.03
106116,2,94,30.72,6,0.0
106117,1,67,29.0,6,0.03
106117,2,66,7.86,5,0.2
106117,3,114,26.35,2,0.05
106117,4,94,26.73,2,0.0
106117,5,71,7.18,4,0.0
106117,6,4,7.5,9,0.0
106117,7,40,26.71,2,0.0
106118,1,64,25.37,8,0.0
106118,2,2,32.39,5,0.0
106118,3,87,23.86,1,0.1
106118,4,60,11.28,1,0.0
106119,1,50,11.63,1,0.0
106119,2,41,43.7,3,0.0
106119,3,91,17.98,4,0.0
106120,1,44,13.36,1,0.0
106120,2,101,22.69,12,0.1
106120,3,89,19.84,3,0.0
106121,1,65,11.94,2,0.1
106121,2,58,6.97,2,0.1
106121,3,67,37.48,7,0.0
106122,1,21,30.19,3,0.03
106122,2,57,44.51,6,0.0
106123,1,58,8.34,8,0.05
106123,2,5,26.39,8,0.05
106124,1,116,39.56,8,0.05
106124,2,94,26.95,5,0.1
106124,3,53,25.65,2,0.0
106124,4,45,10.31,3,0.05
106124,5,98,12.71,13,0.03
106125,1,52,46.58,3,0.1
106125,2,53,25.28,2,0.1
106125,3,65,11.49,10,0.0
106125,4,98,11.5,4,0.15
106125,5,51,48.15,4,0.05
106126,1,72,8.32,4,0.05
106126,2,65,11.17,2,0.03
106126,3,45,10.78,1,0.0
106127,1,44,14.44,1,0.0
106127,2,24,41.89,8,0.1
106127,3,116,28.95,4,0.05
106128,1,72,8.92,6,0.0
106128,2,64,22.72,7,0.0
106128,3,106,22.46,7,0.03
106129,1,79,20.96,2,0.1
106130,1,85,31.26,7,0.05
106130,2,110,28.18,7,0.0
106130,3,80,25.39,8,0.1
106130,4,104,29.21,6,0.0
106130,5,83,30.69,2,0.05
106130,6,76,24.53,5,0.0
106130,7,53,24.59,15,0.1
106130,8,34,24.35,5,0.0
106131,1,71,8.09,7,0.15
106131,2,91,17.35,2,0.05
106131,3,9,27.38,6,0.03
106131,4,100,68.73,7,0.0
106132,1,108,37.16,1,0.0
106132,2,71,6.83,4,0.0
106133,1,76,22.47,1,0.05
106133,2,65,12.07,1,0.03
106134,1,66,6.72,8,0.0
106134,2,58,7.53,3,0.05
106135,1,60,11.59,5,0.0
106135,2,71,8.04,6,0.0
106135,3,45,12.52,1,0.0
106136,1,97,15.55,2,0.1
106136,2,81,24.0,2,0.05
106137,1,8,4.31,2,0.0
106137,2,97,16.77,1,0.0
106137,3,110,22.65,5,0.03
106138,1,34,26.47,9,0.0
106138,2,83,36.47,10,0.0
106138,3,110,23.02,2,0.1
106138,4,32,17.31,2,0.05
106138,5,82,6.64,4,0.03
106139,1,86,24.18,3,0.03
106139,2,47,23.23,5,0.05
106140,1,8,4.21,3,0.15
106140,2,4,6.75,4,0.03
106141,1,60,12.58,4,0.15
106141,2,112,70.61,1,0.1
106141,3,81,24.22,5,0.15
106141,4,17,14.46,2,0.0
106141,5,93,23.71,2,0.05
106141,6,78,9.3,2,0.15
106142,1,60,12.44,5,0.0
106142,2,47,22.3,6,0.0
106143,1,103,27.95,6,0.0
106143,2,105,5.65,13,0.15
106143,3,97,13.94,1,0.05
106144,1,95,21.36,9,0.05
106144,2,90,51.26,5,0.0
106145,1,25,11.47,9,0.0
106145,2,87,27.36,4,0.0
106145,3,27,8.78,6,0.0
106146,1,106,22.08,6,0.0
106146,2,75,18.87,3,0.03
106146,3,52,51.43,6,0.0
106146,4,113,9.24,2,0.05
106147,1,85,30.26,4,0.0
106147,2,38,29.15,4,0.03
106148,1,60,11.9,10,0.0
106149,1,44,16.89,2,0.0
106150,1,94,33.86,8,0.03
106150,2,76,22.25,5,0.0
106150,3,45,12.19,3,0.0
106150,4,81,26.66,4,0.05
106150,5,97,12.17,5,0.0
106151,1,50,11.49,4,0.1
106151,2,78,9.22,8,0.2
106151,3,103,28.6,1,0.0
106151,4,52,50.85,10,0.05
106151,5,85,30.46,3,0.1
106152,1,81,25.1,3,0.03
106152,2,94,30.38,2,0.1
106152,3,34,31.6,2,0.1
106153,1,23,22.34,4,0.0
106154,1,97,16.49,2,0.0
106154,2,108,36.36,1,0.0
106155,1,45,11.53,12,0.0
106156,1,99,24.3,6,0.0
106156,2,109,3.45,3,0.0
106156,3,75,18.28,3,0.1
106157,1,34,25.07,2,0.03
106158,1,45,11.41,4,0.0
106158,2,68,23.59,5,0.05
106158,3,24,47.83,9,0.2
106159,1,116,38.79,2,0.0
106159,2,76,24.28,4,0.05
106159,3,62,37.31,2,0.1
106159,4,33,10.58,7,0.05
106159,5,11,36.11,4,0.0
106160,1,83,30.11,7,0.03
106160,2,97,14.67,3,0.0
106160,3,82,6.92,6,0.05
106161,1,52,45.39,1,0.0
106161,2,116,38.81,2,0.15
106161,3,77,33.54,4,0.03
106161,4,14,25.26,6,0.15
106161,5,60,11.69,3,0.0
106162,1,99,25.97,5,0.03
106162,2,82,6.12,4,0.2
106162,3,114,21.39,4,0.0
106162,4,83,30.45,2,0.05
106162,5,2,28.75,6,0.0
106163,1,116,43.05,1,0.0
106163,2,11,40.17,2,0.0
106163,3,32,18.61,2,0.0
106163,4,76,24.93,6,0.0
106163,5,40,28.26,2,0.0
106164,1,53,24.78,4,0.0
106165,1,29,44.75,7,0.1
106165,2,85,28.79,1,0.0
106165,3,110,26.38,4,0.03
106165,4,117,9.86,6,0.0
106166,1,25,14.44,4,0.0
106166,2,97,13.98,10,0.05
106166,3,49,30.3,6,0.0
106167,1,44,17.21,1,0.0
106167,2,60,10.38,4,0.0
106167,3,97,15.45,7,0.0
106167,4,116,36.03,10,0.1
106168,1,65,12.91,8,0.05
106168,2,43,36.64,2,0.0
106168,3,76,24.66,4,0.15
106168,4,108,39.89,2,0.1
106168,5,21,30.0,2,0.0
106168,6,60,12.64,5,0.0
106169,1,21,27.18,2,0.0
106169,2,109,3.72,5,0.0
106169,3,81,20.82,6,0.0
106170,1,53,26.7,10,0.0
106170,2,69,4.32,6,0.1
106170,3,60,12.58,3,0.0
106171,1,116,41.84,1,0.05
106171,2,34,23.32,6,0.0
106172,1,27,9.58,2,0.0
106173,1,65,13.51,8,0.03
106173,2,40,20.23,2,0.03
106173,3,94,28.3,6,0.0
106173,4,111,90.82,3,0.15
106174,1,67,35.15,4,0.05
106174,2,61,22.0,7,0.0
106174,3,59,23.92,3,0.0
106175,1,112,83.16,6,0.05
106176,1,110,21.73,3,0.0
106176,2,60,12.49,2,0.0
106176,3,51,41.83,3,0.0
106176,4,45,11.44,1,0.05
106176,5,53,24.09,5,0.0
106176,6,108,43.49,3,0.05
106176,7,44,16.27,9,0.1
106177,1,106,22.65,5,0.0
106177,2,98,10.65,4,0.03
106178,1,45,10.45,2,0.05
106178,2,81,26.23,5,0.03
106178,3,94,31.77,1,0.0
106178,4,110,25.51,7,0.2
106179,1,107,43.37,2,0.0
106179,2,110,28.71,5,0.03
106179,3,67,32.07,8,0.03
106179,4,79,18.07,1,0.0
106179,5,77,30.58,5,0.0
106179,6,114,28.86,2,0.0
106180,1,51,47.81,1,0.1
106180,2,98,13.21,2,0.03
106180,3,110,23.91,5,0.15
106180,4,71,6.71,5,0.0
106180,5,21,28.5,4,0.05
106181,1,47,22.66,2,0.0
106181,2,5,23.82,4,0.05
106181,3,72,8.1,2,0.0
106182,1,62,37.49,2,0.0
106182,2,78,8.92,5,0.0
106182,3,45,13.0,5,0.03
106183,1,15,11.7,3,0.1
106184,1,41,45.84,5,0.0
106184,2,34,25.08,8,0.0
106184,3,60,11.33,2,0.0
106185,1,68,24.45,7,0.05
106185,2,24,53.21,5,0.03
106185,3,112,76.9,8,0.0
106186,1,87,29.39,4,0.0
106186,2,76,24.32,7,0.1
106187,1,65,11.83,4,0.1
106187,2,82,6.32,5,0.03
106187,3,54,21.61,7,0.05
106187,4,88,39.14,3,0.15
106187,5,9,25.63,6,0.15
106188,1,81,21.49,4,0.2
106188,2,80,27.46,4,0.1
106189,1,70,11.32,3,0.0
106189,2,97,15.95,9,0.0
106189,3,8,5.33,5,0.0
106189,4,72,8.87,1,0.0
106190,1,45,12.75,2,0.0
106190,2,96,80.47,9,0.05
106190,3,42,21.97,7,0.0
106191,1,81,24.98,11,0.1
106191,2,80,24.27,3,0.0
106192,1,82,6.92,1,0.0
106192,2,58,8.85,1,0.03
106192,3,45,11.58,2,0.05
106192,4,98,11.13,2,0.0
106192,5,97,12.22,5,0.0
106192,6,76,25.93,3,0.0
106193,1,75,16.62,5,0.15
106193,2,81,27.63,1,0.03
106193,3,45,12.49,9,0.05
106193,4,76,22.56,4,0.03
106194,1,101,25.95,1,0.05
106194,2,82,6.55,7,0.0
106194,3,110,28.44,5,0.15
106195,1,97,15.98,3,0.1
106195,2,84,14.91,5,0.05
106195,3,15,12.01,4,0.0
106195,4,65,12.42,4,0.0
106195,5,83,32.28,2,0.0
106196,1,78,9.75,7,0.0
106196,2,58,7.85,4,0.0
106196,3,51,43.78,4,0.1
106196,4,80,23.77,2,0.0
106197,1,40,23.48,8,0.0
106197,2,83,31.03,2,0.0
106197,3,12,95.84,6,0.0
106197,4,99,28.01,6,0.03
106197,5,85,26.47,6,0.0
106198,1,109,3.42,3,0.1
106198,2,87,25.41,6,0.05
106198,3,66,6.74,1,0.0
106198,4,72,8.82,1,0.0
106198,5,118,18.6,11,0.0
106199,1,112,70.78,4,0.0
106199,2,105,6.01,6,0.0
106199,3,72,8.22,5,0.03
106199,4,58,7.86,3,0.0
106200,1,87,26.04,2,0.0
106200,2,75,19.9,8,0.0
106200,3,53,22.74,1,0.0
106201,1,112,75.74,4,0.1
106201,2,76,23.92,1,0.0
106201,3,97,15.18,2,0.05
106201,4,82,6.33,3,0.1
106201,5,44,15.21,5,0.0
106201,6,58,9.02,6,0.0
106201,7,86,32.05,4,0.03
106202,1,4,8.02,4,0.05
106202,2,23,22.26,3,0.0
106203,1,110,24.05,1,0.1
106203,2,41,49.86,5,0.0
106203,3,1,29.82,2,0.0
106203,4,83,32.68,2,0.2
106204,1,27,9.01,10,0.0
106204,2,81,24.9,2,0.15
106204,3,41,54.06,1,0.0
106204,4,66,5.97,7,0.0
106204,5,80,18.59,9,0.03
106205,1,58,9.13,5,0.05
106205,2,120,4.74,2,0.0
106205,3,52,49.49,8,0.0
106205,4,94,26.85,5,0.0
106206,1,16,6.12,3,0.1
106206,2,4,7.21,5,0.0
106206,3,45,13.53,3,0.0
106207,1,116,39.68,6,0.1
106207,2,106,23.43,3,0.0
106207,3,44,16.92,4,0.0
106207,4,58,8.47,4,0.05
106207,5,104,25.89,7,0.0
106207,6,61,20.54,3,0.03
106208,1,77,33.49,2,0.03
106209,1,97,16.07,2,0.0
106209,2,68,23.67,6,0.05
106209,3,112,84.5,2,0.0
106210,1,117,9.78,3,0.0
106210,2,87,27.55,7,0.0
106210,3,33,11.25,7,0.0
106211,1,64,24.5,5,0.1
106211,2,85,30.07,3,0.1
106211,3,112,74.26,1,0.05
106211,4,72,9.4,1,0.0
106212,1,87,29.5,4,0.1
106212,2,44,13.58,10,0.05
106212,3,97,16.36,1,0.0
106212,4,109,3.89,4,0.0
106212,5,64,24.87,1,0.0
106213,1,101,21.74,3,0.0
106213,2,87,29.66,3,0.0
106213,3,23,19.87,3,0.05
106213,4,98,12.91,9,0.0
106213,5,36,33.42,1,0.15
106214,1,113,9.54,4,0.0
106214,2,93,21.05,3,0.05
106215,1,72,8.32,4,0.15
106215,2,53,23.65,3,0.0
106216,1,83,28.8,3,0.0
106216,2,71,7.17,10,0.0
106216,3,99,25.3,3,0.05
106217,1,31,5.47,3,0.1
106217,2,117,8.41,3,0.03
106217,3,99,28.22,5,0.0
106217,4,34,23.32,2,0.0
106217,5,102,24.88,4,0.0
106217,6,82,6.97,7,0.03
106217,7,106,19.4,2,0.05
106217,8,76,22.11,7,0.0
106218,1,8,5.1,5,0.0
106218,2,44,14.94,1,0.0
106218,3,21,32.9,3,0.2
106218,4,17,14.13,2,0.0
106219,1,26,14.73,3,0.0
106219,2,50,10.44,5,0.0
106220,1,76,21.36,3,0.0
106220,2,81,23.02,7,0.0
106220,3,48,46.86,2,0.0
106220,4,117,9.57,9,0.0
106221,1,98,12.09,2,0.0
106221,2,14,23.85,6,0.0
106222,1,69,4.0,1,0.0
106222,2,59,22.7,8,0.0
106222,3,63,39.12,4,0.0
106222,4,45,11.21,2,0.0
106222,5,64,20.41,10,0.0
106223,1,113,10.03,3,0.05
106223,2,118,20.2,2,0.0
106224,1,4,7.72,2,0.0
106224,2,8,4.7,2,0.0
106224,3,2,23.12,3,0.0
106224,4,34,24.09,1,0.0
106225,1,75,18.04,3,0.0
106225,2,65,11.48,4,0.0
106225,3,84,14.4,3,0.0
106226,1,45,12.35,5,0.0
106226,2,24,52.84,5,0.0
106227,1,72,8.63,6,0.0
106227,2,15,11.59,5,0.05
106228,1,97,14.21,8,0.0
106229,1,34,21.36,12,0.0
106229,2,112,83.84,7,0.0
106229,3,72,8.14,14,0.03
106229,4,71,7.04,7,0.1
106229,5,76,24.82,2,0.03
106230,1,78,10.89,4,0.1
106230,2,108,40.78,3,0.0
106230,3,102,25.33,3,0.05
106231,1,65,12.34,7,0.03
106231,2,97,16.78,2,0.05
106231,3,47,23.94,10,0.0
106232,1,110,25.83,2,0.0
106232,2,71,7.11,4,0.15
106232,3,12,97.1,1,0.0
106232,4,45,12.35,3,0.1
106233,1,106,21.16,2,0.03
106233,2,49,23.26,1,0.0
106233,3,26,16.6,2,0.0
106233,4,83,33.07,7,0.2
106233,5,103,29.49,2,0.0
106233,6,63,36.64,1,0.0
106233,7,91,17.59,4,0.05
106233,8,110,24.54,7,0.0
106234,1,113,9.64,3,0.0
106234,2,81,26.44,3,0.0
106234,3,11,39.1,4,0.05
106234,4,109,3.72,1,0.05
106235,1,9,24.87,7,0.0
106235,2,71,7.4,4,0.0
106235,3,85,28.21,1,0.0
106236,1,34,25.83,5,0.1
106236,2,72,8.14,1,0.0
106237,1,81,23.89,1,0.0
106237,2,80,26.22,3,0.03
106237,3,119,8.93,2,0.0
106237,4,93,24.95,6,0.0
106237,5,109,3.71,9,0.0
106237,6,110,21.12,9,0.05
106237,7,40,27.73,3,0.0
106238,1,106,20.25,4,0.1
106238,2,44,14.44,2,0.0
106238,3,76,24.33,3,0.0
106238,4,104,25.4,1,0.05
106238,5,107,41.83,2,0.05
106239,1,11,31.81,4,0.0
106239,2,110,28.96,7,0.1
106239,3,68,30.86,4,0.05
106239,4,66,7.83,3,0.0
106240,1,86,30.66,3,0.0
106240,2,26,15.21,3,0.0
106240,3,7,16.24,3,0.03
106241,1,110,25.19,8,0.15
106241,2,116,34.03,4,0.15
106241,3,94,35.05,6,0.03
106241,4,46,15.84,12,0.0
106241,5,79,18.47,2,0.0
106242,1,110,23.44,1,0.0
106242,2,6,10.16,4,0.0
106242,3,104,26.16,5,0.03
106243,1,60,11.56,4,0.05
106243,2,76,28.8,2,0.05
106243,3,83,30.35,6,0.1
106244,1,34,25.57,7,0.05
106244,2,110,23.63,1,0.1
106244,3,98,12.04,8,0.0
106245,1,94,32.36,4,0.0
106245,2,27,9.88,6,0.0
106245,3,103,27.0,3,0.2
106246,1,71,7.18,2,0.0
106246,2,104,25.88,3,0.1
106247,1,65,12.08,4,0.0
106247,2,97,17.38,4,0.0
106248,1,57,45.83,2,0.0
106248,2,76,25.6,5,0.0
106248,3,40,24.75,5,0.0
106248,4,67,36.06,2,0.1
106248,5,116,39.81,9,0.0
106249,1,26,16.33,9,0.0
106249,2,81,24.68,4,0.0
106250,1,56,28.47,2,0.15
106250,2,97,11.78,4,0.1
106250,3,81,28.03,3,0.0
106250,4,82,7.2,8,0.0
106251,1,51,55.27,5,0.0
106251,2,27,9.57,1,0.0
106251,3,105,4.42,4,0.05
106252,1,94,30.6,5,0.0
106252,2,33,10.37,7,0.0
106252,3,45,12.07,3,0.03
106252,4,86,27.23,8,0.0
106252,5,116,38.74,6,0.05
106252,6,81,24.08,2,0.05
106253,1,1,31.0,5,0.05
106254,1,45,10.62,11,0.1
106254,2,31,5.43,4,0.0
106254,3,19,21.74,4,0.15
106254,4,94,28.95,2,0.03
106255,1,17,15.25,4,0.0
106256,1,116,37.73,3,0.05
106256,2,52,49.86,6,0.05
106257,1,110,23.03,4,0.1
106257,2,31,5.46,6,0.05
106257,3,113,10.24,1,0.0
106258,1,58,7.72,10,0.1
106258,2,73,18.87,2,0.0
106258,3,22,14.7,5,0.0
106258,4,4,6.36,1,0.03
106259,1,55,19.89,8,0.0
106259,2,83,33.81,3,0.0
106259,3,8,4.69,2,0.0
106259,4,101,23.14,11,0.0
106260,1,81,26.34,4,0.0
106261,1,33,11.19,3,0.05
106261,2,116,40.57,4,0.0
106261,3,81,24.31,7,0.0
106262,1,59,20.55,3,0.0
106262,2,53,25.6,3,0.0
106262,3,106,15.8,4,0.0
106263,1,120,4.99,2,0.0
106263,2,62,28.82,5,0.0
106263,3,106,20.42,1,0.0
106263,4,80,22.75,1,0.0
106263,5,69,4.07,8,0.0
106263,6,51,43.96,2,0.05
106263,7,100,55.0,5,0.0
106263,8,37,20.56,5,0.1
106264,1,5,25.76,6,0.15
106264,2,56,28.92,3,0.03
106264,3,19,25.86,5,0.0
106264,4,25,13.8,3,0.0
106264,5,110,23.47,2,0.15
106265,1,76,25.5,2,0.2
106265,2,31,5.12,8,0.15
106265,3,44,14.61,2,0.03
106265,4,40,22.57,3,0.0
106266,1,81,26.4,2,0.03
106266,2,71,7.18,4,0.0
106267,1,27,8.91,7,0.0
106267,2,79,20.15,7,0.0
106267,3,71,7.39,2,0.15
106267,4,116,34.26,1,0.0
106267,5,72,8.84,2,0.03
106267,6,58,8.33,3,0.2
106267,7,82,6.7,3,0.0
106268,1,28,7.72,5,0.15
106268,2,15,11.43,2,0.0
106269,1,71,8.03,5,0.0
106269,2,82,6.4,4,0.0
106270,1,50,11.58,2,0.03
106270,2,1,26.61,3,0.1
106270,3,61,20.37,3,0.15
106270,4,45,10.98,2,0.0
106271,1,72,6.94,6,0.0
106272,1,101,26.87,5,0.1
106272,2,95,16.56,4,0.0
106272,3,94,29.44,6,0.03
106273,1,21,28.19,15,0.0
106273,2,81,24.15,6,0.0
106273,3,79,17.43,4,0.0
106273,4,93,24.29,6,0.1
106273,5,89,16.36,4,0.0
106274,1,65,11.9,8,0.1
106274,2,60,11.88,5,0.0
106274,3,105,5.32,4,0.0
106275,1,105,5.73,4,0.15
106275,2,71,6.95,2,0.1
106275,3,49,26.38,6,0.0
106275,4,17,14.28,1,0.0
106276,1,63,39.83,4,0.1
106276,2,107,40.81,11,0.0
106276,3,65,12.42,5,0.0
106277,1,81,22.5,5,0.0
106277,2,63,42.84,4,0.15
106278,1,71,7.07,6,0.0
106278,2,14,24.48,1,0.0
106279,1,26,13.87,3,0.05
106279,2,116,34.29,4,0.1
106279,3,45,12.81,4,0.0
106279,4,69,4.12,5,0.1
106280,1,101,23.74,3,0.05
106280,2,97,15.66,9,0.15
106280,3,78,9.08,3,0.0
106280,4,104,26.47,6,0.0
106280,5,58,8.16,8,0.0
106281,1,88,36.05,1,0.0
106281,2,80,23.51,2,0.1
106281,3,85,30.69,6,0.03
106282,1,98,11.99,5,0.0
106282,2,2,30.35,4,0.0
106282,3,8,4.92,5,0.0
106282,4,25,13.52,4,0.0
106282,5,39,125.86,2,0.0
106283,1,101,22.12,8,0.15
106283,2,31,4.72,15,0.0
106283,3,110,24.66,3,0.05
106284,1,71,7.23,7,0.1
106284,2,60,11.19,6,0.0
106284,3,80,24.98,4,0.1
106285,1,80,25.02,3,0.1
106285,2,40,24.16,10,0.0
106285,3,45,14.26,6,0.0
106286,1,116,37.03,6,0.0
106286,2,54,26.68,5,0.0
106286,3,24,44.22,9,0.0
106286,4,52,49.23,1,0.0
106286,5,80,21.16,6,0.1
106287,1,106,18.67,4,0.0
106287,2,26,15.7,1,0.05
106287,3,9,22.75,2,0.0
106287,4,89,17.8,3,0.03
106287,5,58,8.35,6,0.1
106287,6,52,50.12,5,0.0
106288,1,45,12.99,4,0.0
106288,2,23,27.46,2,0.0
106289,1,51,48.84,6,0.05
106289,2,76,21.89,3,0.1
106289,3,106,19.28,1,0.0
106290,1,85,31.25,2,0.2
106291,1,49,22.68,6,0.2
106291,2,47,23.22,2,0.0
106292,1,71,7.08,12,0.03
106292,2,83,33.05,5,0.0
106293,1,33,10.03,7,0.0
106293,2,5,26.68,12,0.0
106293,3,8,3.92,2,0.15
106294,1,116,34.05,3,0.0
106294,2,65,10.14,6,0.03
106294,3,84,16.12,2,0.1
106294,4,26,16.78,5,0.0
106295,1,47,22.46,4,0.05
106295,2,76,25.27,5,0.05
106295,3,45,10.96,4,0.0
106295,4,22,13.38,3,0.0
106295,5,72,8.86,2,0.0
106296,1,116,38.46,3,0.0
106297,1,82,6.82,5,0.0
106297,2,104,26.7,6,0.03
106298,1,58,8.82,4,0.03
106298,2,97,17.04,7,0.0
106298,3,87,25.28,2,0.2
106299,1,43,37.42,7,0.0
106299,2,66,7.05,3,0.05
106299,3,110,29.13,5,0.05
106299,4,76,25.03,6,0.03
106300,1,44,12.88,2,0.1
106300,2,55,18.64,5,0.05
106300,3,45,12.68,4,0.0
106300,4,66,7.4,5,0.03
106300,5,28,6.28,2,0.15
106301,1,51,40.03,4,0.0
106301,2,68,24.78,4,0.2
106301,3,97,13.23,2,0.0
106302,1,54,20.78,4,0.0
106302,2,20,32.21,2,0.0
106302,3,116,32.17,8,0.0
106302,4,45,12.63,4,0.0
106303,1,5,24.5,2,0.0
106303,2,14,28.05,2,0.0
106304,1,14,25.53,7,0.1
106304,2,21,25.03,2,0.0
106304,3,72,9.36,4,0.15
106304,4,80,21.62,9,0.1
106304,5,82,6.72,5,0.0
106304,6,58,8.07,7,0.0
106305,1,71,6.91,1,0.0
106305,2,67,31.57,5,0.0
106305,3,58,8.6,4,0.0
106305,4,69,4.48,7,0.0
106306,1,53,22.03,4,0.05
106306,2,33,11.83,3,0.1
106306,3,32,18.69,5,0.1
106307,1,7,14.04,3,0.1
106307,2,50,10.78,4,0.0
106307,3,27,10.08,3,0.05
106307,4,98,14.28,7,0.0
106308,1,47,21.12,2,0.05
106308,2,45,12.12,2,0.0
106308,3,90,48.49,4,0.2
106309,1,83,31.93,2,0.0
106309,2,45,12.42,1,0.0
106309,3,14,28.3,5,0.05
106310,1,87,26.2,8,0.0
106310,2,61,20.41,8,0.15
106311,1,76,21.26,2,0.1
106311,2,71,8.15,3,0.0
106311,3,79,21.75,5,0.05
106311,4,75,16.08,3,0.03
106311,5,38,26.07,5,0.0
106311,6,81,28.74,8,0.03
106311,7,44,15.71,6,0.03
106312,1,15,11.74,2,0.0
106312,2,72,8.87,4,0.05
106313,1,99,25.79,6,0.0
106313,2,44,15.69,4,0.0
106313,3,53,24.6,3,0.03
106313,4,29,50.94,14,0.15
106313,5,45,11.48,1,0.0
106313,6,51,47.65,1,0.0
106314,1,72,7.66,3,0.05
106314,2,97,14.05,4,0.1
106314,3,98,12.15,2,0.0
106315,1,81,23.75,6,0.0
106315,2,80,24.73,2,0.05
106316,1,94,30.31,10,0.0
106316,2,104,27.8,1,0.03
106316,3,40,27.16,3,0.1
106316,4,67,31.89,6,0.0
106316,5,83,31.45,7,0.0
106316,6,98,13.69,6,0.05
106316,7,76,23.27,3,0.05
106317,1,81,22.55,1,0.0
106317,2,58,7.46,2,0.05
106317,3,116,33.43,6,0.05
106318,1,101,22.28,4,0.1
106318,2,23,23.45,5,0.05
106318,3,71,7.29,6,0.0
106318,4,83,31.08,3,0.1
106318,5,72,8.26,7,0.0
106318,6,116,38.45,8,0.0
106319,1,97,13.59,2,0.0
106319,2,31,5.63,1,0.0
106319,3,60,10.79,3,0.0
106319,4,45,12.67,2,0.05
106320,1,45,10.9,1,0.1
106320,2,50,11.13,3,0.03
106320,3,104,24.71,5,0.0
106320,4,15,10.89,2,0.1
106320,5,77,31.22,1,0.0
106321,1,15,11.14,4,0.0
106321,2,72,9.31,9,0.0
106322,1,97,16.61,2,0.2
106322,2,1,28.92,5,0.0
106323,1,76,26.92,10,0.0
106323,2,67,31.14,4,0.0
106323,3,108,39.18,3,0.03
106324,1,110,20.69,1,0.2
106324,2,80,22.45,4,0.1
106325,1,99,23.04,5,0.15
106325,2,34,24.62,7,0.0
106325,3,72,9.24,7,0.0
106325,4,110,29.01,7,0.1
106325,5,111,99.8,1,0.0
106326,1,97,13.48,3,0.0
106326,2,37,16.3,7,0.1
106326,3,45,11.15,9,0.2
106326,4,9,25.24,3,0.03
106326,5,6,11.28,7,0.05
106326,6,23,24.86,4,0.05
106326,7,32,20.48,2,0.03
106327,1,97,14.69,3,0.0
106327,2,94,32.42,5,0.0
106327,3,117,8.41,13,0.0
106327,4,67,28.91,6,0.0
106327,5,101,26.63,5,0.05
106327,6,32,21.36,4,0.0
106328,1,23,29.23,9,0.0
106328,2,83,30.31,1,0.05
106328,3,58,8.89,10,0.0
106329,1,65,11.06,5,0.05
106329,2,27,8.72,8,0.03
106329,3,71,6.59,9,0.1
106329,4,106,18.26,5,0.1
106329,5,91,17.59,6,0.05
106330,1,88,35.43,5,0.05
106330,2,40,25.93,5,0.0
106330,3,45,11.93,1,0.0
106330,4,34,23.79,2,0.1
106330,5,27,8.99,1,0.0
106330,6,75,19.65,3,0.1
106331,1,108,35.69,3,0.0
106331,2,99,23.39,6,0.0
106331,3,24,48.94,3,0.0
106331,4,72,8.7,5,0.05
106331,5,91,18.89,1,0.0
106332,1,97,14.54,6,0.0
106332,2,58,7.44,5,0.15
106332,3,74,32.55,2,0.03
106332,4,51,42.84,8,0.15
106332,5,45,12.19,9,0.03
106333,1,79,20.93,5,0.0
106333,2,101,23.28,1,0.0
106333,3,9,24.6,4,0.0
106333,4,52,46.7,6,0.0
106333,5,67,29.38,4,0.03
106333,6,45,12.22,2,0.0
106333,7,110,28.53,5,0.0
106334,1,110,24.79,13,0.0
106334,2,45,13.03,5,0.2
106334,3,17,14.61,4,0.03
106335,1,71,7.03,2,0.0
106335,2,110,21.27,5,0.05
106335,3,76,25.59,5,0.03
106335,4,91,17.19,4,0.05
106336,1,81,25.58,4,0.0
106336,2,40,21.95,10,0.0
106336,3,83,32.52,3,0.0
106336,4,78,9.47,2,0.03
106336,5,10,55.76,9,0.0
106337,1,83,28.57,3,0.0
106337,2,85,36.12,2,0.0
106338,1,45,11.75,7,0.0
106338,2,26,16.53,4,0.1
106339,1,75,20.62,5,0.0
106339,2,60,11.66,3,0.0
106339,3,50,12.3,3,0.1
106339,4,116,42.24,8,0.05
106339,5,40,21.18,1,0.0
106340,1,79,19.79,9,0.1
106340,2,30,4.7,9,0.1
106340,3,84,17.71,5,0.0
106341,1,72,10.0,6,0.0
106341,2,65,12.07,7,0.03
106341,3,115,36.18,2,0.0
106341,4,83,36.0,3,0.05
106341,5,103,29.67,3,0.05
106341,6,54,26.4,3,0.0
106341,7,53,24.94,6,0.0
106342,1,102,20.99,11,0.0
106342,2,17,15.52,3,0.2
106342,3,113,9.88,8,0.03
106342,4,64,25.14,5,0.0
106343,1,110,23.29,4,0.0
106343,2,39,109.23,5,0.1
106343,3,71,7.22,2,0.0
106343,4,85,27.46,2,0.05
106344,1,14,29.08,9,0.0
106344,2,84,15.14,4,0.0
106345,1,2,30.14,6,0.05
106345,2,67,33.7,10,0.0
106345,3,54,22.33,5,0.0
106345,4,60,12.62,4,0.05
106346,1,34,26.08,5,0.0
106346,2,92,31.27,4,0.03
106347,1,98,11.69,1,0.0
106347,2,52,37.54,7,0.15
106347,3,54,22.54,2,0.05
106348,1,85,33.32,1,0.05
106348,2,41,51.39,5,0.0
106348,3,58,7.38,4,0.0
106348,4,45,10.3,3,0.0
106349,1,91,20.11,8,0.03
106349,2,60,10.14,7,0.03
106349,3,75,21.42,5,0.0
106350,1,49,26.29,2,0.0
106350,2,108,31.9,6,0.03
106350,3,6,10.98,4,0.0
106350,4,97,15.1,2,0.0
106351,1,101,24.41,4,0.0
106351,2,64,25.38,3,0.0
106352,1,45,14.07,1,0.0
106352,2,72,9.21,1,0.0
106353,1,108,31.27,2,0.0
106353,2,116,44.66,2,0.0
106353,3,93,21.47,3,0.0
106353,4,71,7.3,4,0.1
106353,5,31,4.91,11,0.0
106353,6,46,14.94,11,0.0
106354,1,85,29.18,1,0.05
106354,2,87,25.72,3,0.05
106354,3,4,8.2,10,0.0
106355,1,91,19.09,5,0.0
106355,2,116,45.11,2,0.0
106355,3,101,24.47,2,0.0
106355,4,108,35.28,6,0.0
106356,1,80,23.47,1,0.0
106356,2,119,9.97,11,0.05
106356,3,76,24.38,4,0.0
106356,4,32,17.15,2,0.0
106357,1,80,26.0,1,0.1
106357,2,65,10.87,4,0.0
106357,3,40,23.45,2,0.05
106357,4,98,12.76,2,0.0
106357,5,41,48.98,5,0.0
106357,6,68,27.28,8,0.0
106358,1,110,26.54,16,0.0
106358,2,89,18.0,2,0.0
106358,3,64,24.56,3,0.0
106358,4,84,15.86,3,0.1
106358,5,117,8.7,2,0.0
106358,6,15,10.28,2,0.0
106358,7,58,7.99,5,0.0
106358,8,27,9.74,4,0.2
106359,1,88,32.56,6,0.0
106359,2,110,24.4,2,0.03
106360,1,94,29.61,6,0.0
106361,1,76,24.89,4,0.0
106361,2,45,12.36,3,0.0
106361,3,39,121.74,7,0.0
106362,1,60,13.01,4,0.0
106362,2,80,22.68,4,0.0
106362,3,34,22.21,6,0.0
106362,4,45,12.11,6,0.0
106362,5,53,23.9,6,0.0
106362,6,117,10.21,2,0.1
106363,1,2,31.03,10,0.15
106363,2,65,12.45,5,0.0
106364,1,110,24.9,9,0.0
106364,2,83,32.52,8,0.0
106364,3,63,36.53,6,0.0
106364,4,14,27.86,5,0.15
106364,5,116,41.91,7,0.0
106364,6,76,23.34,8,0.0
106365,1,45,11.06,5,0.0
106365,2,81,27.35,1,0.05
106366,1,65,9.03,1,0.0
106366,2,45,11.18,6,0.0
106366,3,49,26.81,2,0.0
106366,4,114,28.55,2,0.0
106366,5,53,23.18,4,0.0
106367,1,8,5.03,5,0.0
106367,2,49,24.58,4,0.0
106367,3,77,35.59,1,0.0
106367,4,42,22.89,4,0.2
106368,1,76,23.7,1,0.0
106368,2,106,22.83,3,0.05
106368,3,54,24.38,10,0.0
106368,4,31,5.25,4,0.0
106369,1,84,13.95,7,0.1
106369,2,45,12.23,1,0.0
106370,1,78,9.8,5,0.0
106370,2,114,30.27,3,0.15
106370,3,61,20.05,1,0.0
106371,1,107,47.44,2,0.05
106371,2,58,7.84,5,0.0
106372,1,76,23.28,4,0.0
106372,2,37,19.78,3,0.1
106372,3,52,46.64,2,0.0
106372,4,106,22.33,3,0.1
106373,1,81,20.82,4,0.0
106373,2,66,7.64,4,0.03
106373,3,57,46.14,4,0.15
106373,4,60,12.21,1,0.0
106374,1,8,5.4,3,0.1
106374,2,67,34.06,4,0.0
106374,3,120,5.01,6,0.0
106375,1,105,4.12,6,0.05
106375,2,110,23.89,4,0.0
106375,3,81,25.17,2,0.05
106376,1,87,28.26,4,0.0
106376,2,97,15.06,15,0.15
106376,3,79,20.96,2,0.0
106377,1,114,32.03,1,0.0
106377,2,110,23.4,6,0.0
106377,3,39,128.8,3,0.0
106377,4,56,26.59,6,0.0
106377,5,76,23.91,1,0.1
106378,1,23,21.13,1,0.0
106378,2,71,6.28,3,0.0
106378,3,85,27.69,4,0.0
106378,4,83,35.52,10,0.0
106378,5,49,24.96,1,0.0
106378,6,78,9.0,9,0.05
106378,7,8,5.21,3,0.0
106379,1,110,25.97,1,0.1
106379,2,99,24.05,3,0.1
106380,1,45,11.73,5,0.1
106380,2,87,24.7,6,0.05
106380,3,23,24.99,2,0.05
106380,4,22,16.7,6,0.0
106380,5,51,46.79,8,0.0
106381,1,112,76.83,3,0.1
106381,2,44,16.21,4,0.05
106382,1,18,16.84,1,0.0
106382,2,100,56.43,3,0.05
106382,3,97,14.78,5,0.03
106382,4,69,4.44,3,0.0
106382,5,72,7.74,2,0.0
106382,6,66,7.36,2,0.1
106383,1,10,51.27,2,0.0
106383,2,8,5.74,6,0.0
106383,3,75,18.09,4,0.0
106384,1,31,4.69,2,0.03
106384,2,45,10.35,5,0.0
106384,3,82,6.24,1,0.15
106384,4,77,32.22,4,0.05
106384,5,54,24.26,4,0.15
106384,6,112,83.38,7,0.0
106384,7,59,22.15,3,0.1
106385,1,51,38.1,3,0.0
106385,2,72,8.49,5,0.05
106385,3,53,24.49,4,0.0
106385,4,41,41.94,6,0.05
106386,1,23,24.6,5,0.03
106386,2,30,4.73,6,0.15
106386,3,69,3.88,8,0.05
106386,4,81,24.07,4,0.0
106386,5,104,28.05,6,0.03
106387,1,60,11.26,3,0.2
106387,2,85,34.1,3,0.05
106387,3,98,13.11,11,0.1
106388,1,63,42.77,3,0.0
106388,2,78,10.21,3,0.0
106388,3,24,47.45,4,0.0
106388,4,89,17.81,5,0.0
106388,5,72,8.62,2,0.0
106389,1,35,31.14,7,0.0
106389,2,23,26.12,5,0.0
106389,3,15,10.63,4,0.2
106390,1,81,23.81,5,0.05
106390,2,117,8.31,3,0.0
106391,1,45,12.5,3,0.0
106391,2,89,20.0,6,0.0
106391,3,32,18.51,8,0.0
106391,4,108,39.52,2,0.0
106392,1,16,5.94,6,0.1
106392,2,60,11.23,2,0.0
106393,1,17,16.66,2,0.0
106393,2,110,26.46,3,0.0
106393,3,89,18.1,4,0.05
106393,4,82,6.39,1,0.0
106393,5,9,23.04,1,0.0
106394,1,72,8.98,5,0.0
106394,2,24,46.76,1,0.05
106394,3,6,9.04,2,0.0
106394,4,33,11.37,2,0.0
106395,1,51,42.42,5,0.0
106395,2,81,24.64,4,0.03
106396,1,102,24.59,5,0.05
106396,2,12,94.47,4,0.05
106396,3,57,46.5,1,0.05
106396,4,110,24.36,10,0.0
106396,5,54,20.63,3,0.0
106396,6,87,28.34,2,0.0
106396,7,45,12.4,4,0.0
106396,8,51,39.45,7,0.15
106397,1,72,9.67,1,0.15
106397,2,26,17.82,2,0.1
106397,3,71,7.55,2,0.0
106397,4,53,19.89,4,0.05
106397,5,97,14.91,5,0.0
106397,6,112,67.41,2,0.1
106398,1,89,18.04,3,0.0
106398,2,66,6.62,2,0.0
106398,3,63,44.19,1,0.0
106398,4,51,44.24,12,0.0
106398,5,101,27.58,3,0.0
106399,1,34,25.4,4,0.0
106399,2,64,21.06,3,0.03
106399,3,71,7.49,7,0.0
106399,4,78,9.53,4,0.0
106400,1,41,47.17,4,0.0
106400,2,65,11.03,2,0.0
106400,3,88,35.46,12,0.05
106400,4,114,28.54,6,0.05
106400,5,67,31.46,1,0.05
106400,6,20,31.63,1,0.0
106400,7,71,6.65,4,0.03
106400,8,109,3.86,3,0.03
106401,1,53,22.3,4,0.1
106401,2,104,27.85,8,0.05
106401,3,32,20.09,3,0.0
106401,4,110,24.5,3,0.0
106402,1,19,21.75,5,0.03
106402,2,45,10.88,3,0.0
106402,3,71,6.91,3,0.03
106402,4,106,22.92,9,0.0
106403,1,98,12.08,6,0.1
106403,2,110,24.94,3,0.0
106403,3,40,24.89,1,0.0
106403,4,78,9.81,2,0.0
106404,1,70,12.98,3,0.0
106404,2,49,26.96,5,0.0
106404,3,71,7.99,3,0.05
106405,1,103,28.83,5,0.0
106405,2,79,22.31,7,0.1
106405,3,78,9.59,2,0.0
106406,1,51,42.41,5,0.0
106406,2,60,9.96,6,0.1
106406,3,65,13.18,14,0.0
106407,1,6,10.76,3,0.1
106407,2,76,26.12,7,0.15
106407,3,71,6.74,6,0.1
106407,4,99,26.95,1,0.03
106407,5,97,13.36,2,0.0
106407,6,84,15.14,2,0.0
106407,7,101,24.03,1,0.0
106408,1,19,29.34,6,0.0
106408,2,81,24.78,4,0.05
106408,3,60,12.81,11,0.0
106408,4,40,23.92,4,0.0
106408,5,110,27.03,4,0.15
106409,1,82,5.91,3,0.0
106409,2,79,21.46,3,0.05
106410,1,78,9.79,4,0.0
106410,2,83,34.89,4,0.0
106410,3,12,71.0,7,0.05
106411,1,92,30.76,1,0.0
106411,2,45,11.23,4,0.0
106411,3,5,25.94,2,0.0
106412,1,26,16.75,4,0.05
106412,2,97,16.72,5,0.0
106412,3,24,47.17,4,0.0
106412,4,60,12.4,2,0.0
106413,1,83,33.8,3,0.15
106413,2,48,42.02,3,0.0
106413,3,51,49.06,4,0.05
106413,4,99,27.96,3,0.0
106413,5,23,24.35,10,0.05
106414,1,45,12.17,3,0.0
106414,2,94,30.3,3,0.0
106414,3,9,26.09,3,0.0
106415,1,78,11.1,4,0.03
106415,2,4,7.27,1,0.05
106415,3,15,10.72,1,0.05
106415,4,87,26.44,2,0.15
106415,5,10,54.97,6,0.15
106415,6,24,54.93,1,0.0
106416,1,5,23.53,7,0.05
106416,2,36,29.69,3,0.03
106416,3,34,27.93,6,0.0
106416,4,60,11.19,1,0.0
106417,1,79,17.72,2,0.15
106418,1,85,28.74,2,0.0
106418,2,40,27.46,6,0.03
106419,1,80,26.34,2,0.05
106419,2,71,6.78,2,0.03
106419,3,99,25.57,4,0.2
106420,1,114,26.05,2,0.05
106420,2,90,55.3,4,0.0
106420,3,15,10.85,3,0.1
106421,1,80,22.57,3,0.0
106421,2,85,25.36,7,0.05
106421,3,45,11.3,5,0.1
106421,4,14,24.49,8,0.0
106422,1,72,8.56,3,0.0
106423,1,51,44.11,2,0.05
106423,2,49,26.93,2,0.0
106424,1,21,25.36,6,0.03
106424,2,46,15.25,4,0.1
106425,1,16,5.04,1,0.0
106425,2,80,22.84,7,0.03
106425,3,76,25.93,6,0.2
106425,4,81,26.54,6,0.0
106426,1,76,25.6,16,0.0
106426,2,107,43.19,2,0.0
106426,3,72,9.37,2,0.0
106426,4,57,43.28,7,0.0
106426,5,46,17.12,2,0.05
106427,1,116,42.51,11,0.0
106427,2,45,13.47,5,0.0
106427,3,65,12.07,4,0.15
106428,1,9,24.66,3,0.0
106428,2,55,19.7,5,0.05
106428,3,78,10.18,1,0.0
106429,1,113,10.74,7,0.0
106429,2,83,32.08,4,0.0
106429,3,45,12.5,4,0.03
106430,1,32,17.82,3,0.0
106430,2,40,23.13,5,0.03
106430,3,110,27.8,8,0.0
106431,1,81,21.58,4,0.0
106431,2,102,24.47,5,0.0
106431,3,22,15.14,4,0.05
106431,4,101,23.61,5,0.0
106431,5,32,18.69,6,0.0
106432,1,116,31.36,8,0.0
106432,2,8,5.34,1,0.05
106432,3,40,25.0,4,0.0
106432,4,72,9.05,5,0.0
106433,1,79,17.7,11,0.0
106433,2,71,6.8,4,0.1
106433,3,13,31.14,11,0.0
106434,1,55,17.17,5,0.15
106434,2,65,11.01,3,0.0
106434,3,56,33.68,3,0.05
106434,4,35,31.39,4,0.0
106435,1,15,12.05,6,0.0
106435,2,76,21.09,6,0.1
106435,3,51,44.71,2,0.0
106435,4,117,9.13,14,0.0
106435,5,111,88.9,3,0.1
106436,1,39,113.72,9,0.03
106436,2,83,30.8,2,0.0
106436,3,116,40.48,8,0.0
106437,1,97,14.01,12,0.0
106437,2,60,13.61,3,0.0
106438,1,82,6.77,1,0.1
106438,2,52,46.52,2,0.0
106438,3,45,11.15,5,0.0
106438,4,110,22.9,2,0.15
106439,1,79,20.17,1,0.03
106439,2,16,4.94,1,0.0
106439,3,84,14.9,6,0.0
106440,1,85,31.0,5,0.0
106440,2,59,18.7,6,0.0
106440,3,53,23.58,3,0.0
106441,1,93,26.24,1,0.0
106441,2,72,8.55,2,0.05
106441,3,45,13.37,6,0.0
106441,4,51,45.55,3,0.0
106441,5,25,12.75,4,0.1
106442,1,44,16.79,5,0.0
106442,2,113,9.26,7,0.0
106442,3,24,43.36,2,0.0
106442,4,93,24.81,4,0.0
106443,1,24,41.67,1,0.1
106443,2,71,7.39,2,0.05
106443,3,95,19.9,6,0.0
106443,4,45,12.0,3,0.05
106444,1,116,43.2,5,0.0
106444,2,80,20.23,3,0.05
106444,3,94,31.7,5,0.0
106444,4,44,15.85,3,0.0
106444,5,79,17.98,4,0.05
106445,1,106,20.45,4,0.15
106445,2,21,29.78,7,0.03
106445,3,19,25.74,4,0.05
106445,4,58,8.02,1,0.1
106445,5,97,15.09,2,0.0
106445,6,52,48.49,2,0.15
106445,7,45,12.45,1,0.0
106446,1,91,16.53,3,0.0
106446,2,10,51.08,6,0.0
106446,3,83,32.12,2,0.05
106446,4,108,35.61,11,0.0
106446,5,97,17.59,4,0.1
106447,1,104,25.15,2,0.0
106447,2,44,15.61,4,0.0
106447,3,5,20.5,3,0.0
106447,4,75,18.57,5,0.1
106447,5,72,8.05,4,0.03
106448,1,45,10.09,6,0.0
106448,2,110,22.76,1,0.15
106449,1,40,24.46,1,0.0
106449,2,25,11.57,7,0.0
106449,3,113,10.17,4,0.1
106450,1,89,20.01,3,0.0
106451,1,101,25.18,6,0.0
106451,2,53,22.51,4,0.1
106451,3,99,25.84,3,0.15
106451,4,79,18.04,6,0.1
106451,5,71,8.1,5,0.0
106452,1,26,12.63,3,0.0
106452,2,99,26.59,3,0.05
106452,3,120,4.46,3,0.03
106453,1,80,25.41,5,0.03
106453,2,115,31.62,6,0.0
106453,3,83,33.2,5,0.05
106453,4,37,17.08,1,0.0
106453,5,71,7.45,8,0.03
106454,1,32,17.39,1,0.0
106455,1,108,36.16,2,0.03
106455,2,84,15.26,2,0.0
106455,3,66,8.49,2,0.03
106456,1,46,16.38,4,0.0
106456,2,110,23.99,2,0.0
106457,1,27,10.05,12,0.1
106457,2,24,48.56,5,0.0
106457,3,89,17.89,2,0.0
106458,1,82,6.52,5,0.0
106458,2,99,26.69,2,0.15
106459,1,104,28.88,4,0.1
106459,2,116,40.94,5,0.15
106459,3,72,8.67,5,0.0
106459,4,4,6.37,6,0.03
106460,1,55,17.99,4,0.0
106460,2,17,16.57,2,0.0
106460,3,14,25.25,6,0.0
106460,4,78,10.16,2,0.15
106460,5,76,25.4,1,0.0
106461,1,41,46.79,3,0.0
106461,2,70,12.02,3,0.0
106462,1,110,20.91,9,0.0
106462,2,105,5.94,5,0.0
106462,3,109,3.67,2,0.0
106463,1,106,21.0,7,0.0
106464,1,109,4.18,6,0.0
106464,2,87,28.91,4,0.0
106464,3,116,41.82,4,0.0
106465,1,31,5.68,1,0.0
106465,2,63,43.67,5,0.0
106466,1,45,11.07,4,0.0
106466,2,97,15.34,3,0.05
106466,3,71,7.66,3,0.15
106466,4,116,39.77,4,0.0
106466,5,6,11.28,2,0.0
106466,6,16,4.87,5,0.0
106466,7,62,36.37,1,0.03
106467,1,39,127.3,7,0.1
106467,2,52,52.35,7,0.03
106467,3,110,31.22,3,0.0
106467,4,94,31.01,1,0.0
106467,5,24,46.62,4,0.05
106468,1,75,18.92,6,0.0
106468,2,44,16.4,1,0.1
106468,3,106,21.27,4,0.0
106468,4,78,8.92,2,0.0
106468,5,91,20.79,13,0.03
106469,1,32,17.26,4,0.05
106469,2,106,19.57,1,0.05
106469,3,68,19.78,6,0.0
106470,1,93,24.76,1,0.0
106470,2,97,14.89,2,0.0
106470,3,79,19.78,6,0.0
106470,4,104,25.48,6,0.0
106471,1,72,8.39,4,0.1
106471,2,58,8.29,2,0.05
106471,3,25,12.48,7,0.0
106471,4,110,26.3,3,0.0
106472,1,52,45.14,4,0.15
106472,2,44,14.61,3,0.05
106472,3,97,13.64,3,0.0
106472,4,95,18.72,4,0.0
106473,1,80,22.39,1,0.0
106473,2,97,14.31,8,0.05
106473,3,11,32.8,2,0.05
106473,4,82,5.7,2,0.0
106474,1,116,36.19,7,0.0
106475,1,19,26.07,3,0.0
106475,2,56,28.28,4,0.05
106475,3,71,6.74,10,0.0
106475,4,82,7.61,1,0.0
106476,1,81,21.41,1,0.0
106476,2,45,13.33,6,0.0
106476,3,52,48.17,5,0.0
106476,4,89,15.54,3,0.0
106477,1,66,6.91,2,0.0
106477,2,59,19.94,3,0.05
106478,1,31,4.95,4,0.0
106478,2,45,12.05,3,0.1
106478,3,14,26.09,7,0.0
106478,4,110,26.47,4,0.0
106479,1,65,12.56,1,0.0
106479,2,116,35.99,3,0.03
106479,3,6,10.99,10,0.05
106479,4,88,34.48,5,0.1
106480,1,64,22.44,5,0.05
106480,2,33,10.41,1,0.05
106480,3,38,29.86,2,0.03
106480,4,11,34.3,6,0.0
106480,5,40,19.71,3,0.1
106480,6,87,28.66,8,0.05
106481,1,110,25.49,3,0.0
106481,2,85,28.58,3,0.0
106481,3,106,20.14,6,0.0
106482,1,101,22.91,4,0.0
106482,2,80,24.77,1,0.1
106482,3,8,4.98,3,0.0
106482,4,89,14.68,3,0.0
106482,5,32,15.76,1,0.0
106483,1,87,30.93,9,0.2
106483,2,113,10.53,3,0.15
106484,1,81,27.23,7,0.1
106484,2,55,16.59,2,0.0
106485,1,116,38.49,4,0.15
106485,2,86,28.17,4,0.03
106485,3,81,26.33,3,0.1
106485,4,92,32.17,5,0.05
106486,1,97,13.83,5,0.0
106486,2,15,11.92,4,0.0
106487,1,45,13.42,1,0.0
106488,1,52,49.95,1,0.05
106488,2,83,27.67,5,0.0
106488,3,45,12.83,5,0.03
106488,4,63,46.0,1,0.0
106489,1,14,24.93,5,0.05
106489,2,2,25.42,3,0.0
106489,3,71,7.34,3,0.1
106490,1,12,86.1,7,0.03
106491,1,94,28.32,1,0.0
106491,2,9,24.25,6,0.0
106491,3,45,13.9,5,0.0
106491,4,31,5.21,13,0.0
106491,5,17,16.21,11,0.0
106491,6,82,6.24,6,0.1
106491,7,59,19.66,5,0.03
106492,1,6,9.58,6,0.0
106492,2,45,11.28,10,0.0
106493,1,79,18.33,3,0.15
106493,2,6,10.14,9,0.15
106493,3,81,26.82,7,0.15
106494,1,32,16.82,20,0.0
106494,2,119,10.12,5,0.03
106494,3,50,10.1,2,0.0
106495,1,45,11.55,6,0.03
106495,2,40,25.82,2,0.0
106496,1,103,28.24,1,0.1
106496,2,9,25.12,3,0.1
106496,3,72,8.7,3,0.0
106496,4,71,7.62,6,0.0
106497,1,15,11.39,4,0.0
106497,2,98,12.87,2,0.0
106497,3,5,22.24,6,0.05
106497,4,66,9.33,6,0.0
106497,5,102,24.0,3,0.0
106498,1,14,25.16,1,0.0
106498,2,87,25.34,8,0.0
106499,1,79,20.75,5,0.0
106499,2,14,26.41,3,0.05
106499,3,58,8.52,8,0.0
106499,4,83,35.14,4,0.1
106500,1,116,37.16,2,0.0
106500,2,48,37.48,8,0.15
106500,3,5,23.82,5,0.05
106500,4,9,22.48,3,0.0
106500,5,14,24.76,1,0.03
106500,6,51,43.09,2,0.0
106501,1,81,27.5,10,0.0
106501,2,64,25.44,3,0.0
106501,3,1,28.22,2,0.1
106502,1,58,8.35,1,0.0
106502,2,107,37.51,6,0.0
106503,1,25,10.7,3,0.0
106504,1,59,21.51,2,0.0
106504,2,40,22.52,3,0.1
106504,3,81,25.53,6,0.1
106505,1,72,9.6,2,0.05
106505,2,44,14.59,9,0.1
106506,1,89,19.42,1,0.1
106506,2,32,16.81,4,0.0
106507,1,58,9.1,5,0.03
106507,2,1,28.5,5,0.0
106507,3,28,6.6,1,0.1
106508,1,45,9.46,9,0.0
106508,2,98,13.26,6,0.0
106509,1,33,10.3,5,0.0
106509,2,22,14.89,6,0.15
106510,1,91,18.62,5,0.1
106510,2,60,12.9,4,0.0
106510,3,64,25.34,4,0.05
106510,4,76,24.91,7,0.0
106510,5,66,8.17,4,0.0
106510,6,116,40.88,5,0.0
106510,7,94,29.84,7,0.0
106511,1,81,24.03,6,0.1
106512,1,85,27.57,2,0.05
106512,2,2,26.53,4,0.05
106512,3,51,42.67,2,0.0
106513,1,60,11.09,5,0.03
106513,2,76,22.7,2,0.0
106513,3,62,31.58,3,0.05
106513,4,108,34.51,3,0.03
106514,1,97,16.03,8,0.0
106515,1,72,7.51,1,0.0
106515,2,116,40.06,5,0.0
106516,1,90,52.11,1,0.05
106516,2,104,25.68,6,0.1
106517,1,44,14.95,8,0.0
106517,2,78,9.59,8,0.0
106518,1,34,23.09,2,0.0
106518,2,79,20.6,5,0.0
106518,3,67,33.1,3,0.0
106518,4,85,32.41,3,0.0
106519,1,45,12.19,3,0.15
106519,2,92,28.01,5,0.0
106519,3,116,32.73,4,0.0
106520,1,24,43.04,3,0.0
106520,2,71,8.51,7,0.05
106520,3,15,9.86,4,0.03
106521,1,8,4.93,3,0.05
106521,2,92,27.99,10,0.0
106521,3,79,19.07,2,0.03
106521,4,113,9.61,5,0.1
106522,1,24,62.68,9,0.0
106522,2,89,18.85,2,0.0
106522,3,81,21.28,2,0.1
106523,1,23,22.53,9,0.0
106523,2,45,12.46,2,0.0
106523,3,91,19.65,1,0.0
106523,4,14,24.16,3,0.05
106523,5,94,32.05,3,0.0
106524,1,58,8.48,1,0.0
106524,2,64,22.95,10,0.0
106524,3,33,11.67,3,0.0
106525,1,120,4.77,8,0.1
106525,2,6,12.1,3,0.0
106525,3,53,24.51,1,0.0
106526,1,112,77.87,2,0.0
106526,2,83,34.34,1,0.0
106526,3,102,22.88,2,0.05
106526,4,103,29.79,4,0.0
106526,5,67,34.33,3,0.15
106527,1,13,35.21,8,0.0
106527,2,33,11.34,3,0.15
106527,3,95,21.18,2,0.0
106528,1,81,24.89,6,0.15
106528,2,52,48.57,2,0.0
106528,3,28,6.86,1,0.0
106528,4,98,11.46,3,0.0
106529,1,58,8.51,4,0.15
106529,2,31,5.38,11,0.03
106530,1,80,24.69,1,0.05
106530,2,113,10.19,4,0.05
106530,3,106,21.73,11,0.0
106530,4,79,19.58,11,0.1
106531,1,120,4.9,4,0.1
106531,2,67,29.82,3,0.15
106531,3,40,21.57,4,0.1
106531,4,116,40.54,2,0.05
106531,5,10,46.94,1,0.0
106532,1,93,24.65,5,0.15
106532,2,76,24.92,4,0.15
106533,1,105,5.68,3,0.0
106533,2,49,22.86,1,0.0
106533,3,71,6.75,4,0.0
106533,4,82,6.56,4,0.0
106533,5,94,30.93,1,0.03
106533,6,45,12.14,2,0.2
106533,7,31,4.55,5,0.15
106534,1,110,27.87,5,0.1
106534,2,97,16.59,4,0.1
106534,3,79,18.56,2,0.03
106534,4,62,39.81,3,0.0
106534,5,72,9.32,1,0.15
106535,1,117,9.05,9,0.05
106535,2,56,30.47,2,0.0
106535,3,116,37.72,6,0.0
106535,4,8,4.76,1,0.0
106536,1,24,47.63,5,0.0
106536,2,69,3.77,3,0.0
106537,1,40,24.37,2,0.0
106537,2,12,88.95,3,0.0
106537,3,8,4.84,5,0.05
106537,4,72,9.25,15,0.0
106538,1,22,16.49,5,0.15
106538,2,94,24.0,2,0.0
106538,3,44,14.23,3,0.0
106538,4,28,6.86,4,0.0
106539,1,67,33.04,5,0.0
106539,2,106,22.05,3,0.05
106539,3,45,11.52,2,0.0
106539,4,51,49.28,1,0.0
106540,1,83,34.56,2,0.0
106540,2,78,9.06,3,0.05
106540,3,116,39.97,4,0.0
106540,4,99,23.52,4,0.0
106540,5,51,40.6,1,0.0
106541,1,71,7.12,6,0.03
106541,2,51,43.36,8,0.0
106541,3,45,13.02,8,0.0
106541,4,120,4.83,6,0.1
106541,5,111,91.06,3,0.0
106541,6,34,25.83,2,0.0
106541,7,99,27.29,6,0.05
106542,1,52,52.16,7,0.0
106542,2,56,29.17,6,0.0
106543,1,72,8.58,3,0.0
106543,2,22,14.19,4,0.0
106543,3,49,24.51,3,0.03
106543,4,95,21.02,2,0.0
106543,5,104,25.18,4,0.15
106543,6,71,6.22,4,0.0
106544,1,102,20.46,2,0.05
106544,2,44,15.78,5,0.0
106544,3,75,17.56,4,0.03
106544,4,85,33.73,3,0.0
106544,5,120,6.13,4,0.15
106544,6,101,25.9,1,0.0
106545,1,117,8.86,6,0.15
106545,2,15,9.77,4,0.05
106545,3,12,81.41,7,0.0
106545,4,45,12.24,6,0.0
106545,5,65,12.39,3,0.03
106546,1,81,22.58,8,0.0
106546,2,64,23.25,1,0.0
106546,3,45,12.69,2,0.03
106546,4,71,7.65,2,0.05
106547,1,24,49.54,4,0.0
106547,2,116,42.15,2,0.2
106548,1,50,9.63,6,0.05
106548,2,52,44.07,4,0.1
106549,1,85,29.44,3,0.0
106549,2,32,16.03,1,0.0
106549,3,53,27.2,1,0.0
106549,4,63,38.81,6,0.0
106550,1,27,9.93,6,0.0
106550,2,87,23.09,2,0.15
106551,1,97,12.85,3,0.05
106551,2,45,13.12,3,0.0
106551,3,40,21.25,4,0.0
106551,4,85,28.34,2,0.0
106552,1,104,25.2,2,0.0
106552,2,15,10.82,5,0.15
106552,3,10,54.54,4,0.1
106553,1,50,10.66,1,0.0
106553,2,75,18.45,3,0.0
106553,3,81,21.19,7,0.03
106553,4,85,28.66,7,0.1
106554,1,62,34.62,1,0.0
106554,2,84,15.64,2,0.0
106554,3,82,6.19,2,0.15
106555,1,72,8.49,1,0.15
106555,2,117,9.02,2,0.0
106556,1,51,49.42,3,0.0
106556,2,50,11.3,4,0.1
106556,3,71,7.52,2,0.03
106556,4,81,23.49,7,0.0
106556,5,100,65.34,4,0.05
106557,1,98,13.72,4,0.0
106557,2,80,21.14,5,0.0
106558,1,15,11.05,14,0.1
106559,1,83,31.44,7,0.0
106559,2,60,10.68,5,0.05
106560,1,32,16.97,2,0.1
106560,2,52,42.87,7,0.05
106561,1,40,24.37,7,0.0
106561,2,98,10.85,9,0.2
106562,1,32,18.77,3,0.1
106562,2,84,14.46,9,0.05
106563,1,24,47.71,3,0.0
106563,2,71,7.34,3,0.05
106563,3,16,5.8,4,0.03
106563,4,72,7.5,5,0.0
106563,5,6,10.65,2,0.0
106563,6,84,14.54,5,0.0
106564,1,46,19.33,4,0.0
106565,1,51,43.15,5,0.0
106565,2,110,22.82,2,0.05
106565,3,116,35.68,5,0.0
106566,1,53,26.28,5,0.1
106567,1,76,26.4,4,0.0
106567,2,99,27.81,2,0.0
106568,1,54,21.8,12,0.0
106569,1,101,23.06,4,0.15
106569,2,52,43.28,2,0.15
106570,1,103,29.11,1,0.1
106570,2,65,14.42,1,0.0
106570,3,40,24.23,6,0.15
106570,4,45,10.83,6,0.03
106570,5,112,87.6,2,0.05
106571,1,62,36.0,2,0.0
106571,2,104,24.97,3,0.05
106572,1,20,31.78,2,0.05
106572,2,89,18.45,5,0.0
106572,3,1,28.17,7,0.0
106572,4,33,11.07,3,0.0
106573,1,46,17.83,4,0.05
106573,2,55,16.21,6,0.0
106573,3,116,34.33,4,0.0
106573,4,53,22.22,6,0.05
106573,5,88,33.81,3,0.1
106574,1,54,25.85,1,0.0
106574,2,25,11.06,7,0.15
106574,3,46,15.13,1,0.05
106574,4,114,28.62,4,0.1
106574,5,6,10.57,6,0.0
106574,6,109,3.4,5,0.1
106575,1,8,5.34,3,0.0
106575,2,44,13.9,3,0.1
106575,3,110,23.57,10,0.15
106576,1,32,18.89,2,0.03
106576,2,84,14.39,5,0.15
106576,3,81,23.53,2,0.03
106577,1,25,12.35,13,0.0
106577,2,60,11.29,5,0.2
106577,3,104,26.6,5,0.0
106577,4,106,23.66,8,0.0
106577,5,84,15.36,1,0.2
106577,6,7,16.93,6,0.0
106578,1,51,45.08,4,0.0
106578,2,98,11.98,4,0.1
106578,3,110,27.06,4,0.0
106578,4,34,24.33,5,0.1
106579,1,17,16.23,2,0.03
106579,2,81,27.39,1,0.1
106579,3,28,6.1,3,0.0
106579,4,45,12.58,4,0.0
106579,5,48,37.03,12,0.1
106580,1,82,5.63,1,0.03
106580,2,104,25.65,2,0.15
106581,1,65,13.04,1,0.0
106581,2,94,31.82,2,0.0
106581,3,11,32.01,5,0.0
106581,4,83,26.75,5,0.0
106582,1,19,28.82,2,0.0
106582,2,70,12.0,1,0.0
106582,3,97,14.52,2,0.0
106583,1,65,12.36,7,0.1
106583,2,76,23.77,7,0.0
106584,1,71,6.88,5,0.05
106584,2,52,42.28,7,0.0
106585,1,110,23.21,10,0.1
106585,2,83,34.41,3,0.1
106585,3,45,10.55,3,0.05
106586,1,81,24.35,9,0.0
106586,2,10,53.1,2,0.1
106586,3,104,28.73,2,0.05
106586,4,16,4.03,5,0.0
106587,1,12,79.04,8,0.0
106588,1,19,29.11,4,0.0
106588,2,118,19.02,3,0.05
106588,3,92,28.29,7,0.0
106589,1,83,29.88,14,0.0
106589,2,34,24.41,3,0.03
106589,3,71,7.25,6,0.0
106589,4,25,12.11,3,0.0
106590,1,15,9.94,6,0.0
106590,2,99,30.66,2,0.0
106591,1,81,27.15,3,0.03
106591,2,91,19.17,3,0.05
106591,3,76,24.25,7,0.15
106591,4,14,26.54,2,0.0
106592,1,51,47.64,3,0.05
106592,2,104,30.56,5,0.0
106593,1,80,21.08,6,0.0
106594,1,71,6.84,3,0.0
106595,1,101,25.27,6,0.0
106595,2,76,22.54,8,0.03
106595,3,84,12.44,2,0.0
106595,4,57,43.57,2,0.0
106596,1,117,9.28,4,0.0
106596,2,65,12.59,2,0.03
106596,3,66,7.26,2,0.05
106596,4,14,25.75,3,0.1
106596,5,112,70.58,3,0.0
106597,1,79,19.02,1,0.0
106597,2,58,9.62,2,0.0
106597,3,4,7.19,3,0.15
106597,4,44,13.71,3,0.0
106598,1,25,10.92,5,0.05
106598,2,100,62.97,7,0.0
106598,3,41,51.92,3,0.15
106598,4,9,25.45,7,0.03
106599,1,71,7.34,4,0.03
106599,2,52,42.61,4,0.1
106599,3,56,29.45,3,0.0
106600,1,116,30.28,1,0.0
106600,2,45,10.88,6,0.05
106600,3,81,27.14,2,0.0
106600,4,72,9.57,3,0.15
106601,1,104,26.39,2,0.0
106601,2,16,5.27,1,0.1
106601,3,21,26.39,5,0.0
106602,1,94,31.62,1,0.0
106602,2,54,25.1,1,0.05
106602,3,69,4.5,7,0.0
106602,4,113,9.56,3,0.03
106602,5,99,25.0,4,0.0
106603,1,14,21.88,3,0.03
106603,2,11,34.17,3,0.05
106604,1,8,5.16,5,0.05
106604,2,75,19.31,6,0.2
106604,3,53,22.83,7,0.0
106604,4,49,27.27,7,0.05
106605,1,14,24.01,5,0.1
106605,2,9,28.08,7,0.05
106605,3,116,35.27,3,0.05
106605,4,67,31.98,8,0.0
106606,1,51,45.98,2,0.0
106606,2,45,12.52,2,0.0
106606,3,97,16.1,2,0.0
106607,1,54,25.03,7,0.0
106607,2,27,8.25,5,0.0
106607,3,58,8.25,3,0.03
106608,1,110,28.17,3,0.0
106608,2,28,6.65,4,0.0
106608,3,98,12.01,2,0.05
106608,4,71,7.04,3,0.0
106609,1,112,80.48,3,0.05
106609,2,52,47.58,3,0.05
106609,3,85,31.71,2,0.0
106610,1,107,36.45,7,0.05
106610,2,25,13.45,2,0.1
106610,3,70,10.93,4,0.05
106611,1,45,11.87,2,0.0
106611,2,6,9.95,1,0.0
106611,3,58,8.75,6,0.05
106611,4,103,30.02,10,0.1
106612,1,76,26.09,3,0.0
106612,2,97,13.63,9,0.0
106612,3,94,30.43,2,0.0
106613,1,16,5.67,2,0.0
106613,2,90,50.6,4,0.15
106613,3,8,5.45,1,0.15
106613,4,60,10.92,2,0.0
106613,5,14,26.06,5,0.1
106614,1,8,4.7,8,0.15
106615,1,9,25.65,4,0.1
106615,2,50,12.2,3,0.05
106615,3,34,23.43,6,0.0
106615,4,53,23.49,1,0.0
106616,1,24,47.06,6,0.03
106616,2,55,20.88,4,0.0
106616,3,15,10.82,1,0.0
106617,1,71,7.92,5,0.1
106617,2,60,12.09,6,0.0
106617,3,36,34.56,3,0.0
106618,1,2,27.24,5,0.0
106618,2,110,21.71,8,0.0
106619,1,65,12.97,5,0.0
106619,2,76,29.05,6,0.2
106619,3,12,79.77,9,0.0
106620,1,40,26.51,3,0.2
106620,2,52,49.14,8,0.0
106620,3,60,12.98,5,0.1
106620,4,112,78.46,6,0.0
106621,1,120,5.06,2,0.0
106621,2,40,28.01,6,0.15
106621,3,10,52.0,4,0.1
106621,4,74,31.92,5,0.1
106621,5,15,10.19,3,0.0
106622,1,116,40.86,1,0.0
106622,2,71,7.43,4,0.1
106622,3,90,61.59,9,0.03
106622,4,110,24.26,2,0.0
106622,5,97,11.44,2,0.0
106622,6,62,41.44,11,0.0
106622,7,40,25.34,4,0.0
106623,1,56,29.79,2,0.0
106623,2,83,30.68,2,0.15
106623,3,66,6.46,2,0.1
106624,1,101,22.25,3,0.0
106624,2,51,38.57,6,0.0
106624,3,11,34.91,5,0.0
106624,4,106,19.88,3,0.1
106624,5,8,5.47,1,0.03
106624,6,108,31.04,6,0.0
106625,1,120,4.98,3,0.0
106625,2,33,10.98,3,0.1
106625,3,112,87.48,7,0.05
106625,4,45,12.49,3,0.0
106625,5,24,51.58,1,0.0
106625,6,53,24.7,6,0.15
106626,1,83,30.43,4,0.0
106626,2,45,12.5,5,0.0
106626,3,3,60.5,6,0.05
106627,1,99,24.49,5,0.05
106627,2,27,9.36,5,0.0
106628,1,76,26.63,4,0.0
106628,2,82,6.7,1,0.15
106628,3,78,10.37,4,0.0
106628,4,79,17.65,3,0.0
106629,1,107,41.02,7,0.15
106629,2,11,36.76,2,0.05
106629,3,14,27.1,8,0.0
106630,1,110,24.48,4,0.0
106630,2,56,27.94,6,0.1
106630,3,45,10.74,10,0.05
106630,4,79,20.38,9,0.0
106631,1,45,12.59,4,0.05
106631,2,8,4.65,2,0.0
106631,3,95,18.15,6,0.2
106631,4,9,23.82,4,0.0
106631,5,70,13.0,1,0.0
106632,1,54,22.5,9,0.1
106632,2,82,7.45,4,0.0
106633,1,108,39.58,3,0.0
106633,2,114,25.32,5,0.0
106633,3,44,15.3,5,0.0
106633,4,22,14.9,1,0.0
106634,1,49,26.6,4,0.0
106634,2,45,12.09,11,0.05
106634,3,105,5.75,5,0.1
106635,1,45,12.23,2,0.0
106635,2,15,11.48,2,0.0
106635,3,4,7.36,1,0.0
106636,1,26,14.49,16,0.0
106636,2,25,13.31,3,0.0
106636,3,40,21.71,10,0.0
106637,1,70,11.27,6,0.05
106637,2,98,11.66,4,0.15
106637,3,78,9.38,1,0.0
106638,1,26,17.71,5,0.03
106638,2,110,24.4,3,0.0
106638,3,99,25.41,4,0.0
106638,4,101,20.14,4,0.0
106639,1,107,37.19,2,0.15
106639,2,81,22.85,4,0.15
106639,3,92,30.39,1,0.0
106640,1,116,43.55,4,0.0
106640,2,67,28.0,6,0.03
106640,3,112,92.08,6,0.0
106640,4,53,22.07,3,0.1
106641,1,76,22.16,1,0.05
106641,2,104,25.33,1,0.0
106641,3,16,5.36,5,0.0
106641,4,57,45.39,1,0.0
106641,5,53,24.93,7,0.05
106641,6,107,47.69,6,0.1
106642,1,70,12.15,1,0.0
106642,2,14,23.7,4,0.0
106642,3,27,8.7,2,0.0
106643,1,65,11.67,2,0.0
106643,2,79,20.54,9,0.0
106643,3,40,22.12,6,0.05
106643,4,15,10.25,11,0.05
106644,1,71,6.1,9,0.0
106644,2,33,10.15,8,0.15
106644,3,110,24.2,8,0.0
106644,4,36,29.19,3,0.0
106645,1,75,20.61,6,0.0
106645,2,8,4.94,7,0.05
106645,3,57,49.82,3,0.1
106645,4,91,16.99,4,0.0
106646,1,60,12.35,4,0.0
106646,2,116,34.3,3,0.0
106646,3,14,27.4,2,0.0
106646,4,24,46.98,4,0.1
106646,5,65,11.52,5,0.0
106647,1,1,28.36,2,0.0
106647,2,97,15.4,1,0.0
106647,3,66,7.67,4,0.0
106648,1,60,12.59,4,0.0
106648,2,34,24.99,1,0.0
106648,3,89,17.37,4,0.0
106648,4,32,17.8,2,0.0
106649,1,28,7.15,9,0.05
106650,1,6,12.18,5,0.0
106650,2,50,10.99,4,0.0
106651,1,27,9.53,3,0.1
106651,2,8,5.11,8,0.0
106652,1,109,3.45,9,0.03
106652,2,9,22.63,7,0.0
106653,1,14,24.35,4,0.05
106653,2,45,12.43,3,0.03
106653,3,117,10.24,3,0.0
106653,4,107,39.6,4,0.1
106654,1,81,22.69,3,0.0
106655,1,21,29.11,4,0.1
106655,2,106,20.51,3,0.05
106656,1,45,11.45,5,0.0
106656,2,72,8.7,5,0.0
106657,1,9,24.71,5,0.0
106657,2,1,28.92,6,0.0
106657,3,53,27.21,1,0.0
106658,1,110,24.65,3,0.1
106658,2,5,29.09,5,0.0
106658,3,105,4.73,7,0.0
106658,4,55,20.31,11,0.0
106658,5,70,10.22,2,0.0
106658,6,24,43.18,2,0.15
106659,1,40,22.56,3,0.1
106659,2,46,17.67,3,0.1
106659,3,76,23.62,3,0.05
106660,1,76,24.19,2,0.03
106660,2,116,35.91,3,0.05
106661,1,56,26.91,2,0.0
106661,2,98,12.14,2,0.0
106661,3,55,17.52,6,0.0
106661,4,40,25.82,9,0.05
106662,1,80,23.55,1,0.2
106662,2,71,7.48,4,0.0
106662,3,76,22.97,5,0.05
106662,4,60,12.37,8,0.0
106663,1,20,29.99,7,0.0
106663,2,40,23.89,5,0.0
106663,3,71,7.4,9,0.0
106663,4,65,13.57,1,0.0
106664,1,67,32.74,8,0.0
106664,2,27,8.99,2,0.0
106665,1,117,9.33,2,0.0
106665,2,8,5.19,2,0.0
106665,3,9,23.89,5,0.0
106666,1,89,18.48,8,0.1
106666,2,45,11.05,5,0.0
106666,3,71,7.23,1,0.0
106667,1,51,45.99,2,0.15
106667,2,4,7.1,1,0.0
106668,1,81,22.65,9,0.0
106668,2,97,17.6,6,0.0
106669,1,27,9.56,2,0.0
106669,2,5,25.25,1,0.0
106670,1,90,54.24,5,0.0
106670,2,48,41.75,1,0.05
106670,3,110,26.37,5,0.0
106670,4,27,10.62,2,0.0
106671,1,32,17.06,6,0.1
106672,1,83,34.71,1,0.03
106672,2,67,29.5,3,0.05
106672,3,51,42.59,1,0.05
106673,1,52,52.41,8,0.05
106673,2,116,32.41,7,0.0
106673,3,45,12.45,3,0.0
106673,4,67,27.57,12,0.0
106673,5,85,30.86,1,0.0
106674,1,53,24.91,3,0.0
106674,2,60,12.23,8,0.15
106674,3,80,23.38,6,0.0
106674,4,71,7.46,5,0.0
106675,1,23,25.03,7,0.0
106675,2,60,12.76,9,0.2
106675,3,76,22.76,8,0.1
106675,4,33,10.49,6,0.0
106676,1,94,30.48,1,0.0
106676,2,97,14.26,1,0.1
106676,3,79,21.54,6,0.0
106676,4,76,23.44,3,0.0
106676,5,83,30.04,3,0.0
106676,6,111,81.28,5,0.0
106676,7,45,10.34,1,0.05
106676,8,40,25.15,4,0.05
106677,1,96,74.96,3,0.0
106677,2,44,16.85,3,0.0
106677,3,53,23.01,10,0.0
106678,1,46,14.22,1,0.1
106678,2,82,6.29,1,0.03
106679,1,51,45.99,3,0.0
106680,1,60,11.46,3,0.03
106680,2,97,15.24,6,0.0
106680,3,24,45.45,4,0.0
106681,1,16,5.27,4,0.0
106681,2,43,35.54,1,0.0
106681,3,44,18.06,5,0.0
106681,4,65,11.34,4,0.03
106681,5,112,65.92,4,0.0
106681,6,108,38.14,3,0.05
106681,7,85,28.2,5,0.15
106682,1,69,4.71,2,0.05
106682,2,94,29.64,7,0.03
106682,3,56,28.4,2,0.0
106682,4,81,26.55,5,0.0
106683,1,76,27.5,1,0.0
106683,2,14,24.57,1,0.1
106683,3,11,34.56,3,0.2
106684,1,60,12.67,7,0.05
106684,2,94,27.91,7,0.0
106684,3,75,17.28,5,0.03
106684,4,38,24.45,8,0.0
106685,1,98,11.95,12,0.0
106685,2,44,15.35,6,0.0
106686,1,71,8.06,7,0.1
106686,2,45,10.71,6,0.15
106686,3,99,27.08,4,0.03
106686,4,9,22.27,1,0.0
106687,1,21,30.18,4,0.0
106687,2,107,41.58,3,0.0
106687,3,112,79.02,3,0.15
106687,4,51,45.13,3,0.0
106687,5,101,22.12,4,0.03
106687,6,44,15.45,1,0.0
106688,1,71,7.65,7,0.0
106688,2,97,17.84,7,0.03
106688,3,52,42.44,1,0.05
106689,1,94,30.16,1,0.03
106689,2,58,7.69,1,0.15
106689,3,15,11.76,6,0.15
106690,1,34,29.12,1,0.15
106690,2,85,27.46,16,0.0
106690,3,72,8.5,2,0.0
106690,4,94,32.47,3,0.05
106690,5,81,22.56,5,0.0
106690,6,74,26.56,6,0.0
106691,1,35,32.31,2,0.05
106691,2,107,43.44,5,0.0
106691,3,97,15.26,2,0.0
106691,4,40,23.33,8,0.0
106692,1,38,25.75,1,0.0
106692,2,85,30.78,4,0.1
106692,3,112,85.81,8,0.03
106693,1,104,27.37,2,0.0
106693,2,80,24.36,3,0.0
106693,3,91,19.84,3,0.0
106693,4,45,13.05,1,0.0
106694,1,58,7.76,4,0.05
106694,2,120,4.94,1,0.15
106694,3,78,8.81,7,0.0
106694,4,24,46.33,3,0.05
106694,5,21,28.67,7,0.0
106695,1,97,13.75,2,0.0
106695,2,71,7.53,5,0.05
106695,3,72,8.6,4,0.0
106696,1,97,16.2,3,0.0
106696,2,70,10.38,11,0.05
106696,3,36,27.61,1,0.0
106696,4,21,27.01,2,0.0
106697,1,110,25.14,11,0.0
106697,2,118,19.61,5,0.0
106698,1,116,34.42,6,0.05
106698,2,9,22.62,9,0.0
106698,3,24,55.55,17,0.0
106699,1,50,10.46,9,0.0
106699,2,79,21.68,2,0.03
106699,3,55,20.62,3,0.03
106699,4,4,6.78,4,0.0
106699,5,40,21.19,1,0.0
106699,6,58,7.51,2,0.0
106699,7,24,48.08,6,0.0
106700,1,24,42.12,5,0.0
106700,2,44,14.44,4,0.15
106700,3,63,46.75,1,0.0
106700,4,110,26.67,8,0.0
106701,1,60,12.21,1,0.15
106701,2,51,43.47,7,0.0
106701,3,12,83.33,5,0.0
106702,1,109,3.72,3,0.0
106702,2,116,33.7,2,0.0
106702,3,102,23.32,8,0.0
106702,4,49,29.08,3,0.1
106702,5,35,27.26,3,0.0
106703,1,85,26.76,10,0.05
106703,2,28,6.06,3,0.0
106704,1,94,30.2,6,0.0
106704,2,51,41.88,4,0.0
106704,3,101,22.22,2,0.0
106704,4,81,28.98,4,0.0
106705,1,110,24.81,3,0.0
106705,2,24,48.77,9,0.0
106705,3,94,26.18,6,0.0
106705,4,26,15.64,3,0.0
106705,5,83,33.93,3,0.1
106706,1,19,27.54,2,0.0
106706,2,12,87.37,6,0.05
106706,3,60,10.76,4,0.05
106706,4,106,22.19,4,0.05
106706,5,111,88.68,4,0.03
106707,1,29,53.96,1,0.1
106707,2,37,16.52,10,0.0
106708,1,106,20.3,4,0.15
106708,2,110,25.46,6,0.0
106708,3,53,25.26,1,0.0
106709,1,90,46.58,3,0.0
106709,2,116,38.56,2,0.15
106710,1,35,25.02,1,0.05
106710,2,60,9.73,2,0.1
106711,1,60,12.41,11,0.0
106711,2,17,16.74,2,0.0
106711,3,58,7.44,5,0.05
106711,4,6,9.24,3,0.2
106711,5,21,29.94,2,0.03
106711,6,24,46.58,7,0.0
106712,1,78,10.54,5,0.15
106713,1,10,57.97,6,0.0
106713,2,12,86.32,2,0.0
106713,3,66,7.55,5,0.05
106714,1,78,9.18,7,0.0
106714,2,71,6.53,2,0.03
106714,3,80,21.97,5,0.0
106714,4,24,50.69,3,0.03
106715,1,26,17.59,4,0.0
106715,2,33,10.84,9,0.0
106715,3,97,15.43,2,0.1
106716,1,53,26.02,2,0.15
106716,2,69,4.09,6,0.0
106717,1,67,29.31,2,0.05
106717,2,39,99.28,5,0.0
106717,3,45,11.24,5,0.0
106717,4,97,15.85,2,0.05
106717,5,81,24.68,7,0.1
106717,6,77,28.03,4,0.0
106717,7,71,6.72,3,0.0
106718,1,45,11.36,10,0.0
106718,2,72,9.16,4,0.0
106718,3,3,69.76,4,0.0
106718,4,100,61.38,2,0.05
106719,1,30,4.66,3,0.0
106719,2,116,35.88,4,0.0
106719,3,74,30.57,4,0.0
106720,1,83,30.15,3,0.0
106720,2,8,4.57,3,0.0
106721,1,110,21.1,6,0.0
106721,2,67,33.5,7,0.0
106721,3,70,12.91,2,0.05
106721,4,27,10.8,2,0.15
106722,1,116,41.92,6,0.0
106722,2,10,55.88,8,0.0
106722,3,66,6.87,3,0.0
106723,1,55,20.46,7,0.0
106723,2,107,44.49,3,0.05
106724,1,78,9.57,5,0.0
106724,2,83,28.49,5,0.0
106724,3,8,5.41,3,0.05
106725,1,45,12.6,2,0.05
106725,2,83,31.19,4,0.0
106725,3,64,22.18,6,0.0
106725,4,57,52.6,6,0.0
106726,1,114,26.05,2,0.1
106726,2,83,34.51,5,0.05
106726,3,71,6.85,2,0.0
106727,1,110,24.81,2,0.05
106727,2,81,26.57,1,0.0
106727,3,8,4.49,2,0.0
106727,4,45,11.15,6,0.0
106728,1,60,11.07,3,0.0
106728,2,113,11.01,9,0.0
106728,3,97,16.09,3,0.05
106728,4,24,47.7,3,0.0
106728,5,98,12.05,5,0.0
106728,6,71,7.11,1,0.0
106729,1,54,26.46,6,0.05
106729,2,67,32.27,2,0.1
106729,3,94,32.56,7,0.0
106729,4,24,43.24,1,0.05
106729,5,117,9.33,2,0.0
106730,1,112,71.08,1,0.0
106730,2,51,44.77,5,0.1
106730,3,80,26.89,1,0.0
106731,1,98,13.94,5,0.0
106731,2,81,23.53,9,0.05
106732,1,71,6.87,3,0.0
106732,2,116,41.38,4,0.1
106732,3,60,11.21,7,0.1
106733,1,67,27.8,4,0.0
106733,2,58,8.5,2,0.0
106733,3,24,52.64,4,0.0
106733,4,111,82.3,1,0.0
106734,1,76,29.55,5,0.0
106734,2,21,31.17,5,0.0
106734,3,72,9.07,2,0.0
106734,4,19,24.28,2,0.0
106734,5,55,16.37,1,0.05
106735,1,11,31.91,3,0.0
106735,2,97,14.42,8,0.0
106736,1,82,7.09,4,0.0
106736,2,9,23.86,5,0.0
106737,1,45,11.9,3,0.05
106737,2,59,21.67,4,0.0
106737,3,87,28.02,1,0.0
106738,1,103,25.43,4,0.0
106738,2,106,18.43,3,0.2
106738,3,53,23.53,2,0.1
106738,4,110,27.15,4,0.05
106739,1,50,11.46,3,0.05
106739,2,92,28.7,4,0.0
106739,3,77,33.55,5,0.15
106739,4,101,28.11,6,0.0
106739,5,59,21.65,4,0.05
106740,1,108,36.07,3,0.0
106741,1,14,24.76,10,0.0
106741,2,45,11.47,3,0.05
106741,3,53,25.55,9,0.03
106741,4,86,31.36,8,0.0
106742,1,108,42.52,8,0.1
106742,2,66,7.96,10,0.03
106742,3,43,34.59,6,0.0
106742,4,64,22.66,1,0.05
106742,5,90,50.08,4,0.0
106742,6,8,4.65,3,0.0
106742,7,116,36.76,3,0.0
106742,8,97,14.77,5,0.03
106743,1,101,25.79,3,0.0
106743,2,14,21.91,12,0.0
106743,3,71,6.31,2,0.0
106744,1,71,7.76,1,0.05
106744,2,53,27.13,5,0.0
106745,1,79,19.53,6,0.03
106745,2,51,42.66,4,0.05
106745,3,65,14.21,1,0.05
106745,4,56,24.57,2,0.1
106745,5,24,45.55,5,0.05
106746,1,45,12.79,4,0.03
106746,2,97,16.96,5,0.05
106746,3,110,22.57,8,0.0
106747,1,28,7.15,2,0.0
106747,2,40,19.53,3,0.03
106747,3,92,25.98,2,0.0
106747,4,27,8.69,5,0.1
106747,5,116,40.27,1,0.0
106748,1,72,8.1,4,0.0
106749,1,94,30.02,4,0.0
106749,2,27,9.83,2,0.0
106749,3,34,24.81,2,0.03
106749,4,53,25.41,3,0.0
106749,5,63,37.06,7,0.1
106750,1,97,14.76,8,0.0
106750,2,14,27.13,1,0.0
106751,1,45,11.84,2,0.15
106751,2,94,30.58,2,0.1
106751,3,16,4.99,4,0.05
106751,4,107,39.22,12,0.1
106751,5,51,47.76,9,0.0
106752,1,112,78.99,4,0.05
106752,2,9,21.64,3,0.1
106752,3,110,24.29,2,0.1
106752,4,106,20.14,3,0.05
106752,5,26,17.76,4,0.0
106752,6,52,48.6,4,0.1
106752,7,99,25.03,6,0.05
106753,1,51,42.33,4,0.0
106753,2,37,20.3,2,0.1
106753,3,120,5.13,7,0.0
106753,4,34,24.22,4,0.03
106753,5,28,7.89,7,0.1
106754,1,24,47.3,8,0.0
106755,1,75,18.8,6,0.0
106755,2,15,10.49,9,0.0
106755,3,14,27.24,8,0.0
106755,4,94,31.24,2,0.1
106755,5,88,29.85,1,0.05
106756,1,60,12.61,2,0.1
106756,2,21,27.51,3,0.0
106757,1,82,6.17,2,0.0
106757,2,45,12.34,4,0.03
106758,1,80,25.58,6,0.0
106758,2,25,13.71,1,0.0
106758,3,57,43.9,5,0.0
106759,1,83,33.91,2,0.1
106759,2,45,11.08,4,0.0
106759,3,26,15.17,3,0.05
106759,4,76,26.62,3,0.0
106759,5,89,16.9,6,0.0
106759,6,81,26.03,5,0.1
106760,1,51,48.12,8,0.0
106760,2,65,11.59,6,0.0
106760,3,58,8.16,8,0.05
106760,4,108,33.93,7,0.0
106760,5,53,21.38,5,0.0
106761,1,36,32.93,4,0.0
106761,2,94,33.09,6,0.05
106762,1,81,27.22,3,0.0
106762,2,30,3.98,3,0.05
106762,3,76,24.04,7,0.05
106763,1,27,9.46,3,0.0
106763,2,60,10.56,5,0.0
106763,3,110,21.51,4,0.0
106764,1,45,12.41,7,0.0
106765,1,52,50.52,2,0.1
106765,2,60,11.42,1,0.0
106765,3,116,43.27,2,0.1
106765,4,78,9.96,2,0.0
106766,1,81,23.73,2,0.0
106766,2,15,10.22,3,0.05
106766,3,75,17.95,4,0.0
106766,4,99,25.58,3,0.05
106766,5,107,39.03,3,0.0
106766,6,33,11.76,5,0.0
106767,1,103,28.95,4,0.03
106767,2,74,32.05,2,0.1
106767,3,83,30.49,2,0.1
106767,4,82,6.24,5,0.0
106767,5,45,9.79,1,0.0
106768,1,58,8.6,2,0.05
106768,2,67,26.7,4,0.0
106768,3,22,15.8,4,0.0
106768,4,13,35.1,4,0.0
106768,5,53,23.83,10,0.0
106768,6,40,21.36,4,0.0
106768,7,71,7.52,9,0.0
106769,1,26,14.22,7,0.1
106769,2,83,34.13,9,0.0
106769,3,101,23.6,6,0.03
106769,4,110,24.67,5,0.1
106770,1,101,20.91,4,0.15
106770,2,91,18.01,9,0.05
106770,3,7,14.63,1,0.05
106770,4,112,77.51,4,0.1
106771,1,83,34.86,1,0.0
106772,1,60,11.94,3,0.0
106772,2,120,4.1,2,0.0
106772,3,3,59.47,2,0.0
106773,1,82,6.8,7,0.05
106773,2,94,33.83,8,0.2
106773,3,16,5.47,2,0.05
106773,4,62,38.7,7,0.0
106773,5,60,11.27,2,0.0
106773,6,25,11.44,6,0.0
106774,1,91,17.89,3,0.0
106774,2,106,22.06,5,0.1
106774,3,113,9.84,3,0.0
106774,4,76,26.93,2,0.0
106775,1,34,24.32,9,0.0
106775,2,49,24.99,4,0.0
106775,3,79,20.15,4,0.0
106776,1,77,27.6,6,0.1
106776,2,78,10.1,7,0.1
106776,3,105,5.89,1,0.0
106777,1,21,25.09,5,0.1
106777,2,17,15.19,1,0.0
106777,3,40,22.55,3,0.03
106777,4,97,15.57,1,0.1
106777,5,70,11.73,2,0.0
106777,6,65,10.24,3,0.0
106778,1,81,26.0,4,0.0
106779,1,89,17.7,3,0.0
106780,1,81,23.42,6,0.0
106780,2,83,29.57,4,0.0
106780,3,45,11.51,4,0.0
106780,4,35,30.27,2,0.03
106781,1,56,29.98,5,0.1
106781,2,81,23.97,8,0.1
106781,3,40,23.79,4,0.0
106782,1,84,15.56,8,0.0
106782,2,47,20.39,3,0.0
106782,3,110,26.78,6,0.0
106782,4,53,22.83,8,0.05
106783,1,6,9.13,2,0.05
106783,2,8,4.75,8,0.0
106783,3,83,29.31,5,0.0
106783,4,45,13.14,2,0.03
106783,5,76,24.91,5,0.15
106784,1,110,24.38,2,0.0
106784,2,87,30.53,1,0.1
106784,3,72,7.23,5,0.05
106784,4,120,5.13,6,0.0
106785,1,116,37.03,2,0.0
106785,2,71,7.42,3,0.03
106786,1,76,22.17,2,0.0
106786,2,61,21.76,3,0.0
106786,3,14,23.77,6,0.0
106786,4,97,14.68,2,0.1
106787,1,117,10.98,2,0.03
106787,2,54,24.02,6,0.05
106788,1,76,24.76,8,0.0
106788,2,24,46.72,3,0.0
106788,3,60,11.13,1,0.05
106788,4,92,28.51,10,0.0
106789,1,23,28.25,4,0.0
106789,2,60,12.3,3,0.05
106789,3,57,43.76,1,0.0
106789,4,51,41.18,3,0.1
106790,1,89,15.62,1,0.0
106790,2,57,42.37,2,0.15
106791,1,72,7.72,3,0.2
106791,2,79,20.34,6,0.03
106791,3,108,37.73,2,0.05
106792,1,44,14.78,2,0.0
106792,2,97,14.52,2,0.1
106793,1,106,23.04,4,0.0
106793,2,90,51.28,3,0.0
106793,3,24,49.56,1,0.05
106794,1,116,38.39,2,0.0
106794,2,82,6.28,3,0.0
106794,3,72,8.09,2,0.03
106795,1,92,27.03,2,0.03
106795,2,72,8.31,2,0.0
106796,1,53,23.34,3,0.05
106796,2,71,6.75,9,0.0
106796,3,12,94.09,3,0.03
106797,1,24,50.45,4,0.0
106797,2,66,7.9,1,0.05
106798,1,97,17.65,2,0.0
106798,2,75,17.37,3,0.0
106798,3,45,13.2,2,0.0
106798,4,116,38.53,16,0.05
106798,5,72,7.91,5,0.03
106799,1,79,18.48,1,0.0
106799,2,81,25.59,3,0.0
106799,3,72,8.92,3,0.0
106800,1,81,26.57,5,0.0
106800,2,83,35.44,2,0.0
106800,3,8,4.93,5,0.0
106800,4,112,72.27,2,0.0
106800,5,51,49.2,11,0.1
106800,6,45,10.92,5,0.03
106801,1,99,26.81,4,0.0
106801,2,63,40.25,3,0.15
106801,3,110,27.36,5,0.0
106802,1,8,4.71,4,0.05
106802,2,16,5.06,6,0.0
106802,3,76,24.05,3,0.0
106802,4,103,25.77,8,0.03
106803,1,85,28.01,8,0.0
106803,2,65,12.71,3,0.05
106803,3,71,6.65,5,0.0
106803,4,16,5.76,2,0.0
106803,5,58,8.41,6,0.0
106804,1,82,7.1,1,0.15
106804,2,72,9.83,4,0.1
106804,3,81,23.03,4,0.05
106804,4,83,32.79,2,0.03
106804,5,110,25.28,6,0.0
106805,1,87,28.18,5,0.0
106805,2,58,7.91,5,0.0
106805,3,12,92.7,6,0.0
106806,1,51,41.78,6,0.0
106806,2,117,9.01,4,0.1
106806,3,76,23.55,4,0.0
106807,1,45,11.42,1,0.0
106807,2,54,27.45,5,0.0
106808,1,71,6.75,3,0.05
106808,2,104,28.54,1,0.0
106808,3,78,9.91,3,0.0
106808,4,45,13.69,3,0.0
106808,5,95,21.18,6,0.0
106808,6,22,17.84,10,0.0
106809,1,110,27.86,9,0.15
106809,2,97,15.48,1,0.0
106809,3,101,21.36,5,0.0
106809,4,76,21.8,1,0.0
106810,1,19,30.28,7,0.2
106810,2,58,8.67,6,0.0
106811,1,37,18.59,5,0.1
106811,2,45,12.26,12,0.0
106811,3,34,22.31,3,0.0
106811,4,23,20.58,3,0.1
106812,1,65,11.69,2,0.0
106812,2,82,6.31,2,0.03
106813,1,78,10.22,3,0.0
106814,1,93,22.23,4,0.0
106814,2,60,11.13,2,0.1
106814,3,95,20.71,7,0.1
106814,4,87,27.7,8,0.2
106815,1,8,4.56,6,0.05
106815,2,76,23.94,3,0.0
106815,3,81,22.01,6,0.1
106815,4,97,15.3,3,0.15
106816,1,64,25.61,1,0.0
106817,1,116,42.26,3,0.0
106817,2,113,8.87,9,0.0
106817,3,76,23.84,5,0.15
106818,1,61,20.73,2,0.03
106818,2,82,5.98,4,0.0
106818,3,72,8.35,2,0.0
106819,1,71,6.34,1,0.0
106820,1,33,11.28,1,0.0
106820,2,75,19.78,2,0.2
106820,3,24,45.67,3,0.0
106820,4,97,15.25,3,0.0
106821,1,44,15.33,2,0.0
106821,2,24,47.69,5,0.03
106821,3,57,44.42,3,0.0
106822,1,71,7.21,9,0.03
106822,2,110,27.73,2,0.0
106823,1,71,7.67,2,0.03
106823,2,82,6.04,4,0.0
106824,1,81,23.55,5,0.0
106824,2,52,42.08,7,0.1
106825,1,71,6.15,2,0.15
106825,2,67,32.89,2,0.0
106825,3,51,47.36,6,0.0
106825,4,26,14.51,4,0.05
106826,1,60,12.51,6,0.0
106826,2,106,21.58,4,0.0
106826,3,78,8.64,5,0.1
106826,4,82,6.41,1,0.0
106827,1,71,7.08,3,0.0
106827,2,83,33.13,2,0.0
106827,3,79,16.3,8,0.0
106827,4,60,12.98,2,0.0
106827,5,27,11.17,3,0.05
106828,1,22,15.58,5,0.0
106828,2,81,28.5,3,0.0
106828,3,45,11.79,5,0.0
106828,4,51,40.21,1,0.0
106828,5,94,27.02,8,0.1
106829,1,72,8.56,5,0.15
106829,2,50,11.58,2,0.05
106829,3,81,24.26,2,0.03
106829,4,93,20.11,5,0.0
106830,1,83,34.68,2,0.05
106830,2,108,40.88,1,0.0
106831,1,15,10.96,3,0.0
106831,2,97,14.13,2,0.0
106831,3,116,37.18,8,0.2
106831,4,60,12.13,5,0.0
106832,1,50,11.44,5,0.0
106832,2,65,11.8,1,0.0
106832,3,94,31.12,3,0.0
106833,1,47,22.75,1,0.15
106834,1,8,5.45,3,0.05
106834,2,59,22.08,4,0.1
106834,3,75,20.13,9,0.0
106834,4,91,17.06,5,0.0
106835,1,93,25.26,5,0.1
106835,2,21,29.25,5,0.0
106835,3,84,13.02,2,0.05
106835,4,97,14.74,4,0.1
106836,1,83,33.1,5,0.0
106836,2,45,12.03,4,0.03
106836,3,78,8.55,11,0.05
106836,4,61,19.27,5,0.05
106836,5,92,25.88,1,0.0
106836,6,51,46.75,2,0.0
106837,1,79,17.96,4,0.0
106837,2,101,24.37,7,0.1
106837,3,81,24.47,2,0.1
106837,4,44,15.78,5,0.0
106837,5,27,10.2,4,0.1
106837,6,89,19.32,10,0.05
106837,7,95,18.82,9,0.0
106838,1,40,26.39,10,0.0
106838,2,78,7.58,12,0.05
106838,3,83,28.43,2,0.05
106838,4,45,11.67,7,0.05
106839,1,56,29.1,9,0.0
106839,2,116,38.78,2,0.05
106839,3,111,87.78,7,0.1
106839,4,24,50.73,7,0.05
106840,1,116,39.49,2,0.1
106840,2,8,5.45,4,0.05
106840,3,110,23.73,5,0.1
106840,4,117,10.12,3,0.05
106841,1,11,31.44,5,0.1
106842,1,89,16.48,4,0.0
106842,2,8,4.81,5,0.05
106842,3,72,8.63,2,0.0
106842,4,54,27.73,4,0.0
106843,1,5,25.25,2,0.0
106843,2,72,8.41,4,0.1
106843,3,114,28.88,7,0.0
106843,4,83,32.71,3,0.0
106843,5,90,52.47,2,0.05
106843,6,62,37.67,1,0.1
106844,1,25,13.68,2,0.05
106844,2,109,4.08,9,0.0
106845,1,14,24.37,4,0.1
106845,2,117,9.66,1,0.0
106846,1,31,5.07,8,0.0
106846,2,51,47.71,4,0.0
106846,3,4,7.6,6,0.0
106847,1,45,11.06,2,0.15
106847,2,40,22.06,4,0.0
106848,1,120,5.18,6,0.0
106848,2,2,28.35,4,0.0
106848,3,31,4.87,11,0.0
106849,1,101,24.65,2,0.0
106849,2,72,8.06,5,0.0
106849,3,83,36.79,5,0.0
106849,4,44,13.54,4,0.05
106850,1,78,9.83,4,0.0
106850,2,26,16.72,9,0.0
106850,3,71,7.39,9,0.0
106850,4,40,26.03,6,0.05
106850,5,56,24.88,5,0.05
106850,6,120,4.37,9,0.0
106850,7,111,79.7,6,0.0
106851,1,85,29.63,2,0.0
106851,2,104,22.16,2,0.0
106851,3,53,25.94,3,0.0
106852,1,5,24.32,1,0.0
106852,2,108,42.31,8,0.0
106852,3,32,19.62,3,0.0
106852,4,24,48.38,5,0.0
106852,5,6,12.38,4,0.0
106852,6,16,4.48,4,0.05
106853,1,65,11.12,2,0.0
106853,2,71,7.17,6,0.0
106853,3,51,43.27,6,0.0
106853,4,26,16.52,4,0.15
106854,1,81,21.67,3,0.0
106854,2,112,80.2,5,0.0
106854,3,63,34.98,4,0.0
106854,4,79,20.75,6,0.0
106854,5,90,43.55,4,0.1
106855,1,103,28.38,4,0.03
106855,2,93,25.36,7,0.0
106855,3,52,50.77,3,0.05
106856,1,31,4.22,4,0.0
106856,2,71,6.03,1,0.0
106856,3,69,3.97,4,0.1
106856,4,45,10.81,5,0.0
106857,1,101,22.12,6,0.0
106857,2,100,59.13,4,0.1
106857,3,103,30.66,12,0.0
106857,4,81,24.85,1,0.0
106858,1,4,7.26,3,0.05
106858,2,97,14.47,4,0.0
106858,3,45,13.74,4,0.0
106859,1,9,22.87,8,0.0
106859,2,97,14.54,5,0.0
106860,1,66,7.81,4,0.1
106860,2,60,12.84,6,0.03
106860,3,1,29.38,4,0.03
106860,4,79,18.25,3,0.03
106860,5,99,26.8,4,0.0
106860,6,69,4.27,2,0.0
106861,1,120,4.59,6,0.03
106861,2,10,51.16,5,0.03
106861,3,53,23.2,5,0.0
106861,4,79,17.64,6,0.0
106861,5,11,35.03,9,0.1
106861,6,81,24.77,3,0.0
106862,1,9,24.35,9,0.0
106862,2,22,15.5,6,0.0
106863,1,24,51.53,4,0.1
106863,2,80,20.15,1,0.0
106863,3,116,40.81,1,0.0
106863,4,71,6.69,2,0.05
106863,5,115,30.07,6,0.1
106863,6,1,29.19,9,0.05
106864,1,53,25.73,4,0.0
106864,2,60,11.85,13,0.15
106864,3,10,50.11,2,0.1
106865,1,45,11.61,5,0.0
106865,2,25,12.85,4,0.0
106865,3,46,19.92,4,0.1
106866,1,65,10.78,1,0.0
106866,2,116,36.05,6,0.0
106867,1,100,60.55,6,0.0
106867,2,112,78.95,1,0.0
106867,3,60,11.34,2,0.0
106867,4,56,29.05,1,0.15
106867,5,50,10.02,2,0.2
106867,6,5,25.19,5,0.2
106868,1,90,50.52,6,0.15
106868,2,53,24.72,4,0.05
106868,3,57,39.63,5,0.0
106868,4,99,24.86,7,0.1
106868,5,116,36.78,2,0.15
106869,1,34,24.51,1,0.0
106869,2,49,22.73,3,0.0
106869,3,5,22.87,6,0.0
106869,4,83,35.62,6,0.0
106869,5,60,11.37,1,0.03
106870,1,34,22.67,3,0.0
106870,2,24,48.28,2,0.0
106870,3,27,10.95,2,0.05
106870,4,81,23.41,2,0.0
106871,1,17,16.11,3,0.0
106872,1,111,85.41,4,0.05
106872,2,76,25.31,8,0.1
106872,3,37,18.89,3,0.05
106872,4,45,12.81,8,0.0
106873,1,67,33.65,3,0.0
106873,2,50,9.14,3,0.0
106873,3,72,7.9,8,0.0
106873,4,15,11.54,9,0.0
106874,1,46,18.22,8,0.05
106874,2,25,11.99,3,0.0
106875,1,64,26.66,2,0.0
106875,2,100,61.26,5,0.05
106875,3,14,26.03,3,0.0
106876,1,87,24.92,3,0.0
106876,2,92,29.82,6,0.0
106876,3,89,16.26,2,0.15
106876,4,9,22.89,1,0.0
106877,1,96,73.03,8,0.05
106878,1,98,13.63,3,0.0
106878,2,60,12.57,2,0.0
106878,3,27,10.31,6,0.0
106878,4,29,48.43,5,0.05
106878,5,81,27.1,4,0.0
106879,1,53,23.9,5,0.0
106879,2,67,31.46,1,0.0
106880,1,71,6.61,3,0.03
106880,2,45,10.42,4,0.0
106880,3,32,20.45,4,0.0
106880,4,83,32.75,5,0.1
106880,5,65,13.32,4,0.0
106881,1,104,23.34,3,0.0
106881,2,62,31.64,13,0.0
106882,1,23,22.27,2,0.0
106882,2,89,18.49,3,0.0
106883,1,70,11.39,3,0.0
106884,1,69,4.13,7,0.0
106884,2,116,41.21,3,0.03
106884,3,81,24.19,1,0.0
106884,4,65,13.16,4,0.0
106885,1,82,7.15,4,0.05
106885,2,72,7.86,6,0.05
106885,3,81,25.89,5,0.15
106885,4,45,11.26,3,0.1
106885,5,71,6.83,10,0.1
106886,1,44,16.28,7,0.0
106886,2,110,26.41,4,0.0
106886,3,114,22.58,4,0.03
106886,4,45,12.04,2,0.03
106887,1,58,8.3,1,0.0
106887,2,101,23.16,3,0.05
106887,3,45,12.4,3,0.05
106887,4,106,19.58,2,0.15
106888,1,71,6.55,7,0.0
106888,2,83,30.24,5,0.03
106888,3,45,12.55,7,0.0
106888,4,87,28.51,7,0.03
106889,1,116,42.04,6,0.05
106889,2,98,12.33,11,0.0
106889,3,53,26.9,1,0.0
106889,4,79,21.43,9,0.0
106889,5,19,30.93,2,0.03
106889,6,92,26.8,3,0.1
106890,1,60,12.28,4,0.05
106891,1,15,10.7,4,0.1
106891,2,53,26.95,3,0.05
106891,3,81,26.02,3,0.1
106891,4,47,19.79,4,0.0
106891,5,71,6.93,6,0.0
106891,6,67,30.71,4,0.0
106891,7,83,35.1,4,0.0
106892,1,14,23.53,3,0.0
106892,2,102,26.22,8,0.05
106893,1,89,18.61,4,0.2
106894,1,66,9.35,3,0.0
106894,2,20,41.28,4,0.0
106894,3,71,6.86,3,0.0
106894,4,52,45.22,2,0.0
106895,1,10,55.8,3,0.0
106895,2,34,27.1,3,0.05
106895,3,116,39.66,6,0.0
106896,1,119,10.06,6,0.1
106896,2,93,25.16,2,0.0
106896,3,79,19.5,5,0.05
106896,4,100,60.05,8,0.0
106896,5,110,23.8,2,0.0
106897,1,69,3.49,7,0.05
106897,2,83,32.01,4,0.05
106897,3,81,28.18,9,0.0
106897,4,45,11.42,1,0.0
106898,1,27,10.89,5,0.1
106898,2,102,26.43,9,0.0
106898,3,75,20.93,1,0.0
106899,1,64,21.6,4,0.0
106899,2,44,15.49,5,0.1
106900,1,79,21.3,2,0.2
106900,2,54,24.39,7,0.0
106900,3,81,28.7,10,0.03
106900,4,97,14.29,4,0.0
106901,1,33,11.08,2,0.05
106901,2,75,19.09,4,0.0
106901,3,97,15.57,1,0.0
106901,4,110,23.95,1,0.0
106901,5,85,30.82,4,0.03
106902,1,50,11.11,5,0.0
106902,2,72,8.64,3,0.0
106903,1,110,22.48,10,0.0
106903,2,40,28.14,1,0.05
106903,3,56,26.1,3,0.0
106904,1,79,24.0,2,0.1
106904,2,81,25.03,1,0.05
106904,3,14,28.7,9,0.0
106905,1,100,58.53,4,0.0
106905,2,93,24.63,4,0.03
106905,3,8,5.29,5,0.0
106905,4,77,27.93,3,0.0
106905,5,41,42.84,3,0.0
106906,1,110,25.92,1,0.0
106906,2,83,32.12,2,0.0
106906,3,79,19.65,2,0.0
106906,4,90,52.65,5,0.0
106907,1,120,4.71,2,0.0
106907,2,62,38.09,2,0.2
106907,3,97,14.36,10,0.03
106907,4,67,31.37,1,0.03
106908,1,57,47.08,5,0.0
106908,2,26,16.75,14,0.0
106908,3,71,7.5,3,0.0
106909,1,79,20.46,4,0.15
106909,2,109,3.48,8,0.0
106909,3,34,24.97,4,0.0
106910,1,72,9.51,1,0.0
106910,2,59,22.78,2,0.0
106910,3,44,17.39,1,0.03
106911,1,76,23.39,4,0.05
106911,2,53,28.38,2,0.0
106911,3,82,6.83,7,0.0
106912,1,94,32.09,8,0.0
106912,2,110,25.86,6,0.0
106913,1,45,11.96,1,0.05
106914,1,45,12.23,3,0.05
106915,1,50,9.03,3,0.0
106916,1,4,6.99,2,0.05
106916,2,17,14.09,2,0.0
106916,3,51,44.82,10,0.0
106916,4,38,30.07,1,0.0
106917,1,104,24.67,5,0.0
106917,2,85,31.98,7,0.05
106917,3,110,27.78,6,0.0
106917,4,40,22.09,5,0.1
106917,5,44,17.04,3,0.0
106917,6,101,25.88,7,0.0
106917,7,71,6.4,7,0.03
106918,1,65,13.7,3,0.1
106918,2,9,21.23,2,0.0
106918,3,15,10.98,4,0.0
106918,4,51,43.25,8,0.05
106919,1,67,29.73,5,0.0
106919,2,83,34.65,1,0.0
106920,1,53,20.81,7,0.0
106920,2,45,11.44,1,0.0
106921,1,54,21.21,3,0.05
106921,2,15,9.86,7,0.05
106921,3,109,3.84,11,0.0
106921,4,99,25.44,10,0.0
106922,1,37,21.85,8,0.0
106922,2,67,35.57,4,0.05
106922,3,44,15.23,4,0.0
106922,4,45,12.38,6,0.0
106923,1,99,24.6,8,0.03
106923,2,107,41.18,1,0.0
106924,1,71,7.23,2,0.15
106924,2,51,41.47,1,0.0
106924,3,79,20.1,5,0.0
106924,4,83,27.42,3,0.15
106924,5,34,21.67,2,0.05
106925,1,87,26.73,1,0.15
106925,2,97,13.24,5,0.05
106926,1,90,51.41,3,0.0
106926,2,72,8.81,1,0.0
106926,3,92,27.55,1,0.0
106927,1,81,26.24,2,0.05
106927,2,94,28.81,1,0.1
106928,1,45,12.78,2,0.03
106928,2,103,28.17,1,0.0
106929,1,71,7.25,3,0.03
106929,2,95,19.7,3,0.0
106929,3,23,22.62,5,0.0
106929,4,2,26.42,2,0.0
106930,1,80,20.29,5,0.15
106930,2,53,25.44,3,0.0
106930,3,101,20.33,1,0.0
106931,1,15,11.75,1,0.0
106931,2,48,35.51,4,0.0
106931,3,83,30.69,1,0.0
106932,1,50,9.86,10,0.0
106932,2,116,35.24,1,0.0
106932,3,9,21.95,3,0.0
106932,4,1,32.01,4,0.0
106933,1,77,28.88,5,0.0
106933,2,60,12.59,5,0.03
106933,3,89,17.59,2,0.15
106933,4,32,18.81,10,0.0
106934,1,113,9.54,3,0.0
106934,2,81,22.55,3,0.0
106934,3,116,38.44,2,0.03
106934,4,66,7.61,5,0.05
106934,5,71,6.73,1,0.03
106935,1,66,7.53,1,0.03
106936,1,55,20.51,1,0.1
106936,2,98,10.51,6,0.0
106937,1,83,37.08,2,0.0
106938,1,3,69.0,4,0.0
106938,2,32,21.15,2,0.1
106939,1,37,17.63,6,0.0
106939,2,52,45.12,5,0.0
106939,3,104,28.05,4,0.0
106940,1,45,12.17,3,0.0
106940,2,65,11.16,5,0.0
106941,1,37,21.52,5,0.15
106941,2,45,13.13,3,0.0
106942,1,116,38.33,5,0.15
106943,1,34,26.65,1,0.1
106943,2,100,67.14,4,0.0
106943,3,79,19.41,2,0.0
106944,1,83,30.95,5,0.0
106944,2,80,20.79,4,0.0
106944,3,13,38.75,11,0.1
106944,4,78,9.4,1,0.0
106944,5,67,37.17,1,0.1
106945,1,72,9.36,12,0.0
106946,1,107,41.47,4,0.03
106946,2,6,9.94,4,0.0
106946,3,17,15.95,1,0.15
106946,4,89,13.57,8,0.03
106947,1,35,28.52,4,0.1
106947,2,84,14.17,2,0.0
106947,3,94,29.87,11,0.0
106947,4,12,90.19,4,0.0
106947,5,89,17.86,8,0.0
106947,6,71,7.73,1,0.0
106947,7,98,13.05,7,0.1
106948,1,65,12.69,6,0.03
106948,2,101,24.01,2,0.0
106948,3,24,50.87,9,0.0
106948,4,14,24.63,6,0.0
106949,1,58,8.16,7,0.0
106949,2,71,6.32,5,0.15
106950,1,71,6.9,5,0.1
106950,2,97,15.51,3,0.0
106950,3,78,9.31,6,0.05
106950,4,87,25.7,4,0.0
106951,1,67,40.36,9,0.0
106951,2,76,22.03,2,0.0
106952,1,45,12.12,10,0.0
106952,2,103,30.87,4,0.0
106952,3,4,7.14,1,0.0
106952,4,52,47.04,5,0.0
106953,1,68,24.62,6,0.0
106953,2,80,26.9,3,0.15
106953,3,110,23.05,6,0.0
106953,4,83,32.14,4,0.1
106954,1,97,14.89,4,0.0
106954,2,86,31.15,5,0.2
106954,3,53,23.92,6,0.03
106954,4,112,84.62,2,0.0
106954,5,45,11.48,5,0.0
106955,1,67,33.05,4,0.0
106955,2,14,24.42,3,0.0
106956,1,81,27.0,10,0.1
106956,2,71,6.88,3,0.0
106956,3,2,28.64,4,0.0
106957,1,22,14.85,6,0.0
106958,1,6,11.44,2,0.1
106958,2,45,12.32,5,0.03
106958,3,95,20.74,2,0.03
106959,1,70,12.41,6,0.1
106959,2,62,34.13,3,0.05
106960,1,34,24.91,5,0.1
106960,2,72,8.47,4,0.1
106960,3,37,18.64,10,0.0
106960,4,9,25.16,3,0.05
106961,1,65,11.64,2,0.1
106962,1,34,25.14,2,0.0
106962,2,57,47.32,4,0.1
106962,3,53,25.15,4,0.05
106962,4,35,27.33,4,0.1
106963,1,97,15.32,4,0.0
106963,2,65,12.61,4,0.0
106964,1,72,8.71,4,0.1
106964,2,71,6.33,6,0.15
106964,3,94,37.0,4,0.15
106964,4,120,5.55,9,0.0
106965,1,57,41.64,6,0.15
106965,2,45,10.87,2,0.0
106966,1,45,11.2,4,0.0
106966,2,110,27.07,8,0.0
106966,3,5,22.86,4,0.05
106966,4,76,25.63,2,0.15
106967,1,52,46.42,4,0.0
106967,2,80,23.35,6,0.1
106967,3,116,40.16,3,0.2
106968,1,120,5.25,4,0.0
106969,1,24,52.38,3,0.0
106969,2,88,42.1,6,0.05
106970,1,51,40.96,8,0.0
106970,2,80,23.76,6,0.0
106971,1,90,55.45,16,0.0
106971,2,112,80.95,9,0.0
106971,3,34,24.41,4,0.1
106972,1,97,15.31,6,0.0
106972,2,46,17.24,5,0.0
106972,3,103,26.78,4,0.0
106972,4,32,20.48,2,0.1
106972,5,55,18.08,4,0.05
106972,6,5,24.35,2,0.0
106972,7,15,11.25,3,0.0
106972,8,81,23.45,6,0.0
106973,1,117,9.3,1,0.0
106973,2,45,9.63,1,0.0
106973,3,26,17.24,6,0.05
106973,4,15,10.27,7,0.0
106973,5,105,5.77,5,0.0
106974,1,109,4.12,7,0.1
106974,2,96,78.63,5,0.0
106974,3,8,5.21,7,0.05
106975,1,110,25.2,1,0.0
106975,2,27,10.43,6,0.03
106975,3,76,22.97,8,0.0
106975,4,60,12.52,3,0.0
106976,1,24,44.69,2,0.0
106976,2,52,54.68,1,0.15
106976,3,5,25.71,3,0.05
106977,1,35,31.32,1,0.0
106978,1,62,33.95,3,0.05
106978,2,45,11.04,6,0.0
106979,1,9,24.28,2,0.0
106979,2,97,14.03,8,0.15
106980,1,25,12.48,7,0.0
106980,2,71,6.97,1,0.03
106980,3,65,11.05,6,0.1
106980,4,46,18.59,2,0.0
106980,5,79,17.78,6,0.0
106980,6,109,3.84,4,0.0
106980,7,51,48.3,5,0.0
106981,1,23,24.16,6,0.0
106981,2,45,10.66,1,0.0
106981,3,90,58.15,3,0.2
106981,4,53,23.96,1,0.0
106981,5,89,17.34,3,0.0
106981,6,63,39.93,3,0.0
106981,7,97,16.26,1,0.0
106982,1,34,26.91,6,0.05
106982,2,19,24.9,6,0.0
106982,3,82,7.14,6,0.2
106982,4,98,12.26,2,0.0
106983,1,32,16.78,1,0.0
106983,2,27,9.41,2,0.1
106983,3,64,25.94,7,0.05
106983,4,107,44.7,6,0.03
106983,5,23,26.41,4,0.05
106984,1,116,36.49,7,0.1
106984,2,65,12.01,7,0.2
106984,3,24,47.85,1,0.05
106985,1,44,15.24,6,0.1
106985,2,24,49.19,9,0.0
106985,3,71,7.53,4,0.0
106985,4,102,23.68,7,0.0
106986,1,81,21.21,4,0.0
106986,2,84,15.41,7,0.05
106987,1,97,17.02,1,0.0
106987,2,68,25.67,5,0.1
106987,3,58,8.73,4,0.0
106987,4,6,9.71,5,0.0
106987,5,24,46.6,2,0.05
106987,6,106,19.05,2,0.0
106987,7,92,28.39,3,0.0
106988,1,117,9.3,2,0.0
106988,2,94,27.79,10,0.0
106988,3,20,29.58,6,0.0
106988,4,104,26.26,8,0.0
106989,1,105,5.21,6,0.0
106989,2,79,17.13,3,0.1
106989,3,27,9.32,6,0.0
106989,4,41,51.68,5,0.15
106989,5,5,25.42,5,0.05
106989,6,83,32.27,4,0.0
106990,1,28,6.79,2,0.0
106991,1,97,14.58,2,0.0
106991,2,83,35.28,7,0.0
106991,3,107,46.33,8,0.0
106992,1,36,32.85,3,0.0
106992,2,72,8.79,2,0.2
106992,3,91,19.86,3,0.0
106992,4,66,7.27,3,0.03
106992,5,84,15.77,1,0.0
106993,1,78,10.29,7,0.0
106993,2,101,25.18,3,0.1
106993,3,114,28.89,5,0.0
106994,1,120,4.53,2,0.1
106994,2,94,35.59,13,0.0
106994,3,5,27.27,3,0.05
106994,4,81,25.32,2,0.0
106994,5,23,22.3,3,0.0
106994,6,45,12.19,2,0.0
106995,1,76,26.28,6,0.0
106995,2,24,50.52,13,0.0
106996,1,5,26.89,5,0.1
106996,2,72,9.01,15,0.0
106996,3,110,23.58,4,0.0
106996,4,59,19.73,4,0.15
106996,5,63,44.13,4,0.15
106997,1,81,21.83,5,0.05
106997,2,44,14.85,6,0.0
106998,1,9,28.42,7,0.05
106998,2,2,27.84,6,0.15
106998,3,102,25.97,2,0.05
106999,1,81,22.67,3,0.0
106999,2,97,13.95,8,0.0
106999,3,45,12.46,3,0.0
107000,1,20,28.86,1,0.15
107000,2,40,23.59,5,0.05
107000,3,83,30.76,5,0.1
107000,4,44,16.15,4,0.03
107000,5,35,27.77,7,0.0
107001,1,71,6.75,2,0.15
107001,2,17,14.97,7,0.0
107001,3,4,6.76,10,0.15
107001,4,44,14.57,2,0.0
107001,5,76,21.68,4,0.0
107002,1,45,12.39,4,0.03
107002,2,114,25.87,3,0.15
107002,3,109,3.84,3,0.2
107002,4,72,8.6,1,0.05
107003,1,60,12.4,2,0.0
107004,1,72,8.6,2,0.03
107004,2,57,53.52,5,0.0
107004,3,19,23.95,2,0.03
107005,1,78,10.42,1,0.05
107005,2,46,17.44,6,0.0
107005,3,37,18.23,2,0.0
107005,4,27,10.25,4,0.0
107005,5,71,7.58,3,0.0
107006,1,91,16.74,2,0.05
107006,2,45,11.3,3,0.15
107006,3,72,8.59,8,0.0
107006,4,83,34.88,4,0.0
107006,5,75,18.48,3,0.0
107006,6,67,33.29,6,0.0
107007,1,72,10.23,9,0.03
107007,2,78,8.26,10,0.05
107008,1,32,19.04,6,0.0
107008,2,45,12.74,1,0.0
107009,1,110,24.12,10,0.05
107009,2,45,12.22,2,0.0
107009,3,51,47.28,3,0.0
107010,1,64,23.59,6,0.05
107010,2,71,7.08,4,0.0
107010,3,105,6.09,3,0.1
107011,1,84,16.37,14,0.0
107011,2,30,4.91,3,0.05
107011,3,63,39.35,6,0.1
107012,1,70,12.32,5,0.0
107012,2,25,10.44,2,0.15
107013,1,97,15.59,4,0.0
107013,2,117,9.29,7,0.15
107013,3,6,9.6,5,0.0
107013,4,72,7.65,7,0.15
107013,5,106,21.38,3,0.0
107014,1,12,85.28,5,0.0
107014,2,54,21.42,4,0.1
107014,3,82,6.69,3,0.0
107014,4,47,25.08,7,0.0
107014,5,105,5.17,2,0.0
107015,1,52,43.92,4,0.03
107015,2,67,31.49,5,0.0
107016,1,43,43.26,1,0.0
107016,2,110,26.13,8,0.0
107016,3,81,24.97,2,0.03
107016,4,16,4.74,3,0.0
107016,5,76,24.9,6,0.0
107017,1,60,13.07,5,0.0
107017,2,45,12.28,6,0.0
107017,3,12,79.42,4,0.0
107018,1,11,38.13,1,0.0
107018,2,35,25.65,5,0.0
107018,3,83,32.82,5,0.0
107018,4,79,19.76,2,0.03
107018,5,51,45.07,1,0.0
107018,6,80,22.9,6,0.0
107018,7,116,38.76,10,0.05
107019,1,114,26.56,2,0.0
107019,2,75,17.43,2,0.0
107019,3,116,36.94,4,0.15
107019,4,112,75.96,2,0.0
107020,1,37,19.85,4,0.05
107020,2,76,25.02,5,0.0
107020,3,99,28.19,4,0.03
107020,4,25,11.59,6,0.0
107021,1,63,41.63,8,0.15
107021,2,116,41.68,2,0.0
107022,1,97,12.68,7,0.0
107022,2,37,17.13,5,0.0
107022,3,110,25.88,3,0.0
107022,4,79,20.97,1,0.1
107022,5,116,36.27,6,0.03
107022,6,54,24.16,2,0.0
107022,7,71,7.77,8,0.03
107023,1,33,10.75,6,0.0
107023,2,68,28.38,4,0.05
107024,1,111,85.42,6,0.05
107024,2,101,24.4,1,0.0
107024,3,17,13.43,1,0.0
107024,4,76,24.29,1,0.05
107025,1,1,24.73,2,0.0
107025,2,82,7.2,8,0.05
107025,3,66,7.59,1,0.0
107025,4,32,17.24,5,0.0
107025,5,27,8.01,2,0.0
107026,1,71,7.43,2,0.05
107027,1,81,22.5,1,0.05
107027,2,67,31.62,4,0.0
107028,1,45,12.55,1,0.0
107028,2,107,38.16,4,0.05
107029,1,118,18.25,2,0.03
107029,2,113,12.07,4,0.0
107029,3,72,9.35,2,0.0
107029,4,94,29.75,3,0.1
107030,1,32,16.85,4,0.0
107030,2,99,28.1,11,0.0
107030,3,67,33.14,2,0.0
107031,1,76,26.11,6,0.1
107031,2,110,27.91,3,0.0
107031,3,40,22.98,4,0.0
107031,4,97,14.77,2,0.03
107032,1,71,7.06,3,0.1
107032,2,81,24.98,3,0.0
107033,1,99,22.39,3,0.15
107033,2,113,9.32,8,0.0
107034,1,80,23.16,4,0.1
107034,2,109,3.81,1,0.05
107034,3,94,28.54,1,0.05
107034,4,65,11.17,3,0.0
107034,5,91,16.9,11,0.0
107035,1,41,50.56,1,0.15
107035,2,75,16.83,5,0.03
107035,3,18,16.76,13,0.0
107036,1,14,26.64,1,0.2
107036,2,52,55.87,4,0.03
107036,3,97,13.15,2,0.15
107036,4,72,8.12,6,0.0
107037,1,35,32.75,2,0.0
107037,2,79,20.45,2,0.1
107037,3,26,13.04,7,0.05
107037,4,85,27.54,3,0.15
107037,5,110,27.71,5,0.0
107038,1,83,33.65,3,0.0
107038,2,8,5.46,4,0.1
107039,1,82,6.63,4,0.1
107039,2,45,13.03,1,0.1
107039,3,71,5.99,2,0.0
107039,4,50,12.26,5,0.05
107039,5,79,20.73,7,0.1
107039,6,56,22.16,3,0.15
107040,1,5,27.09,12,0.0
107040,2,60,12.91,5,0.0
107040,3,45,12.96,4,0.05
107040,4,8,5.2,1,0.2
107040,5,56,26.64,5,0.0
107040,6,44,13.05,2,0.1
107041,1,110,26.35,3,0.15
107041,2,104,25.49,8,0.0
107041,3,79,19.99,6,0.0
107041,4,23,25.79,5,0.1
107042,1,11,35.61,6,0.0
107042,2,1,27.34,4,0.05
107042,3,81,27.33,5,0.0
107043,1,82,6.6,2,0.0
107043,2,23,23.0,8,0.0
107043,3,26,17.0,6,0.1
107044,1,112,89.36,1,0.0
107044,2,25,12.52,4,0.03
107045,1,64,25.4,4,0.0
107045,2,83,28.51,6,0.15
107045,3,72,8.79,3,0.1
107045,4,108,35.77,4,0.0
107045,5,60,12.24,1,0.0
107045,6,34,27.58,4,0.15
107046,1,112,75.79,3,0.0
107046,2,54,21.3,2,0.0
107046,3,45,11.9,6,0.05
107047,1,44,14.42,5,0.03
107047,2,19,24.87,3,0.0
107047,3,112,78.22,5,0.0
107047,4,58,9.73,7,0.0
107047,5,106,22.66,2,0.0
107048,1,112,72.19,1,0.0
107048,2,107,38.93,12,0.0
107048,3,95,17.48,7,0.0
107049,1,120,4.79,2,0.0
107050,1,118,22.32,2,0.1
107050,2,6,12.53,5,0.0
107050,3,94,23.98,6,0.0
107050,4,113,9.3,5,0.1
107051,1,76,23.76,5,0.1
107051,2,64,22.91,4,0.15
107051,3,97,12.68,4,0.05
107052,1,76,23.79,4,0.0
107053,1,65,12.16,5,0.0
107053,2,116,39.82,6,0.0
107054,1,81,25.39,4,0.0
107054,2,45,12.86,3,0.0
107055,1,87,28.03,1,0.0
107055,2,60,13.22,4,0.03
107055,3,83,28.06,2,0.0
107056,1,80,23.14,9,0.0
107056,2,60,11.12,2,0.1
107057,1,101,21.64,6,0.0
107057,2,51,35.17,2,0.1
107057,3,45,10.98,4,0.15
107057,4,61,20.31,5,0.0
107057,5,60,12.07,2,0.05
107057,6,99,24.71,4,0.05
107058,1,110,24.82,1,0.1
107058,2,45,12.95,2,0.0
107058,3,97,16.07,8,0.0
107059,1,81,23.47,2,0.2
107059,2,9,20.21,1,0.1
107059,3,109,3.79,2,0.0
107059,4,4,7.72,1,0.0
107060,1,25,12.11,3,0.1
107060,2,8,4.91,7,0.03
107060,3,16,4.94,5,0.0
107060,4,105,5.1,4,0.0
107061,1,44,16.1,1,0.0
107061,2,94,24.85,4,0.0
107062,1,31,5.58,4,0.0
107062,2,104,29.87,5,0.05
107062,3,81,25.7,2,0.0
107062,4,72,8.72,8,0.1
107063,1,110,26.91,2,0.15
107063,2,14,25.42,3,0.1
107063,3,9,24.82,5,0.1
107063,4,104,27.75,5,0.1
107063,5,94,29.93,2,0.0
107064,1,44,16.76,2,0.0
107064,2,68,28.82,2,0.15
107064,3,82,6.02,9,0.0
107065,1,71,6.29,4,0.0
107065,2,79,20.62,3,0.0
107065,3,8,4.86,3,0.0
107065,4,85,31.69,5,0.0
107065,5,60,12.5,2,0.05
107065,6,104,23.01,10,0.03
107066,1,67,28.02,8,0.0
107066,2,110,25.27,3,0.0
107067,1,88,35.67,3,0.0
107067,2,3,58.85,3,0.0
107067,3,97,13.99,3,0.0
107068,1,113,11.26,1,0.0
107068,2,41,54.56,2,0.0
107069,1,19,23.66,3,0.0
107069,2,101,21.61,11,0.05
107069,3,53,23.51,5,0.0
107069,4,45,12.5,5,0.05
107069,5,117,8.79,4,0.05
107070,1,89,15.39,4,0.0
107070,2,49,28.92,3,0.0
107070,3,116,40.7,3,0.1
107071,1,91,20.08,4,0.0
107071,2,26,15.05,3,0.0
107072,1,45,12.69,1,0.2
107072,2,80,23.01,1,0.2
107072,3,2,25.31,2,0.1
107072,4,49,25.46,1,0.05
107073,1,34,27.49,2,0.1
107073,2,112,88.8,8,0.15
107074,1,52,45.71,2,0.15
107074,2,76,23.2,1,0.05
107075,1,60,12.42,3,0.05
107076,1,71,7.86,5,0.0
107076,2,9,27.01,10,0.0
107076,3,10,54.95,4,0.0
107077,1,71,6.57,5,0.05
107077,2,79,17.71,2,0.05
107078,1,34,22.81,1,0.1
107078,2,106,22.47,2,0.03
107078,3,60,13.78,3,0.05
107079,1,75,18.41,6,0.05
107079,2,24,48.34,1,0.1
107080,1,43,34.28,4,0.0
107080,2,110,23.4,4,0.05
107081,1,92,27.66,3,0.1
107081,2,112,72.98,5,0.0
107081,3,71,8.49,13,0.0
107081,4,75,17.78,2,0.0
107082,1,22,14.33,1,0.1
107082,2,116,34.84,4,0.0
107083,1,60,11.8,5,0.05
107084,1,38,27.58,5,0.05
107085,1,91,15.18,4,0.0
107085,2,27,9.88,3,0.15
107085,3,59,19.72,7,0.0
107085,4,22,16.34,1,0.0
107086,1,51,38.93,1,0.1
107086,2,44,15.16,4,0.15
107087,1,108,33.85,6,0.0
107088,1,88,33.64,3,0.0
107088,2,80,24.59,6,0.0
107089,1,65,12.63,7,0.1
107089,2,72,8.48,2,0.05
107089,3,87,25.46,7,0.05
107089,4,58,9.43,5,0.1
107089,5,99,25.19,13,0.0
107090,1,15,10.1,3,0.0
107090,2,78,8.45,4,0.05
107090,3,60,14.88,3,0.15
107090,4,40,26.07,3,0.0
107090,5,24,51.92,3,0.1
107091,1,29,43.91,4,0.15
107091,2,54,25.62,6,0.03
107091,3,81,25.13,6,0.0
107091,4,102,26.7,3,0.0
107091,5,63,39.41,7,0.15
107091,6,82,7.88,3,0.05
107092,1,45,10.75,1,0.1
107092,2,92,29.87,1,0.0
107092,3,70,10.69,14,0.0
107092,4,117,10.05,4,0.0
107092,5,79,19.68,4,0.03
107093,1,87,28.24,7,0.03
107093,2,38,29.09,14,0.03
107093,3,27,8.26,2,0.03
107093,4,31,5.34,1,0.0
107093,5,113,10.05,5,0.0
107093,6,80,26.14,6,0.0
107094,1,109,4.0,4,0.0
107094,2,67,29.12,10,0.05
107094,3,60,11.38,3,0.0
107095,1,89,18.12,3,0.2
107095,2,32,18.54,3,0.0
107096,1,71,7.75,1,0.0
107096,2,81,24.43,3,0.0
107096,3,103,30.09,3,0.0
107096,4,104,24.67,9,0.0
107096,5,93,26.01,2,0.0
107097,1,80,25.84,2,0.05
107097,2,67,30.78,3,0.0
107097,3,45,12.27,4,0.03
107098,1,118,17.32,5,0.0
107098,2,110,25.59,4,0.1
107098,3,97,15.56,4,0.0
107099,1,15,10.92,6,0.0
107099,2,78,8.8,2,0.0
107099,3,105,5.71,4,0.0
107099,4,65,12.34,4,0.0
107100,1,88,34.97,4,0.15
107100,2,98,11.91,2,0.05
107100,3,94,31.43,4,0.0
107100,4,110,24.58,12,0.0
107101,1,83,30.41,2,0.0
107101,2,44,15.37,3,0.0
107101,3,107,46.37,5,0.05
107102,1,40,20.87,6,0.1
107103,1,114,29.35,7,0.03
107104,1,113,9.76,7,0.0
107104,2,82,6.96,2,0.0
107104,3,45,10.95,2,0.0
107105,1,70,12.12,2,0.0
107105,2,45,11.31,4,0.1
107106,1,24,47.88,5,0.0
107106,2,21,30.63,2,0.0
107107,1,27,10.77,5,0.0
107107,2,13,38.62,6,0.0
107107,3,36,33.16,4,0.05
107108,1,40,25.93,8,0.05
107108,2,99,24.96,1,0.05
107108,3,28,7.1,2,0.1
107108,4,37,18.94,5,0.05
107109,1,34,24.51,8,0.2
107109,2,81,27.68,2,0.0
107109,3,94,33.52,7,0.0
107110,1,71,7.15,7,0.05
107110,2,60,13.1,8,0.0
107110,3,83,27.9,9,0.0
107110,4,72,7.81,2,0.0
107110,5,119,9.72,5,0.0
107111,1,83,30.62,3,0.05
107111,2,61,22.11,10,0.0
107112,1,11,35.5,4,0.0
107112,2,52,50.17,6,0.0
107112,3,3,64.08,7,0.0
107112,4,57,42.77,1,0.05
107113,1,65,11.58,2,0.05
107113,2,110,23.28,1,0.0
107113,3,81,21.19,2,0.0
107113,4,9,23.06,5,0.15
107113,5,71,8.94,2,0.0
107114,1,33,11.34,1,0.1
107114,2,65,10.88,5,0.0
107115,1,97,13.76,5,0.15
107116,1,78,8.87,3,0.0
107116,2,52,44.47,3,0.0
107116,3,106,18.75,3,0.0
107116,4,82,6.83,4,0.0
107117,1,8,5.36,10,0.03
107118,1,105,5.33,2,0.03
107118,2,108,36.73,5,0.0
107119,1,52,45.89,2,0.03
107120,1,75,18.96,4,0.0
107120,2,44,16.33,4,0.0
107120,3,76,25.49,6,0.0
107121,1,116,42.17,3,0.0
107121,2,117,9.55,2,0.0
107122,1,40,24.62,2,0.05
107122,2,87,25.85,2,0.2
107122,3,35,27.83,3,0.0
107122,4,112,75.83,5,0.05
107123,1,34,24.26,3,0.05
107123,2,87,29.24,2,0.0
107123,3,116,37.85,7,0.05
107123,4,45,11.01,5,0.0
107123,5,85,31.17,2,0.0
107124,1,81,21.79,3,0.03
107124,2,32,18.52,2,0.0
107125,1,51,43.38,3,0.05
107125,2,89,15.97,6,0.0
107125,3,45,12.02,7,0.0
107126,1,93,26.2,7,0.0
107126,2,101,22.77,2,0.2
107126,3,45,11.89,2,0.0
107126,4,120,4.75,9,0.0
107127,1,45,11.5,7,0.05
107127,2,60,11.81,3,0.0
107127,3,105,5.26,2,0.0
107127,4,106,23.19,2,0.0
107127,5,113,9.85,2,0.0
107128,1,80,23.57,2,0.0
107128,2,70,11.81,2,0.1
107128,3,44,17.49,5,0.03
107128,4,60,12.6,4,0.05
107129,1,5,24.99,4,0.0
107129,2,82,6.68,4,0.0
107130,1,54,23.94,6,0.05
107130,2,94,28.91,19,0.05
107130,3,101,22.49,7,0.1
107131,1,70,11.61,7,0.03
107131,2,37,20.07,3,0.0
107132,1,98,13.03,4,0.0
107132,2,76,23.9,6,0.05
107132,3,14,26.23,4,0.1
107133,1,43,35.21,1,0.1
107133,2,28,7.08,4,0.0
107133,3,6,9.05,3,0.05
107133,4,93,23.53,6,0.0
107134,1,116,41.08,2,0.0
107135,1,51,41.76,5,0.0
107135,2,24,49.49,5,0.05
107136,1,116,33.88,1,0.0
107136,2,34,25.8,2,0.2
107136,3,51,45.76,3,0.0
107137,1,63,44.91,5,0.05
107137,2,108,36.77,7,0.05
107138,1,67,29.84,3,0.1
107138,2,72,8.62,4,0.0
107138,3,69,3.48,6,0.1
107139,1,90,61.4,6,0.0
107139,2,114,26.0,1,0.0
107140,1,58,7.8,2,0.0
107140,2,91,18.88,11,0.0
107140,3,44,13.97,2,0.1
107141,1,87,29.42,4,0.0
107141,2,103,26.27,3,0.0
107142,1,44,14.33,10,0.15
107142,2,40,24.41,1,0.05
107142,3,112,82.95,3,0.0
107143,1,110,24.87,6,0.0
107143,2,1,28.35,3,0.0
107143,3,45,11.37,3,0.15
107143,4,82,6.16,7,0.0
107144,1,24,50.71,3,0.0
107145,1,71,7.05,4,0.0
107145,2,10,57.31,2,0.05
107145,3,79,18.85,3,0.0
107145,4,11,32.55,5,0.0
107145,5,53,26.67,7,0.0
107146,1,14,24.57,7,0.0
107147,1,24,52.06,5,0.15
107147,2,81,25.66,7,0.0
107147,3,57,43.51,8,0.0
107148,1,72,7.21,3,0.05
107148,2,13,39.65,2,0.1
107148,3,23,25.44,7,0.0
107148,4,40,24.73,1,0.0
107148,5,19,21.65,1,0.0
107148,6,24,46.86,9,0.1
107149,1,97,16.28,7,0.0
107149,2,32,17.46,4,0.0
107149,3,17,16.83,5,0.1
107149,4,79,19.3,5,0.1
107150,1,51,45.16,5,0.1
107150,2,11,32.42,3,0.03
107151,1,110,24.52,3,0.1
107151,2,108,36.57,1,0.0
107151,3,19,23.06,4,0.0
107152,1,76,27.17,3,0.0
107153,1,53,24.58,2,0.03
107153,2,32,15.38,4,0.0
107154,1,75,18.49,4,0.0
107154,2,67,33.64,2,0.03
107154,3,19,25.19,3,0.15
107155,1,91,18.13,5,0.1
107155,2,64,25.49,6,0.0
107155,3,104,27.71,9,0.15
107155,4,51,44.83,4,0.0
107156,1,71,8.17,5,0.05
107156,2,82,6.12,12,0.03
107157,1,14,22.57,4,0.0
107157,2,107,38.35,10,0.0
107157,3,94,31.02,6,0.1
107157,4,30,4.94,4,0.15
107157,5,56,31.54,3,0.05
107157,6,51,49.75,3,0.0
107158,1,45,12.26,2,0.2
107158,2,103,29.96,2,0.2
107159,1,17,12.49,7,0.03
107159,2,65,11.24,6,0.05
107159,3,97,14.09,4,0.05
107159,4,64,26.39,5,0.0
107160,1,47,24.47,1,0.0
107160,2,101,24.82,2,0.0
107161,1,81,27.46,4,0.1
107161,2,85,26.1,3,0.0
107161,3,17,14.62,1,0.0
107161,4,71,8.08,3,0.1
107161,5,106,23.36,6,0.03
107161,6,19,29.73,2,0.0
107161,7,116,34.91,2,0.05
107162,1,110,31.1,4,0.0
107162,2,3,66.37,7,0.03
107163,1,78,10.29,2,0.0
107163,2,65,12.47,9,0.0
107163,3,105,5.56,7,0.1
107164,1,72,9.88,6,0.0
107164,2,34,24.66,9,0.0
107164,3,15,11.83,4,0.0
107165,1,10,48.56,6,0.0
107166,1,64,23.19,2,0.03
107166,2,116,31.2,1,0.1
107167,1,25,12.08,3,0.05
107167,2,75,19.98,4,0.05
107167,3,8,5.07,3,0.0
107168,1,45,11.5,1,0.1
107168,2,58,7.6,3,0.0
107168,3,82,6.8,3,0.1
107169,1,66,7.1,6,0.1
107169,2,45,9.71,6,0.0
107169,3,24,56.45,7,0.1
107169,4,83,32.48,5,0.05
107169,5,95,17.76,7,0.0
107170,1,96,79.12,8,0.1
107170,2,99,23.33,8,0.0
107171,1,110,26.78,3,0.0
107171,2,47,22.24,3,0.0
107171,3,85,31.54,5,0.05
107172,1,97,15.72,1,0.05
107172,2,71,7.59,2,0.05
107173,1,64,25.66,9,0.15
107173,2,92,27.01,9,0.0
107173,3,1,22.7,2,0.0
107173,4,97,14.24,2,0.03
107174,1,87,28.21,1,0.05
107174,2,111,82.96,8,0.0
107174,3,48,41.58,1,0.1
107175,1,100,61.53,3,0.0
107175,2,83,36.1,6,0.0
107175,3,82,6.08,8,0.0
107175,4,119,11.33,3,0.0
107175,5,71,7.31,4,0.03
107176,1,50,10.16,9,0.2
107176,2,2,28.38,5,0.0
107176,3,40,26.24,2,0.1
107176,4,79,18.62,5,0.0
107176,5,32,18.59,3,0.03
107176,6,24,48.16,3,0.0
107177,1,76,28.45,4,0.05
107177,2,71,7.79,5,0.0
107177,3,64,23.99,5,0.05
107177,4,81,25.82,3,0.05
107177,5,82,5.68,11,0.05
107178,1,75,21.02,6,0.0
107178,2,45,12.26,2,0.2
107178,3,65,11.57,9,0.0
107179,1,34,21.4,2,0.0
107179,2,104,27.67,3,0.0
107180,1,80,22.62,3,0.0
107180,2,4,7.24,5,0.2
107180,3,83,28.98,6,0.0
107180,4,85,28.24,9,0.0
107180,5,81,25.92,6,0.05
107180,6,117,10.85,5,0.0
107181,1,91,18.06,2,0.0
107181,2,118,19.61,5,0.0
107181,3,35,31.45,2,0.0
107181,4,110,24.54,2,0.0
107182,1,60,12.75,2,0.05
107183,1,83,31.93,6,0.0
107183,2,81,26.38,4,0.0
107184,1,51,44.98,1,0.0
107184,2,67,33.05,4,0.03
107184,3,86,29.87,5,0.03
107184,4,56,30.99,4,0.0
107184,5,99,26.71,5,0.1
107184,6,14,21.57,2,0.05
107185,1,36,31.79,3,0.0
107185,2,23,24.87,6,0.0
107185,3,79,22.13,3,0.05
107185,4,2,30.82,3,0.05
107185,5,84,15.85,2,0.05
107186,1,53,20.04,4,0.15
107186,2,58,8.4,4,0.0
107186,3,24,50.37,3,0.15
107186,4,25,12.41,7,0.1
107186,5,9,28.76,2,0.15
107187,1,60,10.55,1,0.0
107187,2,24,60.18,3,0.0
107187,3,44,14.9,4,0.0
107187,4,14,22.67,5,0.0
107187,5,45,12.65,7,0.0
107187,6,97,13.81,3,0.0
107188,1,32,17.38,1,0.05
107188,2,113,9.94,7,0.1
107189,1,97,13.22,2,0.0
107189,2,111,84.34,8,0.1
107189,3,60,12.78,2,0.0
107189,4,45,13.22,3,0.0
107189,5,110,27.65,3,0.05
107190,1,86,30.35,2,0.0
107191,1,51,42.05,2,0.0
107191,2,71,7.45,2,0.05
107192,1,45,13.76,1,0.03
107192,2,89,17.45,6,0.0
107193,1,83,32.59,2,0.0
107193,2,15,10.12,1,0.15
107193,3,114,27.69,2,0.0
107194,1,72,9.32,4,0.05
107194,2,70,12.49,4,0.0
107194,3,97,17.2,12,0.1
107194,4,52,43.52,3,0.0
107194,5,53,24.36,5,0.05
107194,6,33,10.49,5,0.05
107195,1,98,12.77,3,0.0
107196,1,90,55.04,1,0.0
107196,2,108,36.9,5,0.0
107196,3,25,14.15,6,0.0
107197,1,79,20.42,2,0.1
107197,2,116,46.84,3,0.0
107197,3,52,45.25,6,0.1
107197,4,21,32.48,2,0.0
107197,5,118,21.1,9,0.0
107198,1,12,70.21,2,0.0
107199,1,80,27.7,5,0.1
107199,2,87,27.43,2,0.1
107199,3,60,11.95,10,0.15
107199,4,46,17.41,8,0.0
107199,5,103,27.96,1,0.03
107199,6,24,47.07,2,0.0
107199,7,89,18.27,1,0.05
107199,8,8,5.05,6,0.0
107200,1,85,32.84,1,0.0
107200,2,113,9.33,4,0.0
107200,3,76,23.41,3,0.0
107200,4,8,5.28,4,0.0
107201,1,71,6.94,2,0.0
107202,1,49,25.15,2,0.0
107203,1,105,6.07,10,0.03
107203,2,65,14.46,4,0.0
107204,1,45,13.29,7,0.0
107204,2,12,89.08,2,0.05
107204,3,17,17.04,1,0.0
107204,4,72,7.97,3,0.0
107205,1,97,14.52,10,0.0
107205,2,72,9.03,8,0.0
107206,1,72,9.04,2,0.0
107206,2,113,10.6,6,0.0
107206,3,8,4.26,2,0.0
107206,4,71,7.08,3,0.0
107207,1,95,16.56,2,0.0
107207,2,82,6.45,2,0.05
107207,3,41,47.85,8,0.0
107207,4,62,38.97,2,0.0
107207,5,87,24.86,5,0.0
107208,1,71,6.81,5,0.0
107208,2,72,8.79,2,0.0
107208,3,112,88.88,1,0.05
107208,4,22,14.93,5,0.0
107208,5,67,31.18,5,0.15
107209,1,102,24.82,9,0.0
107209,2,97,13.28,1,0.15
107209,3,94,35.7,3,0.0
107209,4,61,19.47,1,0.15
107210,1,34,26.87,3,0.0
107210,2,52,48.85,2,0.0
107210,3,83,36.88,8,0.05
107211,1,67,30.92,5,0.0
107211,2,65,12.96,7,0.0
107212,1,110,25.95,5,0.0
107212,2,113,11.78,2,0.0
107213,1,113,10.5,2,0.0
107213,2,89,15.29,4,0.0
107213,3,3,59.31,5,0.15
107213,4,81,26.9,3,0.0
107214,1,15,9.2,5,0.05
107215,1,53,25.46,4,0.0
107216,1,71,7.71,14,0.05
107216,2,51,46.68,4,0.0
107217,1,81,25.91,3,0.0
107217,2,21,26.08,7,0.0
107217,3,71,7.08,3,0.05
107217,4,47,22.01,6,0.1
107218,1,6,10.79,3,0.05
107218,2,53,23.85,10,0.0
107218,3,67,32.59,9,0.0
107218,4,32,21.12,14,0.0
107218,5,90,54.13,3,0.05
107218,6,80,26.26,8,0.0
107219,1,76,26.99,6,0.1
107219,2,117,9.3,6,0.0
107220,1,9,21.41,7,0.0
107220,2,63,40.62,7,0.0
107221,1,65,12.56,8,0.15
107221,2,117,9.05,4,0.05
107221,3,52,39.46,9,0.03
107221,4,6,11.4,5,0.0
107221,5,118,20.97,1,0.05
107222,1,82,5.92,4,0.1
107222,2,86,29.55,2,0.0
107222,3,4,8.09,4,0.0
107223,1,116,44.62,9,0.1
107223,2,40,21.67,1,0.0
107223,3,1,24.75,4,0.05
107223,4,110,25.93,2,0.0
107224,1,14,24.24,3,0.05
107224,2,49,25.65,2,0.0
107224,3,81,24.34,2,0.05
107225,1,116,45.77,3,0.0
107225,2,8,4.42,7,0.0
107225,3,65,10.99,2,0.03
107225,4,83,29.55,10,0.0
107225,5,34,26.58,5,0.0
107226,1,63,41.3,13,0.0
107226,2,70,13.05,6,0.15
107226,3,32,17.57,4,0.05
107226,4,71,9.19,5,0.15
107227,1,25,11.75,2,0.0
107227,2,44,16.88,13,0.05
107227,3,76,23.97,5,0.0
107228,1,41,48.83,1,0.1
107228,2,87,26.11,3,0.0
107229,1,72,8.82,7,0.0
107229,2,50,10.74,4,0.0
107229,3,8,4.96,3,0.0
107229,4,64,25.9,5,0.0
107229,5,81,25.3,9,0.0
107230,1,14,24.47,3,0.1
107230,2,6,10.24,5,0.05
107230,3,75,18.53,5,0.03
107230,4,65,12.0,2,0.1
107231,1,103,26.44,1,0.1
107231,2,71,7.29,3,0.0
107231,3,58,8.29,2,0.05
107231,4,99,27.24,8,0.0
107232,1,97,14.8,2,0.0
107232,2,59,21.71,6,0.0
107232,3,82,5.92,1,0.0
107232,4,108,42.38,6,0.1
107232,5,29,52.84,5,0.0
107233,1,105,5.11,1,0.03
107233,2,70,10.93,1,0.0
107233,3,60,12.18,6,0.0
107234,1,31,5.27,7,0.0
107234,2,81,24.34,5,0.15
107234,3,14,25.31,2,0.0
107234,4,110,21.99,5,0.0
107234,5,109,4.27,6,0.05
107234,6,116,36.1,2,0.0
107235,1,35,28.73,2,0.03
107235,2,12,85.37,3,0.0
107235,3,52,40.05,9,0.05
107235,4,33,10.52,3,0.2
107235,5,51,42.79,6,0.0
107235,6,114,29.23,5,0.0
107236,1,21,28.47,5,0.0
107236,2,25,9.94,3,0.0
107236,3,114,30.6,9,0.0
107236,4,86,24.23,4,0.0
107237,1,104,25.8,1,0.15
107237,2,60,12.47,3,0.0
107238,1,76,23.17,3,0.0
107238,2,60,11.26,3,0.0
107238,3,2,26.53,6,0.0
107238,4,84,13.01,2,0.05
107238,5,114,30.26,9,0.0
107239,1,80,20.88,4,0.0
107239,2,65,12.94,1,0.0
107239,3,116,40.52,3,0.0
107240,1,94,32.76,4,0.0
107241,1,57,42.6,4,0.15
107241,2,40,26.47,2,0.1
107241,3,14,19.49,1,0.0
107241,4,51,46.21,5,0.0
107241,5,4,6.72,7,0.0
107242,1,34,25.09,8,0.0
107242,2,9,24.95,5,0.0
107242,3,83,30.06,4,0.05
107242,4,72,9.07,2,0.0
107242,5,43,35.69,4,0.0
107242,6,105,5.52,12,0.0
107243,1,60,12.02,4,0.0
107243,2,116,37.61,8,0.0
107243,3,108,38.02,4,0.0
107244,1,45,11.78,1,0.0
107244,2,23,26.59,11,0.0
107244,3,41,52.68,7,0.03
107244,4,116,38.39,5,0.05
107245,1,94,29.17,9,0.15
107245,2,51,36.93,1,0.0
107245,3,8,4.21,3,0.03
107246,1,34,22.08,3,0.0
107246,2,69,4.02,6,0.0
107246,3,6,12.26,2,0.05
107247,1,78,10.16,1,0.0
107248,1,17,17.6,6,0.0
107248,2,51,48.67,5,0.03
107248,3,72,8.93,2,0.05
107248,4,82,7.08,5,0.03
107248,5,104,27.34,2,0.05
107249,1,94,29.35,2,0.15
107249,2,76,20.96,1,0.15
107249,3,79,19.29,3,0.05
107249,4,24,50.92,5,0.0
107250,1,113,10.12,3,0.1
107250,2,99,27.6,7,0.0
107250,3,90,50.37,4,0.0
107251,1,105,6.16,2,0.0
107251,2,60,12.18,4,0.0
107251,3,71,6.69,7,0.0
107251,4,81,23.11,4,0.0
107251,5,36,29.4,6,0.15
107252,1,114,24.47,9,0.05
107252,2,83,31.13,6,0.0
107252,3,116,37.91,3,0.0
107252,4,70,13.57,6,0.0
107252,5,53,22.93,8,0.15
107253,1,58,8.21,2,0.1
107253,2,76,22.6,4,0.1
107253,3,110,21.53,5,0.05
107254,1,107,47.46,1,0.0
107254,2,106,23.0,6,0.05
107254,3,76,25.83,3,0.0
107255,1,116,43.63,6,0.0
107255,2,113,10.63,5,0.0
107255,3,34,25.05,6,0.05
107256,1,57,47.94,5,0.15
107257,1,100,55.86,2,0.0
107257,2,113,11.19,2,0.05
107258,1,46,16.43,5,0.0
107258,2,4,6.97,3,0.0
107258,3,3,61.93,6,0.0
107259,1,72,9.41,2,0.0
107259,2,112,63.62,6,0.0
107260,1,104,28.6,2,0.0
107260,2,45,11.9,4,0.05
107260,3,65,13.89,5,0.0
107261,1,52,45.33,5,0.0
107261,2,15,9.95,4,0.0
107261,3,59,20.64,3,0.03
107262,1,91,16.33,6,0.15
107262,2,58,7.75,1,0.0
107262,3,37,19.34,6,0.05
107262,4,34,24.72,4,0.0
107262,5,72,8.64,2,0.0
107262,6,54,21.63,3,0.0
107263,1,82,6.04,6,0.0
107263,2,22,12.56,4,0.1
107263,3,34,23.93,3,0.1
107264,1,44,14.42,4,0.0
107264,2,97,15.56,7,0.0
107264,3,58,7.36,4,0.0
107265,1,78,8.97,5,0.0
107266,1,72,7.74,3,0.0
107266,2,97,13.64,4,0.05
107266,3,103,29.08,2,0.03
107266,4,106,20.27,4,0.0
107266,5,8,5.24,3,0.0
107267,1,27,10.75,3,0.15
107267,2,45,13.24,6,0.0
107267,3,64,24.56,7,0.0
107268,1,67,29.61,6,0.0
107268,2,21,28.87,4,0.0
107268,3,76,25.14,4,0.0
107268,4,113,10.44,5,0.0
107269,1,35,27.69,6,0.15
107269,2,94,34.24,1,0.05
107269,3,52,47.83,5,0.0
107270,1,26,15.37,5,0.0
107270,2,99,24.74,4,0.03
107270,3,24,48.67,9,0.1
107270,4,27,8.96,5,0.05
107271,1,94,28.26,4,0.15
107271,2,86,25.3,2,0.05
107272,1,71,6.54,5,0.0
107272,2,109,3.6,14,0.0
107273,1,81,24.64,2,0.03
107273,2,45,12.32,2,0.0
107273,3,26,15.37,2,0.0
107273,4,10,51.09,7,0.03
107273,5,11,37.92,2,0.0
107274,1,6,10.91,4,0.0
107274,2,100,58.27,2,0.1
107274,3,10,48.81,3,0.0
107275,1,72,10.35,4,0.0
107275,2,105,6.06,1,0.0
107275,3,70,12.75,2,0.15
107276,1,87,22.51,2,0.0
107276,2,82,6.1,6,0.03
107276,3,106,20.1,7,0.15
107276,4,32,19.15,12,0.03
107276,5,60,11.97,5,0.0
107276,6,70,12.0,4,0.0
107276,7,46,18.03,4,0.0
107277,1,25,12.32,4,0.0
107277,2,51,45.09,2,0.0
107278,1,76,24.02,3,0.15
107278,2,23,23.7,4,0.05
107278,3,101,24.28,3,0.0
107279,1,34,24.74,5,0.2
107279,2,12,80.77,8,0.03
107279,3,81,24.64,5,0.0
107279,4,11,34.33,10,0.05
107279,5,45,12.28,9,0.03
107280,1,15,11.34,6,0.0
107280,2,107,42.19,14,0.0
107280,3,79,20.83,3,0.0
107280,4,89,17.07,14,0.0
107280,5,40,23.9,4,0.05
107280,6,110,26.47,4,0.0
107281,1,72,7.97,4,0.1
107281,2,65,10.71,4,0.05
107282,1,44,15.86,2,0.0
107282,2,97,16.47,4,0.0
107283,1,73,21.67,2,0.0
107283,2,97,16.21,4,0.05
107284,1,56,29.94,3,0.0
107284,2,45,11.24,4,0.0
107284,3,89,18.0,4,0.15
107284,4,70,13.06,10,0.05
107285,1,21,29.06,3,0.0
107285,2,44,14.37,3,0.05
107285,3,31,5.34,5,0.05
107285,4,50,10.24,4,0.0
107286,1,27,10.5,8,0.0
107287,1,83,29.42,4,0.05
107287,2,71,7.07,3,0.05
107288,1,60,11.3,5,0.05
107288,2,94,27.84,7,0.0
107288,3,106,21.87,6,0.2
107288,4,8,5.57,4,0.1
107288,5,80,23.48,4,0.0
107288,6,58,6.97,4,0.0
107288,7,63,38.51,2,0.03
107288,8,68,25.97,2,0.1
107289,1,23,25.27,1,0.0
107289,2,113,10.25,3,0.05
107289,3,79,19.64,16,0.0
107289,4,97,13.62,2,0.2
107290,1,81,25.49,1,0.15
107290,2,116,37.19,6,0.1
107290,3,45,11.91,1,0.03
107291,1,65,11.73,5,0.0
107291,2,110,25.03,1,0.0
107291,3,52,51.58,7,0.05
107291,4,26,16.72,10,0.0
107292,1,34,24.5,2,0.03
107293,1,82,7.2,4,0.0
107293,2,22,16.61,2,0.0
107293,3,67,34.95,3,0.0
107294,1,117,8.54,4,0.0
107294,2,64,22.14,4,0.03
107294,3,81,25.24,4,0.0
107294,4,24,47.4,1,0.1
107294,5,101,22.91,2,0.0
107295,1,84,14.76,3,0.0
107296,1,116,37.43,6,0.1
107296,2,70,11.51,6,0.0
107296,3,97,14.52,4,0.05
107297,1,98,11.39,6,0.2
107297,2,21,31.23,10,0.0
107297,3,85,25.77,6,0.0
107298,1,82,7.25,2,0.0
107298,2,25,11.91,11,0.0
107298,3,27,9.35,6,0.05
107298,4,60,11.47,4,0.0
107298,5,14,23.79,3,0.0
107299,1,99,25.86,3,0.0
107299,2,39,128.87,11,0.0
107300,1,18,12.94,4,0.05
107300,2,88,31.9,2,0.0
107301,1,52,45.24,1,0.03
107301,2,41,47.95,7,0.0
107301,3,45,10.96,3,0.05
107301,4,94,31.05,6,0.0
107301,5,83,35.95,9,0.2
107302,1,109,3.49,1,0.2
107302,2,63,36.83,3,0.0
107303,1,92,23.29,7,0.0
107303,2,65,13.64,4,0.0
107303,3,71,6.87,2,0.0
107303,4,81,28.45,1,0.0
107303,5,45,10.66,7,0.0
107303,6,27,8.94,7,0.0
107303,7,56,28.08,6,0.0
107304,1,83,33.06,4,0.0
107304,2,25,12.87,3,0.0
107304,3,50,10.92,3,0.05
107304,4,12,80.35,9,0.0
107305,1,81,26.96,2,0.0
107305,2,64,22.27,1,0.15
107306,1,72,10.06,2,0.0
107306,2,80,23.84,7,0.1
107307,1,39,120.97,1,0.0
107307,2,45,14.06,4,0.0
107307,3,33,11.66,3,0.0
107307,4,53,22.54,7,0.0
107307,5,56,28.04,6,0.0
107307,6,76,25.7,1,0.05
107308,1,79,20.45,3,0.05
107308,2,30,4.56,6,0.1
107308,3,67,30.39,2,0.0
107308,4,54,20.29,4,0.0
107308,5,78,10.1,4,0.0
107309,1,50,9.56,7,0.15
107309,2,105,4.92,9,0.05
107309,3,79,21.35,2,0.0
107309,4,51,46.07,8,0.0
107309,5,99,24.77,2,0.0
107309,6,8,4.67,1,0.1
107310,1,91,17.67,4,0.0
107310,2,53,24.64,8,0.0
107311,1,24,47.26,7,0.0
107311,2,116,43.57,5,0.0
107311,3,106,20.69,3,0.0
107311,4,58,7.8,2,0.03
107312,1,36,32.71,1,0.0
107312,2,110,23.54,4,0.0
107313,1,58,8.11,3,0.0
107313,2,67,26.26,2,0.0
107313,3,89,16.84,2,0.03
107314,1,56,26.8,6,0.1
107314,2,47,24.47,3,0.1
107314,3,60,12.03,2,0.0
107315,1,5,24.77,8,0.03
107315,2,35,32.34,6,0.0
107315,3,81,26.34,5,0.05
107315,4,76,23.8,5,0.0
107316,1,98,12.2,4,0.1
107316,2,99,26.09,4,0.05
107317,1,5,29.72,2,0.05
107317,2,110,23.09,4,0.03
107317,3,82,7.19,4,0.03
107317,4,70,13.96,1,0.15
107317,5,71,7.18,6,0.15
107318,1,118,20.21,9,0.0
107318,2,60,11.08,1,0.0
107318,3,107,44.22,1,0.0
107318,4,100,68.77,9,0.0
107318,5,101,25.71,7,0.1
107318,6,23,24.23,2,0.0
107319,1,99,31.56,3,0.0
107319,2,97,15.61,4,0.05
107319,3,51,45.81,3,0.15
107319,4,20,32.62,5,0.0
107319,5,108,31.72,10,0.03
107319,6,113,9.93,6,0.05
107319,7,94,31.19,1,0.05
107320,1,76,27.49,5,0.0
107320,2,116,34.96,3,0.0
107321,1,101,23.16,6,0.0
107321,2,67,29.59,2,0.03
107321,3,10,49.77,4,0.05
107321,4,51,44.07,5,0.03
107322,1,13,43.94,7,0.0
107322,2,45,12.8,1,0.1
107322,3,81,28.13,1,0.0
107323,1,87,26.86,3,0.2
107323,2,70,11.88,4,0.0
107323,3,45,11.23,3,0.05
107324,1,14,26.51,5,0.0
107324,2,45,11.15,2,0.05
107324,3,97,15.81,2,0.05
107324,4,81,25.95,1,0.0
107324,5,1,29.09,10,0.0
107324,6,106,19.83,2,0.0
107325,1,81,23.84,1,0.0
107326,1,56,28.6,6,0.1
107326,2,53,24.5,1,0.05
107326,3,104,22.29,2,0.15
107326,4,102,25.83,1,0.0
107327,1,60,11.39,1,0.0
107327,2,116,38.0,3,0.0
107327,3,118,18.99,5,0.0
107327,4,99,24.84,2,0.0
107327,5,89,15.73,11,0.1
107328,1,82,7.36,4,0.0
107328,2,24,51.63,4,0.1
107328,3,110,25.06,6,0.0
107328,4,62,37.86,11,0.0
107328,5,40,22.87,9,0.1
107329,1,112,83.84,3,0.0
107330,1,97,14.67,1,0.1
107330,2,76,23.3,1,0.0
107331,1,69,4.17,2,0.0
107332,1,95,20.27,5,0.0
107332,2,36,29.94,6,0.03
107332,3,12,91.21,4,0.0
107333,1,98,12.39,2,0.0
107333,2,34,25.94,3,0.0
107333,3,99,21.65,4,0.0
107334,1,81,22.31,7,0.0
107334,2,97,14.39,3,0.0
107334,3,22,14.95,2,0.0
107334,4,76,27.33,3,0.0
107335,1,15,12.1,3,0.0
107335,2,45,11.76,5,0.0
107335,3,66,7.94,6,0.0
107335,4,97,14.87,2,0.05
107335,5,76,23.22,3,0.05
107336,1,68,23.85,5,0.05
107336,2,99,20.13,5,0.05
107336,3,25,11.01,7,0.1
107336,4,80,21.65,2,0.0
107336,5,12,84.64,2,0.0
107337,1,14,25.96,4,0.05
107337,2,57,49.3,2,0.0
107338,1,53,26.47,2,0.0
107338,2,16,5.03,6,0.0
107338,3,22,13.26,2,0.15
107339,1,14,24.02,4,0.0
107339,2,46,16.68,11,0.0
107339,3,27,8.99,2,0.0
107340,1,118,20.75,4,0.0
107340,2,74,24.18,5,0.0
107340,3,101,25.32,6,0.0
107340,4,78,8.71,6,0.0
107341,1,113,10.19,2,0.2
107341,2,74,31.57,6,0.1
107341,3,117,9.86,2,0.1
107342,1,71,6.82,6,0.1
107342,2,98,12.26,2,0.15
107342,3,93,24.05,3,0.03
107342,4,110,27.8,2,0.15
107343,1,99,27.46,12,0.03
107343,2,14,28.29,2,0.1
107343,3,103,33.09,9,0.05
107344,1,8,5.03,1,0.0
107344,2,113,9.58,6,0.0
107344,3,27,8.79,2,0.0
107345,1,82,6.29,7,0.0
107345,2,84,15.89,2,0.1
107345,3,116,44.45,5,0.0
107345,4,117,8.74,3,0.05
107346,1,34,20.48,9,0.1
107346,2,67,32.75,6,0.0
107346,3,92,24.73,3,0.05
107346,4,53,24.57,8,0.0
107346,5,84,15.38,1,0.0
107347,1,45,12.55,3,0.15
107347,2,67,28.23,6,0.05
107347,3,83,35.27,3,0.0
107347,4,72,9.34,2,0.05
107348,1,45,11.5,3,0.0
107349,1,7,14.24,2,0.1
107349,2,90,53.94,1,0.03
107349,3,24,50.63,6,0.0
107350,1,13,36.06,2,0.03
107350,2,98,12.59,8,0.1
107350,3,44,16.11,2,0.1
107350,4,60,11.05,2,0.0
107351,1,75,15.93,1,0.15
107351,2,105,4.6,8,0.0
107352,1,112,78.2,1,0.0
107352,2,51,44.73,6,0.05
107352,3,67,35.42,4,0.0
107352,4,98,11.62,3,0.0
107352,5,24,49.85,9,0.0
107353,1,88,34.14,2,0.05
107353,2,68,26.94,6,0.0
107353,3,97,15.72,4,0.0
107354,1,79,18.23,5,0.0
107354,2,49,28.25,4,0.0
107355,1,75,17.24,3,0.1
107355,2,9,25.33,3,0.0
107355,3,100,59.25,6,0.0
107355,4,64,24.43,3,0.1
107356,1,70,12.4,1,0.0
107356,2,57,47.46,2,0.2
107356,3,90,58.89,1,0.1
107356,4,76,24.73,5,0.0
107356,5,78,9.32,4,0.0
107356,6,97,14.8,1,0.05
107357,1,24,52.17,8,0.03
107358,1,33,9.56,12,0.05
107359,1,116,40.67,1,0.0
107359,2,94,33.41,5,0.05
107359,3,24,48.66,3,0.05
107360,1,110,24.21,3,0.05
107360,2,27,8.8,7,0.0
107360,3,86,30.79,1,0.0
107361,1,45,11.89,7,0.0
107361,2,87,24.21,6,0.05
107361,3,71,6.46,8,0.03
107362,1,53,23.46,1,0.1
107362,2,24,50.01,2,0.0
107363,1,1,27.94,7,0.0
107363,2,45,12.11,8,0.03
107363,3,83,35.31,6,0.0
107363,4,19,26.79,3,0.03
107364,1,45,12.23,3,0.0
107364,2,2,32.01,9,0.0
107364,3,83,34.39,10,0.03
107364,4,76,23.75,9,0.0
107364,5,80,27.48,3,0.0
107365,1,53,26.91,4,0.0
107365,2,45,12.11,1,0.0
107365,3,34,23.48,5,0.0
107366,1,79,20.04,7,0.1
107366,2,67,32.9,4,0.0
107366,3,75,17.44,2,0.0
107366,4,45,11.24,1,0.0
107367,1,51,41.79,7,0.0
107367,2,91,19.31,5,0.0
107367,3,81,25.86,2,0.0
107368,1,15,9.13,8,0.0
107369,1,45,11.88,1,0.0
107369,2,85,28.25,9,0.0
107369,3,14,25.2,3,0.0
107369,4,101,21.82,5,0.05
107369,5,1,28.4,4,0.0
107369,6,52,49.48,5,0.0
107370,1,45,10.07,7,0.05
107371,1,45,9.94,3,0.0
107371,2,117,9.54,6,0.15
107371,3,70,11.39,3,0.0
107371,4,81,24.21,6,0.0
107372,1,110,22.92,12,0.0
107372,2,92,22.59,9,0.1
107372,3,81,25.79,2,0.0
107372,4,55,18.14,7,0.0
107372,5,99,25.98,3,0.0
107373,1,116,41.82,6,0.0
107373,2,94,32.85,3,0.05
107373,3,108,34.08,2,0.03
107373,4,52,47.9,4,0.05
107374,1,78,11.27,7,0.0
107375,1,84,15.01,2,0.0
107375,2,53,22.78,5,0.0
107375,3,65,14.85,6,0.05
107376,1,103,28.79,1,0.1
107376,2,51,43.84,7,0.0
107377,1,116,42.1,7,0.0
107377,2,23,26.31,5,0.0
107377,3,68,25.62,1,0.0
107378,1,47,22.07,1,0.05
107378,2,38,29.75,10,0.1
107378,3,53,22.92,2,0.0
107378,4,116,39.43,1,0.0
107378,5,83,37.71,1,0.0
107379,1,110,25.69,3,0.05
107379,2,65,12.21,7,0.0
107380,1,71,7.03,2,0.1
107380,2,32,17.57,4,0.0
107380,3,75,17.48,5,0.0
107381,1,45,12.0,1,0.15
107381,2,65,11.68,4,0.0
107381,3,31,5.51,1,0.03
107381,4,24,43.51,4,0.05
107381,5,81,23.94,5,0.05
107382,1,45,11.71,2,0.03
107382,2,65,12.49,4,0.0
107382,3,2,31.14,1,0.0
107383,1,118,20.56,2,0.03
107383,2,97,15.98,1,0.2
107383,3,64,23.24,2,0.0
107384,1,120,4.43,8,0.05
107385,1,107,35.62,5,0.0
107385,2,92,26.48,3,0.05
107385,3,75,18.47,4,0.0
107385,4,76,22.42,1,0.05
107386,1,103,27.94,4,0.15
107386,2,45,12.33,7,0.0
107387,1,15,10.48,2,0.0
107388,1,45,13.13,5,0.03
107388,2,9,21.68,4,0.0
107388,3,76,24.5,2,0.0
107388,4,119,10.0,2,0.0
107388,5,46,18.15,1,0.0
107389,1,45,12.53,5,0.1
107390,1,2,27.07,4,0.0
107391,1,97,15.18,6,0.0
107391,2,94,29.6,7,0.05
107392,1,79,19.74,4,0.05
107392,2,117,8.92,1,0.0
107393,1,50,11.13,7,0.05
107393,2,75,19.04,12,0.05
107393,3,45,11.21,6,0.1
107394,1,48,34.71,3,0.05
107394,2,63,35.66,6,0.0
107394,3,56,28.83,12,0.05
107394,4,76,24.29,1,0.1
107395,1,107,40.16,2,0.05
107395,2,29,48.94,5,0.0
107395,3,85,31.16,3,0.05
107395,4,110,23.21,5,0.0
107395,5,6,11.28,5,0.0
107396,1,45,12.42,5,0.0
107396,2,116,35.15,1,0.0
107397,1,101,26.68,2,0.03
107398,1,96,72.74,4,0.05
107398,2,15,10.83,2,0.2
107398,3,94,28.8,5,0.1
107399,1,114,25.6,3,0.03
107399,2,65,12.92,4,0.0
107400,1,8,5.29,4,0.0
107400,2,107,35.59,4,0.0
107401,1,62,31.73,4,0.0
107401,2,55,15.89,8,0.1
107401,3,45,10.62,2,0.05
107401,4,97,14.74,7,0.0
107402,1,6,11.03,2,0.1
107402,2,65,9.7,5,0.03
107402,3,83,32.11,3,0.0
107402,4,38,31.59,3,0.05
107403,1,107,41.79,2,0.2
107403,2,6,10.98,1,0.15
107404,1,8,4.67,4,0.0
107404,2,112,78.59,6,0.0
107405,1,58,8.47,4,0.0
107406,1,94,34.19,12,0.05
107407,1,76,24.94,1,0.0
107407,2,110,22.78,5,0.03
107407,3,41,54.99,4,0.15
107408,1,105,5.92,1,0.0
107408,2,65,12.08,6,0.1
107409,1,98,12.59,5,0.15
107409,2,79,22.56,2,0.1
107409,3,94,31.51,4,0.0
107409,4,53,23.85,5,0.1
107409,5,83,31.98,1,0.0
107410,1,9,24.9,3,0.05
107410,2,83,27.9,2,0.03
107410,3,16,4.76,2,0.0
107410,4,75,18.87,4,0.0
107410,5,1,33.28,3,0.1
107410,6,119,9.29,11,0.1
107411,1,60,12.31,8,0.0
107412,1,79,19.3,3,0.03
107412,2,65,10.8,2,0.0
107412,3,26,14.6,5,0.0
107413,1,97,16.23,3,0.0
107413,2,79,18.79,4,0.0
107414,1,23,19.73,3,0.05
107414,2,22,16.06,6,0.05
107414,3,45,12.22,3,0.0
107414,4,116,37.62,8,0.0
107415,1,116,39.68,2,0.0
107415,2,46,16.11,1,0.05
107416,1,54,24.65,3,0.0
107416,2,40,25.68,2,0.0
107416,3,51,41.29,1,0.0
107416,4,81,22.53,3,0.0
107416,5,85,24.68,1,0.05
107417,1,44,16.86,7,0.0
107417,2,81,27.12,1,0.0
107417,3,70,11.47,4,0.15
107418,1,21,28.79,4,0.0
107419,1,97,16.64,7,0.0
107419,2,112,82.55,3,0.05
107420,1,52,44.48,1,0.0
107421,1,71,6.76,5,0.05
107421,2,60,12.93,3,0.0
107421,3,47,20.43,6,0.0
107421,4,53,24.91,8,0.0
107421,5,110,24.87,3,0.2
107421,6,59,22.16,3,0.03
107422,1,72,8.04,3,0.15
107422,2,116,37.9,7,0.05
107422,3,5,25.64,2,0.2
107423,1,32,18.41,11,0.05
107423,2,67,25.25,6,0.0
107423,3,72,9.84,3,0.1
107423,4,103,27.71,4,0.05
107423,5,66,7.74,6,0.0
107423,6,108,34.56,7,0.0
107423,7,1,26.99,5,0.1
107424,1,34,23.44,5,0.0
107424,2,83,34.64,9,0.05
107424,3,116,44.39,4,0.0
107425,1,62,39.54,12,0.03
107425,2,110,23.91,8,0.0
107426,1,104,29.69,2,0.0
107426,2,87,24.84,6,0.05
107426,3,59,22.36,6,0.2
107426,4,24,45.77,3,0.05
107426,5,99,27.93,7,0.0
107427,1,15,11.37,3,0.0
107427,2,80,24.29,4,0.0
107427,3,43,37.51,7,0.15
107427,4,94,28.4,4,0.0
107428,1,70,12.95,1,0.0
107428,2,80,21.69,6,0.0
107429,1,24,52.18,8,0.0
107429,2,91,19.04,3,0.0
107430,1,34,27.66,5,0.0
107430,2,58,8.03,9,0.0
107431,1,103,27.41,5,0.2
107431,2,45,11.86,13,0.1
107432,1,117,9.66,6,0.05
107432,2,4,6.95,7,0.0
107432,3,40,22.27,4,0.05
107432,4,85,31.63,5,0.05
107433,1,2,35.08,3,0.0
107433,2,45,13.74,14,0.03
107434,1,13,36.1,4,0.0
107434,2,80,21.41,2,0.0
107434,3,81,25.15,1,0.0
107435,1,98,13.17,7,0.1
107435,2,60,11.39,2,0.0
107435,3,52,42.24,3,0.0
107435,4,76,29.18,4,0.0
107436,1,94,26.82,5,0.0
107436,2,40,24.62,10,0.03
107436,3,45,13.54,3,0.05
107436,4,34,25.34,2,0.0
107437,1,21,26.84,13,0.0
107437,2,108,39.65,3,0.0
107437,3,99,24.62,5,0.05
107438,1,53,21.76,1,0.03
107438,2,26,15.4,3,0.0
107438,3,1,32.11,3,0.03
107438,4,98,13.5,4,0.05
107439,1,113,10.1,1,0.1
107439,2,44,15.73,13,0.03
107439,3,75,19.69,2,0.05
107439,4,72,8.47,5,0.0
107439,5,20,26.82,1,0.0
107439,6,24,48.86,2,0.0
107440,1,78,9.36,3,0.05
107440,2,45,11.25,3,0.0
107441,1,41,52.51,5,0.05
107441,2,104,26.1,2,0.05
107441,3,28,6.35,2,0.0
107442,1,64,24.42,1,0.0
107442,2,79,21.91,3,0.0
107442,3,71,6.51,3,0.05
107442,4,85,30.61,3,0.0
107442,5,80,20.88,5,0.0
107442,6,67,30.41,5,0.0
107443,1,118,19.06,5,0.0
107443,2,82,5.98,2,0.1
107443,3,83,34.92,4,0.0
107443,4,64,21.65,10,0.05
107444,1,66,8.16,5,0.0
107444,2,47,20.41,3,0.0
107444,3,67,33.86,3,0.0
107444,4,83,32.15,10,0.05
107445,1,51,42.45,3,0.15
107445,2,44,15.22,3,0.0
107445,3,2,26.14,5,0.0
107445,4,97,14.86,4,0.0
107446,1,78,10.15,1,0.0
107446,2,120,4.53,3,0.0
107447,1,116,39.48,2,0.2
107447,2,71,7.23,3,0.0
107447,3,9,23.53,2,0.05
107447,4,56,31.49,2,0.0
107448,1,23,24.53,2,0.03
107448,2,91,20.68,1,0.1
107448,3,81,25.41,9,0.1
107449,1,45,10.68,5,0.0
107449,2,79,19.87,6,0.05
107450,1,60,11.82,3,0.05
107450,2,19,27.36,4,0.15
107450,3,97,15.31,6,0.0
107450,4,89,17.77,6,0.0
107450,5,27,9.21,5,0.03
107451,1,23,21.63,10,0.05
107451,2,62,34.12,4,0.2
107451,3,58,9.52,1,0.03
107451,4,52,49.07,1,0.1
107452,1,88,32.02,3,0.0
107452,2,43,31.17,6,0.0
107452,3,72,8.94,2,0.1
107453,1,83,25.76,4,0.1
107453,2,23,21.26,3,0.05
107454,1,110,29.94,3,0.0
107454,2,28,6.97,3,0.1
107454,3,65,11.26,4,0.05
107455,1,40,25.38,1,0.0
107455,2,85,29.2,6,0.1
107455,3,67,35.05,7,0.15
107455,4,94,25.97,3,0.1
107455,5,117,10.26,5,0.05
107455,6,81,23.12,5,0.03
107455,7,2,28.89,1,0.05
107455,8,98,12.39,3,0.0
107456,1,98,11.32,14,0.0
107456,2,80,21.88,2,0.0
107456,3,15,10.59,8,0.0
107456,4,5,23.71,7,0.0
107457,1,52,48.35,4,0.05
107457,2,51,53.09,6,0.0
107457,3,72,8.64,5,0.03
107457,4,37,21.36,2,0.0
107457,5,63,36.81,3,0.0
107458,1,2,29.39,10,0.1
107458,2,31,5.39,5,0.05
107459,1,74,27.46,5,0.0
107459,2,15,10.63,1,0.05
107459,3,77,32.97,6,0.1
107459,4,109,3.7,2,0.05
107459,5,100,63.29,6,0.03
107460,1,37,18.33,3,0.0
107460,2,16,5.16,12,0.03
107460,3,26,15.85,4,0.0
107461,1,24,41.71,1,0.0
107461,2,40,23.89,2,0.05
107461,3,80,24.4,2,0.0
107461,4,53,25.63,4,0.15
107461,5,17,15.14,3,0.0
107462,1,72,8.62,5,0.0
107462,2,98,13.1,8,0.0
107463,1,107,40.91,5,0.0
107464,1,79,20.61,6,0.0
107464,2,48,39.6,4,0.05
107464,3,67,32.13,1,0.0
107465,1,16,6.06,1,0.0
107465,2,68,27.78,2,0.1
107465,3,83,30.71,2,0.0
107466,1,118,20.13,4,0.0
107466,2,82,6.31,3,0.0
107467,1,108,39.61,3,0.03
107467,2,26,16.41,6,0.03
107467,3,40,25.69,5,0.0
107468,1,117,9.51,6,0.03
107468,2,110,26.64,1,0.0
107468,3,87,29.99,4,0.0
107468,4,67,26.81,4,0.15
107468,5,106,20.4,7,0.0
107468,6,24,50.12,7,0.03
107468,7,65,13.55,2,0.05
107469,1,44,16.24,2,0.0
107469,2,30,4.43,9,0.0
107470,1,116,42.85,5,0.0
107470,2,80,25.31,2,0.0
107471,1,87,24.09,1,0.0
107471,2,70,11.87,2,0.2
107471,3,116,40.84,3,0.03
107471,4,98,11.72,5,0.05
107472,1,67,34.31,2,0.0
107472,2,91,21.77,2,0.0
107472,3,43,31.45,7,0.05
107472,4,40,25.36,6,0.2
107472,5,58,8.34,3,0.0
107472,6,84,15.63,4,0.03
107473,1,99,22.84,8,0.03
107473,2,45,9.99,1,0.05
107473,3,89,19.29,4,0.03
107473,4,40,24.4,4,0.05
107474,1,105,5.03,11,0.0
107474,2,114,29.23,2,0.05
107474,3,54,22.28,6,0.0
107474,4,112,71.87,3,0.1
107475,1,10,41.44,1,0.0
107475,2,104,26.56,6,0.0
107476,1,40,22.97,3,0.05
107476,2,104,24.78,11,0.1
107477,1,97,14.44,3,0.0
107477,2,21,29.25,1,0.0
107477,3,110,25.19,1,0.05
107477,4,98,12.62,5,0.0
107477,5,49,24.55,3,0.0
107477,6,71,6.52,8,0.1
107478,1,90,55.6,8,0.0
107478,2,39,127.47,10,0.0
107478,3,50,11.79,12,0.03
107478,4,72,8.49,2,0.2
107479,1,72,9.11,4,0.15
107480,1,116,37.01,6,0.0
107480,2,93,24.61,7,0.0
107481,1,106,22.29,9,0.1
107481,2,94,33.55,3,0.0
107481,3,47,20.56,2,0.05
107482,1,6,10.5,7,0.0
107483,1,60,10.6,2,0.0
107483,2,81,25.21,4,0.0
107484,1,86,26.96,4,0.1
107484,2,62,38.32,4,0.0
107485,1,83,32.02,8,0.0
107485,2,12,86.35,2,0.2
107485,3,32,18.12,3,0.2
107485,4,71,8.01,2,0.1
107486,1,85,27.59,5,0.0
107486,2,97,15.57,13,0.03
107486,3,24,51.36,3,0.05
107487,1,73,20.25,5,0.0
107487,2,76,24.59,5,0.0
107488,1,83,30.03,1,0.1
107488,2,23,22.28,1,0.05
107489,1,15,11.97,11,0.05
107489,2,64,24.26,3,0.0
107489,3,53,22.64,6,0.0
107490,1,10,49.68,5,0.0
107490,2,21,29.43,2,0.0
107491,1,44,15.53,3,0.0
107491,2,22,15.04,3,0.0
107491,3,72,8.88,2,0.0
107491,4,67,33.82,3,0.03
107492,1,116,37.56,2,0.0
107492,2,53,23.87,4,0.0
107492,3,13,35.54,5,0.1
107492,4,82,6.27,5,0.0
107493,1,85,26.78,7,0.0
107493,2,110,21.59,3,0.0
107493,3,45,11.41,2,0.0
107493,4,23,21.8,3,0.0
107494,1,110,25.58,11,0.0
107494,2,85,29.87,2,0.0
107494,3,22,15.42,14,0.0
107494,4,117,9.16,4,0.0
107495,1,98,13.4,1,0.1
107495,2,86,29.46,1,0.0
107495,3,116,37.02,2,0.0
107495,4,93,22.84,3,0.0
107495,5,45,10.73,1,0.05
107495,6,51,44.88,6,0.05
107496,1,108,35.91,4,0.03
107496,2,65,13.93,5,0.1
107497,1,72,7.77,3,0.0
107497,2,76,25.17,4,0.0
107497,3,6,9.26,1,0.0
107498,1,14,24.26,4,0.03
107498,2,97,14.05,12,0.0
107498,3,2,26.44,1,0.0
107498,4,45,12.72,2,0.0
107498,5,81,21.16,1,0.15
107498,6,10,49.38,1,0.0
107499,1,67,31.16,2,0.0
107499,2,105,6.28,3,0.05
107499,3,83,30.67,4,0.0
107499,4,39,141.22,4,0.15
107500,1,98,12.36,8,0.0
107500,2,110,29.06,5,0.05
107500,3,78,9.0,1,0.1
107501,1,89,18.9,12,0.1
107501,2,97,13.68,4,0.1
107501,3,44,12.88,5,0.0
107501,4,94,27.76,6,0.0
107501,5,83,30.46,3,0.05
107502,1,45,11.23,6,0.1
107502,2,70,10.87,4,0.05
107502,3,71,8.19,3,0.0
107502,4,32,14.91,5,0.1
107503,1,98,13.15,8,0.2
107503,2,45,10.72,9,0.0
107503,3,110,22.94,4,0.1
107504,1,59,22.9,2,0.0
107504,2,51,45.8,3,0.15
107505,1,66,8.0,5,0.1
107505,2,70,12.13,3,0.0
107505,3,8,5.32,10,0.0
107505,4,45,10.79,1,0.05
107505,5,110,23.1,8,0.0
107506,1,49,22.41,9,0.0
107506,2,60,11.11,6,0.0
107506,3,97,15.41,5,0.0
107506,4,32,18.9,2,0.1
107506,5,98,11.55,2,0.0
107507,1,89,19.89,2,0.0
107507,2,84,13.97,8,0.0
107507,3,28,6.52,9,0.0
107508,1,47,22.72,7,0.0
107508,2,71,6.18,6,0.2
107508,3,42,23.85,1,0.1
107508,4,91,19.17,5,0.0
107508,5,108,41.06,5,0.0
107508,6,26,16.67,6,0.05
107508,7,78,9.33,4,0.0
107508,8,19,23.47,8,0.0
107509,1,40,24.53,7,0.05
107509,2,67,29.46,3,0.05
107510,1,71,8.47,3,0.0
107510,2,8,5.03,1,0.05
107511,1,113,10.71,7,0.03
107511,2,9,23.2,5,0.0
107511,3,27,8.76,3,0.0
107511,4,60,12.29,8,0.05
107511,5,70,12.33,5,0.0
107511,6,45,9.16,12,0.1
107512,1,82,6.35,5,0.0
107512,2,45,12.32,3,0.0
107512,3,97,13.72,4,0.1
107512,4,24,45.28,2,0.1
107513,1,34,25.35,4,0.05
107513,2,11,34.27,3,0.0
107513,3,45,10.52,2,0.1
107513,4,97,16.25,1,0.0
107513,5,101,21.73,1,0.15
107513,6,71,7.41,6,0.1
107514,1,24,53.95,6,0.05
107514,2,70,11.91,3,0.0
107514,3,72,8.4,8,0.0
107515,1,99,22.77,1,0.05
107515,2,71,6.76,8,0.0
107515,3,44,17.2,3,0.0
107515,4,110,26.36,6,0.03
107515,5,60,11.02,7,0.15
107515,6,67,33.45,12,0.2
107516,1,4,6.46,2,0.03
107516,2,50,10.63,2,0.15
107517,1,59,18.99,2,0.05
107517,2,80,25.14,4,0.05
107517,3,103,26.14,2,0.05
107518,1,47,25.45,3,0.0
107519,1,80,24.39,2,0.0
107519,2,51,40.42,1,0.0
107519,3,79,19.64,14,0.1
107519,4,53,24.08,4,0.0
107519,5,54,25.36,3,0.0
107520,1,17,15.27,1,0.0
107520,2,1,25.27,2,0.1
107520,3,45,12.28,7,0.0
107520,4,81,23.4,3,0.0
107521,1,97,15.13,3,0.03
107522,1,53,26.04,8,0.15
107522,2,71,7.58,8,0.0
107522,3,97,15.67,7,0.03
107522,4,70,11.55,3,0.05
107523,1,24,45.79,6,0.15
107523,2,81,22.42,6,0.0
107523,3,97,15.8,1,0.0
107523,4,91,19.43,1,0.0
107523,5,45,10.21,1,0.03
107523,6,75,20.26,8,0.0
107524,1,45,12.83,4,0.15
107525,1,72,8.95,1,0.0
107525,2,44,17.7,2,0.0
107525,3,109,3.35,9,0.1
107526,1,80,24.88,2,0.05
107526,2,45,12.55,3,0.0
107526,3,97,13.27,4,0.1
107526,4,110,26.41,2,0.0
107526,5,78,8.24,4,0.05
107527,1,43,38.1,6,0.0
107527,2,71,7.27,6,0.0
107527,3,82,7.16,3,0.05
107528,1,34,24.75,4,0.0
107528,2,117,10.09,2,0.0
107528,3,40,23.86,3,0.1
107528,4,64,23.91,2,0.0
107528,5,110,27.07,2,0.1
107528,6,72,6.79,2,0.1
107528,7,83,31.42,2,0.0
107529,1,8,4.85,10,0.05
107529,2,76,23.0,2,0.0
107530,1,45,10.2,5,0.0
107530,2,113,8.35,4,0.0
107531,1,45,11.77,4,0.03
107531,2,76,23.82,2,0.0
107531,3,98,12.28,5,0.0
107532,1,45,10.45,4,0.0
107532,2,63,39.55,1,0.0
107532,3,109,4.05,1,0.1
107532,4,53,23.59,2,0.1
107533,1,83,28.45,2,0.0
107533,2,15,8.35,4,0.0
107533,3,113,8.87,1,0.0
107534,1,62,33.26,7,0.0
107535,1,81,23.74,6,0.15
107535,2,58,8.2,5,0.0
107535,3,98,12.44,7,0.0
107536,1,44,16.01,4,0.0
107536,2,27,9.47,5,0.1
107537,1,113,9.79,2,0.0
107537,2,5,24.73,2,0.03
107537,3,18,17.45,5,0.05
107538,1,110,25.7,10,0.0
107538,2,94,26.83,11,0.0
107539,1,59,21.3,7,0.0
107539,2,15,10.36,4,0.1
107539,3,35,26.79,3,0.05
107540,1,34,20.31,3,0.15
107540,2,60,10.67,4,0.0
107540,3,97,17.1,11,0.1
107540,4,78,9.9,3,0.0
107540,5,89,19.57,5,0.0
107540,6,116,40.35,6,0.15
107541,1,81,26.76,8,0.1
107541,2,12,85.8,3,0.0
107541,3,89,19.5,4,0.0
107541,4,98,12.37,5,0.0
107542,1,116,38.19,2,0.1
107542,2,97,15.69,1,0.1
107543,1,52,45.71,4,0.05
107543,2,100,64.55,3,0.0
107543,3,86,32.03,3,0.0
107543,4,85,29.79,15,0.0
107544,1,114,30.43,9,0.03
107544,2,15,11.69,3,0.0
107545,1,53,23.94,2,0.0
107545,2,106,24.3,9,0.1
107545,3,116,34.14,4,0.0
107546,1,104,24.48,3,0.05
107546,2,52,47.9,3,0.0
107546,3,45,12.73,3,0.03
107546,4,86,30.64,7,0.0
107546,5,74,31.13,6,0.0
107547,1,70,13.94,3,0.0
107547,2,67,34.93,11,0.1
107547,3,79,16.4,9,0.0
107548,1,9,25.12,3,0.1
107548,2,71,8.43,5,0.03
107548,3,103,27.81,4,0.0
107548,4,67,29.04,2,0.03
107548,5,108,40.4,5,0.0
107549,1,103,30.74,7,0.0
107549,2,24,48.87,2,0.0
107549,3,47,23.34,4,0.05
107549,4,3,56.66,2,0.0
107549,5,34,28.73,4,0.0
107550,1,29,53.16,3,0.05
107550,2,15,10.27,4,0.0
107551,1,120,5.2,4,0.03
107551,2,52,47.81,3,0.03
107551,3,99,25.88,8,0.0
107551,4,89,18.59,1,0.03
107552,1,65,11.43,4,0.15
107552,2,14,22.49,6,0.0
107552,3,60,11.09,2,0.05
107553,1,113,9.71,3,0.2
107553,2,51,45.83,9,0.0
107553,3,20,31.22,3,0.03
107553,4,45,13.06,6,0.0
107554,1,110,26.76,2,0.0
107554,2,79,21.83,2,0.2
107554,3,117,7.96,10,0.0
107555,1,87,26.05,6,0.1
107555,2,117,9.92,6,0.05
107555,3,45,11.65,15,0.0
107556,1,40,26.24,6,0.1
107556,2,80,22.97,5,0.0
107556,3,51,51.76,8,0.0
107556,4,71,7.82,3,0.1
107556,5,116,38.64,3,0.0
107557,1,94,31.14,7,0.05
107557,2,57,48.07,1,0.1
107557,3,14,27.79,3,0.0
107557,4,83,35.85,3,0.2
107557,5,67,32.31,5,0.05
107557,6,97,15.52,6,0.0
107558,1,71,6.95,11,0.03
107559,1,72,7.48,10,0.0
107559,2,45,14.26,4,0.0
107559,3,65,10.24,8,0.0
107560,1,96,76.35,3,0.05
107561,1,105,5.18,2,0.03
107561,2,70,12.66,6,0.05
107561,3,83,36.82,4,0.0
107561,4,31,4.82,5,0.1
107562,1,116,37.59,3,0.1
107562,2,91,19.67,4,0.0
107562,3,71,6.63,2,0.15
107562,4,81,23.15,1,0.0
107562,5,106,19.75,5,0.05
107563,1,76,25.85,4,0.1
107563,2,60,10.13,3,0.0
107563,3,71,7.92,8,0.05
107564,1,29,53.58,11,0.0
107564,2,32,18.33,2,0.05
107564,3,4,7.25,3,0.0
107565,1,116,34.77,6,0.0
107565,2,39,101.44,6,0.2
107566,1,97,14.3,6,0.2
107566,2,8,5.52,7,0.1
107566,3,91,20.56,5,0.0
107567,1,71,7.52,3,0.03
107567,2,8,5.6,4,0.1
107567,3,72,8.36,6,0.03
107567,4,97,14.59,10,0.1
107567,5,109,3.57,7,0.0
107568,1,44,13.51,6,0.0
107568,2,45,13.22,2,0.0
107569,1,76,20.88,3,0.1
107569,2,26,14.51,3,0.05
107569,3,49,30.36,3,0.03
107569,4,60,11.04,5,0.03
107569,5,101,28.47,6,0.05
107569,6,24,42.43,2,0.03
107570,1,93,22.99,5,0.05
107570,2,110,22.22,1,0.05
107570,3,103,31.04,1,0.0
107570,4,69,4.01,2,0.05
107570,5,79,17.64,5,0.0
107571,1,83,32.26,7,0.0
107571,2,87,26.96,5,0.0
107571,3,30,4.46,4,0.05
107572,1,83,29.98,4,0.0
107572,2,45,11.09,4,0.0
107572,3,58,7.13,11,0.0
107573,1,80,22.2,7,0.15
107573,2,105,4.54,2,0.0
107573,3,1,23.91,4,0.0
107573,4,33,12.69,4,0.03
107573,5,45,11.63,7,0.05
107573,6,16,4.43,6,0.0
107574,1,41,45.35,7,0.05
107574,2,53,21.99,8,0.2
107574,3,72,8.0,5,0.0
107574,4,51,45.41,2,0.05
107574,5,91,23.67,8,0.1
107575,1,36,33.03,6,0.0
107575,2,114,25.97,2,0.0
107575,3,11,35.38,2,0.03
107576,1,70,11.89,3,0.1
107576,2,79,19.92,3,0.0
107577,1,27,9.13,3,0.0
107577,2,72,9.12,5,0.0
107578,1,34,28.06,3,0.0
107578,2,113,9.84,3,0.1
107579,1,81,27.71,8,0.0
107579,2,12,77.27,4,0.0
107579,3,94,28.74,6,0.0
107580,1,32,17.98,7,0.05
107580,2,83,31.12,6,0.0
107580,3,106,20.48,7,0.05
107581,1,106,20.64,2,0.0
107581,2,27,9.06,3,0.0
107581,3,104,25.15,5,0.0
107581,4,84,14.9,3,0.0
107581,5,45,13.26,9,0.05
107582,1,107,37.38,3,0.0
107582,2,79,19.4,4,0.0
107583,1,44,14.79,6,0.0
107583,2,83,34.23,3,0.05
107583,3,106,22.02,6,0.0
107584,1,62,38.55,4,0.1
107584,2,9,24.65,5,0.1
107585,1,44,15.98,5,0.0
107585,2,71,7.75,3,0.0
107585,3,45,13.15,6,0.0
107585,4,8,4.64,10,0.1
107586,1,10,54.85,3,0.0
107586,2,80,25.55,3,0.05
107586,3,82,6.66,2,0.0
107587,1,6,10.07,8,0.0
107587,2,99,21.41,7,0.03
107588,1,33,11.68,6,0.0
107588,2,26,15.6,1,0.0
107588,3,58,8.43,7,0.05
107589,1,10,46.31,5,0.1
107590,1,70,11.27,5,0.03
107590,2,72,9.08,3,0.0
107590,3,104,28.21,8,0.0
107590,4,71,6.64,4,0.0
107590,5,45,12.65,6,0.0
107590,6,69,4.21,5,0.0
107591,1,54,20.98,2,0.05
107591,2,27,9.66,6,0.0
107591,3,66,8.16,4,0.0
107591,4,55,19.74,6,0.0
107591,5,107,39.95,1,0.0
107592,1,104,23.66,8,0.05
107592,2,99,24.5,11,0.05
107592,3,118,20.13,1,0.0
107593,1,98,12.24,3,0.0
107593,2,75,18.59,5,0.05
107593,3,24,48.13,3,0.0
107593,4,47,21.85,6,0.03
107594,1,116,37.3,5,0.0
107594,2,83,26.08,2,0.0
107594,3,53,23.71,6,0.0
107595,1,110,27.98,2,0.0
107595,2,12,72.81,5,0.0
107595,3,72,8.67,1,0.0
107596,1,81,24.79,4,0.0
107596,2,45,11.76,3,0.0
107596,3,93,26.64,6,0.0
107597,1,110,24.65,3,0.0
107597,2,23,23.55,3,0.0
107597,3,58,7.73,2,0.0
107597,4,76,27.91,2,0.0
107597,5,108,39.29,5,0.1
107598,1,44,16.89,3,0.0
107598,2,65,13.58,2,0.0
107598,3,108,37.69,4,0.0
107599,1,28,6.47,6,0.1
107599,2,45,13.85,2,0.05
107599,3,53,23.33,3,0.1
107599,4,16,5.44,11,0.0
107600,1,81,27.03,10,0.1
107600,2,32,20.81,6,0.0
107600,3,67,36.91,6,0.0
107601,1,107,40.0,5,0.0
107602,1,71,7.55,4,0.1
107602,2,95,19.06,1,0.1
107602,3,114,28.74,6,0.0
107602,4,106,22.3,4,0.05
107603,1,112,72.48,3,0.0
107603,2,71,6.49,3,0.0
107603,3,110,24.1,3,0.0
107603,4,76,24.34,1,0.03
107604,1,97,15.57,2,0.05
107604,2,34,25.68,2,0.0
107604,3,94,34.89,3,0.0
107604,4,110,25.34,6,0.05
107604,5,104,23.94,1,0.0
107605,1,116,40.04,2,0.0
107605,2,97,16.32,2,0.0
107605,3,45,12.37,3,0.1
107605,4,65,11.09,2,0.0
107606,1,17,15.44,3,0.0
107606,2,14,24.5,4,0.15
107606,3,72,8.57,1,0.0
107606,4,84,15.91,3,0.05
107607,1,6,9.81,6,0.0
107607,2,64,22.95,5,0.0
107607,3,61,19.9,8,0.0
107608,1,81,21.05,4,0.0
107608,2,8,4.67,3,0.03
107608,3,44,16.85,2,0.03
107609,1,60,13.03,7,0.0
107609,2,97,16.94,2,0.0
107609,3,11,36.1,1,0.05
107610,1,101,22.41,2,0.03
107610,2,65,10.98,4,0.05
107610,3,79,20.32,6,0.0
107611,1,116,35.08,5,0.0
107611,2,54,27.24,2,0.0
107612,1,36,31.54,7,0.0
107612,2,41,54.21,1,0.15
107612,3,26,16.69,10,0.1
107613,1,66,8.01,1,0.05
107613,2,81,27.21,3,0.0
107613,3,45,12.17,2,0.05
107614,1,10,50.24,6,0.0
107614,2,36,30.03,2,0.0
107615,1,37,16.93,7,0.0
107615,2,15,11.34,6,0.15
107615,3,99,28.19,9,0.03
107616,1,32,17.36,2,0.0
107616,2,24,48.27,3,0.1
107616,3,53,21.09,4,0.0
107616,4,40,25.41,5,0.2
107617,1,79,18.44,4,0.0
107617,2,89,17.76,3,0.03
107617,3,11,32.78,1,0.0
107617,4,103,27.04,10,0.0
107617,5,33,10.63,3,0.0
107618,1,52,47.48,1,0.15
107618,2,89,15.46,2,0.15
107618,3,21,27.53,4,0.0
107618,4,79,20.22,1,0.0
107618,5,26,15.59,9,0.1
107618,6,27,10.44,2,0.15
107619,1,45,11.39,3,0.0
107619,2,100,62.82,1,0.0
107619,3,97,14.6,2,0.0
107620,1,84,14.5,4,0.0
107620,2,51,38.76,3,0.05
107620,3,82,6.91,2,0.0
107620,4,81,24.06,1,0.0
107620,5,27,9.12,2,0.03
107621,1,31,4.95,5,0.0
107621,2,95,18.17,4,0.0
107622,1,58,7.33,8,0.1
107622,2,32,16.58,11,0.0
107622,3,83,30.93,6,0.0
107622,4,64,24.48,6,0.1
107623,1,60,12.19,6,0.1
107623,2,37,17.64,3,0.1
107623,3,89,18.0,3,0.0
107623,4,75,19.56,3,0.1
107624,1,117,9.8,3,0.0
107624,2,71,7.99,4,0.0
107624,3,85,27.67,1,0.0
107624,4,41,55.98,1,0.0
107625,1,27,9.75,2,0.1
107625,2,97,12.92,2,0.0
107625,3,83,29.14,2,0.0
107626,1,40,25.05,13,0.0
107626,2,67,26.63,3,0.0
107626,3,97,12.95,1,0.0
107626,4,89,18.73,4,0.0
107627,1,88,30.59,1,0.0
107627,2,1,27.98,2,0.0
107627,3,32,18.88,4,0.0
107628,1,51,42.79,2,0.05
107628,2,47,24.18,7,0.0
107629,1,51,48.46,4,0.0
107629,2,64,22.46,7,0.0
107629,3,110,26.94,4,0.0
107630,1,97,17.32,3,0.03
107630,2,15,9.62,2,0.0
107630,3,110,27.36,2,0.15
107631,1,97,15.58,4,0.05
107631,2,24,42.79,5,0.1
107631,3,38,28.94,9,0.0
107632,1,30,4.89,2,0.05
107632,2,14,24.52,8,0.0
107632,3,105,5.26,5,0.0
107632,4,71,6.0,6,0.0
107633,1,61,17.93,6,0.03
107633,2,91,16.79,6,0.1
107633,3,82,6.96,9,0.0
107633,4,112,73.06,4,0.03
107633,5,87,25.97,6,0.0
107634,1,112,85.66,1,0.0
107634,2,97,14.76,5,0.1
107634,3,45,12.54,3,0.0
107634,4,15,11.62,6,0.0
107635,1,81,26.13,11,0.0
107635,2,97,14.98,4,0.0
107635,3,29,52.61,5,0.1
107636,1,110,27.54,4,0.0
107636,2,62,34.73,3,0.0
107637,1,67,37.83,3,0.15
107638,1,105,6.24,5,0.05
107638,2,12,76.02,6,0.0
107639,1,76,20.84,2,0.0
107640,1,70,12.39,5,0.0
107640,2,101,23.88,21,0.05
107640,3,44,15.74,7,0.15
107640,4,72,7.27,10,0.0
107641,1,95,19.99,11,0.1
107641,2,76,23.33,3,0.0
107642,1,39,119.33,6,0.0
107642,2,98,13.75,1,0.0
107643,1,45,11.05,2,0.0
107643,2,43,40.41,6,0.0
107643,3,85,29.61,7,0.05
107644,1,104,30.26,2,0.0
107644,2,109,3.48,1,0.0
107644,3,78,10.81,1,0.05
107644,4,45,11.39,6,0.0
107644,5,101,23.45,6,0.03
107644,6,70,11.51,1,0.03
107645,1,81,25.4,3,0.0
107645,2,97,14.38,4,0.0
107645,3,116,40.1,1,0.0
107646,1,43,31.37,1,0.0
107646,2,22,16.31,1,0.1
107646,3,101,25.05,5,0.0
107646,4,15,11.21,6,0.03
107647,1,33,11.66,4,0.0
107647,2,23,22.7,1,0.1
107648,1,116,39.16,1,0.05
107648,2,101,27.56,4,0.05
107649,1,116,47.55,1,0.0
107649,2,106,21.18,1,0.1
107649,3,76,23.22,2,0.05
107649,4,55,17.1,6,0.0
107649,5,19,30.05,1,0.03
107650,1,27,10.29,4,0.15
107650,2,8,4.92,7,0.0
107650,3,84,15.9,9,0.05
107650,4,55,16.63,2,0.0
107650,5,51,41.2,6,0.1
107651,1,89,16.35,2,0.0
107651,2,37,18.19,6,0.0
107651,3,71,6.8,6,0.0
107652,1,60,13.45,3,0.0
107652,2,45,12.55,2,0.0
107652,3,26,16.54,6,0.0
107653,1,101,21.17,7,0.05
107653,2,22,15.19,2,0.05
107653,3,45,11.83,2,0.0
107654,1,101,21.17,5,0.0
107655,1,97,15.83,1,0.0
107656,1,15,10.87,1,0.0
107656,2,56,30.32,3,0.0
107656,3,22,14.31,2,0.05
107656,4,44,16.15,8,0.0
107657,1,81,24.85,7,0.03
107657,2,19,21.85,6,0.0
107657,3,108,37.86,2,0.0
107658,1,79,20.35,5,0.0
107658,2,37,17.38,3,0.0
107658,3,14,22.78,4,0.0
107658,4,72,9.29,4,0.1
107659,1,71,7.04,1,0.05
107660,1,117,10.18,3,0.0
107660,2,94,30.25,4,0.2
107660,3,54,23.1,5,0.0
107661,1,45,11.57,5,0.1
107661,2,34,20.0,1,0.1
107661,3,105,4.94,3,0.0
107662,1,87,28.35,4,0.0
107663,1,77,31.36,4,0.1
107663,2,45,11.16,1,0.03
107664,1,27,9.9,3,0.0
107664,2,80,21.95,3,0.0
107664,3,45,12.42,1,0.0
107664,4,4,7.42,1,0.0
107665,1,24,51.43,6,0.0
107665,2,26,15.02,3,0.1
107665,3,31,5.07,5,0.0
107666,1,8,4.94,10,0.1
107666,2,79,21.63,2,0.0
107666,3,65,13.33,3,0.0
107667,1,67,30.76,4,0.15
107667,2,44,16.62,8,0.05
107667,3,108,42.24,8,0.05
107667,4,82,5.74,4,0.0
107668,1,106,21.82,6,0.05
107668,2,67,31.47,5,0.0
107669,1,82,6.33,3,0.0
107669,2,59,19.14,2,0.05
107670,1,116,39.95,5,0.0
107670,2,37,19.69,4,0.1
107670,3,14,29.26,1,0.15
107670,4,120,5.01,6,0.0
107671,1,88,33.8,7,0.03
107671,2,40,23.46,7,0.0
107672,1,71,7.7,3,0.0
107672,2,45,11.21,1,0.0
107673,1,81,28.0,7,0.0
107673,2,110,29.32,3,0.0
107673,3,51,46.51,7,0.0
107673,4,5,28.73,8,0.15
107674,1,71,6.54,3,0.0
107674,2,24,51.96,3,0.0
107674,3,83,32.87,5,0.0
107675,1,44,14.57,2,0.05
107675,2,10,57.5,1,0.0
107675,3,83,27.97,5,0.03
107676,1,14,24.15,5,0.05
107676,2,82,7.06,3,0.0
107676,3,52,52.99,2,0.0
107676,4,44,13.97,2,0.0
107677,1,15,11.51,2,0.0
107677,2,71,7.3,2,0.1
107677,3,96,75.6,2,0.03
107678,1,65,13.86,6,0.05
107678,2,103,25.56,4,0.0
107678,3,67,32.69,6,0.0
107678,4,24,46.31,6,0.0
107679,1,113,9.57,4,0.05
107679,2,63,39.05,3,0.05
107679,3,83,33.16,8,0.0
107679,4,58,8.18,4,0.0
107680,1,116,38.82,4,0.03
107681,1,45,11.78,1,0.0
107681,2,76,22.86,1,0.05
107681,3,9,21.37,6,0.0
107682,1,80,24.59,8,0.1
107682,2,94,32.19,6,0.0
107682,3,91,19.26,3,0.03
107682,4,45,11.34,7,0.15
107682,5,67,32.21,3,0.05
107683,1,80,23.3,5,0.0
107683,2,110,28.13,2,0.0
107683,3,26,14.72,6,0.0
107684,1,72,8.19,2,0.0
107684,2,52,48.17,11,0.0
107684,3,44,14.96,4,0.1
107684,4,34,26.45,4,0.03
107684,5,101,25.28,3,0.0
107684,6,14,24.53,8,0.0
107685,1,27,9.29,6,0.0
107685,2,12,90.39,5,0.0
107686,1,79,19.3,2,0.0
107687,1,76,25.62,6,0.15
107687,2,98,11.84,1,0.0
107687,3,45,11.55,1,0.0
107688,1,82,6.76,4,0.0
107688,2,110,23.25,2,0.0
107688,3,34,25.56,2,0.03
107688,4,117,9.05,9,0.1
107688,5,108,37.13,3,0.05
107689,1,72,7.17,2,0.1
107689,2,36,31.31,6,0.15
107690,1,110,26.07,5,0.0
107690,2,67,32.97,4,0.05
107690,3,82,6.3,3,0.05
107690,4,99,27.55,2,0.0
107690,5,78,9.45,2,0.0
107691,1,53,23.65,4,0.0
107691,2,3,59.62,4,0.1
107691,3,61,21.88,4,0.0
107692,1,99,27.54,4,0.0
107692,2,97,14.53,8,0.03
107692,3,32,17.33,1,0.0
107692,4,24,50.43,5,0.0
107693,1,72,9.03,1,0.0
107693,2,8,5.2,4,0.0
107693,3,117,8.59,4,0.0
107694,1,86,29.45,2,0.15
107694,2,110,24.71,5,0.05
107694,3,81,25.14,3,0.0
107694,4,44,16.96,9,0.0
107694,5,64,26.98,12,0.0
107695,1,50,11.0,5,0.0
107695,2,66,8.74,1,0.1
107695,3,57,49.9,3,0.05
107696,1,65,11.69,3,0.0
107696,2,83,29.47,2,0.0
107696,3,11,35.43,4,0.03
107696,4,59,20.82,6,0.0
107696,5,44,15.61,7,0.15
107696,6,50,11.01,6,0.0
107697,1,71,7.22,3,0.03
107697,2,97,14.65,3,0.0
107697,3,55,20.56,1,0.0
107697,4,76,24.47,11,0.0
107697,5,65,12.99,7,0.05
107698,1,27,10.92,3,0.1
107698,2,1,31.41,7,0.0
107698,3,24,41.9,7,0.05
107698,4,32,19.22,5,0.0
107699,1,4,7.45,1,0.0
107699,2,88,37.54,6,0.0
107699,3,116,38.03,4,0.1
107699,4,72,8.58,2,0.1
107699,5,33,12.11,8,0.0
107700,1,98,13.13,3,0.1
107700,2,96,74.43,6,0.2
107700,3,71,6.65,8,0.0
107700,4,107,43.75,4,0.0
107700,5,29,54.66,4,0.0
107700,6,81,23.34,11,0.0
107701,1,71,6.9,2,0.03
107701,2,83,30.54,8,0.03
107701,3,34,27.04,6,0.0
107701,4,76,23.29,1,0.0
107701,5,40,25.94,5,0.0
107702,1,13,35.72,9,0.03
107702,2,99,25.92,4,0.05
107702,3,94,30.91,4,0.0
107702,4,27,9.75,1,0.0
107703,1,37,18.49,8,0.0
107703,2,45,12.13,1,0.03
107703,3,83,28.99,6,0.03
107703,4,101,24.07,2,0.03
107704,1,81,24.45,9,0.1
107704,2,45,12.22,9,0.1
107704,3,105,5.42,1,0.15
107704,4,112,69.78,3,0.0
107705,1,79,19.72,2,0.0
107705,2,34,25.62,4,0.0
107705,3,116,40.05,6,0.0
107705,4,101,23.75,3,0.1
107705,5,103,27.14,4,0.1
107706,1,95,18.59,3,0.0
107706,2,45,12.52,7,0.03
107707,1,24,57.14,1,0.0
107708,1,34,28.38,2,0.0
107708,2,92,28.37,3,0.0
107708,3,110,22.17,4,0.0
107708,4,89,17.09,9,0.0
107709,1,76,25.13,5,0.0
107709,2,99,27.17,2,0.0
107709,3,34,25.02,3,0.05
107709,4,110,27.94,4,0.0
107709,5,85,30.03,9,0.15
107709,6,52,41.5,4,0.05
107709,7,32,16.65,6,0.0
107709,8,109,3.29,4,0.0
107710,1,12,86.48,12,0.0
107710,2,91,21.2,3,0.0
107710,3,37,16.35,2,0.1
107710,4,70,10.71,2,0.0
107711,1,8,5.03,2,0.1
107712,1,81,26.55,3,0.03
107712,2,45,11.59,5,0.05
107712,3,75,17.85,2,0.03
107712,4,24,52.16,2,0.0
107712,5,74,30.15,3,0.0
107712,6,9,25.85,1,0.0
107713,1,101,22.32,1,0.0
107713,2,72,9.17,2,0.1
107713,3,100,59.27,1,0.0
107713,4,34,25.46,5,0.0
107714,1,82,6.27,10,0.0
107714,2,65,12.33,14,0.05
107714,3,94,32.11,4,0.0
107714,4,9,25.14,3,0.0
107715,1,80,22.03,8,0.0
107715,2,26,16.47,6,0.0
107715,3,97,13.7,2,0.0
107715,4,51,42.94,3,0.0
107716,1,97,14.95,4,0.05
107716,2,46,16.74,3,0.1
107717,1,10,51.89,3,0.05
107717,2,67,32.13,5,0.0
107717,3,53,19.57,3,0.0
107717,4,25,12.73,7,0.0
107717,5,112,76.12,5,0.1
107717,6,83,41.03,3,0.1
107717,7,23,25.79,14,0.0
107717,8,45,13.06,3,0.05
107718,1,14,23.28,2,0.2
107718,2,120,4.55,3,0.1
107718,3,113,9.46,1,0.0
107718,4,119,10.46,4,0.0
107718,5,81,25.13,7,0.0
107718,6,16,5.68,5,0.0
107719,1,98,13.97,5,0.0
107719,2,83,30.78,4,0.0
107720,1,71,7.49,2,0.05
107720,2,116,38.36,2,0.15
107721,1,93,23.98,4,0.0
107721,2,9,24.53,10,0.0
107721,3,103,28.26,3,0.1
107721,4,44,13.59,3,0.0
107721,5,56,29.06,3,0.0
107721,6,33,10.56,3,0.1
107722,1,97,14.44,8,0.0
107722,2,51,48.93,6,0.05
107723,1,27,8.31,12,0.0
107723,2,15,11.85,3,0.0
107724,1,32,17.13,3,0.03
107724,2,80,26.17,5,0.03
107724,3,36,36.09,9,0.05
107725,1,112,72.63,4,0.0
107725,2,116,34.33,3,0.0
107725,3,45,13.68,2,0.1
107726,1,2,29.57,2,0.0
107726,2,1,26.65,4,0.0
107726,3,51,39.97,9,0.0
107726,4,34,23.37,5,0.1
107726,5,88,35.31,3,0.03
107727,1,120,4.66,2,0.15
107727,2,102,21.57,3,0.0
107727,3,116,39.52,6,0.15
107728,1,60,11.45,2,0.0
107728,2,36,33.49,7,0.0
107728,3,81,22.37,2,0.0
107729,1,81,24.59,3,0.05
107729,2,53,25.17,3,0.15
107729,3,71,7.91,4,0.1
107729,4,60,11.87,8,0.15
107730,1,49,27.52,11,0.0
107731,1,66,7.76,2,0.03
107731,2,80,22.89,3,0.0
107731,3,53,25.29,7,0.0
107732,1,58,7.61,7,0.15
107732,2,79,16.31,5,0.05
107733,1,65,11.36,3,0.0
107733,2,82,6.87,1,0.05
107733,3,71,7.62,2,0.05
107734,1,114,23.66,1,0.0
107734,2,72,10.16,8,0.05
107734,3,3,60.2,9,0.0
107735,1,106,19.66,6,0.0
107735,2,51,46.46,1,0.0
107736,1,80,24.3,3,0.0
107736,2,44,15.21,9,0.0
107737,1,17,15.06,4,0.0
107738,1,82,7.16,3,0.0
107738,2,106,23.55,5,0.1
107738,3,25,12.54,1,0.0
107738,4,90,48.97,2,0.0
107739,1,106,24.73,10,0.0
107739,2,78,10.07,6,0.0
107739,3,104,25.76,8,0.0
107739,4,37,15.56,3,0.0
107739,5,83,34.65,1,0.0
107739,6,70,13.68,5,0.0
107739,7,71,7.68,3,0.0
107739,8,58,7.93,5,0.0
107740,1,12,81.86,7,0.0
107740,2,45,11.73,9,0.0
107740,3,104,26.09,4,0.0
107741,1,71,7.53,1,0.0
107742,1,81,24.06,2,0.1
107742,2,52,51.27,1,0.0
107742,3,15,11.26,3,0.0
107742,4,112,86.27,3,0.0
107742,5,33,10.68,6,0.03
107743,1,50,10.42,11,0.05
107743,2,99,27.05,2,0.0
107743,3,60,12.01,7,0.0
107743,4,76,21.11,3,0.0
107743,5,82,6.45,3,0.05
107743,6,113,10.8,1,0.0
107743,7,21,28.92,2,0.1
107743,8,24,57.7,3,0.1
107744,1,45,11.58,6,0.0
107744,2,21,28.84,5,0.0
107744,3,8,3.81,5,0.0
107745,1,104,22.89,4,0.0
107745,2,66,7.65,9,0.0
107745,3,116,37.81,2,0.0
107745,4,44,13.89,13,0.0
107745,5,74,27.18,5,0.1
107746,1,45,13.12,2,0.05
107746,2,21,24.4,1,0.0
107746,3,67,29.63,3,0.0
107746,4,72,8.82,5,0.05
107746,5,69,3.71,3,0.0
107747,1,40,21.94,6,0.05
107747,2,113,9.81,6,0.03
107747,3,45,11.95,8,0.03
107747,4,114,29.46,4,0.0
107747,5,67,30.47,10,0.0
107747,6,83,36.75,1,0.0
107747,7,72,7.35,1,0.0
107748,1,71,7.23,6,0.15
107748,2,12,65.99,2,0.0
107748,3,81,24.48,5,0.15
107749,1,78,9.58,6,0.0
107749,2,80,19.51,1,0.15
107749,3,30,4.46,2,0.1
107750,1,37,16.7,2,0.03
107750,2,27,7.44,7,0.0
107750,3,65,12.6,5,0.0
107750,4,33,12.6,2,0.0
107750,5,112,70.74,4,0.0
107751,1,54,24.06,7,0.1
107751,2,40,26.49,3,0.0
107751,3,45,12.47,9,0.0
107752,1,98,12.55,6,0.0
107752,2,117,9.55,5,0.05
107752,3,56,28.89,1,0.05
107752,4,24,45.23,3,0.15
107753,1,92,25.82,6,0.1
107753,2,32,15.71,4,0.0
107753,3,12,94.31,2,0.1
107754,1,20,30.83,4,0.0
107754,2,71,6.34,3,0.0
107754,3,102,23.85,3,0.0
107754,4,110,28.04,1,0.0
107754,5,104,28.5,3,0.0
107755,1,45,11.09,5,0.0
107755,2,81,25.53,11,0.0
107755,3,60,11.42,5,0.05
107756,1,11,34.4,2,0.0
107756,2,69,4.04,2,0.0
107756,3,34,22.69,8,0.1
107756,4,12,84.41,4,0.0
107757,1,67,32.33,5,0.03
107757,2,24,47.58,1,0.15
107757,3,53,25.95,3,0.0
107758,1,24,55.14,2,0.0
107758,2,47,19.11,4,0.1
107758,3,112,91.49,3,0.15
107759,1,97,16.85,4,0.05
107759,2,48,38.1,5,0.2
107759,3,72,8.33,2,0.0
107759,4,85,30.15,4,0.03
107760,1,34,22.84,2,0.0
107760,2,92,29.2,2,0.03
107760,3,44,15.67,2,0.0
107761,1,60,11.79,2,0.1
107761,2,65,12.53,1,0.03
107761,3,105,5.91,4,0.03
107761,4,71,8.22,1,0.0
107762,1,8,5.1,3,0.05
107762,2,1,24.3,6,0.0
107763,1,99,26.82,5,0.15
107763,2,71,7.31,2,0.05
107763,3,45,13.01,3,0.0
107763,4,72,9.33,3,0.0
107764,1,110,27.47,2,0.1
107764,2,106,18.13,3,0.0
107765,1,44,14.36,4,0.0
107765,2,45,12.55,1,0.2
107765,3,63,38.79,2,0.1
107765,4,113,8.56,6,0.03
107766,1,96,70.43,10,0.03
107767,1,32,19.21,1,0.05
107768,1,92,25.27,9,0.0
107768,2,22,14.13,8,0.15
107768,3,93,20.46,2,0.0
107768,4,114,29.27,6,0.05
107768,5,45,11.39,8,0.0
107768,6,85,26.94,3,0.0
107769,1,45,12.83,1,0.0
107769,2,94,32.12,4,0.0
107769,3,24,53.23,4,0.15
107770,1,104,25.0,1,0.0
107770,2,34,25.41,8,0.0
107770,3,27,10.73,6,0.1
107770,4,101,22.2,5,0.0
107771,1,5,23.71,2,0.0
107771,2,64,21.92,7,0.0
107771,3,97,14.9,11,0.15
107772,1,60,12.08,4,0.0
107772,2,8,4.97,3,0.15
107772,3,76,24.66,4,0.0
107772,4,45,11.22,2,0.0
107773,1,104,24.78,9,0.0
107773,2,93,27.92,13,0.05
107774,1,2,30.06,4,0.0
107774,2,65,12.28,6,0.1
107774,3,76,24.45,3,0.1
107775,1,60,12.68,6,0.0
107775,2,75,18.87,10,0.0
107775,3,99,24.76,4,0.0
107775,4,8,5.21,3,0.15
107775,5,76,27.76,6,0.1
107776,1,98,13.73,5,0.0
107776,2,116,38.03,6,0.05
107776,3,51,47.74,6,0.0
107776,4,81,25.56,4,0.03
107776,5,45,13.75,4,0.05
107777,1,87,27.69,4,0.15
107777,2,53,25.69,3,0.1
107778,1,111,84.89,8,0.1
107778,2,67,32.19,1,0.0
107778,3,104,28.28,1,0.0
107778,4,103,28.68,1,0.0
107778,5,113,9.14,2,0.0
107779,1,71,7.66,1,0.0
107779,2,28,7.19,2,0.05
107779,3,110,25.92,4,0.05
107779,4,62,32.27,1,0.0
107780,1,79,19.1,2,0.0
107780,2,16,5.37,1,0.0
107780,3,104,25.51,6,0.0
107780,4,64,26.17,4,0.0
107781,1,102,21.64,2,0.03
107781,2,55,20.58,8,0.0
107781,3,89,18.76,10,0.15
107781,4,71,7.47,4,0.0
107781,5,24,52.62,3,0.0
107782,1,81,20.94,8,0.05
107782,2,94,32.55,3,0.2
107782,3,101,26.79,2,0.0
107782,4,11,29.7,3,0.0
107783,1,10,48.48,2,0.0
107783,2,92,22.96,4,0.0
107783,3,69,4.52,2,0.1
107783,4,72,9.95,2,0.05
107784,1,83,32.61,6,0.15
107785,1,65,11.85,4,0.0
107785,2,58,8.2,2,0.0
107785,3,19,26.58,2,0.0
107785,4,34,22.71,4,0.0
107786,1,79,19.07,4,0.03
107786,2,44,13.47,2,0.05
107786,3,98,11.48,4,0.05
107786,4,80,23.13,2,0.15
107786,5,15,13.31,6,0.1
107786,6,114,26.4,2,0.1
107786,7,65,11.33,4,0.0
107787,1,112,73.73,2,0.03
107788,1,58,8.58,1,0.03
107788,2,33,9.88,5,0.0
107788,3,110,26.71,9,0.0
107788,4,71,7.07,4,0.03
107788,5,12,88.47,6,0.0
107789,1,63,39.32,3,0.15
107789,2,99,25.28,2,0.0
107789,3,116,37.47,3,0.0
107789,4,53,21.89,2,0.0
107789,5,110,25.13,12,0.1
107790,1,53,22.4,1,0.05
107790,2,65,12.54,6,0.03
107790,3,77,29.12,2,0.1
107791,1,50,11.39,2,0.05
107791,2,47,22.11,4,0.0
107791,3,94,33.5,5,0.05
107792,1,69,4.0,5,0.0
107793,1,9,25.96,7,0.0
107793,2,33,12.27,10,0.03
107793,3,81,25.8,6,0.0
107794,1,117,10.19,2,0.0
107794,2,105,5.82,9,0.0
107794,3,97,14.04,4,0.0
107794,4,10,48.45,4,0.1
107795,1,21,29.58,4,0.1
107796,1,67,29.91,8,0.05
107796,2,16,5.49,4,0.03
107796,3,51,46.72,3,0.0
107796,4,24,53.93,2,0.0
107796,5,60,11.92,5,0.05
107796,6,81,28.6,3,0.0
107797,1,40,23.41,4,0.15
107797,2,110,22.56,4,0.05
107797,3,19,31.27,2,0.0
107797,4,23,22.17,5,0.0
107797,5,52,51.27,5,0.0
107798,1,8,5.37,1,0.1
107798,2,102,26.36,9,0.0
107798,3,75,18.89,2,0.0
107799,1,87,24.56,4,0.15
107799,2,34,26.46,5,0.0
107799,3,81,26.82,3,0.05
107800,1,116,36.5,2,0.05
107800,2,65,12.48,2,0.05
107801,1,65,10.24,1,0.0
107801,2,72,11.5,6,0.0
107802,1,58,7.61,2,0.0
107802,2,24,51.39,3,0.0
107802,3,101,24.96,3,0.05
107803,1,76,19.76,1,0.0
107803,2,84,13.3,5,0.0
107803,3,97,14.56,8,0.0
107803,4,80,24.32,3,0.0
107804,1,45,10.63,2,0.0
107805,1,11,32.41,1,0.0
107805,2,97,14.96,3,0.0
107806,1,110,24.16,4,0.0
107806,2,12,92.19,4,0.0
107806,3,84,15.35,1,0.0
107807,1,50,11.68,3,0.0
107807,2,25,11.9,6,0.05
107807,3,113,9.89,4,0.0
107808,1,101,24.17,11,0.0
107808,2,88,37.51,9,0.0
107809,1,71,7.54,4,0.0
107809,2,107,37.81,2,0.1
107809,3,16,5.37,4,0.1
107810,1,116,39.26,1,0.0
107810,2,79,18.81,3,0.0
107810,3,27,10.47,4,0.0
107811,1,15,10.62,2,0.0
107811,2,112,73.43,3,0.0
107811,3,72,8.75,2,0.15
107811,4,76,21.63,5,0.0
107812,1,45,11.36,1,0.15
107812,2,51,40.49,4,0.0
107812,3,94,27.37,2,0.05
107813,1,76,24.34,5,0.05
107813,2,23,20.18,4,0.0
107814,1,71,7.84,8,0.0
107814,2,108,39.04,6,0.15
107814,3,45,13.25,3,0.1
107815,1,4,7.28,4,0.05
107816,1,67,27.88,4,0.0
107816,2,25,10.95,5,0.0
107817,1,67,33.77,4,0.0
107817,2,76,26.7,3,0.1
107818,1,83,36.46,5,0.05
107818,2,71,8.35,2,0.03
107819,1,82,6.87,3,0.0
107819,2,84,14.37,1,0.0
107819,3,71,7.79,4,0.0
107820,1,72,8.42,3,0.0
107820,2,3,59.23,5,0.0
107821,1,54,23.46,5,0.0
107821,2,60,11.81,2,0.0
107821,3,97,14.09,4,0.05
107821,4,2,29.87,6,0.0
107822,1,9,20.95,1,0.15
107822,2,63,41.38,7,0.15
107823,1,33,11.97,3,0.03
107823,2,52,51.96,8,0.0
107824,1,97,14.26,3,0.1
107824,2,32,18.88,1,0.1
107824,3,99,23.73,11,0.0
107824,4,67,28.28,2,0.1
107824,5,87,28.97,5,0.0
107824,6,44,15.64,2,0.0
107825,1,84,15.46,5,0.0
107825,2,37,17.98,1,0.03
107825,3,51,43.06,5,0.0
107826,1,72,7.04,5,0.0
107826,2,75,20.33,3,0.03
107827,1,51,37.28,3,0.05
107827,2,99,27.58,10,0.0
107827,3,105,5.54,6,0.05
107827,4,116,29.91,7,0.0
107827,5,67,32.39,4,0.03
107827,6,37,17.25,3,0.15
107827,7,14,26.63,5,0.05
107827,8,79,17.9,3,0.1
107828,1,83,34.19,5,0.0
107828,2,116,38.91,4,0.15
107828,3,45,11.96,10,0.0
107828,4,97,15.4,3,0.0
107828,5,60,13.41,2,0.0
107829,1,90,52.43,7,0.0
107829,2,65,12.24,2,0.0
107830,1,84,12.89,7,0.2
107830,2,2,26.64,2,0.1
107830,3,43,31.48,6,0.1
107830,4,10,46.07,4,0.0
107831,1,87,24.75,2,0.05
107831,2,86,30.14,4,0.03
107831,3,106,20.3,3,0.0
107831,4,108,40.61,5,0.05
107831,5,81,21.44,5,0.0
107832,1,54,26.03,1,0.0
107832,2,76,22.78,1,0.0
107832,3,11,34.29,5,0.0
107833,1,21,31.73,1,0.05
107833,2,99,23.57,4,0.1
107833,3,106,23.08,1,0.0
107834,1,60,13.39,3,0.1
107834,2,112,75.4,4,0.0
107835,1,81,23.46,1,0.15
107835,2,62,33.91,3,0.0
107835,3,100,59.03,4,0.0
107835,4,15,10.24,5,0.0
107835,5,116,35.38,2,0.15
107835,6,110,24.85,2,0.0
107836,1,79,18.53,4,0.05
107836,2,25,12.56,7,0.05
107836,3,100,60.47,1,0.0
107837,1,83,35.88,1,0.0
107837,2,60,12.22,12,0.0
107838,1,107,37.08,6,0.0
107839,1,24,52.99,3,0.1
107839,2,60,12.29,2,0.0
107839,3,88,35.49,7,0.0
107839,4,83,28.51,2,0.0
107839,5,65,13.19,7,0.0
107840,1,43,35.35,1,0.0
107840,2,22,16.49,2,0.03
107841,1,53,23.55,10,0.05
107841,2,48,39.91,3,0.0
107841,3,94,28.44,2,0.15
107841,4,39,127.55,7,0.0
107841,5,45,12.6,2,0.0
107842,1,97,13.23,2,0.0
107842,2,96,85.05,2,0.0
107842,3,67,28.08,5,0.05
107843,1,89,17.99,5,0.0
107843,2,26,14.71,3,0.05
107843,3,65,12.79,12,0.0
107843,4,24,46.35,2,0.1
107844,1,4,6.34,3,0.0
107844,2,103,27.85,1,0.0
107844,3,14,28.12,2,0.1
107845,1,65,12.08,2,0.1
107845,2,23,23.48,1,0.03
107845,3,80,22.54,5,0.0
107845,4,84,13.27,8,0.0
107845,5,70,12.09,2,0.0
107845,6,107,47.06,6,0.0
107846,1,113,8.48,6,0.0
107846,2,34,23.64,6,0.0
107846,3,94,29.55,8,0.0
107846,4,116,39.15,2,0.1
107847,1,94,30.23,4,0.15
107847,2,86,28.15,2,0.03
107847,3,83,25.34,6,0.03
107847,4,52,47.48,4,0.0
107847,5,81,26.56,2,0.05
107848,1,76,24.53,3,0.05
107848,2,72,8.96,4,0.0
107849,1,106,20.37,4,0.0
107850,1,33,13.08,2,0.0
107850,2,15,11.72,2,0.05
107850,3,104,24.33,2,0.2
107851,1,89,21.24,7,0.0
107851,2,71,8.24,8,0.0
107851,3,103,26.91,4,0.03
107851,4,53,27.65,2,0.0
107852,1,45,11.56,2,0.03
107852,2,113,9.93,4,0.0
107853,1,16,5.01,7,0.1
107853,2,65,11.29,2,0.0
107853,3,63,41.93,4,0.05
107853,4,60,10.34,4,0.0
107853,5,27,9.78,6,0.05
107854,1,94,29.46,5,0.0
107854,2,51,41.66,8,0.03
107854,3,104,28.03,2,0.0
107854,4,112,83.48,8,0.0
107855,1,37,18.75,3,0.0
107855,2,81,25.29,8,0.0
107855,3,45,13.0,4,0.0
107856,1,18,17.44,4,0.1
107856,2,43,33.14,2,0.1
107857,1,117,9.7,4,0.0
107857,2,109,3.36,2,0.0
107858,1,99,25.99,4,0.1
107858,2,60,12.72,5,0.03
107858,3,116,39.89,11,0.2
107858,4,34,24.71,8,0.1
107858,5,97,14.04,6,0.0
107859,1,110,23.43,12,0.1
107859,2,58,8.33,2,0.1
107860,1,16,5.63,2,0.0
107860,2,91,20.02,6,0.0
107860,3,84,14.49,4,0.0
107860,4,81,29.7,1,0.0
107860,5,71,7.87,4,0.1
107860,6,74,27.16,4,0.05
107861,1,47,20.81,2,0.1
107862,1,70,11.9,2,0.0
107862,2,81,24.17,1,0.1
107862,3,5,21.91,2,0.0
107863,1,94,32.53,4,0.05
107863,2,113,11.26,3,0.0
107864,1,81,24.76,3,0.1
107864,2,40,25.74,3,0.0
107865,1,44,13.6,3,0.0
107865,2,72,8.66,3,0.1
107865,3,94,34.21,3,0.0
107865,4,8,4.98,2,0.1
107865,5,82,6.66,5,0.0
107866,1,40,23.88,5,0.0
107866,2,113,9.05,5,0.0
107866,3,66,7.24,2,0.03
107866,4,28,6.7,2,0.0
107866,5,99,27.82,5,0.0
107866,6,24,55.53,3,0.05
107866,7,90,53.9,6,0.0
107867,1,79,21.93,3,0.15
107868,1,116,37.75,6,0.03
107868,2,66,8.36,3,0.0
107868,3,60,10.09,1,0.15
107869,1,67,33.28,5,0.05
107869,2,31,5.09,2,0.15
107869,3,78,9.7,9,0.0
107870,1,99,26.34,3,0.15
107870,2,101,25.22,6,0.15
107870,3,72,7.7,4,0.0
107871,1,106,19.32,7,0.0
107872,1,110,26.54,8,0.0
107872,2,72,8.11,1,0.03
107872,3,32,19.02,2,0.0
107872,4,85,30.4,2,0.2
107873,1,45,10.76,2,0.1
107873,2,24,45.16,4,0.03
107873,3,53,25.08,1,0.0
107873,4,81,25.63,3,0.0
107873,5,6,9.52,5,0.0
107874,1,113,9.14,3,0.05
107874,2,72,8.65,2,0.0
107874,3,16,4.89,3,0.0
107875,1,25,12.22,3,0.0
107875,2,94,31.02,4,0.1
107875,3,110,23.53,1,0.1
107876,1,71,6.27,10,0.0
107876,2,67,27.81,2,0.0
107876,3,72,8.99,2,0.0
107876,4,84,15.21,5,0.0
107877,1,94,31.87,2,0.0
107877,2,82,5.68,5,0.0
107877,3,108,36.83,7,0.0
107877,4,72,9.35,2,0.0
107878,1,83,33.99,2,0.0
107878,2,57,50.71,7,0.0
107879,1,2,31.78,1,0.0
107879,2,31,4.97,6,0.1
107880,1,84,13.93,1,0.03
107880,2,76,22.93,2,0.03
107880,3,72,7.87,6,0.0
107880,4,64,25.09,2,0.0
107881,1,71,7.06,5,0.0
107881,2,84,16.68,11,0.0
107882,1,106,18.0,2,0.0
107882,2,114,24.6,9,0.03
107882,3,37,18.5,1,0.05
107883,1,66,7.1,3,0.15
107883,2,72,8.38,3,0.1
107883,3,97,14.99,1,0.1
107883,4,33,10.32,3,0.0
107883,5,49,29.76,8,0.0
107884,1,45,11.22,3,0.0
107884,2,72,8.98,5,0.03
107884,3,6,10.2,1,0.1
107884,4,24,53.69,3,0.15
107885,1,60,11.15,3,0.03
107886,1,27,9.82,11,0.05
107886,2,81,25.79,5,0.15
107886,3,68,29.48,3,0.0
107887,1,78,8.34,3,0.0
107887,2,71,7.24,4,0.0
107887,3,27,9.58,10,0.05
107888,1,77,32.13,4,0.05
107888,2,64,26.27,8,0.1
107888,3,42,22.38,4,0.1
107888,4,34,23.78,8,0.1
107889,1,45,12.48,6,0.03
107889,2,91,17.3,2,0.1
107890,1,21,24.8,6,0.0
107890,2,93,23.75,2,0.0
107891,1,64,23.3,2,0.0
107891,2,47,24.64,6,0.1
107891,3,16,5.54,3,0.0
107892,1,116,36.94,2,0.0
107892,2,52,49.5,4,0.0
107892,3,16,4.39,5,0.0
107892,4,47,21.11,6,0.0
107893,1,91,16.58,3,0.0
107893,2,32,18.24,4,0.0
107893,3,45,14.48,2,0.0
107894,1,94,34.88,4,0.0
107894,2,71,8.04,4,0.0
107894,3,40,24.98,4,0.03
107894,4,55,22.3,3,0.0
107894,5,3,60.71,5,0.1
107895,1,72,9.47,6,0.0
107896,1,45,12.44,8,0.05
107896,2,24,46.28,5,0.03
107896,3,72,8.28,6,0.05
107896,4,26,14.67,13,0.0
107896,5,60,12.24,1,0.0
107897,1,82,6.58,8,0.0
107897,2,32,18.68,1,0.15
107897,3,8,5.33,4,0.03
107897,4,89,16.9,4,0.0
107897,5,72,7.83,3,0.05
107897,6,25,11.18,16,0.03
107898,1,104,25.33,3,0.0
107899,1,67,31.95,2,0.1
107899,2,8,5.2,5,0.0
107899,3,49,28.05,5,0.0
107899,4,97,12.57,2,0.0
107899,5,96,69.45,2,0.1
107899,6,76,23.1,7,0.05
107899,7,87,23.59,2,0.0
107900,1,57,48.64,6,0.05
107900,2,45,12.36,5,0.0
107900,3,40,22.59,5,0.03
107900,4,62,33.62,8,0.0
107901,1,32,17.7,2,0.0
107901,2,107,46.87,1,0.05
107901,3,97,15.86,6,0.0
107902,1,78,9.7,8,0.0
107902,2,17,16.37,1,0.0
107902,3,82,6.08,5,0.1
107903,1,44,14.34,5,0.0
107903,2,102,23.93,4,0.0
107904,1,45,11.17,4,0.1
107904,2,109,3.99,3,0.0
107904,3,103,27.64,6,0.03
107905,1,19,26.2,3,0.0
107906,1,89,20.0,4,0.0
107906,2,105,4.97,7,0.0
107907,1,10,42.76,2,0.0
107907,2,98,14.7,2,0.0
107908,1,112,77.84,1,0.0
107908,2,67,30.92,5,0.05
107908,3,6,9.98,2,0.15
107909,1,98,12.02,5,0.0
107909,2,81,25.61,6,0.0
107909,3,52,47.56,2,0.0
107909,4,106,21.42,3,0.0
107909,5,6,8.74,1,0.05
107910,1,68,29.76,6,0.03
107910,2,56,30.92,6,0.0
107910,3,96,73.67,2,0.0
107910,4,106,21.04,8,0.0
107911,1,72,7.85,4,0.1
107911,2,45,12.53,4,0.0
107911,3,82,7.15,5,0.1
107911,4,110,27.1,8,0.0
107912,1,39,118.04,2,0.0
107912,2,119,10.65,2,0.05
107912,3,103,28.88,4,0.05
107912,4,45,11.24,5,0.0
107912,5,34,23.05,3,0.05
107913,1,37,19.95,2,0.0
107913,2,3,58.68,6,0.0
107913,3,27,9.81,7,0.0
107914,1,51,46.23,2,0.0
107914,2,16,5.88,10,0.03
107914,3,90,51.64,2,0.1
107914,4,72,8.7,4,0.0
107914,5,15,11.32,2,0.0
107915,1,58,8.28,5,0.0
107915,2,72,9.61,9,0.0
107916,1,65,11.38,7,0.15
107917,1,41,49.74,2,0.0
107917,2,114,24.32,6,0.05
107917,3,66,6.14,4,0.05
107917,4,72,8.21,3,0.0
107918,1,72,9.11,4,0.0
107918,2,40,22.75,5,0.1
107918,3,15,12.69,13,0.05
107918,4,114,24.5,1,0.0
107919,1,72,8.84,2,0.15
107919,2,28,7.78,4,0.0
107920,1,106,21.26,2,0.15
107920,2,67,33.74,6,0.0
107920,3,21,28.67,3,0.03
107920,4,9,23.89,5,0.0
107921,1,114,27.36,6,0.0
107921,2,94,33.01,8,0.05
107922,1,37,17.67,2,0.0
107923,1,14,23.61,3,0.1
107923,2,56,26.23,8,0.0
107923,3,31,4.68,10,0.1
107924,1,41,44.33,5,0.0
107924,2,36,29.16,7,0.0
107925,1,21,29.24,8,0.05
107925,2,106,26.05,2,0.0
107925,3,60,11.1,5,0.05
107925,4,12,94.87,3,0.0
107926,1,33,11.32,3,0.0
107927,1,83,30.02,5,0.0
107927,2,85,27.56,4,0.15
107927,3,78,9.94,4,0.2
107928,1,119,9.89,5,0.0
107928,2,25,11.98,6,0.1
107928,3,51,44.28,4,0.1
107928,4,52,42.81,2,0.05
107929,1,51,43.18,4,0.0
107929,2,101,22.75,2,0.05
107929,3,92,30.74,2,0.03
107929,4,112,82.06,2,0.0
107930,1,103,32.7,3,0.0
107930,2,93,24.28,4,0.03
107930,3,65,14.35,2,0.03
107930,4,97,17.09,1,0.0
107930,5,85,31.01,3,0.05
107930,6,110,29.32,4,0.0
107931,1,98,11.38,5,0.15
107931,2,103,30.12,6,0.0
107931,3,83,34.46,2,0.0
107931,4,82,6.74,3,0.05
107932,1,60,11.32,7,0.0
107932,2,107,42.97,4,0.05
107932,3,1,28.26,2,0.0
107933,1,94,30.36,6,0.0
107933,2,1,25.65,10,0.0
107933,3,33,11.19,2,0.1
107933,4,51,45.62,7,0.15
107933,5,93,25.33,5,0.1
107933,6,29,56.63,1,0.05
107934,1,76,23.1,2,0.05
107934,2,98,12.02,8,0.03
107934,3,53,23.31,9,0.03
107935,1,80,23.36,4,0.0
107936,1,53,25.86,3,0.1
107936,2,67,34.5,3,0.0
107936,3,89,16.11,11,0.03
107937,1,97,14.37,6,0.0
107937,2,108,31.6,5,0.05
107937,3,17,17.32,4,0.0
107938,1,14,28.02,5,0.0
107938,2,85,26.83,1,0.0
107938,3,108,38.48,4,0.1
107939,1,89,17.74,1,0.0
107939,2,65,11.16,4,0.0
107939,3,45,12.39,6,0.15
107939,4,71,6.8,1,0.0
107940,1,45,11.26,5,0.03
107940,2,99,26.23,4,0.0
107940,3,83,33.65,6,0.0
107940,4,79,20.65,6,0.0
107941,1,53,23.02,2,0.0
107941,2,28,6.52,5,0.03
107941,3,45,12.57,1,0.0
107941,4,110,21.12,5,0.05
107942,1,97,16.3,4,0.1
107942,2,67,33.12,2,0.1
107942,3,101,24.26,7,0.0
107942,4,78,10.5,3,0.03
107942,5,75,19.52,4,0.0
107943,1,110,26.86,2,0.0
107943,2,91,14.41,4,0.15
107943,3,94,28.85,4,0.1
107943,4,72,9.31,8,0.0
107943,5,45,11.94,5,0.0
107943,6,89,18.84,4,0.0
107944,1,32,18.4,3,0.15
107944,2,115,33.62,2,0.1
107944,3,62,39.51,9,0.03
107945,1,45,12.59,6,0.0
107945,2,25,11.28,1,0.05
107946,1,33,12.07,1,0.0
107946,2,78,8.96,2,0.1
107946,3,118,19.39,3,0.0
107946,4,40,23.3,4,0.05
107946,5,66,6.63,9,0.05
107947,1,45,12.81,5,0.0
107947,2,71,6.89,1,0.0
107947,3,17,17.68,4,0.0
107947,4,79,17.48,1,0.0
107948,1,92,25.97,3,0.0
107948,2,48,44.96,3,0.0
107949,1,101,22.16,10,0.0
107949,2,81,25.66,10,0.1
107949,3,2,29.26,1,0.15
107949,4,34,23.22,2,0.2
107950,1,97,15.07,5,0.03
107950,2,12,83.88,6,0.0
107950,3,8,4.54,6,0.05
107950,4,114,28.24,4,0.0
107951,1,16,5.35,4,0.0
107951,2,96,79.11,1,0.1
107952,1,78,10.15,5,0.0
107952,2,51,46.67,2,0.1
107952,3,67,32.62,5,0.05
107952,4,113,9.45,4,0.15
107953,1,111,89.8,5,0.0
107953,2,45,11.72,3,0.0
107953,3,52,49.75,2,0.05
107954,1,67,36.23,1,0.05
107954,2,39,108.01,1,0.0
107955,1,65,11.03,4,0.0
107955,2,56,25.71,5,0.0
107955,3,94,29.77,3,0.0
107955,4,49,28.05,6,0.0
107955,5,51,36.33,3,0.0
107956,1,3,58.78,1,0.0
107956,2,109,3.8,4,0.0
107956,3,52,50.71,2,0.0
107956,4,45,11.19,4,0.0
107956,5,81,24.11,4,0.0
107956,6,108,39.32,10,0.0
107957,1,1,29.81,4,0.15
107958,1,75,18.41,1,0.05
107958,2,117,10.99,5,0.05
107958,3,97,15.84,3,0.0
107958,4,89,17.0,9,0.05
107959,1,21,30.55,4,0.0
107959,2,88,35.17,1,0.0
107959,3,27,8.88,2,0.0
107959,4,101,23.76,2,0.1
107960,1,79,18.62,1,0.0
107960,2,105,5.91,3,0.15
107960,3,83,32.08,7,0.0
107960,4,117,10.65,7,0.0
107961,1,10,50.59,3,0.03
107961,2,60,12.1,7,0.15
107961,3,32,17.16,3,0.15
107961,4,26,16.11,6,0.0
107961,5,87,28.35,2,0.15
107962,1,113,10.75,6,0.0
107962,2,120,4.32,4,0.0
107962,3,87,27.28,1,0.03
107962,4,90,58.81,2,0.0
107963,1,83,27.6,2,0.15
107963,2,58,8.23,1,0.0
107964,1,23,23.81,6,0.0
107964,2,45,10.14,3,0.0
107964,3,106,25.95,4,0.05
107964,4,14,25.21,2,0.0
107965,1,111,93.9,1,0.0
107965,2,109,3.61,6,0.0
107965,3,45,11.01,2,0.0
107965,4,11,37.72,7,0.0
107966,1,92,26.53,3,0.05
107966,2,98,10.82,2,0.0
107966,3,32,18.88,2,0.05
107966,4,70,11.56,7,0.0
107967,1,17,13.81,3,0.0
107967,2,72,8.82,3,0.15
107967,3,71,6.67,3,0.0
107967,4,85,27.96,4,0.0
107967,5,113,8.83,7,0.1
107967,6,43,43.49,1,0.0
107967,7,67,30.7,7,0.0
107967,8,65,12.46,4,0.05
107968,1,71,7.76,2,0.0
107968,2,113,9.22,3,0.0
107969,1,83,32.51,2,0.0
107969,2,70,11.09,3,0.0
107969,3,17,15.61,7,0.0
107969,4,44,16.07,6,0.0
107970,1,7,14.4,5,0.05
107971,1,99,26.45,3,0.0
107971,2,45,11.92,5,0.0
107971,3,37,19.34,5,0.05
107971,4,24,42.92,4,0.05
107971,5,40,24.26,6,0.0
107971,6,53,25.69,1,0.0
107971,7,71,7.68,2,0.0
107972,1,110,24.84,3,0.05
107972,2,82,6.9,2,0.0
107973,1,104,27.59,5,0.03
107973,2,45,11.6,2,0.0
107974,1,40,24.22,4,0.2
107974,2,59,20.64,2,0.1
107975,1,24,50.44,7,0.0
107975,2,8,4.94,3,0.0
107976,1,81,23.54,10,0.0
107976,2,112,82.11,5,0.05
107976,3,53,28.42,5,0.0
107977,1,51,43.64,6,0.0
107977,2,108,33.82,6,0.0
107977,3,45,10.9,2,0.0
107977,4,58,6.93,4,0.0
107977,5,71,7.27,5,0.0
107977,6,81,23.37,4,0.0
107977,7,74,29.83,3,0.15
107978,1,105,5.89,6,0.0
107978,2,96,81.11,3,0.0
107978,3,35,28.77,5,0.03
107979,1,79,18.68,1,0.0
107979,2,73,16.27,3,0.1
107979,3,95,20.3,7,0.05
107979,4,97,16.51,3,0.0
107979,5,45,11.99,10,0.05
107979,6,20,32.55,1,0.05
107979,7,83,31.73,5,0.2
107980,1,15,11.59,9,0.0
107980,2,24,44.19,2,0.03
107980,3,80,25.61,5,0.1
107980,4,101,26.15,5,0.0
107980,5,40,23.43,1,0.0
107981,1,53,25.98,1,0.0
107981,2,43,33.4,5,0.0
107981,3,88,34.02,5,0.1
107981,4,112,80.68,3,0.05
107981,5,32,17.01,1,0.0
107982,1,85,27.89,3,0.0
107982,2,83,33.17,4,0.05
107982,3,9,24.16,5,0.1
107982,4,45,11.91,2,0.0
107983,1,45,11.83,3,0.0
107983,2,65,11.22,4,0.05
107983,3,44,16.04,2,0.03
107983,4,53,23.12,2,0.0
107983,5,83,29.07,5,0.03
107983,6,72,10.56,1,0.0
107984,1,45,11.66,14,0.1
107984,2,68,23.87,2,0.0
107984,3,16,5.45,7,0.0
107984,4,83,33.0,7,0.0
107985,1,51,46.18,4,0.0
107985,2,94,28.7,9,0.0
107986,1,1,28.95,4,0.0
107987,1,32,18.49,2,0.0
107987,2,70,12.04,3,0.0
107987,3,87,25.24,3,0.0
107987,4,58,8.3,9,0.1
107988,1,72,7.91,1,0.1
107988,2,45,10.95,6,0.0
107988,3,98,12.84,4,0.03
107988,4,97,13.67,7,0.1
107989,1,112,67.82,3,0.0
107989,2,9,25.58,6,0.0
107989,3,120,5.04,1,0.0
107990,1,85,26.41,7,0.05
107990,2,60,11.59,2,0.15
107990,3,106,19.94,1,0.0
107990,4,75,20.01,3,0.0
107990,5,12,76.81,4,0.0
107991,1,59,18.77,2,0.0
107991,2,108,35.69,2,0.1
107991,3,104,24.37,1,0.0
107991,4,72,8.78,4,0.1
107992,1,110,27.02,2,0.0
107992,2,92,31.13,4,0.0
107992,3,21,26.67,7,0.03
107992,4,82,6.52,1,0.05
107992,5,45,12.22,7,0.05
107992,6,71,6.77,8,0.05
107993,1,5,22.1,8,0.0
107993,2,81,23.52,3,0.0
107993,3,97,14.23,1,0.05
107993,4,45,10.86,7,0.0
107994,1,79,19.16,3,0.0
107994,2,93,23.82,2,0.0
107994,3,82,7.06,2,0.0
107994,4,75,19.1,2,0.15
107994,5,89,17.51,2,0.0
107995,1,2,32.84,3,0.0
107996,1,117,9.97,17,0.1
107996,2,116,36.29,5,0.1
107996,3,24,48.3,5,0.0
107997,1,67,32.72,5,0.0
107997,2,81,25.57,4,0.05
107997,3,97,15.56,2,0.0
107997,4,100,65.5,2,0.0
107998,1,85,28.71,4,0.0
107999,1,87,31.93,7,0.0
107999,2,51,37.95,12,0.03
108000,1,23,24.71,3,0.1
108000,2,24,49.59,4,0.03
108001,1,103,28.32,7,0.1
108001,2,24,48.91,4,0.0
108001,3,13,41.7,4,0.0
108001,4,102,22.15,6,0.0
108001,5,68,25.26,4,0.2
108002,1,79,17.27,10,0.0
108002,2,101,27.23,3,0.1
108002,3,78,9.51,7,0.1
108003,1,107,42.12,2,0.05
108003,2,106,23.4,3,0.0
108003,3,74,26.85,2,0.05
108004,1,92,26.82,3,0.1
108004,2,83,32.87,1,0.1
108004,3,107,47.21,1,0.0
108004,4,45,11.12,3,0.0
108004,5,71,7.54,4,0.0
108004,6,72,8.49,5,0.0
108005,1,32,22.29,1,0.0
108005,2,87,26.71,3,0.0
108006,1,72,7.94,2,0.0
108006,2,116,42.61,2,0.0
108007,1,16,5.49,2,0.05
108007,2,107,39.03,3,0.0
108007,3,71,7.57,3,0.0
108008,1,58,8.5,5,0.0
108008,2,80,25.17,2,0.15
108008,3,60,13.07,5,0.1
108008,4,116,40.96,3,0.0
108008,5,110,25.97,4,0.05
108009,1,78,9.35,4,0.0
108009,2,81,25.89,7,0.0
108009,3,24,52.33,4,0.1
108009,4,46,16.8,2,0.0
108010,1,72,9.64,6,0.15
108010,2,80,23.78,5,0.1
108010,3,45,13.39,8,0.1
108011,1,99,24.39,5,0.0
108011,2,8,4.95,5,0.0
108011,3,83,33.64,2,0.1
108011,4,89,16.22,5,0.0
108011,5,100,56.03,2,0.0
108011,6,40,23.51,3,0.1
108012,1,2,32.0,9,0.0
108012,2,105,5.45,3,0.0
108012,3,46,16.53,1,0.0
108012,4,100,59.87,2,0.0
108013,1,60,11.39,2,0.0
108013,2,83,34.51,2,0.0
108014,1,15,11.54,9,0.0
108014,2,94,31.16,4,0.0
108014,3,51,45.38,4,0.05
108014,4,45,12.67,3,0.0
108014,5,24,50.97,2,0.1
108015,1,97,16.87,3,0.0
108015,2,21,26.63,8,0.0
108015,3,109,3.38,2,0.05
108016,1,95,18.88,6,0.05
108017,1,67,30.57,4,0.0
108017,2,32,17.03,5,0.05
108018,1,26,14.01,1,0.05
108018,2,15,10.3,3,0.05
108018,3,107,41.67,2,0.0
108019,1,40,21.54,3,0.0
108019,2,51,49.77,7,0.0
108019,3,76,25.35,11,0.03
108019,4,53,22.82,2,0.1
108019,5,45,11.21,1,0.0
108019,6,94,29.16,11,0.0
108019,7,99,25.14,11,0.0
108019,8,24,50.11,4,0.0
108020,1,66,6.57,4,0.0
108020,2,110,27.0,1,0.0
108020,3,24,48.86,5,0.0
108020,4,46,16.64,4,0.05
108020,5,29,54.12,1,0.0
108020,6,109,3.67,6,0.0
108021,1,110,26.64,4,0.0
108021,2,19,27.32,6,0.0
108022,1,86,22.26,3,0.05
108022,2,108,38.1,1,0.1
108023,1,116,38.25,2,0.1
108023,2,72,9.31,4,0.05
108024,1,57,50.93,6,0.0
108024,2,116,39.1,8,0.0
108025,1,34,24.18,4,0.05
108025,2,98,10.13,5,0.05
108025,3,21,28.66,5,0.0
108026,1,97,16.14,3,0.2
108026,2,107,38.17,1,0.1
108026,3,43,37.86,3,0.1
108027,1,67,34.56,3,0.1
108027,2,101,27.72,5,0.0
108027,3,13,40.12,6,0.1
108027,4,112,81.66,7,0.05
108027,5,8,4.69,4,0.05
108028,1,45,14.12,7,0.0
108028,2,107,43.28,1,0.0
108028,3,8,4.72,5,0.0
108028,4,65,12.21,7,0.03
108028,5,53,29.02,1,0.0
108029,1,100,64.09,7,0.0
108029,2,86,29.59,4,0.03
108029,3,60,11.82,1,0.15
108029,4,72,8.22,6,0.0
108030,1,45,11.9,3,0.05
108030,2,71,7.82,6,0.0
108031,1,6,10.69,4,0.0
108031,2,58,7.42,2,0.0
108032,1,81,25.37,1,0.0
108032,2,45,9.86,16,0.05
108032,3,78,9.18,3,0.0
108032,4,116,38.16,8,0.0
108033,1,21,28.13,6,0.0
108033,2,39,123.8,4,0.2
108034,1,108,37.77,5,0.0
108034,2,12,75.33,3,0.0
108034,3,65,11.84,1,0.1
108035,1,32,18.73,2,0.05
108035,2,58,8.14,6,0.0
108036,1,16,5.57,4,0.05
108036,2,67,32.84,7,0.03
108037,1,45,12.08,4,0.0
108038,1,106,20.35,10,0.0
108038,2,34,25.95,15,0.0
108039,1,116,38.13,3,0.0
108039,2,71,6.33,11,0.03
108039,3,45,12.31,2,0.0
108039,4,106,22.51,6,0.0
108040,1,14,22.45,5,0.0
108041,1,110,25.84,7,0.2
108041,2,116,41.92,4,0.05
108041,3,80,20.37,2,0.03
108041,4,26,17.38,7,0.0
108041,5,82,5.87,5,0.03
108042,1,40,28.52,5,0.0
108042,2,110,27.69,4,0.1
108042,3,101,23.87,6,0.05
108042,4,109,3.83,3,0.0
108043,1,71,7.02,3,0.0
108043,2,104,29.31,4,0.0
108043,3,68,28.84,1,0.05
108043,4,119,10.89,2,0.1
108043,5,99,27.58,3,0.0
108044,1,5,25.58,5,0.0
108044,2,60,11.39,4,0.0
108045,1,71,6.27,8,0.0
108045,2,87,28.93,3,0.0
108045,3,21,29.8,3,0.0
108045,4,27,10.27,4,0.0
108046,1,53,23.68,2,0.05
108046,2,71,7.85,7,0.0
108046,3,27,9.7,5,0.0
108047,1,98,13.65,2,0.05
108047,2,45,11.43,3,0.05
108048,1,2,32.5,5,0.1
108049,1,44,15.23,6,0.0
108049,2,10,43.6,2,0.0
108049,3,113,10.14,6,0.0
108049,4,35,33.53,7,0.0
108050,1,67,39.29,6,0.0
108050,2,19,28.65,4,0.0
108050,3,82,6.42,3,0.0
108050,4,20,27.72,3,0.0
108050,5,34,23.67,1,0.05
108051,1,51,42.51,5,0.03
108051,2,116,38.01,5,0.0
108052,1,9,25.97,6,0.0
108052,2,53,22.81,5,0.1
108053,1,67,34.78,6,0.0
108053,2,44,15.2,6,0.0
108054,1,49,25.7,4,0.15
108054,2,72,8.22,3,0.0
108054,3,52,45.59,3,0.0
108054,4,71,6.4,7,0.0
108055,1,120,4.7,2,0.05
108055,2,53,23.42,5,0.0
108056,1,34,22.11,4,0.03
108056,2,107,41.3,6,0.1
108056,3,45,9.92,4,0.05
108057,1,24,53.12,3,0.0
108057,2,1,31.8,4,0.0
108057,3,71,7.3,3,0.0
108057,4,33,12.02,5,0.0
108058,1,85,30.73,2,0.0
108058,2,41,47.91,15,0.1
108058,3,76,25.32,3,0.0
108059,1,120,4.24,2,0.0
108059,2,9,20.15,4,0.15
108059,3,60,13.26,5,0.0
108059,4,12,81.72,7,0.03
108060,1,60,10.59,2,0.1
108060,2,71,7.62,3,0.15
108060,3,79,20.47,4,0.0
108061,1,72,8.22,2,0.15
108062,1,81,26.45,8,0.03
108062,2,45,11.06,4,0.0
108062,3,98,12.92,3,0.0
108063,1,116,39.15,3,0.0
108063,2,12,79.39,4,0.0
108064,1,44,16.87,8,0.0
108064,2,83,28.95,1,0.0
108064,3,97,13.46,2,0.05
108064,4,62,35.07,3,0.15
108064,5,109,3.24,3,0.0
108064,6,4,7.37,7,0.0
108065,1,21,25.22,9,0.0
108065,2,87,29.06,12,0.0
108066,1,110,29.66,2,0.05
108066,2,109,3.42,9,0.0
108066,3,60,11.0,6,0.1
108066,4,118,21.52,2,0.05
108067,1,21,30.24,3,0.0
108067,2,116,43.2,3,0.0
108068,1,60,12.76,2,0.1
108068,2,4,7.02,6,0.05
108069,1,76,22.5,7,0.05
108069,2,97,17.17,6,0.05
108069,3,80,23.63,3,0.0
108070,1,116,38.93,4,0.0
108070,2,45,13.0,3,0.15
108071,1,108,33.16,5,0.1
108071,2,94,31.49,3,0.1
108071,3,116,39.89,4,0.05
108071,4,64,25.43,8,0.05
108072,1,20,37.13,7,0.0
108072,2,33,10.22,3,0.15
108072,3,75,17.56,9,0.0
108072,4,87,26.01,1,0.0
108072,5,89,18.44,5,0.0
108073,1,79,18.71,7,0.03
108074,1,45,10.61,3,0.2
108074,2,24,42.06,5,0.0
108074,3,40,22.61,2,0.03
108074,4,63,39.06,2,0.0
108074,5,88,35.14,5,0.0
108074,6,77,29.04,1,0.05
108074,7,28,7.48,2,0.0
108075,1,17,14.1,3,0.05
108075,2,109,3.56,3,0.0
108075,3,24,47.98,4,0.05
108076,1,28,7.07,2,0.15
108077,1,72,9.05,4,0.0
108077,2,71,7.46,3,0.15
108077,3,37,17.49,4,0.0
108077,4,97,15.46,4,0.0
108078,1,79,19.54,2,0.03
108078,2,45,10.93,3,0.05
108078,3,34,26.54,2,0.0
108079,1,102,21.6,2,0.2
108079,2,45,11.39,3,0.0
108079,3,109,4.19,17,0.05
108080,1,67,35.87,4,0.2
108081,1,97,16.0,1,0.0
108081,2,12,91.11,3,0.0
108081,3,52,51.71,3,0.0
108082,1,51,41.37,5,0.05
108082,2,21,30.34,3,0.03
108082,3,65,12.02,6,0.0
108082,4,70,11.88,1,0.0
108082,5,76,28.37,3,0.0
108083,1,91,16.22,5,0.0
108083,2,67,27.41,1,0.2
108084,1,50,11.72,2,0.05
108084,2,23,24.3,3,0.0
108085,1,101,25.23,3,0.03
108085,2,15,10.11,5,0.03
108086,1,53,26.49,5,0.0
108086,2,16,5.33,3,0.05
108086,3,71,5.44,2,0.15
108086,4,60,12.09,5,0.0
108087,1,15,10.89,11,0.03
108087,2,80,22.75,4,0.05
108088,1,33,11.78,2,0.1
108088,2,31,5.27,3,0.0
108089,1,57,46.58,7,0.0
108089,2,71,6.35,1,0.0
108089,3,85,25.74,8,0.0
108090,1,97,15.33,3,0.0
108090,2,45,10.4,4,0.0
108090,3,80,22.58,3,0.03
108090,4,110,27.38,2,0.0
108091,1,9,23.95,1,0.0
108091,2,51,44.89,3,0.03
108091,3,100,52.56,3,0.0
108091,4,98,9.96,2,0.1
108092,1,81,27.03,4,0.0
108092,2,45,14.17,3,0.05
108092,3,22,15.68,11,0.0
108093,1,80,26.56,3,0.0
108093,2,110,29.96,4,0.0
108094,1,26,13.48,5,0.0
108094,2,74,32.66,4,0.0
108095,1,11,37.71,4,0.0
108095,2,103,30.25,5,0.0
108095,3,79,20.03,9,0.0
108095,4,59,20.56,7,0.0
108096,1,108,40.67,5,0.0
108096,2,59,23.07,3,0.05
108096,3,97,16.41,7,0.15
108096,4,98,11.73,3,0.0
108096,5,80,21.8,3,0.05
108097,1,82,6.39,4,0.15
108097,2,2,31.83,3,0.0
108097,3,71,6.95,12,0.1
108097,4,51,45.39,3,0.0
108098,1,58,7.8,1,0.1
108098,2,25,12.51,3,0.0
108098,3,71,6.77,10,0.03
108098,4,116,37.11,3,0.05
108098,5,51,51.13,3,0.0
108098,6,50,10.52,4,0.0
108098,7,53,24.5,2,0.0
108099,1,63,36.31,8,0.05
108099,2,97,15.64,3,0.0
108100,1,65,12.2,2,0.0
108100,2,24,48.58,3,0.05
108100,3,99,26.85,1,0.05
108101,1,80,26.6,1,0.0
108101,2,112,70.29,3,0.03
108102,1,45,11.42,4,0.0
108102,2,71,6.77,3,0.1
108102,3,60,11.65,2,0.0
108102,4,116,32.41,3,0.0
108103,1,57,47.12,3,0.15
108103,2,99,26.19,5,0.0
108103,3,51,46.07,3,0.05
108103,4,11,38.04,3,0.1
108104,1,36,31.18,4,0.0
108104,2,2,29.38,3,0.05
108105,1,45,13.04,6,0.05
108105,2,40,27.96,9,0.05
108105,3,101,25.98,1,0.1
108105,4,51,43.38,5,0.05
108106,1,110,22.92,4,0.1
108106,2,83,32.76,4,0.0
108106,3,51,43.17,3,0.0
108106,4,79,20.48,1,0.0
108106,5,108,40.14,1,0.0
108106,6,34,24.65,4,0.0
108107,1,41,54.89,6,0.15
108108,1,82,7.27,3,0.0
108108,2,94,30.74,5,0.0
108108,3,112,76.85,2,0.0
108108,4,71,7.8,2,0.03
108109,1,54,19.72,2,0.0
108109,2,6,9.98,1,0.0
108109,3,60,12.85,1,0.0
108110,1,37,18.63,3,0.2
108111,1,67,28.78,3,0.0
108111,2,98,13.79,8,0.15
108111,3,49,25.08,4,0.0
108111,4,110,25.15,6,0.0
108112,1,44,13.45,8,0.05
108112,2,9,23.66,8,0.0
108112,3,117,10.01,4,0.03
108112,4,14,27.43,5,0.03
108113,1,81,27.87,1,0.15
108113,2,45,11.28,9,0.0
108113,3,8,5.09,3,0.1
108113,4,59,21.89,4,0.15
108114,1,104,26.63,12,0.0
108114,2,81,28.05,3,0.05
108114,3,103,27.77,4,0.0
108114,4,40,24.76,4,0.15
108114,5,45,12.36,3,0.03
108115,1,105,5.86,2,0.0
108115,2,102,25.71,2,0.05
108116,1,29,46.86,2,0.0
108116,2,70,11.49,3,0.0
108116,3,67,29.31,1,0.0
108117,1,88,33.23,11,0.0
108118,1,109,3.78,1,0.1
108118,2,85,28.36,1,0.0
108118,3,91,18.11,2,0.0
108119,1,110,27.92,1,0.0
108120,1,54,19.93,4,0.05
108120,2,110,27.46,8,0.05
108120,3,24,51.84,4,0.0
108121,1,113,10.4,6,0.0
108121,2,32,20.4,2,0.0
108121,3,52,48.59,6,0.0
108121,4,60,12.75,5,0.0
108122,1,65,11.37,4,0.0
108122,2,58,7.6,10,0.0
108122,3,82,6.69,6,0.0
108123,1,45,12.16,10,0.05
108123,2,68,26.45,3,0.0
108124,1,92,24.96,3,0.0
108124,2,78,10.44,5,0.1
108124,3,15,11.81,1,0.0
108125,1,24,45.08,7,0.0
108125,2,27,8.82,3,0.1
108125,3,116,36.28,3,0.0
108125,4,64,25.36,3,0.03
108125,5,17,16.34,2,0.0
108125,6,1,26.59,1,0.0
108126,1,34,26.08,3,0.0
108126,2,66,7.59,3,0.1
108126,3,9,29.07,6,0.0
108127,1,52,48.75,3,0.2
108127,2,109,3.96,3,0.05
108127,3,14,23.61,2,0.1
108128,1,86,30.84,1,0.0
108128,2,69,3.9,4,0.0
108128,3,78,9.09,3,0.0
108128,4,24,50.31,3,0.0
108128,5,97,14.09,3,0.0
108128,6,45,11.59,2,0.03
108128,7,107,45.8,3,0.0
108128,8,21,30.28,7,0.0
108129,1,21,25.3,3,0.0
108130,1,114,22.56,4,0.0
108131,1,45,13.09,1,0.0
108131,2,97,15.96,4,0.05
108132,1,60,10.86,2,0.0
108132,2,53,24.51,2,0.03
108133,1,110,28.28,1,0.2
108134,1,53,24.77,4,0.1
108134,2,79,18.49,9,0.0
108134,3,11,39.91,9,0.0
108135,1,101,19.08,5,0.0
108135,2,45,11.55,7,0.05
108135,3,24,51.01,2,0.0
108136,1,60,12.31,2,0.0
108136,2,72,8.95,3,0.05
108137,1,75,19.9,3,0.05
108137,2,24,55.77,1,0.0
108137,3,116,38.11,4,0.0
108137,4,6,9.7,2,0.0
108137,5,76,27.09,8,0.03
108138,1,48,43.24,2,0.0
108138,2,59,23.07,2,0.0
108138,3,72,8.27,2,0.0
108138,4,45,11.33,5,0.0
108139,1,79,19.28,7,0.0
108139,2,8,4.92,3,0.0
108139,3,60,13.13,3,0.0
108139,4,72,8.77,3,0.1
108139,5,105,6.17,2,0.05
108140,1,72,9.89,6,0.1
108140,2,4,7.39,2,0.0
108141,1,38,31.24,5,0.0
108141,2,101,22.27,11,0.1
108142,1,83,35.03,8,0.0
108142,2,53,21.74,2,0.03
108142,3,44,15.97,6,0.0
108142,4,81,22.66,2,0.0
108142,5,87,27.23,2,0.0
108143,1,120,4.84,5,0.0
108144,1,15,11.25,3,0.0
108144,2,82,7.03,5,0.03
108144,3,35,27.35,16,0.0
108144,4,45,12.04,5,0.1
108145,1,45,11.59,1,0.0
108145,2,75,17.52,5,0.05
108145,3,72,7.57,3,0.05
108145,4,82,6.74,4,0.1
108146,1,25,10.39,9,0.03
108146,2,24,49.12,2,0.0
108146,3,51,42.18,9,0.0
108146,4,80,24.12,3,0.0
108146,5,97,14.01,4,0.0
108147,1,21,33.06,3,0.0
108147,2,113,9.47,1,0.0
108147,3,10,48.09,10,0.0
108147,4,62,40.46,5,0.05
108147,5,60,12.74,8,0.0
108147,6,98,12.46,3,0.2
108147,7,101,23.95,3,0.0
108148,1,52,49.78,2,0.05
108148,2,45,12.19,3,0.1
108149,1,45,11.24,2,0.0
108149,2,44,16.76,3,0.15
108149,3,65,11.2,5,0.0
108149,4,24,49.99,6,0.2
108150,1,79,20.87,2,0.15
108150,2,14,25.32,1,0.1
108151,1,53,25.18,5,0.0
108151,2,106,21.46,2,0.0
108151,3,83,29.84,4,0.0
108152,1,117,8.86,4,0.0
108152,2,108,36.64,1,0.05
108152,3,87,30.53,4,0.1
108152,4,116,38.38,16,0.15
108153,1,78,10.77,1,0.15
108153,2,83,36.62,8,0.0
108153,3,45,11.82,3,0.0
108153,4,24,51.13,3,0.0
108153,5,26,16.33,5,0.0
108154,1,82,6.57,2,0.0
108154,2,16,5.14,7,0.1
108154,3,67,33.96,1,0.0
108154,4,31,5.04,5,0.1
108154,5,79,20.41,2,0.0
108154,6,98,10.77,4,0.1
108155,1,97,15.95,6,0.03
108155,2,45,11.64,2,0.0
108155,3,114,27.95,10,0.1
108156,1,116,34.73,10,0.0
108156,2,28,7.35,4,0.2
108156,3,89,19.42,3,0.1
108156,4,45,12.71,13,0.0
108156,5,94,30.71,2,0.1
108157,1,21,29.47,5,0.05
108157,2,40,25.1,4,0.2
108157,3,66,7.5,1,0.0
108157,4,24,49.94,4,0.0
108158,1,116,43.09,2,0.03
108158,2,79,20.85,3,0.0
108158,3,25,13.53,3,0.0
108158,4,62,38.18,4,0.0
108159,1,117,10.04,4,0.15
108159,2,45,11.82,3,0.1
108160,1,77,32.6,6,0.0
108160,2,40,22.4,9,0.0
108160,3,81,24.04,2,0.05
108161,1,109,3.93,1,0.05
108161,2,33,10.07,1,0.0
108161,3,44,16.21,2,0.0
108161,4,45,11.48,3,0.0
108161,5,71,7.93,7,0.15
108161,6,48,45.02,1,0.1
108162,1,45,11.31,6,0.1
108162,2,8,5.23,2,0.0
108162,3,85,31.8,6,0.0
108163,1,113,9.26,6,0.05
108163,2,53,22.41,2,0.1
108164,1,97,15.02,1,0.1
108164,2,104,25.41,10,0.05
108164,3,112,80.39,4,0.0
108165,1,4,6.76,3,0.0
108165,2,81,24.78,1,0.05
108165,3,80,23.0,4,0.0
108165,4,93,26.08,7,0.05
108165,5,12,83.03,6,0.1
108166,1,11,36.68,3,0.0
108167,1,32,18.02,1,0.0
108167,2,98,12.02,3,0.03
108167,3,31,4.76,6,0.0
108167,4,99,27.26,3,0.1
108168,1,8,4.77,3,0.15
108168,2,27,9.76,14,0.0
108169,1,101,20.76,3,0.05
108169,2,31,5.47,2,0.0
108170,1,91,17.39,2,0.1
108170,2,113,9.76,9,0.1
108171,1,1,29.68,4,0.05
108171,2,23,23.86,2,0.0
108171,3,6,11.14,3,0.1
108172,1,26,16.16,1,0.0
108173,1,88,34.5,4,0.0
108173,2,53,24.42,2,0.0
108173,3,2,29.39,8,0.0
108173,4,77,29.01,1,0.0
108174,1,40,24.29,3,0.2
108174,2,66,8.5,3,0.0
108174,3,72,8.95,6,0.05
108174,4,11,36.14,3,0.0
108174,5,104,30.3,4,0.0
108175,1,81,20.42,6,0.0
108175,2,76,23.79,3,0.0
108176,1,81,26.03,4,0.05
108176,2,105,5.88,5,0.03
108176,3,79,19.57,3,0.1
108176,4,80,27.54,1,0.0
108176,5,87,26.24,3,0.05
108176,6,71,7.88,3,0.1
108177,1,45,11.22,3,0.0
108177,2,81,22.57,4,0.05
108177,3,89,18.02,1,0.0
108178,1,110,28.36,3,0.0
108178,2,63,40.51,7,0.0
108179,1,118,21.62,5,0.15
108179,2,89,17.46,7,0.0
108179,3,60,12.98,2,0.0
108180,1,113,10.44,10,0.0
108180,2,23,24.78,4,0.0
108181,1,11,36.37,3,0.0
108181,2,25,13.86,3,0.05
108181,3,23,26.26,6,0.05
108181,4,44,15.98,2,0.0
108181,5,14,25.77,1,0.03
108181,6,97,17.18,3,0.15
108181,7,58,7.45,4,0.1
108182,1,64,23.64,5,0.0
108182,2,102,21.16,2,0.0
108183,1,79,20.78,5,0.0
108183,2,105,5.93,10,0.1
108183,3,101,21.4,6,0.0
108183,4,82,6.76,5,0.15
108184,1,51,46.25,7,0.0
108184,2,1,24.55,2,0.0
108185,1,91,19.07,6,0.0
108185,2,111,70.8,4,0.0
108185,3,54,23.74,2,0.03
108186,1,65,11.73,2,0.0
108186,2,97,14.97,5,0.0
108187,1,40,24.65,3,0.1
108187,2,82,6.7,8,0.0
108187,3,81,24.09,3,0.1
108187,4,39,114.39,2,0.1
108188,1,37,19.6,10,0.0
108188,2,10,60.13,10,0.0
108188,3,97,15.25,5,0.0
108188,4,84,14.33,7,0.15
108189,1,21,28.79,2,0.05
108189,2,75,18.58,2,0.0
108189,3,45,12.72,9,0.0
108189,4,19,27.84,9,0.0
108189,5,14,26.78,9,0.03
108189,6,107,44.78,5,0.0
108190,1,60,13.38,1,0.1
108190,2,107,37.64,1,0.0
108191,1,102,24.79,11,0.0
108191,2,105,5.71,2,0.0
108192,1,3,57.06,3,0.03
108192,2,108,32.6,6,0.05
108192,3,33,9.31,1,0.0
108193,1,67,28.3,2,0.0
108193,2,24,50.79,1,0.1
108193,3,25,13.18,5,0.05
108194,1,97,13.09,2,0.1
108194,2,3,62.84,4,0.0
108194,3,4,6.72,2,0.0
108195,1,36,26.82,3,0.0
108195,2,30,4.89,6,0.0
108195,3,97,14.4,5,0.05
108195,4,34,23.69,1,0.15
108196,1,72,8.78,2,0.03
108196,2,81,26.14,1,0.0
108196,3,114,26.81,2,0.1
108196,4,45,13.64,5,0.0
108196,5,34,28.59,4,0.0
108196,6,116,42.1,1,0.15
108197,1,70,10.83,2,0.0
108197,2,112,85.87,5,0.0
108197,3,28,6.7,4,0.0
108197,4,65,11.87,3,0.0
108198,1,45,12.69,5,0.15
108198,2,66,8.35,3,0.1
108198,3,85,29.23,4,0.03
108199,1,93,24.26,3,0.0
108199,2,82,6.61,14,0.2
108199,3,98,11.28,3,0.2
108200,1,85,30.95,6,0.1
108200,2,117,10.07,3,0.0
108200,3,14,23.64,6,0.0
108200,4,66,8.28,3,0.03
108200,5,92,30.68,3,0.2
108201,1,71,7.67,6,0.0
108201,2,113,9.61,2,0.0
108202,1,79,18.92,6,0.03
108202,2,120,4.87,1,0.0
108202,3,113,9.59,3,0.15
108202,4,70,13.01,1,0.15
108202,5,106,18.34,8,0.1
108203,1,39,104.01,5,0.15
108203,2,32,17.32,3,0.1
108203,3,56,26.67,6,0.0
108204,1,96,67.55,3,0.15
108204,2,110,28.93,7,0.05
108205,1,114,29.09,6,0.0
108205,2,100,65.95,3,0.0
108206,1,72,8.25,3,0.1
108206,2,6,10.53,1,0.05
108206,3,22,16.35,2,0.0
108207,1,72,8.32,3,0.05
108207,2,50,10.65,2,0.0
108207,3,99,27.72,5,0.1
108208,1,13,39.84,4,0.0
108208,2,113,10.02,5,0.0
108208,3,67,36.45,5,0.0
108208,4,79,17.8,6,0.0
108208,5,40,24.63,1,0.0
108209,1,24,46.06,1,0.0
108209,2,31,5.12,9,0.05
108209,3,94,28.17,11,0.0
108210,1,51,46.96,3,0.0
108210,2,104,27.04,2,0.0
108210,3,108,34.99,5,0.0
108210,4,102,22.89,4,0.0
108210,5,61,21.6,1,0.0
108211,1,97,15.69,3,0.05
108211,2,35,26.08,3,0.0
108211,3,75,18.61,2,0.0
108211,4,51,42.07,3,0.1
108211,5,99,28.5,18,0.2
108211,6,24,51.0,8,0.0
108212,1,8,4.82,16,0.0
108212,2,10,58.59,6,0.0
108212,3,26,14.91,2,0.0
108212,4,40,26.81,4,0.0
108213,1,91,19.95,9,0.0
108213,2,65,12.2,8,0.1
108213,3,44,16.53,13,0.05
108213,4,45,12.26,18,0.0
108213,5,110,27.63,3,0.15
108214,1,60,12.07,10,0.15
108214,2,83,31.09,6,0.0
108214,3,22,15.06,4,0.1
108215,1,82,7.22,6,0.05
108216,1,79,19.7,9,0.0
108216,2,98,11.51,2,0.0
108216,3,51,44.03,11,0.0
108216,4,92,26.98,3,0.0
108217,1,21,27.96,7,0.03
108217,2,2,26.7,2,0.0
108217,3,75,16.4,2,0.0
108217,4,116,36.24,4,0.03
108217,5,60,10.93,6,0.0
108217,6,79,20.25,9,0.05
108218,1,32,15.87,6,0.0
108218,2,97,13.66,4,0.1
108218,3,50,11.09,2,0.05
108218,4,116,38.17,2,0.1
108218,5,57,47.25,4,0.0
108218,6,81,21.49,5,0.05
108219,1,5,22.26,2,0.03
108219,2,103,26.84,4,0.05
108219,3,113,10.26,4,0.0
108220,1,110,24.69,6,0.1
108220,2,40,23.07,5,0.03
108220,3,86,30.62,4,0.1
108221,1,34,23.7,5,0.15
108221,2,45,12.79,3,0.0
108221,3,3,65.55,6,0.15
108221,4,105,5.28,14,0.03
108221,5,5,24.48,3,0.0
108222,1,76,24.14,1,0.0
108222,2,91,18.91,1,0.0
108222,3,46,18.58,1,0.0
108222,4,25,11.36,1,0.05
108223,1,72,7.69,8,0.1
108223,2,51,45.58,2,0.0
108223,3,87,28.92,2,0.05
108224,1,39,115.2,5,0.2
108224,2,60,10.69,4,0.15
108224,3,114,24.44,1,0.1
108224,4,112,80.61,5,0.15
108225,1,37,22.59,6,0.15
108225,2,48,39.56,4,0.0
108225,3,71,7.51,2,0.0
108225,4,20,31.22,1,0.1
108226,1,34,20.92,7,0.03
108226,2,75,16.19,2,0.0
108227,1,21,28.66,11,0.0
108227,2,79,21.95,5,0.0
108227,3,68,27.35,3,0.0
108227,4,76,24.22,5,0.05
108228,1,60,12.58,5,0.0
108228,2,88,35.12,5,0.15
108228,3,91,15.85,4,0.2
108229,1,53,23.56,3,0.0
108229,2,92,31.09,4,0.0
108229,3,21,30.52,1,0.1
108230,1,60,12.66,2,0.0
108230,2,83,28.09,7,0.0
108230,3,97,14.97,6,0.0
108231,1,64,22.79,2,0.0
108231,2,63,38.77,2,0.0
108231,3,83,32.57,5,0.05
108232,1,60,11.49,1,0.0
108232,2,81,24.76,2,0.0
108232,3,44,14.71,6,0.0
108232,4,65,12.15,6,0.0
108232,5,49,28.27,4,0.1
108233,1,65,12.62,3,0.03
108233,2,72,8.75,7,0.15
108233,3,71,6.27,4,0.0
108233,4,40,19.35,1,0.15
108234,1,112,83.7,4,0.03
108234,2,19,27.5,6,0.0
108235,1,90,47.81,2,0.03
108235,2,58,8.0,3,0.0
108235,3,71,7.94,7,0.0
108235,4,62,35.05,7,0.0
108235,5,13,36.13,2,0.1
108235,6,94,30.66,1,0.0
108235,7,116,37.03,10,0.0
108235,8,26,17.8,5,0.0
108236,1,24,53.65,4,0.03
108236,2,51,42.6,2,0.0
108236,3,110,26.63,1,0.0
108236,4,6,11.55,7,0.15
108236,5,114,22.14,6,0.0
108236,6,81,25.26,4,0.0
108236,7,71,7.9,4,0.0
108237,1,65,11.18,3,0.2
108238,1,94,31.57,9,0.05
108238,2,85,31.93,4,0.0
108238,3,36,33.35,5,0.0
108238,4,115,32.18,6,0.0
108238,5,101,27.77,6,0.03
108238,6,45,10.31,3,0.0
108239,1,50,8.76,8,0.0
108239,2,120,5.61,2,0.05
108239,3,45,11.71,1,0.05
108240,1,89,17.5,3,0.0
108240,2,69,3.55,8,0.15
108241,1,59,20.91,7,0.0
108241,2,101,23.14,2,0.03
108242,1,80,20.44,8,0.15
108242,2,117,8.96,7,0.03
108242,3,9,22.72,3,0.05
108242,4,39,100.58,1,0.15
108242,5,54,23.93,3,0.0
108242,6,53,24.91,4,0.2
108243,1,101,23.1,8,0.0
108243,2,104,28.16,5,0.15
108243,3,44,15.09,8,0.05
108243,4,94,28.58,4,0.0
108243,5,112,74.17,4,0.0
108244,1,75,18.58,7,0.0
108244,2,110,23.57,3,0.0
108244,3,69,4.4,3,0.1
108245,1,45,11.37,3,0.1
108245,2,72,8.97,3,0.0
108246,1,110,27.5,3,0.0
108246,2,26,14.42,10,0.0
108247,1,95,18.88,2,0.0
108247,2,69,3.64,1,0.05
108247,3,27,8.71,5,0.05
108247,4,70,13.72,3,0.0
108248,1,45,11.66,5,0.1
108248,2,4,7.57,5,0.1
108248,3,24,53.2,6,0.0
108248,4,1,25.89,3,0.03
108248,5,34,26.05,4,0.0
108249,1,66,8.39,5,0.1
108249,2,45,12.3,4,0.03
108249,3,80,22.52,6,0.0
108250,1,83,30.28,7,0.2
108250,2,76,23.73,2,0.05
108250,3,14,23.06,2,0.0
108250,4,71,7.8,3,0.0
108250,5,26,18.38,3,0.0
108251,1,81,25.08,2,0.0
108252,1,92,29.43,5,0.0
108252,2,34,26.14,9,0.0
108253,1,42,22.95,5,0.0
108253,2,71,7.78,2,0.0
108253,3,44,15.08,4,0.0
108253,4,67,31.8,3,0.0
108254,1,1,30.54,9,0.05
108254,2,45,13.44,8,0.0
108254,3,100,65.06,6,0.1
108255,1,45,11.51,2,0.03
108255,2,70,11.3,8,0.0
108255,3,81,23.47,10,0.0
108256,1,86,32.17,1,0.0
108256,2,24,45.19,4,0.1
108256,3,93,25.37,5,0.0
108256,4,44,17.29,3,0.0
108257,1,47,21.41,2,0.1
108257,2,104,28.98,3,0.0
108257,3,51,47.8,4,0.0
108258,1,69,4.58,4,0.1
108258,2,71,7.96,2,0.1
108258,3,116,36.46,5,0.05
108258,4,2,29.02,3,0.0
108258,5,23,19.28,1,0.05
108258,6,38,26.99,2,0.0
108259,1,44,15.62,4,0.0
108260,1,45,11.52,4,0.0
108260,2,120,5.08,4,0.15
108261,1,94,28.43,5,0.0
108261,2,62,35.92,3,0.0
108261,3,76,21.32,3,0.0
108261,4,53,25.46,2,0.0
108261,5,33,11.22,12,0.03
108261,6,116,45.01,1,0.0
108262,1,110,24.86,16,0.05
108262,2,72,8.28,10,0.2
108263,1,11,34.71,6,0.0
108263,2,21,27.37,1,0.0
108264,1,72,8.84,7,0.05
108264,2,103,29.91,4,0.0
108264,3,86,26.08,5,0.05
108264,4,116,39.02,5,0.05
108265,1,24,54.6,4,0.0
108265,2,100,56.5,5,0.03
108266,1,45,12.51,7,0.0
108266,2,100,59.7,5,0.0
108266,3,24,48.32,6,0.05
108267,1,65,13.35,4,0.0
108267,2,53,24.45,6,0.0
108267,3,51,40.88,6,0.0
108268,1,100,61.89,4,0.0
108268,2,79,20.71,2,0.1
108268,3,97,15.42,3,0.0
108268,4,82,6.49,7,0.15
108269,1,97,15.83,7,0.0
108269,2,67,34.11,5,0.1
108269,3,13,33.34,5,0.15
108270,1,65,12.57,3,0.0
108270,2,5,24.79,3,0.0
108271,1,51,40.38,7,0.0
108271,2,21,25.77,7,0.0
108271,3,52,51.24,5,0.03
108272,1,67,28.41,5,0.0
108272,2,94,30.19,2,0.2
108272,3,69,4.04,8,0.05
108272,4,45,14.38,2,0.0
108272,5,78,8.12,9,0.0
108272,6,8,5.26,6,0.05
108272,7,110,26.33,4,0.1
108273,1,70,12.02,8,0.15
108273,2,45,12.47,7,0.03
108273,3,99,27.01,2,0.0
108273,4,3,55.92,9,0.03
108274,1,24,52.19,2,0.05
108274,2,71,7.96,10,0.0
108274,3,66,7.68,3,0.1
108274,4,45,11.17,3,0.0
108275,1,106,19.74,9,0.2
108275,2,71,6.54,1,0.0
108276,1,8,5.13,7,0.0
108276,2,72,9.93,5,0.0
108277,1,106,21.75,3,0.15
108277,2,45,12.41,3,0.2
108277,3,69,4.91,8,0.0
108277,4,49,26.72,2,0.0
108278,1,113,9.21,4,0.05
108278,2,83,32.96,4,0.0
108278,3,72,8.01,6,0.2
108278,4,45,12.79,9,0.0
108279,1,97,15.93,2,0.05
108279,2,68,25.72,5,0.05
108279,3,24,51.49,3,0.0
108280,1,41,54.37,1,0.0
108280,2,89,17.17,8,0.0
108280,3,72,7.92,7,0.05
108280,4,50,11.7,6,0.03
108280,5,34,26.0,2,0.0
108280,6,84,18.76,5,0.0
108281,1,98,11.78,4,0.05
108281,2,16,4.94,2,0.05
108281,3,71,7.51,4,0.0
108281,4,114,25.52,9,0.0
108282,1,67,34.22,8,0.2
108283,1,117,9.28,1,0.2
108283,2,60,11.65,1,0.0
108283,3,8,5.15,1,0.05
108284,1,89,19.72,8,0.0
108284,2,81,22.31,3,0.15
108284,3,67,32.66,7,0.0
108284,4,98,13.7,5,0.0
108285,1,116,37.45,10,0.0
108285,2,23,26.84,7,0.1
108286,1,113,10.12,2,0.0
108286,2,109,3.81,3,0.1
108286,3,90,54.65,6,0.0
108287,1,76,24.74,1,0.1
108287,2,71,7.37,5,0.03
108288,1,69,4.37,1,0.0
108288,2,76,24.02,5,0.05
108288,3,97,15.92,3,0.05
108289,1,60,12.24,8,0.0
108289,2,11,34.43,5,0.05
108289,3,108,36.85,5,0.03
108289,4,81,25.76,7,0.0
108289,5,80,24.22,6,0.05
108289,6,34,20.82,1,0.1
108289,7,103,31.12,1,0.0
108290,1,25,11.26,2,0.15
108291,1,47,21.19,8,0.0
108291,2,13,39.0,5,0.0
108291,3,8,5.01,2,0.0
108292,1,85,30.93,2,0.0
108292,2,77,32.27,5,0.1
108292,3,65,12.87,6,0.0
108292,4,66,8.21,8,0.0
108293,1,101,23.15,1,0.0
108293,2,72,8.86,10,0.15
108293,3,75,19.79,3,0.0
108293,4,15,10.91,4,0.0
108293,5,97,13.96,2,0.0
108293,6,105,5.55,2,0.0
108293,7,87,27.99,5,0.0
108294,1,72,9.17,2,0.0
108294,2,28,7.0,4,0.0
108294,3,45,11.59,5,0.03
108294,4,84,13.86,5,0.0
108294,5,120,5.36,1,0.0
108295,1,65,11.87,3,0.0
108295,2,23,25.59,6,0.0
108295,3,82,6.23,5,0.05
108295,4,45,11.79,7,0.0
108295,5,14,22.7,7,0.0
108295,6,106,19.03,2,0.0
108296,1,71,7.5,3,0.0
108296,2,14,24.98,3,0.0
108296,3,52,39.95,4,0.0
108296,4,58,7.99,5,0.0
108296,5,78,10.13,7,0.1
108297,1,83,30.1,4,0.0
108297,2,104,24.7,2,0.15
108297,3,37,18.8,3,0.0
108297,4,81,22.43,3,0.0
108298,1,74,32.37,14,0.0
108298,2,69,4.0,4,0.05
108298,3,94,28.49,2,0.03
108298,4,81,25.27,3,0.1
108299,1,72,8.01,2,0.03
108299,2,117,10.34,7,0.05
108299,3,32,18.14,3,0.1
108300,1,78,9.5,8,0.15
108301,1,90,51.46,2,0.05
108301,2,2,29.37,3,0.0
108301,3,34,24.81,3,0.0
108301,4,8,4.89,1,0.05
108302,1,120,5.2,2,0.0
108302,2,72,7.9,3,0.0
108302,3,98,13.07,6,0.1
108302,4,99,26.19,12,0.0
108303,1,70,12.51,9,0.0
108303,2,86,32.78,4,0.03
108303,3,81,27.1,3,0.1
108303,4,65,11.11,3,0.0
108304,1,106,21.55,3,0.05
108304,2,71,6.5,3,0.0
108304,3,80,24.47,6,0.15
108304,4,69,4.3,4,0.05
108305,1,85,34.76,4,0.0
108305,2,92,26.84,1,0.1
108305,3,107,46.54,2,0.1
108305,4,73,19.55,4,0.0
108306,1,61,20.25,11,0.15
108307,1,83,25.45,2,0.0
108308,1,105,5.81,9,0.0
108308,2,76,25.11,4,0.1
108309,1,92,28.74,6,0.1
108309,2,99,25.34,8,0.05
108309,3,87,26.48,2,0.0
108309,4,90,52.42,4,0.0
108309,5,110,22.92,4,0.0
108310,1,110,27.22,4,0.1
108310,2,57,44.19,6,0.15
108310,3,34,22.36,4,0.1
108310,4,11,30.27,3,0.0
108310,5,80,21.31,3,0.05
108310,6,81,25.11,2,0.15
108311,1,80,23.05,8,0.03
108311,2,12,64.34,3,0.0
108311,3,9,24.59,5,0.1
108312,1,45,11.14,3,0.15
108312,2,110,25.88,9,0.0
108312,3,83,31.0,2,0.05
108313,1,45,13.35,2,0.0
108313,2,103,31.18,3,0.0
108313,3,40,27.3,3,0.0
108313,4,91,18.12,7,0.0
108313,5,47,21.5,4,0.15
108313,6,24,48.36,8,0.05
108313,7,85,29.29,14,0.0
108313,8,97,13.54,4,0.0
108314,1,24,49.17,3,0.0
108314,2,52,44.12,2,0.0
108314,3,116,40.84,3,0.0
108315,1,110,23.57,6,0.03
108316,1,71,7.1,4,0.1
108316,2,10,54.14,1,0.0
108316,3,51,41.49,1,0.15
108316,4,12,74.7,5,0.03
108317,1,106,21.86,9,0.03
108317,2,65,10.99,7,0.0
108317,3,91,16.7,7,0.0
108318,1,60,12.48,8,0.03
108318,2,21,24.81,9,0.0
108319,1,116,38.31,5,0.15
108319,2,94,31.41,1,0.0
108319,3,65,12.72,4,0.15
108319,4,101,22.7,3,0.03
108319,5,106,21.67,2,0.1
108320,1,76,27.69,3,0.0
108320,2,40,22.56,8,0.0
108320,3,60,11.92,2,0.0
108320,4,91,18.47,8,0.0
108320,5,101,25.58,9,0.1
108321,1,75,17.3,4,0.1
108322,1,71,8.11,2,0.03
108322,2,34,24.22,4,0.05
108323,1,81,26.54,1,0.1
108323,2,74,29.96,5,0.0
108323,3,94,30.72,3,0.0
108324,1,110,26.61,11,0.15
108324,2,80,25.65,4,0.0
108324,3,8,4.92,3,0.05
108325,1,115,36.36,2,0.0
108325,2,60,10.12,2,0.05
108325,3,24,51.74,3,0.0
108326,1,14,26.82,8,0.0
108326,2,103,28.75,4,0.0
108327,1,91,17.77,5,0.0
108327,2,82,6.76,1,0.1
108327,3,61,18.78,11,0.0
108327,4,14,25.15,5,0.05
108327,5,21,30.99,2,0.0
108328,1,33,11.18,10,0.0
108328,2,101,21.23,9,0.0
108328,3,80,27.21,6,0.05
108329,1,37,16.55,5,0.0
108329,2,45,12.23,3,0.1
108330,1,49,27.91,2,0.0
108330,2,51,48.49,3,0.0
108330,3,100,63.4,9,0.0
108330,4,113,10.41,3,0.0
108330,5,94,32.56,3,0.0
108331,1,101,23.54,2,0.0
108331,2,10,53.17,9,0.0
108332,1,44,16.24,2,0.1
108332,2,51,52.4,3,0.1
108333,1,117,10.38,3,0.0
108333,2,79,18.47,1,0.0
108333,3,55,16.74,9,0.03
108333,4,49,23.14,2,0.0
108333,5,116,35.38,8,0.0
108334,1,10,47.86,7,0.05
108334,2,76,25.1,6,0.1
108334,3,54,23.63,3,0.03
108335,1,99,27.08,1,0.15
108335,2,110,24.52,3,0.0
108336,1,24,52.52,6,0.0
108336,2,97,16.01,2,0.0
108336,3,117,8.81,6,0.0
108336,4,99,28.96,1,0.0
108336,5,54,25.28,6,0.0
108337,1,94,28.65,3,0.0
108337,2,80,23.63,6,0.0
108337,3,106,19.95,3,0.0
108338,1,98,13.29,3,0.15
108338,2,72,9.04,5,0.0
108338,3,83,30.48,6,0.05
108338,4,60,12.17,1,0.0
108338,5,88,35.59,3,0.0
108338,6,71,5.75,5,0.03
108339,1,45,13.33,7,0.05
108339,2,13,39.42,2,0.1
108339,3,97,14.97,8,0.03
108339,4,19,30.69,3,0.1
108339,5,82,6.67,9,0.0
108339,6,94,30.55,2,0.0
108340,1,33,10.99,2,0.0
108340,2,83,37.06,4,0.0
108340,3,97,15.74,3,0.1
108340,4,76,21.8,1,0.05
108340,5,17,14.58,2,0.05
108341,1,53,26.03,5,0.0
108341,2,113,8.29,11,0.0
108342,1,106,19.53,1,0.05
108342,2,11,38.9,6,0.05
108342,3,81,27.56,1,0.0
108343,1,83,31.77,3,0.2
108343,2,71,8.43,9,0.05
108343,3,53,26.29,4,0.2
108343,4,113,9.75,1,0.1
108343,5,14,26.22,2,0.05
108344,1,60,10.34,4,0.0
108344,2,52,48.3,7,0.1
108344,3,110,24.35,1,0.1
108345,1,51,45.71,7,0.05
108345,2,98,12.8,8,0.0
108346,1,52,48.04,3,0.0
108346,2,72,7.44,4,0.0
108346,3,103,31.17,1,0.0
108346,4,8,4.86,1,0.0
108347,1,106,21.07,4,0.0
108347,2,86,31.22,1,0.0
108348,1,117,10.06,3,0.03
108348,2,53,23.09,6,0.0
108348,3,80,25.3,3,0.1
108348,4,32,19.31,6,0.05
108348,5,98,11.32,3,0.0
108349,1,79,18.62,2,0.0
108349,2,82,6.48,5,0.1
108349,3,32,19.24,1,0.1
108349,4,72,8.08,2,0.0
108349,5,25,12.18,4,0.05
108349,6,65,13.99,1,0.0
108349,7,116,37.4,2,0.0
108349,8,45,10.53,3,0.1
108350,1,67,33.48,3,0.0
108350,2,110,22.54,1,0.05
108350,3,97,15.6,8,0.0
108350,4,45,11.76,1,0.0
108350,5,4,7.26,4,0.0
108351,1,60,12.0,5,0.0
108351,2,63,38.11,9,0.1
108351,3,45,11.83,1,0.0
108351,4,83,36.97,5,0.0
108351,5,23,24.59,10,0.1
108351,6,116,39.49,6,0.0
108352,1,55,19.74,4,0.0
108352,2,81,23.29,5,0.0
108352,3,110,22.79,8,0.0
108352,4,11,36.07,6,0.03
108353,1,112,81.17,3,0.0
108354,1,23,23.21,2,0.0
108354,2,83,31.3,4,0.03
108354,3,17,15.08,2,0.0
108355,1,40,22.08,1,0.0
108355,2,110,23.38,2,0.0
108355,3,9,26.22,6,0.03
108356,1,43,36.35,3,0.0
108356,2,98,12.9,5,0.0
108357,1,110,27.64,5,0.0
108358,1,42,23.98,2,0.15
108358,2,94,25.0,5,0.0
108358,3,5,26.86,10,0.15
108358,4,60,14.41,10,0.05
108359,1,57,44.27,5,0.0
108359,2,101,22.84,6,0.1
108360,1,71,7.74,7,0.0
108360,2,93,24.42,6,0.15
108361,1,19,25.14,5,0.1
108362,1,40,22.16,9,0.0
108362,2,67,29.61,5,0.0
108362,3,97,15.75,2,0.1
108363,1,58,7.76,4,0.0
108363,2,40,23.55,6,0.15
108363,3,28,6.93,3,0.0
108363,4,113,9.83,5,0.0
108363,5,66,6.97,3,0.1
108364,1,110,23.41,7,0.0
108364,2,96,83.51,5,0.0
108365,1,82,6.77,2,0.1
108365,2,53,24.41,10,0.0
108366,1,55,20.16,5,0.0
108366,2,22,17.76,3,0.0
108367,1,16,5.56,2,0.05
108368,1,114,24.56,3,0.1
108368,2,83,30.76,2,0.0
108368,3,24,53.04,4,0.0
108368,4,94,31.92,3,0.03
108369,1,81,25.77,2,0.0
108369,2,99,25.06,7,0.15
108369,3,63,36.87,10,0.0
108370,1,53,22.65,2,0.05
108370,2,45,12.38,2,0.0
108370,3,70,11.08,4,0.1
108371,1,78,9.86,2,0.0
108371,2,71,7.12,2,0.0
108371,3,72,8.22,5,0.1
108371,4,94,33.96,3,0.0
108371,5,103,29.14,8,0.0
108372,1,69,4.19,7,0.0
108372,2,72,7.25,4,0.0
108372,3,60,10.52,2,0.0
108372,4,52,49.66,2,0.1
108373,1,41,51.18,2,0.0
108373,2,45,11.87,1,0.0
108374,1,61,20.82,4,0.0
108374,2,116,31.17,8,0.0
108374,3,72,7.82,7,0.03
108374,4,73,18.3,6,0.0
108374,5,45,12.37,4,0.03
108374,6,97,13.51,1,0.0
108375,1,60,13.41,10,0.05
108375,2,52,52.7,3,0.2
108375,3,27,8.75,1,0.15
108376,1,71,7.1,5,0.0
108376,2,21,30.62,4,0.1
108376,3,99,28.62,3,0.0
108377,1,8,5.22,3,0.0
108377,2,90,48.67,4,0.0
108378,1,65,12.65,3,0.0
108379,1,44,14.34,5,0.0
108379,2,51,51.72,7,0.0
108379,3,120,4.87,2,0.0
108379,4,9,25.85,2,0.03
108380,1,18,16.63,11,0.03
108380,2,117,9.8,4,0.0
108381,1,72,9.13,3,0.0
108381,2,67,35.03,2,0.0
108382,1,19,26.04,3,0.05
108383,1,21,30.17,5,0.0
108384,1,45,12.54,7,0.05
108384,2,79,21.31,15,0.0
108384,3,78,10.36,3,0.1
108384,4,24,55.37,3,0.0
108385,1,60,11.14,2,0.0
108385,2,9,24.28,6,0.05
108385,3,2,29.62,6,0.0
108385,4,76,26.92,1,0.0
108386,1,55,19.46,1,0.0
108386,2,106,17.57,6,0.2
108387,1,7,14.16,3,0.1
108387,2,45,11.76,9,0.1
108388,1,49,27.99,6,0.03
108388,2,1,26.02,5,0.0
108388,3,83,29.91,6,0.1
108389,1,5,23.85,2,0.0
108389,2,8,5.06,3,0.03
108389,3,14,27.02,5,0.0
108389,4,81,25.08,5,0.0
108389,5,82,7.27,5,0.05
108389,6,104,29.09,2,0.0
108389,7,116,40.16,18,0.0
108390,1,62,33.45,3,0.0
108390,2,36,34.3,2,0.0
108390,3,101,23.49,3,0.0
108390,4,65,12.94,6,0.0
108391,1,82,6.31,5,0.0
108391,2,104,26.49,1,0.0
108391,3,72,9.31,6,0.0
108391,4,45,11.2,5,0.0
108391,5,108,32.84,2,0.05
108392,1,4,6.03,5,0.0
108392,2,97,14.44,1,0.15
108392,3,5,23.5,3,0.03
108392,4,32,19.9,4,0.03
108392,5,69,4.27,3,0.1
108393,1,76,24.35,3,0.03
108393,2,72,8.53,1,0.0
108394,1,40,21.3,2,0.05
108394,2,34,24.1,3,0.03
108395,1,5,27.24,1,0.03
108395,2,98,11.56,1,0.1
108395,3,68,26.8,8,0.0
108395,4,63,39.19,7,0.05
108395,5,80,22.11,4,0.03
108396,1,72,8.48,2,0.05
108396,2,110,26.54,2,0.03
108397,1,116,38.01,4,0.0
108397,2,69,3.75,8,0.0
108398,1,98,12.29,2,0.0
108399,1,117,10.23,5,0.0
108399,2,36,29.73,3,0.0
108399,3,33,10.34,3,0.0
108400,1,85,35.2,6,0.0
108400,2,114,25.65,2,0.03
108401,1,103,23.62,2,0.0
108402,1,72,8.39,2,0.05
108402,2,1,28.03,2,0.0
108402,3,97,13.78,3,0.03
108402,4,112,77.02,1,0.0
108403,1,33,11.63,9,0.05
108403,2,64,23.19,2,0.0
108403,3,14,24.72,3,0.0
108404,1,59,20.92,4,0.0
108404,2,28,7.03,3,0.0
108404,3,92,29.12,7,0.0
108405,1,51,42.09,8,0.0
108405,2,59,20.7,6,0.15
108405,3,65,10.45,8,0.03
108406,1,80,21.23,3,0.0
108406,2,110,25.95,10,0.0
108407,1,40,25.77,4,0.0
108407,2,89,17.89,14,0.05
108407,3,105,5.43,2,0.0
108407,4,32,19.03,6,0.1
108407,5,44,15.56,4,0.05
108408,1,99,26.07,3,0.0
108408,2,60,13.1,3,0.0
108408,3,54,24.16,6,0.1
108408,4,10,53.02,3,0.0
108408,5,116,38.63,3,0.0
108409,1,80,21.66,1,0.0
108409,2,64,26.12,2,0.0
108409,3,76,24.09,4,0.0
108409,4,81,27.13,2,0.0
108409,5,40,23.77,4,0.0
108410,1,8,4.83,4,0.0
108410,2,94,27.92,1,0.0
108410,3,97,14.5,2,0.2
108410,4,76,21.96,4,0.0
108411,1,45,11.21,6,0.05
108411,2,116,42.16,5,0.0
108411,3,82,6.59,3,0.0
108411,4,44,15.47,3,0.0
108412,1,1,28.62,1,0.15
108412,2,105,5.75,2,0.1
108412,3,21,28.67,7,0.0
108412,4,26,16.73,7,0.05
108413,1,106,24.32,2,0.1
108413,2,82,6.31,12,0.03
108414,1,36,32.3,4,0.0
108414,2,94,30.44,6,0.0
108415,1,104,26.57,2,0.1
108415,2,101,24.5,4,0.15
108415,3,71,6.95,4,0.0
108415,4,43,40.48,3,0.03
108415,5,64,22.56,2,0.0
108416,1,53,23.33,2,0.0
108416,2,81,22.85,3,0.0
108416,3,58,7.72,4,0.0
108416,4,41,49.31,2,0.0
108416,5,50,12.33,2,0.0
108417,1,97,14.35,3,0.05
108417,2,24,40.46,2,0.0
108417,3,51,48.78,1,0.0
108417,4,70,13.83,2,0.0
108417,5,103,28.71,2,0.05
108417,6,17,13.91,5,0.0
108418,1,108,40.34,8,0.0
108418,2,96,79.03,4,0.03
108418,3,72,8.73,1,0.0
108418,4,99,25.51,5,0.0
108419,1,67,31.03,4,0.03
108419,2,72,8.24,7,0.05
108419,3,24,44.92,3,0.15
108420,1,45,12.43,2,0.0
108420,2,101,23.89,1,0.0
108420,3,3,64.39,10,0.0
108420,4,117,9.1,5,0.0
108421,1,64,24.17,7,0.05
108421,2,110,30.09,6,0.0
108421,3,65,11.46,7,0.03
108422,1,27,10.38,3,0.05
108422,2,40,23.8,4,0.1
108422,3,76,25.5,4,0.0
108422,4,100,58.52,4,0.05
108423,1,72,8.94,8,0.1
108423,2,15,12.01,5,0.05
108423,3,51,50.72,8,0.0
108424,1,106,22.66,3,0.0
108424,2,53,22.95,4,0.1
108424,3,97,13.69,3,0.0
108424,4,110,25.21,6,0.0
108425,1,103,26.53,4,0.0
108425,2,89,17.48,2,0.0
108425,3,113,10.65,5,0.0
108425,4,83,27.43,4,0.03
108426,1,23,21.76,12,0.03
108426,2,110,25.78,9,0.05
108426,3,61,18.04,4,0.0
108427,1,71,8.42,2,0.0
108427,2,45,11.56,3,0.0
108427,3,9,27.24,5,0.0
108427,4,31,4.63,3,0.0
108427,5,21,27.87,7,0.0
108428,1,57,48.03,4,0.0
108428,2,103,26.3,5,0.0
108428,3,8,5.96,5,0.0
108429,1,83,27.31,3,0.05
108429,2,32,16.74,4,0.0
108429,3,80,23.94,7,0.05
108429,4,53,26.11,8,0.0
108430,1,101,23.04,2,0.03
108430,2,89,17.68,4,0.1
108430,3,72,7.92,9,0.15
108430,4,4,7.54,2,0.1
108430,5,82,6.23,1,0.0
108430,6,15,12.66,4,0.0
108430,7,1,28.04,6,0.1
108431,1,34,24.02,1,0.0
108431,2,89,17.55,5,0.1
108432,1,70,12.25,4,0.15
108432,2,71,5.49,3,0.15
108433,1,21,28.5,4,0.0
108433,2,81,24.72,1,0.05
108433,3,79,21.43,1,0.1
108433,4,57,51.06,2,0.0
108434,1,45,12.53,1,0.1
108434,2,114,26.02,1,0.03
108434,3,80,24.48,4,0.0
108434,4,67,29.82,2,0.05
108434,5,105,5.23,4,0.0
108434,6,82,6.69,3,0.0
108435,1,21,24.31,8,0.0
108435,2,116,43.8,4,0.0
108435,3,14,24.38,1,0.0
108435,4,95,19.97,3,0.1
108436,1,78,10.09,4,0.1
108436,2,8,4.4,6,0.0
108436,3,83,33.18,3,0.0
108436,4,65,11.62,2,0.0
108437,1,9,20.95,2,0.0
108437,2,1,28.68,5,0.1
108437,3,90,55.26,1,0.0
108438,1,49,27.36,2,0.15
108438,2,47,23.58,2,0.15
108438,3,71,7.13,3,0.2
108438,4,108,33.48,2,0.0
108438,5,116,34.16,4,0.0
108438,6,2,24.12,5,0.0
108439,1,67,30.32,5,0.0
108439,2,97,15.23,13,0.0
108439,3,15,11.87,8,0.0
108440,1,53,25.58,4,0.0
108441,1,91,16.67,5,0.1
108441,2,2,30.39,6,0.0
108441,3,110,23.71,5,0.0
108441,4,41,49.47,7,0.03
108441,5,36,29.6,3,0.05
108442,1,32,15.69,3,0.0
108442,2,97,15.25,3,0.0
108442,3,78,8.6,3,0.0
108442,4,49,26.01,2,0.0
108443,1,87,28.2,2,0.05
108443,2,11,30.55,5,0.03
108443,3,64,24.09,3,0.2
108443,4,80,19.65,4,0.0
108444,1,40,26.56,3,0.0
108444,2,71,7.24,8,0.03
108445,1,45,11.6,3,0.03
108445,2,8,4.35,4,0.0
108445,3,58,9.52,1,0.0
108446,1,27,10.33,2,0.0
108446,2,2,32.42,8,0.1
108446,3,97,14.83,3,0.1
108446,4,56,26.77,1,0.05
108447,1,101,23.29,1,0.05
108448,1,90,50.92,2,0.0
108448,2,47,21.48,4,0.05
108448,3,44,16.11,1,0.0
108448,4,96,64.56,2,0.0
108448,5,32,18.57,3,0.1
108449,1,45,11.68,2,0.05
108449,2,109,3.55,2,0.0
108449,3,99,23.82,11,0.0
108449,4,117,8.68,2,0.03
108449,5,81,21.69,1,0.03
108450,1,76,24.28,1,0.1
108450,2,92,28.92,6,0.1
108450,3,52,49.41,9,0.0
108450,4,85,27.33,2,0.0
108450,5,27,10.01,9,0.1
108451,1,89,16.06,8,0.0
108451,2,71,8.2,10,0.03
108451,3,24,43.41,6,0.03
108451,4,60,12.26,6,0.0
108451,5,97,15.45,3,0.0
108451,6,23,24.18,4,0.0
108451,7,112,82.28,10,0.0
108452,1,106,20.65,4,0.0
108452,2,90,52.18,2,0.0
108453,1,71,7.68,4,0.0
108453,2,16,4.89,7,0.1
108453,3,45,13.56,5,0.0
108453,4,40,23.09,3,0.0
108453,5,21,27.97,3,0.0
108453,6,117,8.53,3,0.1
108453,7,44,13.11,6,0.0
108453,8,82,7.47,5,0.1
108454,1,94,32.86,4,0.0
108454,2,65,11.35,5,0.1
108454,3,107,46.84,5,0.05
108454,4,55,20.85,6,0.0
108455,1,97,14.42,1,0.0
108455,2,53,25.49,4,0.0
108455,3,81,24.37,5,0.0
108456,1,83,35.19,5,0.0
108457,1,22,17.15,4,0.05
108457,2,23,26.0,3,0.0
108457,3,97,13.68,3,0.0
108457,4,110,21.46,5,0.0
108458,1,56,28.04,1,0.1
108458,2,106,19.14,7,0.0
108458,3,8,4.65,6,0.0
108459,1,81,26.27,2,0.03
108459,2,22,16.02,6,0.0
108459,3,39,113.14,2,0.0
108460,1,54,24.46,4,0.0
108460,2,71,6.81,3,0.05
108460,3,47,18.78,11,0.03
108460,4,113,9.85,4,0.15
108460,5,44,17.39,6,0.0
108461,1,85,27.18,3,0.1
108461,2,16,4.28,3,0.0
108461,3,41,51.92,6,0.0
108462,1,30,4.44,2,0.05
108462,2,66,6.92,5,0.0
108462,3,68,26.49,3,0.1
108463,1,117,9.53,3,0.0
108463,2,81,22.73,3,0.05
108463,3,11,35.98,1,0.1
108463,4,104,23.76,2,0.0
108464,1,101,25.94,4,0.0
108465,1,44,13.26,7,0.15
108466,1,120,4.92,1,0.03
108466,2,8,4.61,2,0.0
108466,3,82,7.07,5,0.05
108466,4,43,36.14,5,0.0
108467,1,52,45.95,3,0.0
108467,2,6,11.77,1,0.0
108467,3,60,12.24,4,0.1
108468,1,72,8.17,3,0.05
108468,2,120,4.56,5,0.1
108468,3,79,20.08,8,0.0
108468,4,10,53.43,1,0.15
108468,5,107,41.71,4,0.0
108469,1,27,9.32,1,0.1
108469,2,58,8.15,9,0.0
108469,3,45,11.4,5,0.0
108469,4,110,23.84,3,0.1
108470,1,116,39.92,2,0.0
108470,2,44,15.63,4,0.0
108471,1,87,24.27,3,0.0
108471,2,86,27.62,3,0.1
108472,1,79,21.62,5,0.0
108472,2,100,62.69,3,0.1
108472,3,99,24.85,5,0.05
108472,4,89,18.46,10,0.05
108473,1,40,23.87,7,0.05
108473,2,87,29.16,3,0.0
108473,3,104,28.6,3,0.1
108474,1,88,35.51,2,0.1
108474,2,14,23.99,7,0.1
108474,3,34,25.88,4,0.0
108475,1,116,48.04,6,0.03
108475,2,23,21.66,1,0.0
108475,3,80,26.39,3,0.03
108476,1,72,9.44,7,0.1
108476,2,66,8.41,4,0.0
108476,3,83,29.58,3,0.15
108476,4,81,24.22,2,0.0
108477,1,45,11.02,8,0.0
108477,2,9,26.13,8,0.0
108477,3,80,25.77,6,0.0
108477,4,71,7.77,3,0.03
108478,1,46,18.64,6,0.0
108478,2,51,40.78,5,0.0
108478,3,107,42.36,6,0.15
108478,4,90,54.47,2,0.05
108478,5,117,8.77,1,0.0
108478,6,81,23.71,4,0.03
108479,1,17,14.34,4,0.0
108479,2,45,10.75,1,0.0
108479,3,16,5.47,4,0.0
108479,4,89,18.13,2,0.0
108480,1,58,7.73,2,0.0
108481,1,47,21.42,6,0.0
108481,2,27,9.79,5,0.0
108481,3,8,4.92,2,0.1
108482,1,72,8.75,6,0.03
108482,2,116,42.0,4,0.15
108482,3,47,19.98,1,0.15
108483,1,9,23.75,3,0.0
108483,2,113,10.13,4,0.0
108483,3,109,3.45,4,0.0
108483,4,34,25.24,2,0.0
108483,5,25,10.79,4,0.0
108484,1,113,10.19,3,0.05
108484,2,71,7.72,1,0.0
108484,3,56,27.19,5,0.0
108485,1,25,13.24,5,0.05
108485,2,79,21.23,2,0.03
108485,3,107,38.53,2,0.05
108486,1,120,4.25,4,0.0
108486,2,16,4.53,3,0.0
108486,3,71,7.19,6,0.0
108486,4,81,21.9,2,0.0
108487,1,90,46.83,4,0.0
108487,2,89,18.85,2,0.0
108487,3,72,8.04,2,0.05
108488,1,85,27.65,5,0.03
108488,2,116,38.67,6,0.0
108488,3,40,25.62,1,0.05
108488,4,10,55.16,5,0.05
108488,5,4,6.87,2,0.0
108489,1,80,22.41,4,0.0
108489,2,113,10.03,6,0.15
108489,3,98,11.99,1,0.0
108489,4,44,14.17,2,0.05
108490,1,5,25.76,3,0.0
108490,2,24,52.33,1,0.0
108490,3,95,16.62,2,0.0
108491,1,22,15.13,1,0.0
108491,2,33,10.36,5,0.0
108491,3,48,37.4,1,0.0
108491,4,75,18.06,5,0.03
108491,5,45,12.61,3,0.0
108492,1,91,19.48,4,0.0
108492,2,1,29.2,12,0.05
108492,3,101,21.59,3,0.0
108493,1,45,12.81,1,0.0
108493,2,108,36.93,2,0.05
108493,3,81,21.08,2,0.05
108493,4,80,22.93,12,0.0
108494,1,65,12.04,3,0.03
108494,2,91,19.16,5,0.15
108494,3,15,10.9,4,0.1
108495,1,69,4.25,1,0.0
108495,2,44,15.99,4,0.0
108495,3,40,25.45,11,0.05
108495,4,53,25.23,5,0.03
108496,1,102,23.19,5,0.03
108496,2,8,5.29,2,0.0
108497,1,60,12.56,6,0.0
108497,2,114,27.19,7,0.03
108497,3,65,14.52,3,0.0
108497,4,40,23.65,4,0.05
108498,1,22,14.7,5,0.1
108498,2,60,11.85,3,0.0
108498,3,110,24.51,7,0.1
108499,1,71,6.82,8,0.1
108499,2,11,30.54,10,0.1
108499,3,68,24.0,2,0.0
108499,4,112,67.49,7,0.0
108499,5,8,5.11,4,0.15
108500,1,115,31.65,2,0.0
108500,2,99,27.3,1,0.05
108500,3,72,8.7,3,0.05
108501,1,94,28.7,4,0.1
108502,1,67,28.5,5,0.03
108502,2,24,44.79,1,0.03
108502,3,15,11.08,5,0.0
108503,1,101,25.45,6,0.0
108503,2,79,19.07,3,0.1
108503,3,57,47.03,1,0.1
108503,4,77,30.19,3,0.15
108504,1,82,6.23,4,0.1
108504,2,52,47.5,4,0.15
108504,3,24,48.76,3,0.0
108504,4,104,25.7,9,0.0
108505,1,39,107.14,2,0.1
108506,1,8,4.78,5,0.0
108506,2,110,26.78,7,0.1
108506,3,11,33.52,2,0.1
108506,4,38,23.5,2,0.0
108506,5,33,10.49,1,0.05
108507,1,79,18.89,6,0.0
108507,2,75,17.3,3,0.0
108507,3,34,25.93,4,0.0
108507,4,97,15.8,9,0.0
108508,1,71,6.95,4,0.05
108508,2,97,15.65,6,0.0
108508,3,70,11.54,3,0.1
108508,4,46,19.29,2,0.0
108508,5,118,23.16,8,0.0
108509,1,51,51.95,1,0.0
108509,2,106,18.9,1,0.0
108509,3,76,25.06,4,0.0
108509,4,20,35.31,5,0.0
108510,1,51,44.63,2,0.1
108510,2,80,22.84,3,0.0
108510,3,106,20.89,1,0.05
108510,4,45,10.59,1,0.0
108511,1,86,26.55,2,0.0
108511,2,97,16.58,1,0.0
108511,3,83,32.29,1,0.03
108511,4,45,11.74,2,0.0
108511,5,117,9.29,2,0.0
108511,6,9,23.5,3,0.0
108511,7,82,6.01,9,0.0
108512,1,44,14.17,3,0.03
108512,2,45,13.87,15,0.1
108512,3,25,12.47,2,0.0
108513,1,70,10.94,2,0.0
108513,2,39,100.69,4,0.0
108513,3,45,13.19,3,0.0
108514,1,15,10.15,4,0.1
108514,2,6,11.06,6,0.1
108515,1,110,26.59,3,0.05
108515,2,67,34.79,6,0.0
108515,3,98,12.47,6,0.1
108516,1,13,39.21,5,0.0
108516,2,41,47.77,2,0.0
108516,3,38,23.47,2,0.0
108517,1,71,7.41,6,0.0
108517,2,76,24.31,5,0.03
108517,3,45,13.21,1,0.1
108517,4,81,27.18,7,0.03
108517,5,72,9.02,1,0.1
108518,1,45,12.16,4,0.05
108518,2,68,26.83,7,0.1
108519,1,42,22.13,2,0.0
108519,2,51,45.71,2,0.0
108519,3,83,30.72,2,0.0
108519,4,40,25.12,1,0.0
108520,1,29,51.44,3,0.05
108520,2,72,7.92,2,0.0
108520,3,109,3.94,2,0.0
108521,1,50,10.55,2,0.05
108521,2,60,11.2,1,0.1
108521,3,65,10.58,2,0.0
108521,4,72,9.68,2,0.05
108521,5,35,31.84,2,0.0
108521,6,109,3.58,5,0.0
108521,7,98,12.86,3,0.0
108521,8,104,28.37,3,0.03
108522,1,79,20.36,3,0.15
108522,2,51,48.03,5,0.2
108522,3,52,48.87,4,0.0
108523,1,81,23.67,7,0.0
108524,1,12,82.47,5,0.05
108524,2,82,6.26,1,0.0
108524,3,71,7.57,8,0.0
108524,4,19,30.86,5,0.0
108524,5,53,23.33,5,0.05
108524,6,22,13.66,11,0.0
108524,7,83,30.41,1,0.0
108525,1,40,24.86,7,0.0
108525,2,97,14.05,5,0.03
108526,1,50,10.31,5,0.0
108526,2,53,25.92,5,0.05
108526,3,95,16.07,1,0.15
108527,1,54,24.47,3,0.0
108527,2,58,7.33,3,0.1
108527,3,106,17.69,4,0.0
108527,4,45,12.32,7,0.1
108527,5,116,37.56,1,0.0
108527,6,52,46.93,1,0.0
108527,7,14,24.84,5,0.1
108528,1,101,21.86,3,0.05
108528,2,84,13.37,4,0.0
108528,3,46,17.38,6,0.05
108529,1,76,25.28,3,0.0
108529,2,80,24.55,1,0.1
108529,3,104,29.66,3,0.03
108529,4,98,12.52,6,0.05
108529,5,11,32.85,2,0.0
108530,1,102,20.72,5,0.1
108530,2,83,26.75,5,0.15
108530,3,71,6.97,6,0.0
108531,1,110,25.52,2,0.05
108531,2,25,13.54,2,0.2
108531,3,11,34.15,4,0.0
108531,4,60,13.09,5,0.0
108531,5,23,22.98,5,0.05
108532,1,8,5.27,8,0.0
108532,2,107,37.87,3,0.05
108532,3,44,14.48,2,0.15
108532,4,68,28.77,2,0.0
108532,5,113,10.27,8,0.03
108532,6,70,12.24,2,0.1
108533,1,72,9.28,3,0.0
108533,2,79,20.35,8,0.05
108533,3,44,15.15,2,0.0
108533,4,8,5.29,4,0.05
108534,1,91,17.18,3,0.0
108534,2,77,30.43,2,0.05
108534,3,44,15.37,1,0.0
108534,4,39,93.03,2,0.0
108534,5,24,46.68,4,0.1
108534,6,36,33.24,2,0.03
108535,1,80,20.6,5,0.05
108535,2,97,12.56,5,0.0
108535,3,83,35.06,7,0.05
108535,4,45,12.06,3,0.03
108535,5,99,27.46,1,0.0
108535,6,71,7.46,5,0.05
108535,7,87,26.8,3,0.0
108536,1,110,25.23,4,0.1
108536,2,70,12.83,2,0.05
108537,1,24,51.22,4,0.0
108538,1,4,7.4,2,0.0
108538,2,25,10.74,11,0.15
108539,1,76,25.38,6,0.03
108539,2,99,25.23,3,0.0
108539,3,110,28.89,10,0.0
108540,1,45,11.57,2,0.15
108540,2,98,12.4,2,0.0
108540,3,60,12.57,3,0.1
108540,4,59,20.96,4,0.0
108540,5,79,19.64,4,0.0
108540,6,112,70.54,5,0.15
108541,1,81,24.02,6,0.0
108541,2,53,25.19,4,0.0
108542,1,5,27.7,1,0.0
108542,2,10,53.81,3,0.05
108542,3,76,24.08,5,0.0
108542,4,98,11.69,3,0.0
108543,1,60,12.67,7,0.0
108543,2,103,27.04,1,0.0
108544,1,35,29.53,16,0.0
108544,2,53,26.46,5,0.0
108544,3,72,8.01,10,0.0
108545,1,55,18.42,2,0.0
108545,2,24,55.35,2,0.0
108545,3,60,12.29,1,0.03
108546,1,26,16.94,4,0.0
108546,2,63,35.74,3,0.15
108547,1,117,8.98,10,0.0
108547,2,102,21.86,8,0.0
108548,1,33,11.04,6,0.1
108548,2,45,12.34,9,0.05
108548,3,87,30.51,3,0.0
108548,4,71,6.93,7,0.0
108549,1,36,29.43,4,0.05
108549,2,110,26.28,1,0.05
108549,3,2,25.59,4,0.0
108550,1,53,27.1,2,0.05
108550,2,81,23.13,6,0.05
108550,3,38,31.07,8,0.0
108550,4,110,25.75,5,0.15
108551,1,110,22.57,4,0.0
108551,2,68,22.85,4,0.05
108552,1,4,7.5,3,0.1
108552,2,14,26.03,11,0.0
108553,1,57,48.7,11,0.0
108553,2,60,14.19,3,0.0
108554,1,106,22.02,6,0.0
108554,2,27,9.29,1,0.0
108554,3,8,5.01,3,0.03
108554,4,20,30.01,3,0.05
108555,1,45,13.59,7,0.05
108555,2,32,16.24,2,0.0
108555,3,40,24.23,3,0.1
108555,4,69,4.37,6,0.05
108556,1,31,5.7,6,0.1
108556,2,36,34.96,5,0.0
108557,1,65,11.48,6,0.05
108558,1,80,24.02,2,0.0
108558,2,78,10.4,9,0.1
108558,3,72,7.93,1,0.0
108559,1,106,18.94,5,0.03
108559,2,109,4.1,6,0.1
108559,3,110,25.44,6,0.1
108560,1,117,10.72,1,0.0
108560,2,40,24.39,2,0.05
108560,3,65,11.11,4,0.0
108560,4,89,17.5,4,0.0
108561,1,58,8.25,8,0.0
108562,1,116,34.95,1,0.0
108562,2,117,9.34,2,0.0
108562,3,72,9.22,4,0.0
108563,1,105,5.8,8,0.0
108563,2,31,4.53,12,0.0
108564,1,45,11.01,6,0.05
108565,1,52,45.66,5,0.0
108565,2,9,27.02,1,0.1
108565,3,29,48.96,2,0.0
108566,1,55,19.04,3,0.0
108566,2,33,10.74,2,0.0
108566,3,97,14.11,3,0.0
108566,4,45,11.03,7,0.05
108567,1,71,6.05,1,0.03
108567,2,45,10.48,5,0.05
108567,3,25,11.66,1,0.03
108567,4,31,4.6,9,0.05
108567,5,116,40.27,10,0.0
108568,1,91,20.34,7,0.05
108569,1,93,25.92,1,0.0
108569,2,52,41.69,5,0.05
108569,3,40,24.09,5,0.0
108569,4,27,9.58,4,0.05
108570,1,83,30.43,4,0.0
108570,2,65,10.34,3,0.0
108570,3,15,10.28,6,0.0
108570,4,5,26.75,3,0.1
108571,1,58,9.51,5,0.0
108571,2,87,27.21,4,0.1
108572,1,28,6.71,6,0.15
108572,2,96,77.59,3,0.1
108573,1,98,11.87,4,0.1
108573,2,53,21.21,15,0.15
108574,1,82,6.67,2,0.1
108574,2,34,22.72,3,0.0
108574,3,59,22.07,7,0.03
108575,1,45,11.64,7,0.05
108575,2,97,15.28,3,0.1
108575,3,40,27.54,13,0.1
108575,4,79,21.63,10,0.03
108575,5,24,47.27,6,0.0
108576,1,117,9.44,2,0.0
108576,2,63,38.54,5,0.0
108576,3,98,12.09,2,0.05
108576,4,19,25.07,1,0.0
108576,5,14,25.41,4,0.15
108576,6,50,11.38,7,0.0
108577,1,54,21.97,3,0.0
108577,2,52,44.55,2,0.0
108577,3,59,17.95,3,0.05
108577,4,105,5.83,4,0.0
108577,5,34,22.67,8,0.05
108578,1,45,12.41,11,0.0
108578,2,67,28.43,1,0.15
108578,3,56,27.97,5,0.0
108579,1,51,50.9,3,0.0
108579,2,21,28.51,3,0.0
108580,1,96,86.52,4,0.1
108581,1,41,53.79,8,0.03
108581,2,89,16.75,4,0.0
108581,3,11,37.23,3,0.1
108582,1,66,7.67,2,0.0
108582,2,27,8.31,3,0.03
108582,3,17,14.76,4,0.0
108582,4,97,14.54,5,0.15
108583,1,14,28.4,5,0.0
108583,2,69,4.21,3,0.0
108584,1,76,19.16,3,0.15
108584,2,44,14.56,3,0.0
108584,3,95,17.69,3,0.0
108585,1,59,22.2,4,0.05
108585,2,40,21.09,4,0.03
108585,3,47,24.69,3,0.0
108585,4,46,16.81,7,0.0
108586,1,111,91.34,4,0.0
108586,2,27,10.24,2,0.15
108587,1,79,18.57,6,0.15
108587,2,95,20.45,3,0.03
108588,1,116,37.39,1,0.05
108588,2,87,28.15,8,0.0
108589,1,60,13.3,5,0.0
108589,2,17,14.56,3,0.0
108589,3,78,9.86,12,0.0
108590,1,24,51.4,2,0.0
108590,2,43,35.65,9,0.0
108590,3,72,8.69,3,0.0
108591,1,117,8.93,4,0.0
108592,1,107,39.17,8,0.1
108592,2,57,40.18,6,0.2
108592,3,47,20.22,4,0.0
108592,4,85,34.81,1,0.1
108593,1,92,28.47,3,0.0
108593,2,91,19.02,4,0.0
108593,3,53,21.63,6,0.0
108593,4,83,33.41,4,0.0
108594,1,116,36.99,4,0.0
108594,2,111,95.21,1,0.0
108594,3,98,13.52,4,0.1
108594,4,117,8.94,5,0.0
108594,5,26,16.67,2,0.03
108595,1,101,20.27,2,0.05
108595,2,11,37.1,1,0.1
108596,1,59,20.83,6,0.0
108596,2,72,8.59,1,0.0
108596,3,108,32.85,8,0.0
108596,4,45,13.44,1,0.1
108596,5,69,4.34,8,0.0
108597,1,110,25.81,4,0.0
108597,2,107,48.39,6,0.0
108597,3,1,25.08,4,0.0
108597,4,78,9.81,5,0.0
108597,5,71,7.59,10,0.0
108598,1,97,15.86,5,0.0
108598,2,81,23.27,1,0.2
108598,3,60,12.74,3,0.0
108599,1,6,10.69,13,0.1
108599,2,71,7.76,1,0.0
108599,3,58,8.02,2,0.0
108600,1,98,12.4,3,0.05
108600,2,79,19.8,5,0.0
108600,3,45,11.43,5,0.0
108600,4,51,47.47,2,0.0
108600,5,116,38.17,6,0.05
108601,1,46,16.33,4,0.03
108601,2,109,3.44,1,0.0
108601,3,87,24.61,8,0.15
108601,4,2,29.97,5,0.0
108602,1,8,4.4,6,0.0
108602,2,103,26.34,9,0.15
108602,3,78,9.81,7,0.03
108602,4,67,29.0,4,0.0
108602,5,55,19.38,3,0.15
108602,6,110,25.23,3,0.1
108603,1,96,76.81,2,0.0
108603,2,16,4.92,3,0.0
108603,3,52,41.11,2,0.0
108603,4,40,24.5,4,0.05
108603,5,60,13.45,2,0.2
108603,6,105,5.15,2,0.03
108603,7,92,30.22,2,0.0
108603,8,88,41.58,5,0.0
108604,1,83,30.45,8,0.0
108604,2,106,21.61,6,0.0
108604,3,17,16.88,4,0.0
108604,4,116,37.98,2,0.1
108604,5,90,56.73,2,0.05
108605,1,55,16.28,5,0.05
108605,2,83,28.0,1,0.0
108606,1,15,11.26,4,0.0
108606,2,10,49.24,5,0.0
108606,3,8,5.05,3,0.0
108606,4,45,12.79,9,0.03
108606,5,79,20.19,1,0.1
108607,1,12,80.42,5,0.1
108607,2,27,9.5,5,0.0
108608,1,110,25.58,1,0.0
108608,2,116,40.2,5,0.05
108608,3,79,21.27,4,0.0
108608,4,9,25.03,8,0.0
108608,5,25,12.0,6,0.1
108609,1,82,7.1,3,0.0
108609,2,55,19.82,1,0.0
108609,3,42,20.55,4,0.0
108609,4,98,12.09,1,0.0
108610,1,100,68.66,1,0.0
108611,1,69,4.02,3,0.05
108611,2,66,8.24,1,0.0
108612,1,23,21.62,1,0.0
108612,2,109,3.98,4,0.0
108612,3,34,25.13,4,0.0
108612,4,116,40.12,7,0.03
108612,5,26,14.06,4,0.0
108613,1,110,27.5,8,0.0
108614,1,97,15.11,5,0.1
108614,2,79,18.97,2,0.05
108614,3,116,38.59,2,0.0
108615,1,45,12.02,8,0.0
108616,1,24,45.87,5,0.0
108616,2,23,25.11,6,0.03
108617,1,60,11.73,2,0.1
108617,2,76,23.88,3,0.0
108617,3,40,21.48,4,0.0
108618,1,117,9.18,4,0.05
108618,2,44,16.44,6,0.0
108618,3,1,25.09,2,0.0
108618,4,79,21.31,5,0.05
108618,5,106,23.41,5,0.05
108619,1,51,46.13,3,0.0
108619,2,71,6.18,1,0.15
108619,3,44,17.86,4,0.0
108619,4,116,40.41,2,0.03
108619,5,16,4.91,5,0.03
108620,1,47,22.85,2,0.0
108620,2,105,5.38,9,0.0
108620,3,59,23.65,3,0.1
108621,1,53,24.11,2,0.0
108621,2,58,7.52,3,0.1
108621,3,67,33.58,4,0.0
108621,4,1,26.49,5,0.05
108621,5,45,12.62,3,0.0
108622,1,81,20.26,1,0.0
108622,2,89,15.59,5,0.0
108622,3,85,31.04,2,0.0
108622,4,72,8.64,5,0.0
108622,5,45,12.31,1,0.0
108623,1,67,32.87,3,0.0
108623,2,71,6.38,3,0.05
108623,3,53,23.51,5,0.15
108623,4,44,16.91,6,0.03
108623,5,45,12.18,4,0.0
108623,6,28,6.57,6,0.1
108624,1,8,4.98,6,0.1
108624,2,83,30.77,3,0.1
108624,3,34,25.87,5,0.0
108624,4,3,60.0,2,0.05
108625,1,14,26.15,1,0.0
108625,2,111,99.87,3,0.1
108625,3,8,5.59,3,0.15
108626,1,81,26.96,8,0.0
108626,2,105,5.55,2,0.03
108626,3,44,17.44,10,0.1
108626,4,110,24.39,1,0.0
108626,5,98,14.9,10,0.1
108627,1,8,5.26,9,0.03
108627,2,23,26.83,3,0.03
108627,3,105,6.26,7,0.0
108627,4,57,52.22,6,0.0
108627,5,90,62.46,6,0.1
108627,6,65,10.25,2,0.1
108628,1,71,7.31,6,0.0
108628,2,31,4.57,2,0.0
108628,3,42,21.23,3,0.05
108628,4,69,3.93,2,0.0
108629,1,110,22.04,5,0.05
108629,2,32,20.35,4,0.05
108630,1,78,9.46,2,0.0
108630,2,14,27.01,3,0.05
108631,1,59,20.32,2,0.0
108631,2,55,18.25,2,0.0
108632,1,116,36.39,2,0.1
108633,1,112,76.9,2,0.15
108633,2,87,24.56,4,0.0
108633,3,45,12.2,2,0.0
108633,4,106,17.92,3,0.0
108634,1,112,77.43,1,0.0
108634,2,97,14.63,3,0.0
108635,1,8,4.4,2,0.05
108635,2,71,7.75,5,0.0
108635,3,17,15.9,3,0.1
108635,4,65,14.51,11,0.03
108635,5,46,16.26,2,0.0
108635,6,81,25.94,3,0.0
108636,1,67,30.07,2,0.1
108636,2,24,42.67,1,0.05
108636,3,14,27.91,5,0.0
108637,1,116,35.72,4,0.0
108637,2,56,30.81,7,0.05
108638,1,99,29.37,7,0.05
108639,1,107,44.32,3,0.1
108639,2,97,15.69,4,0.1
108639,3,45,14.46,1,0.0
108640,1,94,29.49,3,0.0
108640,2,66,5.85,10,0.05
108640,3,109,3.44,5,0.15
108640,4,72,7.85,3,0.0
108641,1,61,21.72,6,0.05
108641,2,15,9.98,6,0.0
108641,3,44,14.79,6,0.0
108641,4,41,49.74,3,0.05
108641,5,47,21.85,4,0.05
108641,6,60,10.35,3,0.05
108642,1,20,28.61,2,0.05
108642,2,67,28.01,3,0.0
108643,1,8,4.29,1,0.03
108643,2,10,54.76,6,0.03
108644,1,50,11.48,6,0.0
108644,2,102,26.13,3,0.05
108644,3,34,24.95,11,0.0
108644,4,117,9.84,6,0.1
108645,1,54,22.04,2,0.0
108645,2,44,16.28,3,0.0
108645,3,99,26.74,2,0.05
108646,1,51,42.19,5,0.0
108646,2,5,24.33,1,0.05
108647,1,56,29.4,10,0.0
108647,2,27,10.09,6,0.1
108647,3,105,5.86,9,0.0
108647,4,94,29.15,6,0.05
108647,5,87,27.96,2,0.0
108648,1,83,32.81,3,0.05
108648,2,98,11.62,6,0.0
108648,3,101,24.52,9,0.03
108648,4,51,42.64,4,0.0
108648,5,50,10.77,6,0.1
108648,6,62,35.1,3,0.1
108648,7,94,34.52,2,0.2
108649,1,110,25.75,3,0.0
108649,2,103,28.89,3,0.0
108649,3,70,11.18,8,0.0
108649,4,58,9.11,2,0.0
108649,5,116,40.63,2,0.0
108649,6,98,12.95,2,0.1
108650,1,83,32.94,5,0.0
108650,2,13,34.64,7,0.0
108650,3,20,31.74,4,0.0
108650,4,25,12.44,1,0.0
108651,1,110,26.71,6,0.0
108651,2,45,11.69,5,0.0
108651,3,24,45.58,4,0.05
108651,4,23,19.09,2,0.0
108652,1,45,12.47,5,0.05
108652,2,65,11.34,3,0.1
108652,3,60,12.43,2,0.05
108652,4,76,22.53,6,0.03
108653,1,105,5.16,1,0.05
108653,2,104,21.85,5,0.1
108653,3,76,23.28,2,0.0
108653,4,11,34.07,3,0.1
108654,1,33,10.17,5,0.0
108654,2,106,21.37,2,0.05
108654,3,110,25.68,2,0.0
108654,4,8,5.76,2,0.1
108654,5,97,13.55,1,0.0
108654,6,83,33.57,3,0.0
108654,7,41,43.89,7,0.05
108655,1,48,38.77,1,0.0
108655,2,110,24.99,6,0.0
108655,3,104,27.52,3,0.0
108656,1,8,5.17,3,0.0
108656,2,24,47.56,5,0.1
108656,3,45,11.51,4,0.15
108656,4,5,25.15,5,0.05
108656,5,82,5.95,4,0.0
108657,1,104,24.43,4,0.05
108657,2,36,30.24,7,0.0
108657,3,97,13.92,5,0.0
108658,1,99,18.85,2,0.15
108658,2,110,27.22,6,0.0
108658,3,53,23.46,1,0.1
108659,1,51,44.37,6,0.0
108659,2,44,18.09,3,0.0
108659,3,78,10.31,3,0.1
108659,4,63,33.06,4,0.0
108660,1,103,27.34,6,0.05
108660,2,11,36.16,5,0.05
108660,3,72,9.55,4,0.0
108661,1,83,36.28,3,0.0
108661,2,76,24.09,9,0.0
108661,3,82,7.01,17,0.0
108661,4,65,11.21,8,0.1
108661,5,46,18.53,5,0.0
108661,6,36,28.04,2,0.05
108662,1,45,12.58,5,0.0
108662,2,97,15.27,1,0.0
108663,1,39,119.87,3,0.0
108663,2,67,28.83,3,0.15
108663,3,71,7.35,2,0.0
108663,4,28,6.89,6,0.1
108664,1,71,7.76,3,0.0
108664,2,72,8.2,7,0.0
108665,1,97,14.69,8,0.03
108665,2,108,34.14,4,0.0
108665,3,78,9.84,3,0.1
108666,1,104,25.16,3,0.1
108666,2,44,15.15,7,0.03
108666,3,32,21.81,6,0.1
108667,1,27,8.68,3,0.03
108667,2,54,23.31,4,0.05
108667,3,75,17.39,2,0.03
108667,4,76,26.24,2,0.0
108667,5,15,9.27,4,0.03
108667,6,72,9.71,2,0.05
108668,1,44,15.02,5,0.0
108669,1,4,7.82,2,0.03
108669,2,117,9.59,1,0.0
108669,3,83,32.51,3,0.0
108670,1,91,16.88,3,0.0
108670,2,47,21.43,4,0.05
108670,3,8,4.66,3,0.0
108670,4,116,40.11,6,0.0
108670,5,15,11.15,3,0.0
108671,1,92,26.3,1,0.15
108672,1,71,7.03,1,0.0
108672,2,31,4.7,4,0.0
108673,1,101,23.53,4,0.15
108674,1,44,11.75,7,0.0
108674,2,94,29.81,3,0.05
108674,3,24,50.87,5,0.0
108675,1,113,10.04,2,0.15
108675,2,98,11.96,1,0.03
108675,3,108,42.47,1,0.0
108675,4,24,48.77,5,0.1
108675,5,112,79.02,1,0.0
108676,1,17,14.82,2,0.0
108676,2,32,17.18,1,0.05
108677,1,78,10.3,4,0.05
108677,2,120,5.34,4,0.1
108677,3,44,14.61,2,0.0
108677,4,49,29.11,4,0.05
108678,1,23,20.3,1,0.0
108678,2,90,52.26,3,0.05
108678,3,27,9.95,4,0.03
108679,1,84,13.16,5,0.03
108679,2,63,37.09,4,0.03
108680,1,63,39.04,5,0.0
108681,1,92,28.1,1,0.03
108682,1,13,35.47,1,0.1
108682,2,97,13.82,3,0.0
108682,3,50,11.29,4,0.05
108682,4,51,44.12,4,0.0
108683,1,76,21.81,4,0.0
108683,2,24,44.9,3,0.1
108683,3,33,12.1,4,0.0
108683,4,60,10.27,9,0.0
108684,1,98,13.28,8,0.0
108684,2,65,11.71,3,0.1
108684,3,45,12.03,6,0.0
108684,4,37,21.36,4,0.0
108685,1,7,15.47,2,0.2
108685,2,83,32.75,6,0.0
108685,3,81,25.38,1,0.0
108685,4,60,12.73,13,0.0
108685,5,52,46.88,6,0.0
108685,6,56,29.16,5,0.03
108686,1,104,25.63,5,0.0
108686,2,117,9.96,8,0.05
108686,3,111,87.29,7,0.0
108687,1,72,6.78,7,0.0
108688,1,101,24.81,8,0.0
108688,2,64,21.88,2,0.2
108688,3,34,26.8,2,0.0
108688,4,17,14.82,5,0.0
108689,1,105,5.53,1,0.05
108689,2,41,47.44,8,0.0
108690,1,95,19.04,3,0.05
108690,2,52,48.1,3,0.05
108690,3,45,13.38,5,0.0
108690,4,44,17.23,1,0.0
108691,1,62,35.15,2,0.0
108691,2,36,28.48,13,0.03
108691,3,51,52.8,3,0.1
108691,4,45,12.22,3,0.1
108691,5,110,22.89,4,0.0
108691,6,79,20.36,2,0.0
108691,7,112,85.85,2,0.05
108691,8,2,26.52,5,0.0
108692,1,27,10.58,6,0.0
108692,2,21,28.6,4,0.05
108692,3,83,34.3,1,0.15
108693,1,15,10.19,8,0.1
108693,2,56,25.88,2,0.1
108693,3,71,7.46,5,0.0
108693,4,67,33.39,6,0.0
108694,1,65,12.25,2,0.0
108694,2,47,21.99,6,0.0
108694,3,76,25.98,5,0.0
108694,4,49,27.4,3,0.0
108695,1,100,62.7,1,0.1
108695,2,45,11.43,4,0.0
108695,3,89,15.5,1,0.1
108696,1,32,19.43,4,0.0
108696,2,60,10.56,9,0.0
108697,1,114,25.75,4,0.1
108697,2,36,30.19,1,0.0
108697,3,83,33.29,4,0.0
108697,4,52,50.31,2,0.0
108698,1,51,41.08,4,0.0
108698,2,82,6.27,2,0.0
108698,3,83,31.51,4,0.0
108699,1,26,14.03,8,0.1
108699,2,15,9.57,4,0.0
108699,3,16,5.21,4,0.05
108700,1,110,24.05,2,0.0
108700,2,53,25.29,6,0.15
108700,3,79,16.77,3,0.0
108700,4,116,38.33,5,0.2
108700,5,41,46.33,8,0.1
108701,1,71,7.43,1,0.0
108702,1,45,11.81,5,0.15
108702,2,52,45.99,2,0.0
108702,3,49,25.74,1,0.05
108702,4,120,5.16,3,0.0
108702,5,110,27.01,3,0.0
108702,6,76,20.73,7,0.0
108702,7,71,7.28,3,0.03
108702,8,32,17.99,1,0.0
108703,1,89,18.17,6,0.05
108704,1,67,26.15,5,0.0
108704,2,51,47.48,7,0.05
108704,3,39,117.09,3,0.05
108705,1,42,25.67,2,0.05
108705,2,85,31.04,5,0.0
108706,1,116,43.01,1,0.05
108706,2,109,2.98,7,0.05
108706,3,62,36.6,11,0.15
108707,1,106,22.27,3,0.15
108707,2,33,10.57,7,0.1
108708,1,116,36.05,3,0.03
108708,2,24,46.74,5,0.0
108708,3,81,21.17,3,0.0
108708,4,45,12.22,10,0.0
108708,5,92,28.21,11,0.0
108708,6,112,69.16,11,0.0
108709,1,83,32.05,6,0.15
108709,2,72,9.0,2,0.05
108710,1,15,10.51,4,0.0
108710,2,85,27.64,1,0.0
108710,3,47,19.16,2,0.1
108711,1,60,10.6,5,0.0
108711,2,78,8.86,7,0.0
108711,3,64,23.96,4,0.0
108711,4,101,24.4,7,0.03
108712,1,15,11.13,5,0.0
108712,2,11,32.3,2,0.05
108713,1,15,10.84,6,0.05
108713,2,89,19.98,5,0.0
108713,3,62,32.99,2,0.0
108713,4,71,7.58,4,0.0
108714,1,108,33.2,3,0.05
108714,2,53,25.93,5,0.05
108714,3,67,33.13,5,0.15
108714,4,80,20.95,1,0.0
108715,1,71,7.86,3,0.0
108715,2,15,8.93,2,0.0
108715,3,53,25.93,2,0.0
108716,1,107,41.42,6,0.0
108716,2,53,22.38,8,0.05
108716,3,67,31.9,1,0.0
108716,4,44,15.41,4,0.0
108716,5,81,23.72,3,0.1
108716,6,74,25.68,2,0.0
108717,1,26,15.04,3,0.05
108718,1,15,12.78,4,0.0
108718,2,24,45.05,5,0.1
108718,3,53,25.36,4,0.0
108719,1,105,4.61,7,0.0
108719,2,6,11.2,3,0.1
108719,3,45,13.28,4,0.1
108719,4,104,25.95,4,0.0
108720,1,57,41.68,9,0.05
108720,2,101,25.12,5,0.05
108720,3,44,16.4,1,0.1
108721,1,117,9.0,1,0.0
108721,2,45,12.71,4,0.0
108721,3,76,20.27,2,0.0
108721,4,82,7.16,4,0.03
108721,5,53,26.48,4,0.0
108721,6,120,4.74,4,0.05
108721,7,24,47.14,2,0.2
108721,8,91,16.62,6,0.05
108722,1,76,25.61,6,0.15
108722,2,79,19.84,3,0.0
108722,3,97,14.73,5,0.2
108722,4,81,28.18,3,0.0
108723,1,24,44.75,5,0.15
108723,2,100,67.07,5,0.0
108723,3,71,6.52,8,0.05
108724,1,72,9.33,2,0.2
108724,2,44,13.93,4,0.0
108724,3,24,53.39,2,0.0
108725,1,105,5.58,2,0.1
108725,2,95,17.58,2,0.0
108725,3,52,42.21,4,0.0
108726,1,89,15.87,8,0.05
108727,1,116,37.71,7,0.0
108727,2,103,27.14,3,0.05
108727,3,108,34.74,5,0.15
108727,4,114,22.41,2,0.05
108728,1,97,15.22,4,0.03
108728,2,45,11.38,2,0.0
108729,1,71,6.65,5,0.0
108729,2,21,30.22,1,0.0
108729,3,36,30.62,9,0.03
108729,4,105,4.99,4,0.05
108729,5,117,9.8,2,0.03
108729,6,69,4.46,9,0.0
108730,1,89,16.93,3,0.1
108730,2,14,24.35,3,0.05
108731,1,106,21.9,2,0.0
108731,2,116,45.59,8,0.15
108731,3,82,7.3,3,0.0
108731,4,20,35.89,2,0.0
108731,5,99,27.77,4,0.0
108732,1,101,22.41,7,0.15
108732,2,95,22.35,6,0.0
108732,3,115,37.29,4,0.05
108732,4,109,3.44,3,0.0
108732,5,53,22.31,10,0.0
108733,1,45,11.81,2,0.0
108733,2,116,38.96,5,0.0
108734,1,94,30.04,3,0.03
108734,2,65,10.77,1,0.05
108735,1,81,25.74,6,0.0
108735,2,116,32.17,5,0.15
108736,1,81,23.66,1,0.0
108737,1,83,28.17,3,0.1
108737,2,116,33.78,3,0.05
108737,3,82,5.9,5,0.0
108737,4,97,15.31,7,0.05
108737,5,38,25.69,7,0.1
108738,1,113,9.3,4,0.0
108738,2,52,44.27,3,0.0
108739,1,86,33.23,12,0.1
108739,2,112,89.45,3,0.0
108740,1,21,28.55,6,0.15
108740,2,25,12.39,1,0.1
108740,3,72,8.22,3,0.05
108740,4,117,9.88,1,0.0
108741,1,24,52.22,4,0.0
108741,2,69,4.41,3,0.03
108742,1,116,43.67,12,0.05
108742,2,71,7.41,5,0.0
108743,1,92,31.19,5,0.0
108743,2,112,72.13,6,0.0
108744,1,99,21.37,5,0.0
108744,2,81,22.5,7,0.0
108744,3,91,18.29,6,0.15
108744,4,72,8.95,2,0.1
108744,5,16,4.92,5,0.0
108744,6,60,10.62,3,0.05
108745,1,58,8.0,6,0.0
108745,2,8,5.38,10,0.0
108745,3,21,32.89,3,0.0
108745,4,113,10.18,3,0.05
108745,5,53,26.77,4,0.0
108746,1,47,20.71,4,0.0
108746,2,10,48.29,5,0.1
108746,3,92,25.8,2,0.05
108747,1,33,13.08,5,0.0
108747,2,45,14.05,6,0.0
108747,3,94,32.13,1,0.05
108747,4,15,10.53,4,0.1
108747,5,72,8.28,5,0.1
108747,6,46,18.54,3,0.2
108748,1,34,23.38,13,0.0
108749,1,67,29.72,9,0.05
108749,2,44,15.08,8,0.0
108750,1,112,72.39,5,0.15
108750,2,75,18.13,5,0.2
108751,1,41,51.46,2,0.0
108751,2,27,9.74,4,0.05
108751,3,45,14.38,4,0.0
108751,4,108,38.53,3,0.1
108751,5,58,8.09,4,0.0
108751,6,15,10.92,1,0.1
108752,1,66,7.58,1,0.0
108752,2,94,28.2,2,0.05
108753,1,26,16.34,6,0.1
108753,2,55,17.62,4,0.0
108753,3,69,4.34,3,0.0
108754,1,25,12.36,5,0.05
108754,2,54,20.62,3,0.2
108754,3,51,50.88,1,0.15
108754,4,81,26.7,4,0.1
108755,1,47,27.81,6,0.05
108755,2,24,51.91,3,0.0
108755,3,31,5.27,1,0.0
108755,4,34,22.24,2,0.05
108756,1,24,51.74,3,0.0
108756,2,71,7.31,4,0.0
108756,3,102,23.42,9,0.0
108757,1,62,35.44,2,0.0
108757,2,39,130.48,8,0.05
108757,3,60,12.47,11,0.03
108758,1,94,29.03,3,0.1
108758,2,24,48.55,6,0.0
108759,1,45,10.62,2,0.03
108759,2,70,10.6,2,0.1
108759,3,71,7.53,3,0.0
108760,1,58,6.92,3,0.0
108760,2,51,46.44,2,0.0
108761,1,14,23.36,2,0.05
108762,1,79,19.18,2,0.0
108762,2,45,12.26,4,0.03
108762,3,102,24.64,3,0.0
108762,4,56,29.06,4,0.0
108762,5,80,23.65,4,0.0
108763,1,2,28.54,1,0.0
108763,2,71,6.52,2,0.0
108763,3,16,4.66,7,0.0
108763,4,54,24.81,3,0.2
108763,5,103,27.72,8,0.0
108763,6,53,21.71,7,0.1
108764,1,51,49.93,8,0.05
108764,2,110,26.39,5,0.0
108764,3,117,10.21,4,0.0
108764,4,89,17.49,4,0.0
108765,1,113,9.55,6,0.0
108765,2,72,8.42,3,0.05
108765,3,118,17.88,2,0.0
108765,4,101,27.7,7,0.0
108766,1,65,11.42,2,0.0
108766,2,45,11.04,11,0.0
108766,3,60,10.0,5,0.05
108766,4,52,48.22,2,0.05
108766,5,53,27.25,1,0.1
108766,6,8,4.71,9,0.03
108767,1,45,12.32,2,0.0
108767,2,110,23.74,4,0.05
108767,3,108,39.77,7,0.1
108767,4,53,21.16,2,0.03
108767,5,23,24.09,3,0.0
108768,1,81,22.83,6,0.0
108768,2,69,4.15,1,0.1
108768,3,117,9.7,4,0.05
108768,4,83,34.52,1,0.0
108768,5,72,9.95,6,0.0
108769,1,26,16.31,2,0.0
108769,2,5,23.17,2,0.05
108769,3,70,12.43,2,0.05
108769,4,94,28.52,11,0.0
108769,5,71,6.58,4,0.0
108769,6,79,17.13,3,0.15
108770,1,5,26.83,1,0.15
108770,2,76,24.88,2,0.15
108771,1,61,18.95,3,0.0
108771,2,98,13.0,1,0.0
108771,3,42,22.58,4,0.05
108771,4,114,26.39,3,0.05
108772,1,40,24.86,7,0.2
108772,2,45,11.19,3,0.0
108772,3,68,26.53,3,0.0
108773,1,9,27.1,6,0.05
108773,2,101,25.34,3,0.0
108774,1,97,15.23,2,0.1
108774,2,110,25.45,1,0.0
108774,3,107,39.42,2,0.05
108774,4,56,25.13,6,0.0
108774,5,120,4.96,4,0.05
108774,6,45,10.54,7,0.05
108775,1,62,38.85,6,0.15
108775,2,34,26.65,5,0.15
108775,3,106,20.92,4,0.0
108775,4,112,87.67,3,0.0
108775,5,2,29.12,9,0.0
108775,6,89,15.92,7,0.0
108776,1,67,34.13,6,0.0
108776,2,98,12.59,4,0.15
108776,3,80,27.52,6,0.05
108777,1,72,7.81,15,0.1
108777,2,88,34.04,5,0.0
108777,3,73,20.05,1,0.1
108778,1,82,7.44,5,0.0
108778,2,76,25.71,5,0.0
108778,3,105,6.37,2,0.05
108779,1,51,42.75,2,0.03
108779,2,97,14.14,4,0.1
108779,3,71,5.51,6,0.0
108779,4,46,15.94,3,0.1
108780,1,92,28.33,2,0.0
108780,2,84,13.03,5,0.0
108780,3,94,30.95,5,0.05
108780,4,77,28.8,2,0.05
108781,1,16,5.92,5,0.05
108781,2,4,6.05,2,0.2
108781,3,24,52.17,5,0.0
108782,1,79,18.29,2,0.05
108782,2,113,10.75,3,0.1
108782,3,72,8.6,2,0.05
108782,4,64,26.86,6,0.0
108783,1,71,6.7,11,0.0
108783,2,8,4.76,10,0.0
108783,3,114,28.68,2,0.0
108783,4,107,39.13,4,0.0
108784,1,25,11.46,2,0.15
108785,1,62,37.82,6,0.0
108785,2,51,47.73,1,0.0
108785,3,20,32.15,4,0.15
108786,1,45,11.57,5,0.0
108786,2,81,26.37,9,0.05
108786,3,8,4.14,2,0.0
108786,4,38,29.55,5,0.0
108786,5,32,18.7,3,0.05
108787,1,15,9.57,3,0.03
108787,2,44,15.72,6,0.0
108788,1,13,37.18,6,0.0
108788,2,44,15.99,3,0.1
108788,3,72,8.09,2,0.0
108788,4,97,15.83,4,0.0
108788,5,71,6.63,9,0.0
108789,1,33,10.75,2,0.0
108789,2,104,27.06,3,0.0
108789,3,97,16.96,4,0.05
108789,4,106,20.05,6,0.03
108789,5,82,6.9,11,0.2
108790,1,51,45.56,3,0.0
108790,2,60,11.19,3,0.0
108790,3,71,6.66,4,0.1
108791,1,92,26.74,13,0.05
108791,2,8,5.11,5,0.0
108791,3,72,9.0,1,0.0
108791,4,105,5.95,6,0.0
108791,5,21,31.4,3,0.0
108791,6,58,8.24,1,0.03
108791,7,110,26.89,5,0.0
108791,8,25,11.98,5,0.1
108792,1,15,12.47,6,0.03
108792,2,114,27.06,2,0.0
108792,3,81,24.0,4,0.0
108792,4,112,88.37,1,0.1
108792,5,3,56.04,2,0.0
108792,6,83,31.44,4,0.0
108792,7,51,44.87,2,0.03
108793,1,78,9.15,7,0.0
108793,2,56,27.27,1,0.0
108793,3,71,7.4,3,0.0
108793,4,38,29.34,4,0.1
108793,5,72,9.78,4,0.0
108793,6,47,22.21,3,0.1
108794,1,107,44.94,1,0.03
108794,2,42,23.36,1,0.0
108794,3,110,25.79,11,0.0
108794,4,89,19.25,7,0.03
108795,1,60,11.66,9,0.05
108795,2,76,26.08,4,0.0
108796,1,76,25.51,1,0.1
108796,2,116,37.93,3,0.2
108797,1,24,49.14,4,0.05
108797,2,75,17.65,7,0.0
108797,3,94,29.57,7,0.0
108798,1,93,21.9,2,0.05
108798,2,94,34.16,8,0.0
108798,3,9,25.51,12,0.1
108798,4,62,34.29,2,0.0
108799,1,65,12.32,3,0.0
108799,2,116,37.02,5,0.1
108799,3,79,19.82,5,0.0
108800,1,45,11.36,2,0.05
108800,2,58,7.34,2,0.03
108800,3,11,37.44,4,0.0
108801,1,117,8.61,4,0.0
108802,1,97,15.77,2,0.1
108802,2,67,29.54,5,0.0
108802,3,45,12.05,2,0.03
108802,4,117,10.33,4,0.0
108802,5,24,49.38,2,0.0
108802,6,51,47.9,6,0.0
108802,7,65,13.7,4,0.0
108802,8,23,22.89,8,0.03
108803,1,75,18.31,3,0.0
108803,2,32,18.75,5,0.0
108804,1,34,28.01,5,0.0
108804,2,76,26.74,2,0.1
108804,3,67,32.65,12,0.0
108805,1,53,22.46,3,0.0
108805,2,47,25.41,6,0.1
108806,1,53,25.01,6,0.0
108806,2,39,138.46,7,0.0
108806,3,45,12.0,4,0.1
108807,1,40,24.68,11,0.1
108807,2,91,15.72,7,0.15
108808,1,110,29.03,4,0.0
108808,2,78,10.04,8,0.0
108808,3,85,26.77,7,0.0
108808,4,9,27.59,7,0.1
108809,1,83,29.75,3,0.0
108809,2,44,17.29,3,0.15
108809,3,82,6.28,3,0.03
108809,4,33,11.17,4,0.1
108810,1,33,12.18,2,0.03
108810,2,97,13.4,1,0.1
108811,1,45,12.24,4,0.0
108811,2,87,27.29,4,0.0
108811,3,63,38.64,1,0.0
108811,4,69,4.51,8,0.05
108812,1,10,45.98,11,0.15
108812,2,85,28.2,3,0.0
108813,1,34,22.96,2,0.1
108813,2,80,25.14,3,0.0
108813,3,14,24.75,5,0.0
108813,4,116,41.0,1,0.0
108813,5,40,20.29,10,0.0
108814,1,81,21.99,3,0.1
108814,2,96,82.12,2,0.0
108814,3,58,8.05,5,0.0
108815,1,87,23.25,4,0.0
108815,2,58,7.35,4,0.03
108815,3,60,12.6,2,0.0
108816,1,51,43.76,4,0.0
108816,2,81,25.0,2,0.0
108817,1,53,25.87,8,0.0
108818,1,84,17.03,10,0.0
108818,2,34,25.05,2,0.0
108818,3,56,27.81,1,0.0
108818,4,117,8.4,3,0.0
108818,5,82,6.17,4,0.05
108819,1,65,13.13,4,0.0
108819,2,32,18.34,8,0.0
108819,3,62,35.62,3,0.05
108819,4,57,43.58,3,0.0
108819,5,27,8.98,4,0.0
108820,1,81,25.27,5,0.0
108821,1,12,88.96,7,0.05
108821,2,116,40.54,3,0.05
108821,3,76,22.87,2,0.0
108821,4,71,7.21,1,0.2
108821,5,87,29.32,1,0.03
108822,1,45,11.79,3,0.0
108822,2,44,17.21,5,0.0
108822,3,40,25.69,2,0.0
108822,4,116,37.31,2,0.0
108823,1,45,10.63,3,0.0
108823,2,6,9.75,5,0.1
108824,1,97,16.49,8,0.1
108824,2,45,12.68,10,0.1
108825,1,79,19.81,6,0.1
108825,2,6,9.39,3,0.0
108825,3,51,47.94,3,0.0
108826,1,71,7.17,2,0.0
108826,2,112,68.46,8,0.0
108826,3,67,33.22,2,0.15
108827,1,45,13.26,2,0.0
108827,2,8,4.82,4,0.05
108827,3,56,28.77,2,0.0
108828,1,39,114.4,3,0.0
108828,2,81,25.63,4,0.0
108829,1,44,14.15,4,0.05
108829,2,115,38.5,4,0.0
108829,3,107,38.54,1,0.1
108829,4,76,22.55,7,0.0
108829,5,31,5.35,7,0.03
108829,6,54,24.73,6,0.0
108830,1,21,30.08,5,0.0
108830,2,83,36.3,1,0.0
108830,3,112,87.51,2,0.03
108830,4,62,34.3,7,0.0
108830,5,116,41.76,5,0.15
108831,1,88,33.28,3,0.05
108832,1,97,13.77,2,0.0
108832,2,5,23.45,5,0.0
108832,3,81,24.72,8,0.0
108832,4,65,12.34,9,0.0
108833,1,76,25.3,8,0.0
108833,2,81,25.38,4,0.03
108833,3,117,9.22,9,0.0
108834,1,12,92.12,4,0.15
108834,2,32,15.73,3,0.0
108834,3,44,15.15,2,0.05
108835,1,67,28.37,3,0.05
108835,2,5,21.68,4,0.0
108835,3,12,88.84,5,0.0
108835,4,58,8.44,7,0.0
108836,1,71,6.81,12,0.0
108836,2,91,18.4,4,0.1
108836,3,28,6.79,4,0.0
108836,4,98,11.97,4,0.05
108837,1,97,13.76,4,0.1
108837,2,31,4.59,8,0.0
108838,1,89,18.51,6,0.0
108838,2,116,36.06,2,0.05
108838,3,110,22.99,2,0.0
108838,4,115,33.51,3,0.0
108839,1,45,11.72,3,0.1
108839,2,29,43.69,2,0.05
108839,3,64,25.1,8,0.0
108840,1,57,42.06,2,0.03
108840,2,71,7.48,12,0.05
108840,3,80,22.12,4,0.0
108841,1,8,4.9,14,0.1
108841,2,90,50.21,3,0.0
108841,3,58,6.81,1,0.0
108841,4,76,23.02,1,0.0
108841,5,72,8.0,10,0.1
108842,1,81,21.92,4,0.0
108842,2,72,8.71,8,0.0
108842,3,59,17.97,6,0.0
108842,4,84,12.38,2,0.03
108842,5,67,29.15,5,0.0
108843,1,71,6.76,3,0.0
108843,2,46,16.65,4,0.1
108843,3,64,27.36,3,0.0
108843,4,110,23.45,2,0.0
108844,1,105,5.3,5,0.0
108844,2,3,51.94,4,0.03
108845,1,13,35.57,4,0.03
108845,2,5,23.86,2,0.0
108845,3,37,20.83,4,0.0
108845,4,98,12.41,4,0.05
108846,1,45,11.77,4,0.15
108846,2,72,8.61,9,0.0
108846,3,112,78.72,6,0.0
108847,1,64,24.12,4,0.05
108847,2,105,6.0,6,0.05
108847,3,78,10.03,7,0.0
108847,4,103,30.5,3,0.0
108848,1,116,38.7,7,0.0
108848,2,44,15.3,7,0.0
108848,3,68,25.97,5,0.0
108849,1,58,8.23,4,0.0
108849,2,7,14.63,2,0.1
108849,3,108,37.26,6,0.0
108850,1,80,23.41,2,0.0
108850,2,116,41.07,6,0.0
108850,3,65,13.06,2,0.0
108850,4,16,5.23,5,0.05
108850,5,23,23.08,3,0.05
108850,6,72,8.43,7,0.0
108850,7,14,25.68,6,0.15
108851,1,14,26.67,3,0.0
108852,1,44,17.03,6,0.0
108852,2,24,50.72,5,0.0
108853,1,67,30.29,7,0.0
108853,2,60,12.59,9,0.0
108853,3,87,30.18,4,0.0
108854,1,110,23.8,5,0.0
108854,2,97,16.71,4,0.0
108854,3,6,11.06,5,0.0
108854,4,79,19.08,8,0.0
108855,1,104,24.46,1,0.0
108855,2,14,22.71,1,0.05
108855,3,40,24.23,5,0.05
108855,4,36,31.3,1,0.1
108855,5,99,29.25,2,0.0
108855,6,107,43.18,3,0.0
108856,1,73,20.88,1,0.0
108856,2,81,24.83,11,0.0
108856,3,90,43.81,4,0.2
108856,4,40,26.24,1,0.0
108857,1,49,27.44,1,0.15
108857,2,15,9.8,2,0.0
108857,3,8,5.17,3,0.0
108857,4,36,31.94,3,0.0
108858,1,94,32.08,5,0.0
108858,2,98,10.01,6,0.0
108858,3,8,4.58,3,0.0
108858,4,112,80.66,6,0.0
108858,5,72,7.71,4,0.0
108859,1,55,19.66,10,0.03
108859,2,81,26.65,5,0.1
108860,1,82,5.97,3,0.05
108860,2,116,39.65,2,0.0
108860,3,58,7.31,3,0.03
108861,1,72,9.2,9,0.0
108862,1,99,28.26,5,0.0
108862,2,78,10.3,4,0.0
108862,3,53,24.73,4,0.0
108863,1,85,32.65,7,0.05
108863,2,87,24.93,3,0.0
108863,3,71,7.76,1,0.0
108863,4,80,25.0,7,0.0
108864,1,103,26.81,2,0.0
108864,2,63,40.52,4,0.0
108865,1,88,29.66,5,0.0
108865,2,33,11.19,5,0.0
108865,3,72,9.94,4,0.2
108865,4,118,17.51,2,0.0
108866,1,81,28.89,6,0.1
108866,2,83,34.07,2,0.0
108867,1,51,44.23,4,0.05
108867,2,78,9.8,3,0.05
108868,1,76,24.03,6,0.05
108868,2,112,76.64,1,0.03
108869,1,71,7.07,7,0.0
108869,2,82,6.48,2,0.03
108869,3,116,42.4,2,0.0
108869,4,118,21.0,4,0.0
108870,1,60,13.35,3,0.05
108870,2,72,8.62,3,0.0
108870,3,71,7.76,5,0.2
108870,4,92,27.67,8,0.05
108871,1,18,18.99,5,0.05
108871,2,38,31.2,1,0.0
108871,3,61,20.19,3,0.0
108871,4,97,13.33,3,0.0
108872,1,116,40.7,5,0.0
108872,2,98,12.53,2,0.03
108872,3,26,15.26,4,0.0
108873,1,85,30.24,5,0.1
108873,2,41,50.22,2,0.03
108874,1,76,27.14,3,0.0
108875,1,27,10.72,6,0.0
108875,2,99,26.19,2,0.1
108876,1,98,13.83,8,0.05
108877,1,100,61.92,2,0.0
108877,2,43,38.88,7,0.15
108878,1,112,61.45,2,0.0
108878,2,49,27.87,3,0.0
108879,1,77,32.83,6,0.05
108879,2,8,4.68,3,0.05
108879,3,79,19.69,8,0.0
108880,1,13,33.89,7,0.0
108880,2,53,23.66,2,0.05
108880,3,108,33.86,3,0.0
108880,4,116,35.04,6,0.05
108880,5,23,22.4,2,0.1
108881,1,6,10.66,5,0.0
108881,2,97,15.3,6,0.0
108882,1,44,14.86,2,0.0
108882,2,12,85.86,16,0.15
108882,3,81,25.4,5,0.0
108882,4,34,24.68,4,0.05
108882,5,32,20.27,6,0.03
108883,1,109,3.46,1,0.0
108883,2,9,27.16,3,0.0
108884,1,60,13.87,2,0.05
108884,2,24,52.9,7,0.0
108884,3,21,29.06,3,0.0
108884,4,81,27.79,2,0.0
108885,1,53,23.02,3,0.0
108886,1,25,12.1,10,0.03
108886,2,45,11.84,5,0.0
108886,3,113,11.48,4,0.0
108886,4,78,9.18,6,0.05
108887,1,97,13.12,10,0.0
108888,1,24,53.29,1,0.15
108888,2,106,20.48,5,0.05
108889,1,79,19.91,8,0.03
108889,2,24,47.81,11,0.0
108889,3,51,43.16,3,0.0
108889,4,76,22.43,5,0.1
108889,5,65,11.05,4,0.0
108889,6,101,24.51,6,0.0
108890,1,81,22.08,4,0.0
108890,2,65,12.2,1,0.05
108890,3,56,26.84,2,0.03
108890,4,116,42.29,5,0.0
108890,5,40,21.49,1,0.0
108890,6,53,24.75,2,0.03
108891,1,24,52.58,6,0.0
108891,2,45,9.67,4,0.0
108891,3,72,8.12,1,0.15
108891,4,110,23.22,7,0.0
108891,5,120,5.11,6,0.1
108892,1,110,25.64,3,0.05
108892,2,60,12.61,3,0.0
108892,3,112,83.16,5,0.0
108892,4,68,22.55,2,0.1
108892,5,45,10.62,1,0.1
108892,6,61,21.73,5,0.0
108893,1,97,15.94,5,0.03
108893,2,60,11.06,2,0.05
108893,3,11,34.14,3,0.0
108893,4,15,10.88,7,0.0
108893,5,89,17.69,3,0.0
108894,1,81,21.23,2,0.03
108894,2,25,12.25,7,0.0
108894,3,63,38.55,7,0.0
108894,4,97,14.31,8,0.1
108894,5,104,27.97,2,0.0
108894,6,110,24.67,10,0.0
108895,1,64,25.73,4,0.0
108896,1,103,31.15,2,0.1
108896,2,65,13.67,2,0.0
108896,3,56,30.53,3,0.1
108897,1,106,19.83,7,0.0
108897,2,11,41.62,3,0.0
108898,1,107,44.59,5,0.0
108898,2,81,26.96,7,0.0
108898,3,85,27.18,4,0.0
108898,4,76,23.64,16,0.1
108898,5,62,37.67,4,0.1
108898,6,110,28.8,8,0.0
108898,7,65,12.51,6,0.0
108899,1,37,17.14,2,0.0
108899,2,51,49.43,3,0.05
108899,3,58,8.59,3,0.05
108899,4,92,27.49,1,0.05
108899,5,94,31.73,4,0.0
108899,6,87,24.69,9,0.1
108900,1,52,47.23,4,0.0
108900,2,112,76.54,3,0.05
108900,3,89,19.02,7,0.0
108900,4,85,33.04,2,0.1
108900,5,10,56.1,4,0.1
108901,1,71,6.26,3,0.0
108901,2,72,8.49,6,0.15
108901,3,60,12.12,3,0.03
108901,4,11,33.04,8,0.1
108901,5,79,18.56,1,0.15
108902,1,113,9.31,2,0.0
108902,2,76,24.38,7,0.2
108902,3,1,29.43,6,0.0
108902,4,106,17.25,3,0.05
108902,5,16,4.88,5,0.0
108903,1,60,12.16,5,0.0
108903,2,24,50.38,3,0.15
108903,3,31,4.95,4,0.03
108903,4,120,5.06,1,0.0
108904,1,97,18.68,12,0.0
108904,2,81,24.0,2,0.0
108904,3,45,11.65,4,0.0
108905,1,24,52.7,6,0.0
108906,1,99,27.39,2,0.05
108906,2,73,21.67,6,0.0
108906,3,114,23.9,1,0.0
108907,1,10,52.22,4,0.2
108907,2,71,7.87,2,0.0
108907,3,79,17.27,5,0.0
108908,1,80,27.16,13,0.0
108908,2,40,23.64,1,0.05
108908,3,54,24.69,6,0.0
108908,4,120,5.54,7,0.05
108909,1,116,40.41,1,0.1
108909,2,44,15.56,7,0.0
108909,3,114,25.51,3,0.0
108909,4,95,20.52,5,0.0
108910,1,53,23.66,2,0.1
108910,2,27,8.01,4,0.15
108910,3,1,28.7,7,0.0
108910,4,112,85.03,6,0.0
108910,5,87,26.01,3,0.15
108910,6,24,49.93,1,0.05
108911,1,45,11.61,1,0.03
108911,2,106,20.77,1,0.05
108911,3,12,86.45,3,0.03
108911,4,70,12.0,5,0.03
108911,5,67,30.78,4,0.0
108912,1,61,22.21,7,0.1
108912,2,87,32.34,6,0.0
108912,3,97,14.44,3,0.0
108912,4,60,11.08,2,0.05
108913,1,81,23.9,15,0.15
108913,2,11,35.97,7,0.0
108913,3,45,11.66,4,0.0
108913,4,47,22.76,2,0.05
108914,1,87,29.22,3,0.0
108914,2,13,35.97,4,0.0
108914,3,17,13.4,5,0.0
108915,1,81,28.4,2,0.0
108915,2,107,43.95,11,0.0
108915,3,20,29.57,5,0.0
108915,4,49,29.27,4,0.0
108916,1,44,15.96,5,0.03
108916,2,6,10.92,1,0.1
108916,3,64,21.83,6,0.05
108916,4,15,10.22,5,0.0
108916,5,97,14.57,5,0.05
108916,6,23,24.94,1,0.0
108917,1,83,35.99,4,0.0
108918,1,114,23.8,13,0.03
108918,2,4,7.21,3,0.03
108918,3,46,17.33,3,0.0
108919,1,53,25.9,6,0.0
108920,1,45,12.96,4,0.0
108920,2,105,5.59,3,0.0
108920,3,14,22.92,4,0.05
108920,4,59,23.38,3,0.05
108920,5,84,15.08,7,0.0
108920,6,32,19.75,5,0.0
108921,1,11,34.33,2,0.0
108921,2,116,41.24,1,0.0
108921,3,34,27.81,3,0.0
108921,4,15,10.43,2,0.0
108922,1,71,6.44,8,0.0
108923,1,12,89.89,6,0.03
108923,2,5,27.32,5,0.0
108923,3,83,32.0,7,0.0
108923,4,45,12.32,6,0.15
108923,5,26,16.13,6,0.05
108924,1,74,28.14,11,0.05
108924,2,25,12.14,2,0.1
108924,3,2,29.56,4,0.05
108925,1,51,46.46,4,0.03
108925,2,68,27.29,4,0.03
108926,1,44,15.06,2,0.1
108927,1,108,44.79,10,0.0
108927,2,10,53.07,5,0.1
108927,3,26,15.02,3,0.03
108928,1,110,27.49,4,0.0
108928,2,112,97.28,4,0.05
108928,3,79,19.71,3,0.1
108928,4,25,12.53,8,0.0
108928,5,45,11.4,7,0.05
108929,1,8,4.46,5,0.1
108929,2,14,23.91,7,0.0
108930,1,59,25.59,2,0.03
108930,2,45,11.52,5,0.03
108931,1,87,29.58,3,0.0
108931,2,40,24.59,5,0.0
108932,1,76,26.96,4,0.05
108932,2,44,16.72,5,0.0
108932,3,15,10.57,6,0.0
108932,4,65,12.06,5,0.03
108932,5,9,24.8,2,0.0
108933,1,25,15.12,1,0.0
108933,2,79,20.01,6,0.1
108933,3,104,27.83,2,0.0
108934,1,53,26.43,3,0.0
108934,2,97,15.62,3,0.0
108934,3,32,18.29,3,0.0
108935,1,57,44.94,1,0.15
108935,2,70,12.43,1,0.03
108935,3,80,21.97,4,0.0
108936,1,40,26.57,7,0.0
108936,2,5,26.02,4,0.0
108936,3,44,15.47,3,0.03
108937,1,103,26.72,1,0.05
108937,2,50,11.27,2,0.15
108937,3,8,4.99,6,0.0
108938,1,45,12.64,4,0.05
108938,2,84,15.82,4,0.03
108938,3,71,6.44,7,0.2
108938,4,13,37.93,2,0.0
108938,5,40,27.76,4,0.1
108939,1,63,41.01,4,0.0
108939,2,110,26.85,4,0.0
108940,1,76,21.44,4,0.0
108940,2,106,22.19,8,0.2
108940,3,65,10.75,5,0.1
108941,1,8,4.93,1,0.1
108941,2,44,15.99,4,0.1
108941,3,50,11.2,6,0.0
108942,1,116,39.34,1,0.0
108942,2,92,22.04,5,0.0
108942,3,71,8.64,2,0.0
108942,4,52,51.47,6,0.0
108943,1,65,12.33,1,0.05
108943,2,5,21.28,6,0.0
108944,1,83,26.06,3,0.0
108944,2,74,32.76,3,0.0
108944,3,89,15.81,2,0.15
108944,4,16,4.39,2,0.0
108945,1,82,6.57,4,0.15
108945,2,92,30.13,5,0.0
108945,3,87,27.85,3,0.0
108945,4,27,8.58,7,0.0
108946,1,119,11.67,3,0.0
108946,2,79,19.89,2,0.2
108947,1,94,27.06,2,0.1
108948,1,108,32.59,3,0.0
108948,2,65,12.07,2,0.03
108948,3,13,35.95,10,0.0
108948,4,104,25.85,5,0.0
108949,1,81,28.04,1,0.0
108949,2,23,23.0,7,0.03
108949,3,44,15.47,1,0.05
108950,1,58,8.92,1,0.03
108950,2,72,9.43,2,0.0
108950,3,75,19.25,6,0.05
108950,4,104,27.3,7,0.03
108950,5,105,5.46,4,0.1
108951,1,24,50.0,8,0.03
108951,2,95,19.78,2,0.0
108951,3,44,16.68,2,0.0
108951,4,116,43.49,9,0.05
108952,1,60,13.31,4,0.03
108953,1,106,20.49,3,0.0
108953,2,17,15.79,6,0.0
108953,3,75,16.93,5,0.03
108954,1,80,26.29,4,0.15
108955,1,90,52.26,4,0.0
108955,2,71,7.8,4,0.05
108955,3,110,28.67,4,0.1
108955,4,81,24.39,2,0.0
108956,1,3,60.08,3,0.0
108956,2,43,33.54,2,0.0
108956,3,76,21.9,7,0.0
108956,4,71,7.65,3,0.0
108957,1,76,24.36,2,0.0
108957,2,103,31.16,2,0.0
108958,1,76,21.93,6,0.05
108958,2,45,11.28,5,0.0
108958,3,63,42.16,5,0.0
108958,4,26,15.7,9,0.15
108958,5,86,30.82,6,0.05
108959,1,81,24.71,3,0.0
108959,2,98,12.36,2,0.0
108960,1,53,22.69,2,0.0
108960,2,81,24.04,4,0.05
108960,3,117,10.61,5,0.15
108961,1,40,24.96,6,0.0
108961,2,45,12.59,3,0.03
108961,3,116,37.51,2,0.15
108961,4,24,51.14,5,0.0
108961,5,81,22.5,10,0.1
108961,6,71,7.4,5,0.0
108962,1,116,34.8,10,0.0
108962,2,11,34.24,4,0.15
108962,3,45,12.71,5,0.03
108962,4,79,20.59,4,0.0
108963,1,36,35.19,13,0.0
108963,2,76,25.44,4,0.0
108964,1,26,14.87,1,0.1
108964,2,80,23.11,4,0.0
108964,3,112,82.28,2,0.0
108965,1,110,28.75,10,0.0
108966,1,54,23.82,6,0.0
108966,2,40,26.23,2,0.0
108966,3,98,12.72,6,0.03
108966,4,13,35.55,2,0.0
108967,1,116,36.2,4,0.0
108967,2,67,32.58,2,0.0
108967,3,53,26.25,3,0.2
108967,4,17,16.35,4,0.0
108967,5,45,13.58,9,0.0
108968,1,76,23.29,12,0.0
108968,2,83,37.28,3,0.0
108968,3,25,12.92,7,0.1
108968,4,11,32.91,3,0.0
108969,1,58,7.94,3,0.05
108969,2,57,38.55,4,0.0
108969,3,27,7.96,4,0.0
108969,4,16,5.5,7,0.05
108969,5,65,12.84,10,0.1
108970,1,10,54.95,4,0.0
108970,2,97,15.15,2,0.1
108970,3,72,8.22,1,0.03
108970,4,116,30.16,3,0.0
108970,5,23,24.97,6,0.0
108970,6,104,28.46,2,0.0
108970,7,52,43.51,5,0.0
108970,8,67,39.41,6,0.03
108971,1,1,28.09,8,0.0
108971,2,45,11.17,3,0.0
108971,3,61,20.49,3,0.0
108971,4,81,26.62,3,0.15
108972,1,81,25.74,2,0.05
108972,2,40,23.15,2,0.05
108972,3,72,9.25,5,0.0
108972,4,110,26.73,1,0.0
108973,1,84,11.26,2,0.1
108974,1,111,80.29,1,0.05
108974,2,23,24.14,7,0.0
108974,3,76,21.5,7,0.1
108974,4,120,4.73,7,0.05
108974,5,94,32.1,5,0.05
108974,6,15,10.32,3,0.0
108974,7,75,19.74,2,0.0
108975,1,116,38.08,7,0.0
108975,2,51,44.06,2,0.0
108976,1,51,42.79,5,0.0
108976,2,26,15.73,2,0.0
108977,1,45,10.7,2,0.0
108977,2,72,8.3,4,0.05
108977,3,17,16.53,2,0.1
108977,4,15,11.06,4,0.0
108978,1,52,44.79,1,0.15
108978,2,75,17.3,7,0.0
108978,3,32,16.29,5,0.0
108978,4,112,81.0,3,0.0
108979,1,80,22.39,6,0.0
108979,2,4,6.54,2,0.0
108979,3,98,11.45,3,0.0
108979,4,92,27.68,9,0.0
108980,1,114,25.12,3,0.15
108980,2,102,24.37,1,0.0
108980,3,52,42.09,9,0.0
108980,4,24,51.99,5,0.0
108980,5,69,4.42,1,0.1
108980,6,45,12.76,7,0.0
108981,1,110,25.34,4,0.03
108981,2,58,8.54,5,0.0
108981,3,92,27.7,1,0.2
108981,4,45,13.83,1,0.0
108981,5,76,24.0,2,0.1
108982,1,80,22.8,5,0.0
108982,2,36,28.81,11,0.0
108982,3,87,28.81,3,0.0
108982,4,81,23.6,5,0.0
108982,5,12,72.17,3,0.0
108983,1,110,22.59,3,0.05
108983,2,67,30.73,4,0.03
108983,3,107,47.81,2,0.0
108983,4,34,22.59,3,0.0
108984,1,72,8.81,1,0.0
108984,2,109,4.22,3,0.0
108984,3,101,23.39,4,0.05
108985,1,110,27.3,3,0.0
108985,2,20,27.47,3,0.0
108986,1,89,19.55,2,0.0
108986,2,87,28.36,3,0.0
108987,1,26,13.17,3,0.1
108987,2,70,13.52,1,0.0
108987,3,72,7.13,3,0.0
108987,4,50,11.94,5,0.0
108988,1,71,6.25,3,0.0
108988,2,15,11.41,12,0.0
108988,3,70,10.79,4,0.0
108988,4,76,22.65,4,0.0
108988,5,91,18.63,1,0.05
108988,6,112,73.52,5,0.0
108989,1,108,35.45,5,0.0
108989,2,58,8.24,7,0.1
108989,3,33,11.0,5,0.0
108989,4,26,15.28,8,0.0
108990,1,83,29.11,4,0.0
108990,2,8,5.86,5,0.0
108991,1,45,11.02,3,0.0
108991,2,9,25.88,4,0.0
108991,3,96,78.5,10,0.05
108992,1,81,21.82,4,0.0
108992,2,42,20.13,10,0.03
108992,3,72,8.95,5,0.0
108993,1,67,30.73,2,0.0
108993,2,59,20.83,4,0.1
108993,3,71,7.15,2,0.0
108993,4,45,11.62,8,0.0
108993,5,108,34.49,4,0.15
108993,6,72,9.41,7,0.0
108994,1,33,11.06,3,0.0
108994,2,81,27.77,4,0.0
108994,3,5,24.76,4,0.0
108994,4,82,6.73,2,0.0
108994,5,63,38.64,7,0.0
108995,1,53,22.94,1,0.03
108995,2,99,31.16,4,0.05
108995,3,72,9.7,1,0.0
108996,1,21,30.14,8,0.0
108996,2,32,18.77,9,0.1
108996,3,87,26.76,6,0.0
108996,4,42,24.18,1,0.0
108997,1,71,6.31,3,0.1
108997,2,81,22.03,5,0.1
108997,3,2,27.23,2,0.0
108998,1,30,5.04,1,0.0
108998,2,53,21.32,1,0.0
108998,3,101,24.59,2,0.0
108999,1,15,11.31,4,0.0
108999,2,71,6.87,3,0.05
108999,3,69,4.04,5,0.0
108999,4,45,11.08,2,0.0
109000,1,81,23.38,2,0.0
109000,2,31,5.4,10,0.0
109000,3,80,20.71,1,0.05
109000,4,39,110.16,4,0.03
109001,1,37,21.56,3,0.0
109001,2,4,7.38,3,0.0
109001,3,71,6.96,6,0.05
109002,1,76,26.93,1,0.03
109002,2,32,18.37,4,0.05
109002,3,65,9.88,7,0.0
109003,1,82,7.02,2,0.0
109003,2,81,24.41,2,0.05
109003,3,14,24.02,3,0.03
109003,4,71,7.47,3,0.1
109004,1,89,16.67,3,0.0
109004,2,87,29.87,5,0.0
109005,1,34,24.43,6,0.0
109005,2,40,23.28,6,0.0
109005,3,97,13.33,7,0.0
109006,1,47,19.96,2,0.15
109006,2,10,49.84,4,0.0
109006,3,89,17.66,12,0.0
109006,4,120,4.84,5,0.0
109006,5,45,11.46,7,0.1
109007,1,35,32.62,8,0.05
109007,2,53,22.81,2,0.0
109007,3,89,15.76,4,0.0
109008,1,12,88.01,3,0.0
109008,2,97,14.19,1,0.1
109008,3,109,3.34,2,0.0
109008,4,105,6.01,8,0.0
109009,1,71,6.97,1,0.0
109009,2,110,24.66,4,0.0
109009,3,72,8.38,14,0.05
109010,1,99,26.83,7,0.0
109010,2,116,36.08,6,0.15
109010,3,60,12.45,3,0.1
109010,4,52,44.94,3,0.03
109011,1,108,37.0,2,0.15
109011,2,90,59.62,1,0.1
109012,1,15,9.37,1,0.03
109012,2,101,22.33,2,0.0
109012,3,117,8.4,3,0.1
109012,4,76,25.58,10,0.05
109013,1,117,8.25,2,0.03
109013,2,71,7.38,1,0.03
109013,3,99,26.35,6,0.0
109013,4,86,32.07,2,0.03
109013,5,72,10.39,12,0.0
109013,6,28,7.03,1,0.05
109014,1,65,12.9,3,0.03
109014,2,51,37.54,1,0.0
109014,3,80,25.22,8,0.0
109014,4,84,15.66,2,0.0
109015,1,34,24.88,3,0.0
109015,2,88,27.48,3,0.15
109015,3,46,17.12,4,0.2
109016,1,80,26.02,3,0.0
109016,2,62,41.37,1,0.05
109016,3,99,32.76,6,0.1
109016,4,81,26.14,1,0.05
109017,1,60,11.21,8,0.0
109018,1,116,41.47,3,0.03
109018,2,70,11.6,11,0.0
109019,1,45,11.57,2,0.0
109019,2,116,38.49,3,0.0
109019,3,101,23.35,1,0.0
109020,1,40,25.38,6,0.0
109020,2,81,25.26,3,0.0
109020,3,76,22.45,5,0.0
109020,4,15,10.14,4,0.0
109020,5,107,42.31,2,0.05
109020,6,23,23.17,2,0.0
109021,1,49,25.84,4,0.0
109021,2,80,23.23,6,0.0
109022,1,116,32.29,3,0.2
109022,2,56,28.51,1,0.0
109022,3,106,17.64,4,0.0
109022,4,110,24.86,4,0.05
109022,5,76,22.19,9,0.05
109022,6,83,31.62,6,0.0
109023,1,78,10.54,4,0.0
109023,2,16,5.31,2,0.05
109023,3,19,24.28,1,0.0
109023,4,81,25.46,5,0.0
109024,1,116,37.09,2,0.0
109024,2,44,14.74,3,0.05
109024,3,102,24.96,3,0.0
109024,4,91,17.86,7,0.1
109025,1,44,14.7,9,0.1
109025,2,24,52.77,1,0.05
109025,3,94,29.8,4,0.0
109025,4,23,23.66,2,0.0
109025,5,53,22.96,2,0.0
109026,1,60,10.23,3,0.0
109026,2,34,27.42,4,0.1
109026,3,44,15.59,7,0.0
109026,4,71,6.44,1,0.0
109026,5,49,25.9,2,0.15
109027,1,110,23.79,6,0.05
109027,2,83,32.72,7,0.0
109028,1,94,30.91,2,0.0
109028,2,34,24.63,8,0.1
109029,1,89,17.84,3,0.15
109029,2,60,12.01,1,0.0
109029,3,83,34.01,4,0.05
109029,4,102,24.9,4,0.1
109029,5,116,34.11,7,0.0
109029,6,81,24.3,5,0.0
109030,1,72,9.47,8,0.05
109030,2,65,12.35,4,0.1
109030,3,105,5.92,6,0.0
109030,4,75,19.16,2,0.0
109030,5,44,15.07,5,0.05
109031,1,60,13.65,2,0.0
109031,2,24,51.12,3,0.2
109031,3,91,19.45,1,0.2
109031,4,116,36.08,10,0.0
109031,5,58,8.63,7,0.0
109032,1,15,11.67,3,0.0
109032,2,97,14.92,3,0.0
109032,3,80,22.2,4,0.0
109032,4,34,21.27,2,0.0
109032,5,14,23.74,9,0.0
109032,6,81,26.48,4,0.0
109032,7,52,46.22,4,0.1
109033,1,70,12.1,3,0.1
109033,2,116,38.53,6,0.15
109033,3,81,24.11,2,0.0
109034,1,68,25.88,6,0.1
109034,2,60,11.34,1,0.05
109035,1,7,14.23,2,0.0
109035,2,83,31.63,1,0.0
109036,1,27,9.13,1,0.0
109037,1,22,15.49,2,0.0
109037,2,58,8.31,1,0.15
109037,3,53,20.86,3,0.03
109038,1,116,36.64,3,0.0
109038,2,45,12.54,5,0.05
109038,3,94,26.12,4,0.05
109039,1,71,8.35,4,0.0
109039,2,83,33.4,4,0.05
109039,3,97,14.69,10,0.05
109039,4,91,16.83,2,0.0
109039,5,20,33.46,1,0.0
109039,6,84,15.33,10,0.0
109040,1,105,5.7,5,0.0
109040,2,110,24.8,3,0.15
109041,1,83,33.51,4,0.1
109041,2,72,9.01,2,0.0
109042,1,60,12.26,3,0.05
109043,1,110,25.19,3,0.03
109043,2,50,10.82,3,0.0
109043,3,98,13.27,3,0.0
109043,4,61,18.47,3,0.0
109044,1,52,48.17,5,0.0
109045,1,92,28.38,4,0.0
109045,2,24,40.23,4,0.1
109046,1,109,3.93,5,0.15
109046,2,71,6.42,3,0.05
109047,1,44,16.6,11,0.1
109047,2,31,5.1,8,0.0
109047,3,14,28.7,2,0.05
109047,4,88,39.8,7,0.1
109048,1,10,59.1,2,0.0
109048,2,76,22.37,4,0.0
109049,1,117,10.02,1,0.0
109049,2,98,10.96,6,0.0
109049,3,91,18.93,11,0.05
109050,1,1,33.02,3,0.0
109050,2,116,39.91,3,0.0
109050,3,94,27.92,3,0.05
109050,4,34,23.32,11,0.0
109051,1,81,24.39,11,0.05
109051,2,8,5.2,5,0.0
109051,3,57,40.04,1,0.05
109052,1,45,12.57,4,0.0
109052,2,37,16.89,1,0.05
109052,3,71,6.93,2,0.1
109052,4,76,23.18,2,0.0
109053,1,51,41.29,3,0.05
109053,2,79,16.5,5,0.05
109053,3,24,53.61,1,0.1
109053,4,70,12.89,8,0.05
109053,5,22,16.79,8,0.0
109053,6,71,6.68,5,0.05
109053,7,110,23.13,1,0.0
109054,1,109,3.45,2,0.0
109054,2,98,12.69,7,0.05
109054,3,110,25.5,5,0.05
109054,4,54,20.22,4,0.0
109055,1,72,8.45,4,0.0
109055,2,2,27.83,4,0.0
109055,3,27,9.72,4,0.0
109055,4,85,26.76,2,0.1
109056,1,94,26.27,3,0.0
109056,2,71,7.03,8,0.0
109056,3,78,11.21,5,0.0
109057,1,4,7.75,7,0.0
109057,2,72,9.23,9,0.0
109058,1,91,18.57,4,0.1
109058,2,105,6.09,4,0.05
109058,3,9,24.04,7,0.0
109059,1,52,47.06,6,0.15
109059,2,45,11.98,4,0.05
109059,3,110,23.78,2,0.15
109059,4,13,36.08,5,0.0
109060,1,27,9.19,2,0.03
109060,2,99,24.42,7,0.0
109060,3,49,27.14,3,0.05
109060,4,31,5.69,2,0.1
109061,1,81,23.64,3,0.03
109061,2,60,12.7,7,0.0
109061,3,116,37.35,3,0.0
109062,1,110,25.47,3,0.0
109062,2,67,34.38,3,0.05
109062,3,71,7.18,5,0.05
109062,4,55,19.25,3,0.0
109063,1,60,12.59,4,0.1
109063,2,97,15.28,2,0.05
109063,3,82,6.29,4,0.0
109063,4,33,9.56,3,0.1
109064,1,108,35.51,1,0.05
109064,2,55,19.61,3,0.0
109064,3,35,27.76,1,0.05
109064,4,112,80.29,7,0.0
109064,5,58,7.93,2,0.15
109065,1,29,43.94,2,0.05
109065,2,100,67.4,2,0.0
109066,1,108,36.01,4,0.0
109066,2,111,81.33,8,0.0
109066,3,56,29.33,4,0.05
109066,4,60,12.25,7,0.0
109066,5,26,16.35,3,0.0
109067,1,8,5.3,5,0.0
109067,2,10,55.64,1,0.0
109067,3,108,41.87,3,0.15
109067,4,97,16.01,5,0.05
109067,5,111,87.39,2,0.0
109067,6,101,26.45,4,0.1
109068,1,27,10.23,9,0.05
109068,2,105,5.73,6,0.05
109068,3,71,6.58,4,0.03
109069,1,83,32.67,3,0.05
109069,2,108,34.61,3,0.0
109070,1,13,41.36,1,0.0
109070,2,9,26.27,5,0.03
109070,3,72,8.38,9,0.1
109071,1,89,16.09,1,0.05
109071,2,65,10.21,1,0.0
109071,3,66,7.84,9,0.0
109071,4,84,15.35,3,0.0
109072,1,32,20.35,5,0.0
109073,1,102,22.72,6,0.05
109073,2,24,49.72,6,0.0
109074,1,45,12.35,2,0.03
109074,2,97,15.57,2,0.05
109074,3,71,7.78,3,0.05
109074,4,68,29.06,3,0.15
109074,5,70,11.07,4,0.05
109075,1,70,12.69,2,0.0
109075,2,85,31.21,2,0.0
109075,3,97,13.82,4,0.0
109075,4,19,27.43,3,0.0
109075,5,45,11.51,12,0.03
109076,1,116,40.77,4,0.1
109076,2,53,26.17,4,0.0
109077,1,116,37.33,8,0.05
109077,2,70,12.15,5,0.0
109077,3,82,7.17,6,0.0
109077,4,98,10.64,6,0.15
109077,5,26,16.98,11,0.1
109078,1,83,30.82,2,0.05
109078,2,53,23.8,3,0.15
109079,1,53,25.33,3,0.1
109079,2,65,10.79,2,0.0
109079,3,89,18.14,6,0.2
109079,4,49,24.33,6,0.0
109080,1,84,15.73,4,0.05
109080,2,26,14.05,6,0.05
109080,3,106,22.2,5,0.03
109080,4,87,28.73,2,0.03
109081,1,97,15.89,5,0.05
109081,2,93,23.51,7,0.03
109081,3,81,25.08,1,0.0
109081,4,52,52.68,4,0.0
109081,5,2,29.73,12,0.03
109082,1,65,11.84,8,0.0
109082,2,52,51.36,6,0.0
109082,3,97,15.46,1,0.1
109082,4,10,51.94,3,0.0
109082,5,96,67.95,1,0.1
109083,1,83,35.8,5,0.05
109083,2,51,43.13,6,0.05
109083,3,106,18.78,3,0.05
109083,4,87,23.09,1,0.0
109083,5,45,11.69,4,0.05
109083,6,81,21.53,3,0.1
109084,1,113,8.98,2,0.0
109084,2,53,22.84,7,0.15
109084,3,120,4.8,3,0.0
109084,4,111,90.83,1,0.0
109085,1,104,24.05,4,0.0
109085,2,99,26.21,4,0.0
109085,3,75,21.23,3,0.15
109085,4,97,14.4,4,0.0
109086,1,95,18.24,6,0.0
109086,2,33,10.52,6,0.1
109086,3,93,25.48,8,0.03
109087,1,106,18.91,5,0.0
109087,2,98,11.92,6,0.05
109087,3,78,9.66,6,0.1
109087,4,8,4.89,1,0.0
109087,5,45,12.38,6,0.15
109087,6,23,23.41,4,0.03
109088,1,14,25.82,3,0.0
109088,2,99,25.87,5,0.05
109089,1,71,6.19,3,0.0
109089,2,11,32.86,3,0.0
109089,3,20,28.07,3,0.0
109089,4,103,28.65,2,0.0
109090,1,60,12.17,2,0.05
109091,1,27,8.18,4,0.0
109091,2,67,32.88,1,0.05
109092,1,65,10.75,6,0.1
109092,2,6,10.31,6,0.15
109092,3,38,30.99,1,0.15
109092,4,27,9.75,3,0.0
109093,1,82,5.96,9,0.0
109093,2,49,25.1,5,0.05
109093,3,60,12.01,2,0.0
109094,1,112,74.52,10,0.0
109094,2,26,17.51,1,0.2
109095,1,67,33.94,3,0.05
109095,2,113,9.04,2,0.1
109095,3,94,33.97,2,0.0
109095,4,92,24.03,1,0.0
109096,1,72,8.94,3,0.0
109096,2,15,11.15,4,0.0
109096,3,112,74.83,3,0.15
109096,4,60,10.79,2,0.03
109096,5,76,26.76,4,0.0
109097,1,84,13.62,2,0.03
109098,1,106,19.57,2,0.0
109099,1,34,25.3,1,0.0
109099,2,77,33.54,2,0.0
109099,3,110,25.64,6,0.0
109099,4,92,27.07,3,0.05
109100,1,98,12.37,7,0.0
109100,2,102,26.43,7,0.0
109100,3,99,24.58,4,0.0
109100,4,79,19.29,2,0.0
109101,1,98,10.89,2,0.05
109102,1,24,52.89,6,0.0
109102,2,110,26.31,4,0.0
109102,3,70,12.83,6,0.2
109103,1,89,15.87,5,0.1
109104,1,26,16.99,3,0.0
109104,2,52,50.12,2,0.0
109104,3,78,9.66,9,0.0
109104,4,44,12.96,7,0.0
109105,1,85,28.98,2,0.05
109105,2,65,10.58,2,0.2
109105,3,45,12.16,2,0.0
109106,1,113,10.87,6,0.15
109106,2,98,12.79,1,0.0
109106,3,67,34.2,3,0.05
109106,4,82,6.22,2,0.0
109106,5,94,27.58,4,0.0
109107,1,110,19.77,7,0.1
109107,2,85,30.75,5,0.0
109107,3,4,6.96,3,0.1
109107,4,52,42.68,1,0.05
109107,5,64,26.48,6,0.0
109107,6,67,30.77,5,0.0
109108,1,107,38.1,5,0.15
109108,2,53,26.85,4,0.05
109108,3,16,4.78,4,0.0
109108,4,110,27.98,1,0.0
109108,5,5,23.12,8,0.0
109109,1,104,22.84,7,0.0
109109,2,12,85.91,4,0.0
109109,3,34,24.43,5,0.1
109110,1,23,21.39,11,0.0
109110,2,45,10.85,3,0.0
109110,3,6,10.27,4,0.05
109110,4,56,28.62,1,0.1
109111,1,75,17.83,7,0.0
109112,1,65,11.51,4,0.1
109112,2,79,17.98,2,0.05
109112,3,72,8.21,2,0.05
109113,1,24,48.18,1,0.0
109113,2,49,30.6,9,0.0
109113,3,105,5.47,2,0.0
109114,1,97,14.03,6,0.0
109114,2,92,24.96,1,0.1
109114,3,74,28.85,1,0.0
109115,1,99,24.21,5,0.0
109115,2,44,16.73,4,0.05
109115,3,55,17.65,3,0.05
109115,4,52,49.99,8,0.1
109116,1,21,27.92,4,0.0
109116,2,14,23.64,7,0.03
109116,3,81,25.22,1,0.05
109116,4,82,6.53,3,0.0
109117,1,49,25.45,8,0.0
109117,2,19,23.99,2,0.1
109118,1,44,16.2,10,0.0
109118,2,60,12.53,4,0.05
109118,3,83,35.78,2,0.05
109119,1,87,26.47,1,0.1
109119,2,110,26.27,2,0.05
109120,1,38,26.82,1,0.05
109120,2,50,10.67,8,0.0
109121,1,67,32.01,2,0.0
109121,2,65,11.06,4,0.0
109122,1,1,26.66,3,0.0
109122,2,23,21.79,5,0.0
109122,3,87,27.02,3,0.0
109122,4,52,52.0,2,0.1
109122,5,67,27.99,5,0.2
109123,1,85,31.4,5,0.0
109123,2,79,18.52,4,0.0
109124,1,54,24.24,11,0.03
109124,2,26,14.52,5,0.1
109124,3,76,22.61,5,0.1
109124,4,108,36.61,6,0.05
109124,5,31,4.88,4,0.0
109124,6,8,5.67,3,0.03
109125,1,88,35.96,14,0.05
109125,2,27,10.46,3,0.0
109125,3,39,121.33,3,0.0
109125,4,15,10.55,1,0.0
109125,5,65,11.07,4,0.2
109126,1,58,9.58,2,0.0
109126,2,116,38.66,7,0.2
109126,3,91,19.34,2,0.0
109126,4,4,8.39,2,0.0
109127,1,45,9.96,3,0.05
109127,2,80,24.14,5,0.05
109127,3,91,16.27,4,0.0
109127,4,12,74.17,2,0.0
109127,5,60,9.6,3,0.0
109127,6,9,27.92,4,0.0
109128,1,45,12.4,2,0.0
109128,2,98,11.54,4,0.0
109128,3,77,30.13,8,0.0
109128,4,86,27.48,2,0.0
109129,1,77,28.28,2,0.0
109129,2,11,35.19,4,0.0
109129,3,116,42.66,4,0.03
109129,4,76,18.41,13,0.1
109129,5,45,13.08,2,0.0
109129,6,14,25.97,3,0.0
109129,7,110,27.87,2,0.0
109130,1,72,8.46,4,0.0
109130,2,7,13.99,6,0.0
109130,3,45,11.61,1,0.0
109131,1,83,31.24,3,0.0
109132,1,24,51.09,3,0.1
109132,2,97,15.97,10,0.0
109132,3,72,8.71,1,0.1
109133,1,81,24.26,4,0.1
109133,2,44,13.37,1,0.0
109133,3,92,24.04,2,0.03
109133,4,23,22.84,7,0.0
109134,1,8,4.72,3,0.0
109134,2,21,29.32,3,0.15
109134,3,79,19.59,12,0.2
109134,4,34,25.17,6,0.05
109135,1,40,23.83,1,0.2
109135,2,27,9.22,5,0.0
109136,1,75,16.71,10,0.0
109136,2,100,62.87,1,0.05
109136,3,46,15.76,4,0.1
109137,1,106,21.71,5,0.15
109137,2,105,4.93,2,0.0
109137,3,11,34.01,3,0.03
109137,4,53,22.97,1,0.0
109137,5,71,7.16,4,0.1
109138,1,55,21.9,3,0.0
109138,2,15,10.95,14,0.0
109139,1,97,15.44,5,0.0
109139,2,21,27.75,3,0.15
109139,3,87,28.92,3,0.0
109140,1,22,14.4,4,0.1
109140,2,51,43.75,7,0.0
109140,3,81,25.39,1,0.05
109140,4,53,25.53,1,0.0
109141,1,71,7.8,2,0.15
109141,2,64,21.75,6,0.0
109141,3,83,33.79,6,0.1
109141,4,107,46.43,5,0.0
109142,1,49,22.42,3,0.1
109142,2,56,25.9,4,0.0
109143,1,117,10.02,4,0.0
109143,2,60,11.36,4,0.0
109143,3,53,23.96,5,0.03
109144,1,83,36.23,1,0.0
109145,1,89,17.2,6,0.0
109145,2,20,30.61,1,0.0
109145,3,66,7.33,5,0.0
109145,4,83,34.09,1,0.0
109146,1,53,24.65,9,0.1
109146,2,44,16.11,8,0.05
109147,1,58,8.86,3,0.0
109147,2,101,23.76,1,0.03
109147,3,66,7.74,8,0.05
109147,4,15,11.63,2,0.03
109147,5,76,22.78,4,0.0
109148,1,46,16.21,2,0.0
109148,2,70,12.71,5,0.0
109148,3,11,32.92,1,0.0
109148,4,45,12.25,2,0.2
109148,5,38,28.89,2,0.0
109149,1,120,4.76,4,0.0
109149,2,79,21.14,2,0.0
109149,3,76,21.63,5,0.0
109149,4,97,13.32,2,0.1
109150,1,72,8.43,5,0.1
109150,2,60,12.69,9,0.0
109150,3,92,30.3,6,0.03
109150,4,83,29.08,5,0.0
109151,1,70,11.51,2,0.05
109151,2,10,59.4,10,0.05
109152,1,59,21.89,4,0.0
109152,2,11,35.82,8,0.1
109152,3,72,7.9,1,0.05
109152,4,21,29.99,6,0.1
109153,1,81,27.7,5,0.0
109153,2,110,25.46,3,0.0
109154,1,26,15.78,2,0.1
109154,2,46,17.4,3,0.0
109154,3,67,35.0,3,0.0
109155,1,27,11.04,5,0.0
109155,2,116,38.79,2,0.03
109155,3,12,90.52,2,0.0
109155,4,40,25.48,8,0.0
109156,1,11,33.27,2,0.0
109156,2,34,26.51,4,0.0
109156,3,81,22.89,4,0.0
109157,1,63,40.35,11,0.1
109157,2,9,21.56,3,0.03
109157,3,83,31.59,6,0.05
109158,1,60,13.03,1,0.0
109158,2,53,27.97,7,0.03
109158,3,113,10.55,3,0.1
109159,1,97,15.86,7,0.0
109159,2,27,10.08,3,0.0
109160,1,14,22.82,2,0.2
109160,2,8,4.92,3,0.05
109161,1,96,65.16,5,0.15
109161,2,80,23.61,12,0.0
109162,1,72,7.75,4,0.0
109162,2,80,21.81,5,0.0
109162,3,66,7.81,6,0.15
109162,4,45,13.76,3,0.0
109163,1,44,14.97,3,0.0
109163,2,52,51.29,2,0.0
109163,3,81,23.33,3,0.0
109164,1,110,26.22,3,0.0
109164,2,40,28.02,13,0.0
109164,3,52,46.64,4,0.0
109165,1,94,31.97,1,0.0
109165,2,60,12.57,3,0.05
109165,3,45,11.5,1,0.0
109165,4,65,12.49,6,0.05
109165,5,80,21.06,1,0.1
109166,1,95,19.31,11,0.03
109166,2,5,22.14,2,0.0
109166,3,8,5.13,1,0.0
109167,1,71,6.39,4,0.0
109167,2,100,71.35,6,0.0
109167,3,45,12.36,1,0.2
109167,4,10,43.09,6,0.0
109168,1,83,32.57,8,0.0
109168,2,85,26.19,3,0.0
109168,3,2,26.69,4,0.0
109168,4,21,26.91,4,0.0
109169,1,104,23.68,5,0.0
109169,2,81,22.75,6,0.0
109169,3,32,18.07,5,0.05
109170,1,116,39.04,5,0.1
109170,2,57,48.38,7,0.0
109171,1,83,24.15,4,0.15
109171,2,117,9.1,7,0.0
109171,3,79,21.58,3,0.03
109171,4,60,10.41,4,0.0
109171,5,98,12.35,3,0.0
109171,6,112,81.09,3,0.05
109172,1,53,21.4,2,0.05
109173,1,85,26.75,2,0.05
109173,2,12,106.84,5,0.0
109173,3,27,9.18,4,0.0
109174,1,66,8.31,3,0.03
109174,2,32,16.67,6,0.2
109174,3,45,12.52,4,0.1
109175,1,45,11.94,1,0.0
109175,2,108,37.05,6,0.1
109175,3,110,23.75,7,0.0
109175,4,120,5.34,7,0.05
109175,5,79,16.52,3,0.0
109176,1,110,25.24,8,0.0
109176,2,24,46.23,3,0.0
109176,3,14,24.12,2,0.0
109177,1,57,43.9,3,0.05
109177,2,87,27.13,4,0.0
109177,3,54,22.1,7,0.0
109177,4,4,7.66,8,0.0
109178,1,45,12.66,4,0.1
109178,2,41,46.01,6,0.0
109179,1,102,23.31,4,0.0
109179,2,82,6.75,2,0.0
109180,1,94,30.39,3,0.0
109180,2,92,25.81,1,0.15
109180,3,67,30.04,6,0.0
109180,4,75,20.49,6,0.05
109180,5,27,10.37,3,0.0
109181,1,80,27.28,5,0.03
109181,2,5,26.07,3,0.15
109182,1,45,11.9,4,0.0
109182,2,92,27.17,3,0.0
109182,3,75,19.89,3,0.0
109182,4,116,40.11,1,0.03
109182,5,94,31.95,4,0.0
109183,1,35,34.73,5,0.03
109183,2,76,26.16,3,0.1
109183,3,24,45.15,6,0.2
109183,4,88,33.3,4,0.15
109184,1,29,40.84,9,0.1
109184,2,65,11.22,5,0.0
109185,1,106,20.11,2,0.03
109185,2,65,12.38,2,0.0
109185,3,97,13.55,2,0.1
109185,4,24,45.37,6,0.0
109185,5,45,11.96,4,0.05
109186,1,24,50.87,8,0.0
109186,2,103,27.64,2,0.0
109186,3,71,6.04,4,0.0
109187,1,30,5.15,1,0.03
109187,2,70,12.7,7,0.1
109187,3,6,10.23,1,0.0
109188,1,45,12.53,3,0.1
109188,2,87,22.41,8,0.05
109188,3,16,5.29,11,0.2
109188,4,83,34.99,4,0.0
109188,5,66,7.65,5,0.0
109188,6,35,30.66,2,0.0
109188,7,82,6.37,3,0.0
109189,1,92,28.38,1,0.0
109189,2,116,41.36,5,0.0
109190,1,75,18.83,5,0.0
109190,2,99,23.37,3,0.05
109190,3,50,10.85,4,0.05
109191,1,76,20.58,5,0.0
109191,2,101,22.28,5,0.0
109191,3,67,31.09,8,0.0
109191,4,82,7.36,4,0.15
109191,5,120,4.34,5,0.0
109191,6,114,27.62,2,0.0
109191,7,71,6.21,4,0.0
109191,8,116,38.27,5,0.03
109192,1,80,21.47,2,0.0
109192,2,94,29.82,2,0.05
109192,3,45,12.56,9,0.1
109192,4,58,8.35,2,0.0
109193,1,58,9.16,1,0.0
109193,2,116,44.35,4,0.1
109194,1,5,20.92,3,0.0
109194,2,26,17.82,4,0.0
109194,3,10,49.18,9,0.05
109195,1,45,10.85,4,0.0
109195,2,34,26.36,4,0.0
109195,3,110,23.81,3,0.0
109196,1,78,10.24,3,0.05
109196,2,40,24.87,5,0.0
109196,3,53,22.25,1,0.0
109197,1,113,11.1,1,0.0
109197,2,67,30.05,1,0.0
109198,1,117,9.1,2,0.0
109198,2,26,18.79,3,0.0
109198,3,87,26.96,3,0.0
109199,1,17,12.4,2,0.0
109199,2,15,12.37,4,0.0
109199,3,106,20.33,2,0.03
109199,4,14,23.62,1,0.0
109200,1,72,9.44,2,0.0
109200,2,103,28.61,4,0.15
109201,1,40,21.18,4,0.0
109201,2,116,40.13,5,0.03
109201,3,38,26.88,12,0.03
109201,4,52,49.82,2,0.0
109201,5,97,15.43,2,0.05
109202,1,106,20.37,2,0.15
109202,2,109,3.62,7,0.0
109202,3,117,8.21,5,0.0
109203,1,97,15.26,3,0.05
109203,2,1,29.64,7,0.0
109203,3,108,33.51,5,0.1
109203,4,52,43.64,2,0.0
109204,1,81,22.75,2,0.0
109204,2,94,27.71,2,0.05
109204,3,39,114.05,7,0.0
109205,1,57,49.79,3,0.1
109205,2,60,11.42,4,0.03
109206,1,60,10.49,4,0.03
109206,2,45,12.64,2,0.0
109206,3,97,14.07,4,0.05
109207,1,45,10.59,1,0.05
109207,2,67,36.6,5,0.0
109208,1,100,60.79,3,0.1
109208,2,116,40.35,3,0.0
109208,3,58,7.86,1,0.0
109208,4,5,25.53,6,0.05
109208,5,14,22.74,3,0.03
109209,1,1,29.18,5,0.03
109209,2,47,24.11,1,0.0
109210,1,51,39.87,6,0.05
109210,2,82,6.66,4,0.05
109210,3,21,28.89,3,0.0
109211,1,24,43.92,5,0.05
109211,2,76,25.9,6,0.0
109212,1,45,11.88,4,0.0
109213,1,81,24.07,1,0.0
109213,2,106,21.53,6,0.0
109213,3,110,24.09,2,0.0
109213,4,44,16.12,3,0.0
109213,5,76,24.33,6,0.0
109214,1,44,17.95,3,0.0
109214,2,67,33.44,3,0.0
109215,1,44,15.44,8,0.05
109215,2,12,76.52,3,0.05
109215,3,61,21.43,5,0.0
109216,1,94,32.66,5,0.0
109216,2,45,12.46,9,0.1
109216,3,52,44.52,5,0.0
109216,4,79,19.46,3,0.0
109216,5,104,22.11,2,0.0
109216,6,67,31.25,4,0.0
109217,1,101,29.32,12,0.1
109217,2,82,6.65,5,0.0
109217,3,110,22.13,9,0.0
109218,1,108,41.97,2,0.05
109218,2,97,15.38,2,0.1
109219,1,79,17.03,1,0.0
109219,2,58,8.61,3,0.05
109219,3,15,13.67,11,0.0
109219,4,35,23.04,1,0.0
109220,1,91,20.04,3,0.0
109220,2,105,5.44,3,0.03
109220,3,51,48.51,7,0.05
109220,4,98,11.84,2,0.03
109221,1,35,29.42,6,0.1
109221,2,48,44.5,3,0.05
109221,3,27,9.49,4,0.1
109222,1,8,5.54,3,0.05
109222,2,106,18.99,2,0.05
109222,3,72,8.48,3,0.03
109222,4,112,74.43,4,0.05
109222,5,60,12.9,5,0.15
109222,6,11,32.88,1,0.0
109223,1,105,5.3,7,0.0
109223,2,45,10.64,6,0.0
109223,3,67,31.87,6,0.03
109223,4,34,25.5,3,0.1
109224,1,45,13.08,6,0.0
109224,2,54,25.84,2,0.15
109224,3,72,8.59,6,0.05
109225,1,46,18.32,4,0.03
109225,2,81,23.15,1,0.0
109225,3,85,26.13,4,0.05
109225,4,14,23.59,7,0.0
109225,5,45,13.1,2,0.0
109226,1,72,8.67,6,0.05
109226,2,38,25.75,1,0.05
109226,3,45,11.69,1,0.0
109227,1,102,24.33,5,0.1
109227,2,45,9.82,4,0.0
109228,1,82,6.89,4,0.05
109228,2,116,38.74,2,0.0
109228,3,92,25.93,4,0.1
109228,4,24,47.6,3,0.0
109228,5,56,28.18,3,0.15
109229,1,8,4.43,8,0.0
109229,2,20,28.81,6,0.2
109229,3,66,8.77,2,0.05
109229,4,92,28.29,3,0.0
109230,1,67,29.1,9,0.0
109230,2,40,24.05,10,0.1
109230,3,45,12.73,8,0.05
109231,1,44,13.68,4,0.03
109231,2,45,10.65,3,0.05
109231,3,110,27.29,2,0.0
109232,1,65,11.52,7,0.03
109232,2,40,25.32,11,0.0
109232,3,107,44.8,6,0.0
109232,4,66,7.78,5,0.1
109232,5,103,30.25,3,0.0
109233,1,8,5.2,3,0.0
109233,2,112,84.39,3,0.0
109233,3,1,29.98,5,0.0
109234,1,83,30.42,5,0.0
109234,2,87,27.45,3,0.05
109234,3,14,29.08,7,0.0
109235,1,45,12.07,6,0.0
109235,2,46,16.34,6,0.03
109235,3,97,15.65,6,0.0
109236,1,83,28.82,4,0.15
109236,2,58,8.31,2,0.15
109237,1,116,45.05,5,0.0
109237,2,107,40.35,5,0.03
109237,3,45,11.72,5,0.1
109238,1,56,29.19,3,0.1
109238,2,45,12.55,13,0.0
109238,3,97,16.74,1,0.1
109238,4,8,5.45,6,0.05
109238,5,81,23.76,7,0.05
109239,1,60,11.31,10,0.0
109239,2,114,30.09,5,0.0
109239,3,33,11.36,7,0.0
109239,4,113,10.39,5,0.0
109239,5,45,11.22,9,0.0
109239,6,11,33.42,7,0.0
109240,1,90,47.1,3,0.0
109240,2,115,34.15,3,0.0
109240,3,79,18.14,4,0.05
109240,4,97,13.9,6,0.0
109241,1,97,15.52,2,0.15
109241,2,23,26.78,2,0.05
109241,3,69,4.04,2,0.0
109242,1,97,14.15,5,0.05
109242,2,72,8.21,6,0.03
109243,1,53,21.4,4,0.15
109243,2,8,4.39,1,0.0
109243,3,38,22.75,8,0.0
109243,4,71,7.08,1,0.0
109243,5,70,10.12,3,0.05
109243,6,105,5.5,4,0.03
109243,7,12,83.99,8,0.2
109244,1,74,30.14,3,0.0
109244,2,25,11.59,6,0.0
109245,1,40,25.79,3,0.0
109245,2,76,25.36,3,0.0
109245,3,43,34.87,3,0.0
109246,1,26,17.24,2,0.0
109246,2,64,22.59,3,0.0
109247,1,51,39.48,7,0.05
109247,2,75,18.76,4,0.0
109247,3,82,6.93,8,0.15
109247,4,103,29.56,3,0.0
109248,1,101,21.55,5,0.05
109248,2,83,29.31,4,0.05
109248,3,45,11.32,1,0.03
109248,4,5,23.69,7,0.0
109249,1,25,10.82,1,0.0
109249,2,50,12.03,2,0.0
109250,1,101,25.95,4,0.0
109250,2,6,9.86,8,0.03
109250,3,104,26.15,10,0.0
109250,4,44,17.22,4,0.0
109250,5,48,48.46,3,0.0
109251,1,102,26.44,1,0.03
109251,2,78,10.17,5,0.0
109251,3,81,23.45,3,0.0
109252,1,54,20.22,6,0.1
109252,2,93,25.04,4,0.0
109252,3,3,70.08,3,0.0
109252,4,17,14.87,1,0.03
109253,1,41,39.85,2,0.1
109253,2,8,5.14,2,0.0
109253,3,101,23.64,3,0.0
109253,4,102,21.73,2,0.0
109253,5,45,12.75,6,0.0
109254,1,24,57.75,2,0.1
109254,2,98,12.15,6,0.0
109255,1,72,7.22,8,0.0
109255,2,45,13.09,2,0.0
109255,3,81,26.05,5,0.05
109255,4,97,15.54,6,0.0
109255,5,83,31.7,6,0.05
109256,1,110,22.15,1,0.0
109256,2,67,31.1,5,0.0
109256,3,116,37.66,1,0.15
109256,4,59,22.94,2,0.0
109257,1,45,12.18,7,0.0
109257,2,71,7.62,4,0.0
109257,3,44,14.6,4,0.0
109257,4,113,9.58,1,0.0
109258,1,52,44.88,5,0.1
109258,2,83,31.75,5,0.0
109258,3,56,34.38,2,0.0
109258,4,25,10.45,5,0.0
109259,1,3,63.97,5,0.15
109259,2,6,9.68,2,0.15
109260,1,43,39.91,2,0.0
109260,2,45,11.06,2,0.0
109261,1,37,16.87,4,0.0
109261,2,81,26.01,7,0.0
109261,3,22,15.8,20,0.0
109261,4,78,9.05,2,0.0
109261,5,75,17.69,2,0.0
109261,6,33,10.58,7,0.0
109262,1,45,11.82,4,0.1
109262,2,52,50.34,3,0.0
109262,3,4,7.88,5,0.0
109262,4,40,21.57,5,0.0
109262,5,109,4.04,1,0.15
109263,1,65,12.88,2,0.0
109263,2,72,8.97,4,0.0
109263,3,69,4.83,6,0.0
109263,4,81,24.07,3,0.0
109263,5,53,25.46,4,0.0
109264,1,12,89.33,3,0.0
109264,2,44,16.63,2,0.0
109264,3,3,57.36,4,0.0
109265,1,70,11.83,12,0.0
109265,2,103,28.11,7,0.0
109265,3,53,21.9,3,0.0
109265,4,51,44.36,3,0.0
109266,1,38,29.11,1,0.0
109266,2,15,11.26,4,0.0
109267,1,72,9.43,4,0.15
109268,1,45,12.0,6,0.0
109268,2,75,19.41,1,0.1
109268,3,113,10.83,1,0.0
109269,1,80,24.76,1,0.0
109269,2,78,8.85,4,0.0
109269,3,58,7.53,3,0.0
109269,4,20,30.95,5,0.0
109270,1,67,39.26,4,0.0
109270,2,85,27.15,5,0.0
109270,3,45,12.13,6,0.0
109270,4,91,16.28,3,0.0
109270,5,70,11.56,2,0.0
109271,1,111,83.14,3,0.0
109271,2,105,5.55,8,0.0
109272,1,5,25.66,13,0.03
109272,2,21,28.95,2,0.0
109272,3,52,52.4,6,0.0
109272,4,92,23.79,2,0.05
109273,1,112,68.3,1,0.05
109273,2,110,26.02,2,0.1
109273,3,67,29.56,10,0.05
109274,1,97,13.84,2,0.0
109274,2,20,30.96,4,0.0
109274,3,98,10.16,4,0.0
109274,4,60,12.04,6,0.15
109274,5,89,16.47,3,0.05
109274,6,10,48.27,2,0.2
109275,1,72,9.15,4,0.15
109275,2,21,30.99,5,0.0
109275,3,8,5.04,5,0.0
109276,1,71,8.02,2,0.0
109276,2,106,21.64,3,0.0
109277,1,72,6.4,6,0.03
109277,2,57,47.01,2,0.0
109277,3,116,37.52,6,0.1
109277,4,98,12.49,2,0.1
109277,5,10,55.03,2,0.0
109278,1,24,41.9,4,0.0
109278,2,87,23.31,5,0.05
109278,3,108,36.39,3,0.15
109279,1,72,9.08,4,0.03
109280,1,84,14.12,2,0.0
109281,1,53,24.83,6,0.03
109281,2,10,46.34,4,0.1
109281,3,89,17.87,2,0.15
109281,4,100,68.17,1,0.0
109281,5,97,16.11,3,0.0
109281,6,76,27.01,2,0.05
109281,7,51,46.97,3,0.05
109282,1,24,49.44,1,0.1
109282,2,80,22.83,1,0.1
109282,3,101,26.43,4,0.0
109283,1,44,16.04,6,0.15
109283,2,110,25.2,2,0.05
109283,3,2,31.14,6,0.0
109283,4,72,7.86,7,0.0
109283,5,10,48.22,6,0.1
109284,1,44,14.02,1,0.2
109284,2,71,6.57,3,0.05
109284,3,64,22.59,7,0.0
109284,4,60,10.62,7,0.0
109285,1,51,42.41,3,0.1
109285,2,65,10.21,1,0.05
109285,3,45,11.42,5,0.0
109286,1,97,15.82,1,0.2
109286,2,81,23.98,5,0.0
109286,3,50,9.38,1,0.0
109286,4,82,6.7,2,0.1
109287,1,116,41.21,3,0.0
109287,2,61,19.64,2,0.0
109287,3,45,11.37,4,0.05
109287,4,100,64.14,5,0.0
109287,5,97,14.23,3,0.0
109288,1,21,34.55,3,0.0
109288,2,108,33.91,4,0.03
109288,3,41,44.19,2,0.0
109288,4,45,12.27,4,0.0
109288,5,51,39.07,5,0.0
109289,1,8,4.71,2,0.0
109289,2,78,9.38,3,0.05
109289,3,105,5.41,2,0.2
109289,4,15,10.87,3,0.1
109289,5,33,10.61,3,0.1
109290,1,120,4.68,5,0.05
109291,1,98,11.54,7,0.03
109291,2,13,32.65,5,0.0
109291,3,72,7.85,4,0.03
109291,4,51,42.09,9,0.03
109291,5,97,13.38,3,0.0
109292,1,97,11.72,4,0.0
109292,2,117,8.36,10,0.0
109292,3,70,11.94,5,0.0
109292,4,54,21.06,4,0.0
109293,1,4,6.73,3,0.2
109293,2,45,10.71,6,0.15
109294,1,13,31.92,8,0.0
109294,2,99,26.82,2,0.0
109295,1,42,21.76,2,0.05
109295,2,116,39.48,6,0.0
109296,1,91,18.69,4,0.05
109296,2,52,46.1,5,0.05
109297,1,8,6.07,4,0.0
109297,2,54,23.15,2,0.05
109297,3,82,7.21,3,0.2
109298,1,11,34.65,7,0.0
109298,2,107,44.37,7,0.1
109298,3,50,9.95,1,0.0
109298,4,83,35.63,4,0.0
109298,5,101,26.71,9,0.03
109299,1,57,52.28,8,0.0
109299,2,52,57.29,6,0.05
109299,3,45,12.48,4,0.2
109300,1,6,10.44,7,0.03
109300,2,114,23.66,9,0.0
109300,3,15,9.42,5,0.0
109300,4,41,43.52,3,0.0
109300,5,12,75.81,2,0.1
109301,1,109,3.99,2,0.15
109302,1,72,7.52,2,0.0
109302,2,65,14.43,5,0.1
109302,3,102,25.45,3,0.0
109302,4,16,4.99,3,0.0
109303,1,24,43.91,4,0.1
109304,1,107,41.59,8,0.0
109305,1,94,30.91,8,0.0
109305,2,1,25.86,5,0.0
109305,3,45,12.07,3,0.05
109305,4,88,34.63,6,0.05
109306,1,67,29.39,11,0.1
109306,2,45,10.15,2,0.2
109306,3,110,22.49,2,0.03
109307,1,16,5.08,1,0.0
109307,2,22,14.9,4,0.05
109307,3,19,27.01,2,0.03
109308,1,79,17.89,4,0.0
109308,2,46,16.21,7,0.1
109308,3,71,7.56,8,0.0
109309,1,116,36.15,4,0.0
109309,2,37,18.76,2,0.0
109309,3,71,7.82,1,0.03
109310,1,60,11.2,2,0.0
109310,2,45,11.05,1,0.0
109310,3,116,40.9,8,0.0
109311,1,2,28.14,2,0.0
109311,2,24,49.45,4,0.0
109311,3,11,38.48,4,0.03
109311,4,15,11.4,2,0.0
109311,5,79,20.06,1,0.03
109311,6,72,7.71,7,0.0
109312,1,86,31.05,2,0.0
109312,2,110,23.28,3,0.0
109312,3,59,23.01,3,0.05
109313,1,97,13.83,4,0.0
109313,2,90,54.72,7,0.0
109313,3,81,22.52,1,0.0
109314,1,67,30.18,6,0.15
109314,2,76,23.61,5,0.0
109315,1,79,19.66,2,0.05
109315,2,24,53.92,9,0.0
109316,1,110,25.9,6,0.0
109317,1,8,5.36,5,0.0
109317,2,45,14.28,2,0.0
109317,3,48,48.11,3,0.0
109318,1,14,26.59,3,0.0
109318,2,53,22.92,5,0.0
109318,3,15,10.23,1,0.0
109318,4,31,5.04,4,0.05
109319,1,79,21.37,7,0.0
109319,2,12,93.36,1,0.0
109319,3,91,17.83,3,0.0
109320,1,2,26.27,2,0.15
109320,2,58,8.55,13,0.0
109320,3,116,33.1,9,0.0
109320,4,32,19.52,5,0.2
109321,1,83,37.36,2,0.0
109322,1,97,15.27,7,0.05
109322,2,31,5.4,1,0.1
109322,3,91,19.59,7,0.03
109323,1,26,16.14,5,0.1
109323,2,55,18.72,3,0.1
109324,1,71,7.45,4,0.0
109324,2,44,14.79,2,0.1
109324,3,108,40.83,8,0.1
109324,4,45,12.2,1,0.0
109325,1,26,15.76,3,0.0
109325,2,68,26.33,3,0.05
109325,3,64,24.72,6,0.03
109326,1,83,29.54,7,0.05
109326,2,63,38.83,15,0.0
109326,3,98,13.99,3,0.0
109327,1,81,23.71,6,0.0
109327,2,116,32.48,3,0.0
109327,3,34,25.94,2,0.0
109327,4,71,7.1,2,0.05
109328,1,92,27.76,2,0.03
109328,2,10,50.08,3,0.05
109329,1,58,8.49,12,0.0
109329,2,91,17.07,2,0.1
109330,1,113,9.64,7,0.0
109330,2,34,24.77,5,0.0
109331,1,6,11.5,9,0.0
109331,2,109,3.61,2,0.0
109332,1,32,16.75,9,0.05
109332,2,117,9.9,3,0.0
109332,3,116,38.76,2,0.05
109333,1,103,27.64,3,0.15
109333,2,62,30.45,4,0.0
109333,3,92,28.35,3,0.0
109333,4,6,10.27,6,0.2
109333,5,116,43.04,4,0.0
109334,1,106,20.64,6,0.0
109334,2,107,43.1,3,0.0
109334,3,64,23.57,11,0.03
109335,1,116,33.29,3,0.0
109335,2,53,21.58,3,0.0
109336,1,89,15.36,1,0.03
109336,2,79,20.27,9,0.05
109336,3,114,30.22,4,0.0
109337,1,60,13.42,6,0.05
109337,2,100,60.76,3,0.03
109337,3,89,16.13,5,0.1
109337,4,94,29.56,2,0.05
109337,5,23,25.77,6,0.0
109338,1,34,23.83,5,0.15
109339,1,81,25.91,2,0.0
109339,2,75,18.9,6,0.0
109339,3,40,26.22,7,0.0
109339,4,10,55.32,3,0.0
109340,1,53,22.89,6,0.0
109340,2,81,24.64,10,0.1
109340,3,16,5.2,5,0.0
109340,4,112,77.79,6,0.0
109340,5,71,7.19,5,0.15
109341,1,116,36.14,4,0.1
109341,2,110,24.41,5,0.15
109341,3,60,12.41,2,0.1
109341,4,81,23.19,2,0.0
109341,5,33,11.01,4,0.15
109342,1,37,16.77,2,0.0
109342,2,116,39.53,9,0.03
109342,3,71,6.92,5,0.15
109342,4,103,33.5,3,0.0
109343,1,64,24.88,10,0.15
109344,1,81,22.61,11,0.05
109345,1,37,18.27,4,0.0
109345,2,45,11.16,4,0.0
109345,3,88,36.25,3,0.05
109345,4,9,26.18,9,0.0
109346,1,16,5.23,3,0.0
109347,1,71,6.78,5,0.0
109347,2,48,46.95,1,0.0
109347,3,63,39.59,1,0.0
109348,1,52,50.52,6,0.1
109349,1,71,6.95,2,0.0
109349,2,116,34.79,2,0.05
109349,3,78,9.5,3,0.0
109350,1,77,36.41,9,0.0
109350,2,45,13.04,7,0.0
109351,1,116,37.44,4,0.1
109351,2,120,5.04,4,0.0
109351,3,90,62.89,2,0.05
109351,4,59,20.55,8,0.1
109351,5,99,22.0,3,0.05
109352,1,12,86.51,4,0.03
109352,2,97,15.33,2,0.0
109353,1,68,29.02,4,0.05
109353,2,70,12.22,3,0.03
109353,3,73,21.54,2,0.0
109353,4,45,10.6,7,0.05
109354,1,97,14.69,3,0.0
109354,2,65,10.88,7,0.0
109354,3,44,14.03,4,0.03
109354,4,24,44.21,2,0.0
109355,1,99,22.76,2,0.15
109355,2,105,5.75,2,0.1
109355,3,1,30.48,2,0.0
109355,4,6,11.62,2,0.0
109356,1,60,11.47,3,0.0
109356,2,116,39.9,3,0.03
109357,1,85,22.81,4,0.03
109357,2,11,29.99,4,0.0
109357,3,32,20.1,5,0.0
109357,4,8,5.02,6,0.1
109358,1,27,9.78,1,0.1
109358,2,46,18.12,9,0.15
109358,3,51,47.58,3,0.2
109359,1,59,19.29,9,0.0
109359,2,45,11.92,7,0.0
109360,1,45,11.09,6,0.0
109360,2,72,9.56,4,0.0
109360,3,117,10.27,5,0.0
109360,4,69,4.26,5,0.03
109361,1,71,7.04,6,0.0
109361,2,110,23.85,2,0.0
109361,3,15,10.83,5,0.0
109361,4,80,25.0,5,0.1
109362,1,11,29.86,3,0.0
109362,2,72,9.1,2,0.1
109362,3,32,19.74,3,0.0
109362,4,71,7.35,2,0.03
109362,5,82,6.82,2,0.0
109363,1,98,11.97,2,0.03
109363,2,102,22.95,3,0.0
109364,1,116,39.32,3,0.1
109364,2,49,23.6,9,0.03
109364,3,110,26.73,2,0.0
109364,4,75,20.23,7,0.0
109364,5,5,26.56,2,0.0
109365,1,49,24.81,3,0.0
109365,2,40,23.72,7,0.1
109366,1,80,23.89,1,0.0
109367,1,103,28.83,3,0.05
109367,2,97,14.66,3,0.03
109367,3,26,15.49,8,0.0
109367,4,87,27.05,1,0.1
109368,1,5,27.91,5,0.0
109368,2,98,12.7,7,0.0
109368,3,15,10.3,3,0.05
109369,1,71,6.93,2,0.05
109369,2,25,14.33,5,0.15
109369,3,72,9.2,7,0.1
109369,4,116,37.34,8,0.0
109369,5,58,9.68,2,0.0
109370,1,54,24.27,2,0.0
109370,2,24,41.72,1,0.05
109370,3,97,16.48,3,0.03
109370,4,110,25.81,2,0.0
109371,1,27,8.93,2,0.0
109371,2,76,24.15,1,0.0
109372,1,26,14.66,7,0.0
109373,1,15,10.5,7,0.05
109374,1,11,28.48,4,0.05
109374,2,76,24.27,4,0.05
109374,3,116,43.5,3,0.05
109375,1,65,12.38,10,0.2
109375,2,99,27.61,2,0.1
109375,3,71,7.51,2,0.0
109376,1,71,7.92,7,0.0
109376,2,110,26.84,4,0.0
109377,1,68,27.66,2,0.0
109377,2,45,12.55,4,0.0
109377,3,60,12.12,4,0.0
109377,4,81,26.63,4,0.0
109378,1,75,19.06,7,0.0
109378,2,60,11.54,2,0.0
109378,3,79,19.68,3,0.2
109378,4,97,13.38,5,0.0
109378,5,73,22.06,1,0.03
109378,6,12,82.6,1,0.1
109379,1,79,18.01,5,0.0
109379,2,83,34.99,4,0.03
109379,3,71,7.37,4,0.0
109379,4,14,23.68,5,0.0
109379,5,118,21.95,1,0.0
109379,6,100,60.68,3,0.0
109380,1,88,35.2,7,0.0
109380,2,60,10.45,7,0.15
109381,1,106,23.85,12,0.0
109381,2,70,11.21,3,0.03
109381,3,45,12.58,1,0.1
109382,1,97,15.53,3,0.05
109383,1,9,20.96,1,0.0
109383,2,55,21.65,3,0.15
109384,1,71,7.25,7,0.05
109385,1,72,8.61,2,0.0
109385,2,114,27.04,4,0.0
109386,1,75,20.36,2,0.0
109386,2,98,14.07,11,0.0
109386,3,87,26.16,6,0.15
109386,4,40,25.88,5,0.0
109386,5,64,26.46,1,0.1
109387,1,45,11.89,3,0.0
109387,2,97,14.47,7,0.0
109387,3,117,9.43,5,0.0
109388,1,63,42.45,1,0.0
109388,2,40,23.73,2,0.05
109388,3,95,19.25,1,0.05
109389,1,58,7.52,5,0.0
109389,2,110,25.22,6,0.05
109389,3,82,6.79,6,0.0
109389,4,10,52.77,3,0.0
109389,5,115,32.34,1,0.0
109389,6,45,9.87,4,0.0
109390,1,106,22.27,4,0.0
109390,2,104,24.06,5,0.1
109390,3,24,53.66,6,0.0
109390,4,45,11.21,1,0.03
109390,5,70,12.94,7,0.0
109391,1,27,10.05,4,0.0
109391,2,117,9.44,1,0.0
109391,3,5,21.71,1,0.03
109392,1,98,11.06,6,0.15
109392,2,65,12.98,8,0.05
109392,3,72,8.65,1,0.0
109393,1,113,8.58,1,0.0
109393,2,110,28.38,1,0.03
109393,3,21,30.86,2,0.0
109394,1,71,7.41,1,0.1
109394,2,64,26.05,4,0.0
109395,1,67,31.09,10,0.03
109395,2,31,4.7,5,0.05
109396,1,52,45.68,6,0.05
109396,2,15,11.51,3,0.0
109396,3,9,26.78,3,0.0
109396,4,119,11.65,12,0.15
109396,5,81,27.28,3,0.0
109397,1,72,7.97,3,0.03
109398,1,85,28.5,4,0.0
109398,2,107,39.07,5,0.03
109398,3,82,6.45,1,0.2
109398,4,108,38.25,4,0.1
109399,1,13,34.46,7,0.05
109399,2,27,9.47,2,0.0
109399,3,45,10.46,3,0.0
109399,4,40,27.0,3,0.0
109400,1,110,27.51,5,0.1
109400,2,112,78.19,3,0.1
109400,3,76,24.43,5,0.03
109400,4,58,7.64,1,0.0
109401,1,39,105.53,5,0.05
109401,2,107,45.48,1,0.0
109401,3,54,25.09,1,0.05
109402,1,73,21.26,4,0.0
109402,2,65,12.38,4,0.0
109402,3,60,13.44,3,0.03
109402,4,79,18.3,6,0.0
109403,1,87,24.22,4,0.03
109403,2,51,38.68,10,0.15
109404,1,61,19.75,4,0.0
109404,2,45,12.92,5,0.05
109404,3,2,27.64,8,0.0
109404,4,81,29.21,3,0.0
109405,1,52,45.26,3,0.0
109405,2,106,16.49,4,0.03
109405,3,78,9.56,3,0.03
109405,4,67,33.58,4,0.05
109406,1,9,21.63,6,0.0
109406,2,79,18.27,8,0.15
109407,1,104,29.1,6,0.0
109407,2,81,22.25,6,0.0
109407,3,15,11.01,2,0.03
109408,1,117,9.46,5,0.05
109408,2,110,26.75,9,0.0
109408,3,64,28.58,4,0.0
109409,1,59,18.72,3,0.0
109410,1,72,8.76,6,0.0
109410,2,83,27.88,4,0.1
109411,1,94,28.79,5,0.05
109411,2,80,24.69,2,0.0
109412,1,45,12.34,6,0.0
109412,2,110,26.11,2,0.0
109412,3,69,4.38,5,0.0
109412,4,14,24.48,4,0.0
109412,5,52,49.04,1,0.0
109412,6,3,58.29,5,0.0
109412,7,33,11.74,2,0.0
109412,8,94,28.59,3,0.1
109413,1,37,18.34,6,0.0
109413,2,71,8.04,4,0.0
109413,3,26,15.11,2,0.0
109413,4,45,11.63,5,0.0
109413,5,21,31.33,5,0.0
109414,1,109,3.83,7,0.0
109414,2,116,40.35,2,0.0
109414,3,59,21.62,2,0.05
109414,4,14,23.88,1,0.0
109415,1,58,9.24,6,0.05
109415,2,84,14.62,2,0.0
109415,3,71,6.9,4,0.0
109415,4,6,10.85,4,0.0
109415,5,8,4.65,4,0.1
109416,1,24,48.86,7,0.0
109416,2,94,32.76,3,0.0
109416,3,60,12.23,8,0.05
109416,4,87,24.31,1,0.0
109417,1,71,7.11,1,0.0
109417,2,106,22.54,5,0.0
109417,3,88,34.88,2,0.0
109418,1,81,23.9,3,0.05
109418,2,116,38.22,6,0.05
109418,3,58,8.21,4,0.1
109418,4,28,7.1,3,0.0
109418,5,39,110.69,3,0.05
109419,1,85,30.57,6,0.0
109420,1,44,15.41,3,0.2
109420,2,51,46.39,3,0.0
109420,3,49,22.3,2,0.0
109420,4,60,10.18,6,0.0
109421,1,81,22.16,6,0.0
109421,2,112,69.12,1,0.0
109421,3,80,24.7,7,0.1
109421,4,60,11.49,5,0.03
109421,5,108,36.64,8,0.1
109422,1,67,32.08,2,0.0
109422,2,2,25.96,15,0.15
109422,3,90,62.26,4,0.0
109423,1,56,31.63,3,0.03
109423,2,51,50.5,5,0.1
109423,3,114,26.4,2,0.0
109424,1,81,24.08,3,0.1
109424,2,83,31.15,7,0.1
109424,3,117,8.58,2,0.1
109425,1,6,10.15,4,0.0
109425,2,104,25.04,2,0.03
109425,3,52,47.24,1,0.0
109425,4,10,54.41,3,0.0
109426,1,97,16.36,5,0.0
109426,2,60,10.88,3,0.0
109426,3,58,8.88,2,0.15
109427,1,16,4.68,4,0.03
109427,2,110,27.55,3,0.15
109427,3,14,24.91,5,0.0
109427,4,71,6.78,9,0.2
109428,1,53,23.81,2,0.05
109429,1,92,29.17,3,0.0
109429,2,79,17.37,5,0.03
109429,3,71,6.81,4,0.0
109429,4,40,25.28,6,0.0
109430,1,2,30.88,2,0.05
109430,2,88,32.06,5,0.05
109431,1,69,4.21,3,0.0
109431,2,89,16.03,8,0.05
109431,3,60,11.54,8,0.05
109431,4,49,26.14,2,0.0
109432,1,82,6.13,3,0.1
109432,2,59,19.28,2,0.0
109432,3,33,10.44,2,0.0
109432,4,52,47.6,4,0.0
109433,1,1,26.04,9,0.0
109433,2,98,11.44,5,0.1
109433,3,21,33.35,1,0.03
109433,4,71,8.44,5,0.0
109434,1,80,24.85,1,0.0
109434,2,53,25.68,2,0.0
109434,3,12,86.13,5,0.03
109434,4,65,10.99,3,0.0
109435,1,8,4.79,6,0.0
109435,2,44,12.54,3,0.0
109436,1,40,23.51,1,0.0
109436,2,110,28.41,2,0.0
109437,1,1,25.91,8,0.0
109437,2,12,82.69,15,0.0
109437,3,23,25.43,6,0.0
109438,1,8,4.81,2,0.0
109438,2,108,37.77,1,0.0
109438,3,81,24.77,9,0.1
109439,1,71,7.64,5,0.0
109439,2,17,15.11,3,0.0
109439,3,110,24.95,7,0.0
109439,4,67,33.64,6,0.0
109439,5,45,13.83,8,0.0
109439,6,60,14.32,6,0.0
109439,7,26,15.95,3,0.0
109440,1,26,16.91,6,0.1
109440,2,69,4.24,3,0.05
109441,1,72,8.72,4,0.1
109441,2,58,6.73,1,0.0
109441,3,94,34.94,3,0.0
109441,4,69,3.91,9,0.0
109441,5,21,28.72,3,0.03
109442,1,83,29.23,5,0.0
109442,2,6,10.34,7,0.15
109443,1,45,12.63,5,0.03
109443,2,79,17.91,6,0.0
109443,3,104,27.72,1,0.03
109444,1,21,28.11,8,0.1
109444,2,116,38.66,14,0.0
109444,3,39,121.19,5,0.1
109444,4,38,29.79,5,0.05
109444,5,40,24.57,2,0.0
109445,1,58,7.57,4,0.0
109445,2,117,9.56,6,0.0
109445,3,66,5.92,10,0.05
109445,4,81,27.81,2,0.05
109445,5,11,38.55,1,0.0
109445,6,110,25.64,5,0.05
109446,1,117,8.74,1,0.03
109446,2,55,18.64,6,0.05
109447,1,107,40.64,3,0.0
109447,2,63,40.59,8,0.0
109448,1,51,40.65,4,0.0
109448,2,52,53.56,4,0.0
109448,3,40,24.42,5,0.0
109448,4,5,26.52,6,0.0
109448,5,15,10.51,7,0.15
109448,6,76,20.13,2,0.0
109448,7,83,26.77,3,0.1
109449,1,97,13.99,3,0.0
109450,1,14,25.51,1,0.0
109450,2,97,15.52,8,0.0
109450,3,35,29.04,3,0.2
109451,1,65,11.56,7,0.0
109451,2,44,16.12,1,0.0
109451,3,91,16.86,9,0.0
109451,4,24,49.15,7,0.1
109452,1,5,27.38,10,0.2
109452,2,10,48.04,5,0.0
109452,3,106,20.27,8,0.0
109453,1,71,6.46,2,0.05
109453,2,107,36.28,2,0.0
109454,1,14,24.75,1,0.15
109454,2,16,5.44,6,0.0
109454,3,97,13.91,2,0.0
109455,1,100,57.39,10,0.0
109455,2,88,37.09,3,0.0
109455,3,23,22.19,6,0.03
109456,1,21,27.1,2,0.0
109456,2,94,29.58,4,0.15
109456,3,11,33.34,3,0.1
109457,1,88,37.63,5,0.0
109457,2,102,23.15,4,0.0
109457,3,79,19.95,3,0.05
109457,4,53,20.85,5,0.0
109458,1,32,15.94,10,0.0
109458,2,80,27.87,3,0.0
109458,3,104,21.79,6,0.0
109458,4,52,41.75,3,0.0
109458,5,72,9.11,5,0.0
109458,6,108,40.24,5,0.03
109458,7,40,21.42,5,0.0
109458,8,88,36.93,3,0.0
109459,1,91,20.79,3,0.0
109459,2,45,11.61,4,0.1
109459,3,82,6.92,3,0.03
109459,4,103,28.84,5,0.0
109459,5,116,31.93,6,0.0
109460,1,33,11.43,3,0.05
109460,2,44,15.31,6,0.0
109460,3,16,5.14,2,0.15
109460,4,87,29.55,2,0.05
109461,1,10,56.09,3,0.0
109461,2,14,25.1,1,0.03
109461,3,19,23.87,6,0.1
109461,4,45,11.35,4,0.0
109461,5,79,18.77,4,0.0
109461,6,24,55.42,3,0.0
109461,7,40,24.41,4,0.0
109462,1,82,6.88,1,0.0
109462,2,39,119.19,2,0.0
109462,3,10,46.44,4,0.0
109462,4,65,11.71,3,0.05
109463,1,78,9.66,3,0.03
109463,2,3,54.96,4,0.05
109463,3,19,25.08,4,0.03
109464,1,99,27.3,14,0.0
109464,2,27,10.39,6,0.05
109465,1,120,4.12,10,0.0
109465,2,72,8.47,2,0.15
109465,3,82,6.86,2,0.1
109466,1,83,29.63,6,0.05
109466,2,39,107.35,6,0.0
109467,1,108,39.11,2,0.03
109467,2,60,11.04,2,0.0
109467,3,76,20.25,4,0.0
109468,1,117,10.09,2,0.0
109468,2,39,117.96,3,0.0
109469,1,65,12.39,2,0.05
109470,1,16,4.35,2,0.0
109470,2,8,5.45,6,0.0
109470,3,106,19.46,4,0.15
109470,4,100,64.07,2,0.0
109470,5,91,19.07,7,0.15
109470,6,83,30.53,2,0.0
109470,7,14,26.85,8,0.1
109471,1,54,20.1,3,0.0
109471,2,116,38.09,1,0.0
109471,3,11,32.4,3,0.0
109471,4,44,15.85,4,0.0
109472,1,70,11.15,1,0.0
109472,2,50,9.37,11,0.0
109472,3,106,24.17,1,0.03
109473,1,59,21.23,7,0.0
109473,2,40,21.5,1,0.0
109474,1,45,10.83,2,0.1
109474,2,14,25.2,5,0.05
109474,3,82,6.61,5,0.0
109474,4,81,24.4,4,0.0
109474,5,60,11.9,6,0.0
109475,1,83,35.55,5,0.0
109475,2,80,25.57,6,0.0
109475,3,112,92.18,2,0.0
109475,4,38,26.52,7,0.05
109475,5,116,42.66,4,0.0
109476,1,4,6.76,9,0.0
109476,2,92,27.55,2,0.05
109476,3,24,45.34,5,0.15
109476,4,113,9.72,3,0.0
109476,5,71,6.84,7,0.15
109476,6,80,25.71,6,0.0
109477,1,72,8.96,2,0.0
109477,2,67,32.34,5,0.0
109477,3,34,24.82,5,0.0
109477,4,64,23.82,6,0.03
109478,1,98,13.01,13,0.0
109478,2,45,11.71,2,0.0
109478,3,92,28.69,2,0.0
109478,4,87,25.66,5,0.2
109478,5,14,25.11,8,0.0
109478,6,38,28.61,2,0.0
109479,1,100,62.16,1,0.05
109479,2,89,17.38,4,0.0
109479,3,94,29.4,2,0.05
109480,1,68,27.61,4,0.05
109480,2,71,6.87,4,0.15
109480,3,80,22.81,2,0.03
109481,1,72,9.24,8,0.1
109481,2,42,21.72,3,0.0
109481,3,107,40.3,2,0.0
109481,4,45,12.94,3,0.05
109481,5,57,50.98,3,0.05
109482,1,81,23.84,8,0.0
109482,2,120,4.56,3,0.0
109482,3,17,15.97,10,0.0
109483,1,81,25.43,5,0.0
109483,2,71,7.34,3,0.15
109484,1,108,35.7,6,0.1
109484,2,70,12.33,4,0.0
109484,3,8,5.0,1,0.0
109485,1,88,36.48,2,0.03
109485,2,60,14.09,1,0.0
109486,1,102,24.06,3,0.0
109486,2,92,33.06,3,0.05
109486,3,8,4.89,3,0.1
109486,4,110,22.97,3,0.0
109487,1,8,4.82,4,0.0
109487,2,53,26.69,3,0.1
109487,3,60,11.04,1,0.0
109488,1,57,42.66,2,0.0
109488,2,53,25.65,3,0.15
109488,3,95,20.43,6,0.05
109488,4,20,30.39,3,0.0
109488,5,25,13.08,3,0.05
109489,1,16,5.81,1,0.0
109489,2,45,12.73,3,0.05
109489,3,46,16.29,5,0.0
109489,4,43,36.05,3,0.05
109489,5,67,28.44,8,0.0
109490,1,66,8.37,5,0.0
109490,2,103,31.39,5,0.0
109490,3,106,18.57,4,0.05
109491,1,12,81.01,3,0.0
109491,2,61,20.73,2,0.15
109491,3,116,36.38,4,0.0
109491,4,117,9.98,1,0.0
109491,5,112,78.67,3,0.0
109491,6,27,8.57,4,0.0
109491,7,110,26.38,3,0.05
109492,1,83,33.26,4,0.05
109492,2,15,10.32,2,0.15
109492,3,5,24.78,5,0.0
109493,1,104,28.25,3,0.05
109493,2,91,20.7,2,0.1
109493,3,52,47.71,7,0.1
109493,4,40,23.96,7,0.0
109493,5,60,12.26,5,0.1
109494,1,71,6.56,1,0.0
109494,2,62,34.71,7,0.0
109494,3,110,28.12,4,0.0
109494,4,72,9.7,1,0.0
109494,5,69,3.82,2,0.0
109495,1,116,32.78,6,0.05
109495,2,14,24.26,2,0.0
109495,3,60,10.98,3,0.0
109495,4,97,13.21,5,0.2
109496,1,53,25.0,13,0.2
109496,2,17,15.54,3,0.05
109496,3,45,12.88,1,0.0
109497,1,76,25.38,2,0.0
109497,2,82,6.71,9,0.05
109497,3,45,12.81,7,0.15
109497,4,116,38.54,7,0.0
109498,1,45,12.77,5,0.0
109498,2,71,7.03,4,0.0
109498,3,85,29.0,3,0.1
109498,4,118,17.68,6,0.0
109498,5,81,26.22,9,0.1
109499,1,99,25.68,3,0.0
109499,2,116,40.48,3,0.05
109499,3,111,87.41,2,0.03
109499,4,60,10.38,5,0.1
109500,1,99,25.81,4,0.0
109500,2,116,36.18,14,0.0
109501,1,52,53.73,10,0.05
109502,1,76,25.35,2,0.1
109502,2,71,6.52,1,0.1
109502,3,25,11.61,3,0.0
109503,1,106,18.82,2,0.0
109503,2,97,16.41,7,0.03
109503,3,74,31.77,1,0.05
109503,4,90,54.44,5,0.0
109503,5,40,27.77,3,0.0
109503,6,112,80.5,4,0.0
109504,1,40,27.16,3,0.0
109504,2,97,16.5,5,0.1
109504,3,82,6.51,2,0.15
109504,4,49,25.05,9,0.03
109504,5,78,11.15,2,0.03
109505,1,60,10.03,11,0.05
109505,2,49,27.51,2,0.15
109505,3,116,44.99,9,0.15
109505,4,81,24.32,2,0.0
109506,1,40,25.89,3,0.05
109506,2,15,10.64,7,0.0
109506,3,71,7.57,4,0.15
109507,1,97,17.22,7,0.1
109507,2,24,48.68,3,0.0
109507,3,45,10.72,4,0.1
109507,4,29,38.57,6,0.03
109507,5,81,26.27,1,0.0
109508,1,12,91.89,1,0.05
109509,1,116,42.18,4,0.0
109509,2,78,9.23,3,0.1
109509,3,60,10.77,9,0.0
109510,1,98,12.2,6,0.0
109510,2,2,28.72,2,0.1
109510,3,6,12.02,2,0.0
109511,1,74,30.41,6,0.0
109511,2,55,20.31,2,0.0
109511,3,50,10.6,1,0.15
109511,4,80,23.78,2,0.05
109512,1,44,14.21,1,0.2
109512,2,60,11.84,6,0.0
109513,1,67,33.64,5,0.1
109514,1,119,12.37,3,0.0
109514,2,114,28.21,1,0.15
109514,3,14,24.89,6,0.0
109514,4,113,9.56,6,0.0
109514,5,76,25.56,2,0.0
109514,6,65,12.96,3,0.05
109514,7,82,6.05,5,0.0
109515,1,76,23.06,14,0.0
109515,2,26,14.85,3,0.0
109515,3,57,46.12,7,0.2
109516,1,28,6.72,10,0.05
109516,2,32,20.54,6,0.0
109516,3,45,11.28,6,0.0
109516,4,110,25.47,2,0.05
109516,5,82,7.19,5,0.05
109516,6,76,24.57,5,0.0
109516,7,71,6.9,5,0.0
109516,8,112,77.44,9,0.0
109517,1,25,13.95,3,0.05
109517,2,21,30.4,3,0.0
109518,1,116,40.92,6,0.0
109518,2,87,27.02,5,0.0
109518,3,99,26.05,3,0.05
109518,4,110,25.89,2,0.0
109518,5,59,21.21,4,0.05
109519,1,47,20.44,4,0.0
109519,2,101,23.36,8,0.2
109519,3,110,24.08,5,0.0
109520,1,82,7.54,2,0.0
109520,2,71,7.97,3,0.0
109520,3,63,43.28,1,0.0
109520,4,76,25.85,8,0.15
109520,5,2,29.18,3,0.0
109520,6,19,28.98,3,0.05
109521,1,98,12.7,2,0.05
109521,2,50,11.38,8,0.0
109521,3,79,18.12,2,0.0
109522,1,8,5.34,5,0.03
109522,2,93,24.86,6,0.0
109522,3,116,40.65,4,0.0
109523,1,45,11.13,2,0.05
109523,2,5,26.79,4,0.05
109523,3,84,14.46,2,0.0
109523,4,12,76.47,2,0.03
109523,5,35,33.29,8,0.0
109524,1,79,19.99,10,0.0
109524,2,45,12.15,2,0.0
109524,3,7,15.31,5,0.0
109524,4,71,6.6,2,0.0
109525,1,76,24.71,3,0.1
109525,2,109,3.52,7,0.05
109525,3,26,16.89,7,0.0
109526,1,72,9.54,4,0.0
109527,1,23,23.42,4,0.05
109527,2,106,21.44,1,0.0
109527,3,116,36.95,5,0.0
109527,4,97,15.46,1,0.0
109528,1,87,24.36,2,0.0
109528,2,118,18.67,8,0.0
109528,3,98,11.78,2,0.0
109529,1,93,22.73,5,0.0
109529,2,27,8.85,2,0.0
109529,3,84,14.65,4,0.0
109530,1,99,27.86,6,0.1
109530,2,65,12.37,2,0.0
109530,3,57,52.69,5,0.0
109531,1,12,94.95,4,0.0
109531,2,110,25.24,3,0.1
109531,3,114,23.6,7,0.03
109532,1,110,24.58,8,0.15
109532,2,117,9.52,2,0.15
109533,1,89,16.6,8,0.0
109533,2,81,26.5,2,0.0
109533,3,64,25.5,2,0.05
109534,1,75,19.3,6,0.0
109534,2,71,7.05,1,0.0
109535,1,24,42.1,3,0.0
109535,2,80,22.43,2,0.0
109535,3,107,45.7,3,0.0
109535,4,101,28.86,2,0.1
109536,1,59,20.32,2,0.05
109536,2,42,21.28,4,0.15
109537,1,109,3.84,13,0.1
109537,2,107,39.13,1,0.1
109537,3,35,30.3,14,0.0
109538,1,104,24.2,4,0.0
109538,2,108,42.93,2,0.0
109539,1,116,35.45,5,0.0
109540,1,89,17.11,3,0.1
109540,2,72,8.54,3,0.03
109540,3,98,12.98,3,0.0
109540,4,37,17.01,3,0.0
109540,5,81,25.42,8,0.0
109541,1,54,24.95,3,0.15
109541,2,97,13.54,4,0.05
109541,3,81,24.78,4,0.0
109541,4,103,27.29,3,0.0
109542,1,103,31.98,6,0.0
109542,2,51,44.84,5,0.0
109543,1,14,22.09,6,0.1
109543,2,104,26.26,1,0.0
109543,3,81,26.04,2,0.0
109544,1,16,4.91,2,0.05
109544,2,53,25.35,2,0.0
109544,3,14,25.99,6,0.0
109544,4,31,5.12,2,0.0
109544,5,80,20.14,2,0.0
109545,1,15,11.1,5,0.05
109545,2,14,25.68,6,0.0
109545,3,76,22.58,6,0.03
109546,1,120,5.15,3,0.03
109546,2,94,32.26,3,0.03
109546,3,103,32.54,2,0.05
109546,4,84,13.86,2,0.03
109546,5,46,18.85,2,0.1
109546,6,31,5.46,1,0.05
109547,1,79,19.4,2,0.15
109547,2,64,23.94,6,0.05
109547,3,67,33.97,1,0.1
109547,4,39,119.94,9,0.05
109548,1,14,24.14,4,0.0
109548,2,108,35.93,6,0.0
109549,1,14,26.45,2,0.0
109549,2,81,20.29,4,0.0
109549,3,77,32.66,6,0.0
109549,4,31,5.79,12,0.0
109550,1,110,24.57,4,0.0
109550,2,45,12.39,1,0.15
109550,3,53,24.28,2,0.1
109550,4,40,27.28,1,0.0
109550,5,60,10.47,1,0.03
109550,6,14,25.82,3,0.0
109551,1,21,30.53,8,0.0
109551,2,83,31.94,4,0.0
109551,3,93,23.39,7,0.0
109551,4,78,9.16,2,0.0
109551,5,45,11.94,3,0.0
109552,1,109,3.56,4,0.1
109552,2,110,30.05,3,0.1
109552,3,72,9.18,5,0.0
109552,4,75,19.05,5,0.1
109552,5,97,14.45,8,0.0
109553,1,94,27.7,2,0.05
109553,2,58,7.7,5,0.1
109554,1,45,11.78,8,0.0
109554,2,76,23.07,2,0.05
109554,3,30,5.5,3,0.03
109554,4,32,19.23,8,0.1
109555,1,107,45.52,2,0.03
109555,2,97,12.8,1,0.1
109555,3,6,11.88,1,0.0
109555,4,8,4.82,4,0.15
109555,5,38,29.57,13,0.05
109555,6,60,11.6,1,0.05
109556,1,91,17.49,5,0.05
109557,1,33,11.44,4,0.0
109557,2,59,18.64,9,0.05
109557,3,114,22.16,4,0.2
109557,4,83,28.82,3,0.03
109557,5,109,4.24,4,0.05
109557,6,64,21.72,3,0.03
109558,1,45,11.24,2,0.03
109558,2,80,21.72,5,0.05
109558,3,84,14.62,7,0.0
109559,1,2,26.3,1,0.0
109559,2,83,31.09,3,0.0
109559,3,37,19.82,4,0.03
109559,4,34,26.64,7,0.05
109560,1,109,3.54,6,0.0
109560,2,31,4.75,4,0.0
109560,3,1,28.13,3,0.0
109560,4,74,30.04,4,0.0
109560,5,45,9.49,1,0.05
109561,1,52,46.9,1,0.0
109561,2,24,49.18,1,0.0
109562,1,71,6.56,7,0.0
109562,2,45,12.68,5,0.0
109562,3,27,9.0,2,0.05
109562,4,52,47.89,7,0.05
109562,5,43,35.01,5,0.0
109563,1,45,12.44,3,0.0
109563,2,104,26.89,4,0.0
109563,3,67,30.29,5,0.0
109563,4,85,32.34,2,0.0
109564,1,116,34.92,10,0.0
109564,2,97,15.38,4,0.1
109565,1,49,29.36,8,0.05
109565,2,6,9.79,4,0.0
109565,3,21,29.37,4,0.0
109565,4,51,42.4,1,0.05
109566,1,110,25.35,3,0.0
109566,2,17,14.93,1,0.2
109567,1,94,33.61,2,0.03
109567,2,103,27.93,1,0.0
109567,3,40,25.15,2,0.15
109567,4,52,42.42,4,0.1
109568,1,9,21.65,5,0.0
109568,2,103,30.14,9,0.0
109569,1,72,8.24,4,0.03
109569,2,116,31.93,4,0.1
109569,3,81,29.85,7,0.0
109569,4,45,12.5,3,0.1
109570,1,97,14.51,6,0.0
109570,2,45,11.87,9,0.05
109571,1,82,7.1,4,0.0
109571,2,41,52.39,5,0.15
109571,3,116,42.08,1,0.0
109571,4,72,9.39,4,0.0
109572,1,26,14.55,1,0.0
109573,1,76,22.82,4,0.05
109573,2,64,24.34,4,0.05
109573,3,52,45.35,5,0.0
109574,1,94,30.65,6,0.0
109575,1,11,32.64,1,0.0
109575,2,64,25.73,2,0.05
109575,3,65,11.49,5,0.05
109576,1,53,27.83,1,0.0
109576,2,52,45.9,4,0.05
109576,3,71,7.94,4,0.0
109576,4,75,17.54,3,0.0
109576,5,80,23.15,5,0.0
109576,6,105,5.34,2,0.0
109576,7,25,13.23,3,0.2
109577,1,11,32.25,2,0.03
109578,1,60,11.25,2,0.0
109578,2,34,25.73,2,0.0
109578,3,76,22.04,4,0.0
109578,4,31,4.86,4,0.0
109578,5,78,9.16,3,0.0
109579,1,90,61.96,3,0.0
109579,2,106,24.03,6,0.0
109580,1,45,12.82,3,0.0
109580,2,67,31.2,5,0.05
109580,3,80,23.61,2,0.05
109580,4,1,28.97,11,0.0
109581,1,72,8.78,2,0.0
109581,2,112,81.04,4,0.0
109581,3,78,8.07,8,0.05
109582,1,86,26.55,9,0.0
109582,2,89,16.85,4,0.0
109582,3,45,11.1,5,0.05
109582,4,98,11.67,3,0.0
109583,1,15,10.19,3,0.0
109583,2,97,13.46,2,0.1
109583,3,45,14.62,2,0.0
109583,4,66,8.14,2,0.0
109584,1,81,22.72,6,0.0
109584,2,9,23.84,3,0.0
109585,1,104,28.37,2,0.2
109585,2,65,12.94,7,0.2
109586,1,14,26.28,5,0.0
109586,2,45,12.02,5,0.2
109586,3,26,15.72,8,0.05
109586,4,70,12.41,4,0.05
109587,1,34,26.07,4,0.0
109587,2,64,22.52,3,0.15
109587,3,91,19.53,11,0.05
109587,4,44,17.0,5,0.05
109587,5,55,17.05,5,0.15
109588,1,78,10.36,8,0.0
109588,2,32,19.03,7,0.0
109589,1,60,11.28,5,0.0
109589,2,30,5.15,1,0.1
109589,3,8,5.36,2,0.05
109590,1,106,20.85,13,0.0
109590,2,76,21.47,9,0.15
109590,3,24,54.63,4,0.1
109590,4,79,20.74,3,0.0
109590,5,82,6.37,4,0.1
109591,1,45,13.01,2,0.0
109591,2,88,37.16,6,0.0
109591,3,83,32.58,9,0.0
109591,4,27,10.53,6,0.05
109591,5,58,8.9,4,0.0
109591,6,44,14.94,1,0.1
109592,1,67,35.03,8,0.05
109592,2,28,6.08,9,0.05
109592,3,117,10.38,3,0.0
109592,4,110,23.95,1,0.0
109592,5,101,22.87,6,0.0
109592,6,116,36.02,7,0.15
109593,1,5,23.74,8,0.03
109593,2,81,23.77,9,0.1
109594,1,62,32.25,4,0.0
109594,2,93,25.89,2,0.0
109594,3,8,5.25,7,0.03
109594,4,14,24.16,5,0.03
109594,5,79,21.26,13,0.0
109595,1,94,28.22,3,0.15
109596,1,99,22.92,4,0.0
109596,2,89,16.05,4,0.2
109596,3,116,36.84,6,0.0
109597,1,45,9.56,10,0.05
109597,2,71,7.73,7,0.1
109597,3,70,12.31,5,0.0
109598,1,78,8.06,7,0.0
109599,1,27,9.26,7,0.0
109600,1,108,33.1,4,0.0
109600,2,72,8.97,3,0.0
109600,3,83,33.22,2,0.1
109600,4,85,27.42,4,0.05
109600,5,76,22.23,3,0.03
109600,6,106,20.27,2,0.1
109600,7,45,11.27,9,0.0
109601,1,103,25.28,4,0.0
109601,2,33,11.68,5,0.0
109601,3,9,23.32,4,0.05
109601,4,2,26.75,3,0.05
109602,1,14,22.66,3,0.0
109602,2,96,70.85,2,0.1
109602,3,94,30.43,3,0.0
109603,1,66,8.21,3,0.0
109603,2,45,11.04,2,0.1
109603,3,107,43.32,3,0.03
109603,4,51,47.15,7,0.1
109603,5,71,7.5,3,0.0
109603,6,97,15.57,2,0.0
109604,1,64,23.7,2,0.0
109604,2,79,19.65,10,0.0
109604,3,97,15.01,1,0.0
109605,1,104,26.84,3,0.0
109605,2,97,16.06,2,0.05
109605,3,91,17.73,4,0.03
109605,4,62,37.75,2,0.0
109606,1,83,28.68,4,0.0
109606,2,99,29.04,18,0.05
109607,1,79,20.59,4,0.03
109608,1,26,15.48,4,0.15
109609,1,24,49.25,7,0.0
109609,2,48,37.06,4,0.03
109609,3,32,20.7,4,0.05
109609,4,112,76.73,8,0.03
109609,5,58,8.96,6,0.0
109609,6,15,10.12,2,0.05
109610,1,44,15.32,3,0.0
109610,2,58,7.87,1,0.03
109610,3,116,30.72,3,0.0
109610,4,84,15.57,2,0.03
109610,5,110,24.94,2,0.1
109611,1,60,10.94,4,0.1
109611,2,40,22.65,7,0.0
109611,3,24,48.38,14,0.1
109612,1,104,28.3,1,0.05
109613,1,53,24.66,5,0.0
109613,2,47,20.63,2,0.0
109614,1,112,85.25,2,0.0
109614,2,12,74.76,8,0.0
109615,1,105,5.86,3,0.0
109616,1,81,24.83,3,0.0
109616,2,33,11.22,3,0.03
109616,3,12,76.61,4,0.15
109617,1,104,26.77,10,0.05
109617,2,117,9.81,4,0.2
109618,1,76,28.64,11,0.1
109618,2,60,12.66,7,0.0
109619,1,66,7.57,4,0.0
109619,2,75,16.61,7,0.0
109620,1,83,32.95,3,0.03
109620,2,116,34.02,5,0.05
109620,3,60,13.3,5,0.03
109621,1,100,62.18,6,0.15
109621,2,3,63.08,9,0.0
109621,3,66,7.91,6,0.0
109621,4,23,20.57,4,0.1
109621,5,4,8.06,6,0.0
109622,1,15,10.41,2,0.0
109622,2,58,7.73,3,0.1
109623,1,96,72.05,3,0.15
109624,1,76,21.44,5,0.1
109624,2,83,36.59,6,0.0
109624,3,24,46.11,3,0.0
109624,4,80,22.79,5,0.0
109625,1,79,15.25,4,0.1
109625,2,111,75.57,5,0.1
109625,3,81,30.66,4,0.03
109626,1,39,134.9,7,0.05
109626,2,53,21.89,5,0.0
109627,1,52,46.01,4,0.0
109628,1,81,19.99,4,0.1
109628,2,99,30.59,2,0.15
109628,3,76,25.36,4,0.1
109628,4,110,26.07,3,0.05
109628,5,45,10.64,5,0.0
109629,1,76,25.56,9,0.0
109629,2,71,7.46,4,0.05
109629,3,45,11.02,2,0.15
109630,1,98,12.22,7,0.03
109630,2,2,27.27,1,0.1
109631,1,23,24.6,5,0.1
109631,2,80,25.26,1,0.15
109631,3,81,27.78,8,0.0
109632,1,39,105.11,3,0.05
109632,2,82,6.5,4,0.05
109632,3,45,11.56,3,0.0
109633,1,71,7.53,1,0.05
109633,2,70,14.07,8,0.15
109633,3,97,17.25,1,0.0
109633,4,76,21.23,2,0.1
109634,1,117,8.45,4,0.05
109634,2,72,7.9,3,0.1
109634,3,57,46.71,1,0.0
109634,4,26,14.62,5,0.0
109634,5,52,44.97,10,0.0
109634,6,97,14.72,1,0.03
109635,1,81,27.57,11,0.15
109635,2,116,35.65,8,0.03
109635,3,53,27.08,5,0.0
109635,4,91,18.74,11,0.0
109635,5,67,31.44,2,0.0
109636,1,24,47.36,7,0.05
109636,2,79,23.3,3,0.1
109636,3,120,4.26,2,0.0
109637,1,98,12.22,3,0.0
109637,2,78,10.77,3,0.03
109638,1,44,13.42,4,0.05
109638,2,15,11.87,4,0.0
109638,3,83,32.93,13,0.1
109638,4,97,14.45,7,0.15
109639,1,116,36.46,4,0.0
109639,2,82,7.21,1,0.15
109639,3,24,49.96,1,0.1
109640,1,27,10.65,2,0.1
109640,2,100,59.25,6,0.0
109640,3,52,45.82,3,0.0
109640,4,67,29.84,5,0.05
109641,1,8,4.76,1,0.0
109641,2,110,24.89,8,0.05
109641,3,58,7.86,2,0.05
109642,1,79,18.47,2,0.0
109642,2,81,24.91,1,0.0
109643,1,21,32.29,3,0.05
109643,2,32,16.66,11,0.0
109643,3,59,17.98,4,0.15
109643,4,45,13.05,10,0.0
109644,1,54,25.25,4,0.0
109644,2,49,24.27,5,0.1
109644,3,60,11.36,1,0.0
109644,4,89,16.51,1,0.0
109644,5,62,41.16,2,0.0
109644,6,113,9.3,1,0.1
109645,1,41,48.37,3,0.05
109645,2,71,7.66,11,0.0
109645,3,17,14.82,2,0.0
109645,4,15,10.25,7,0.0
109646,1,79,17.85,2,0.2
109646,2,94,31.03,3,0.0
109646,3,3,59.96,3,0.1
109646,4,104,26.91,7,0.05
109646,5,103,28.72,3,0.05
109647,1,44,13.47,8,0.0
109648,1,24,46.02,4,0.05
109648,2,87,26.01,5,0.05
109648,3,16,5.31,6,0.0
109648,4,45,12.1,6,0.05
109649,1,90,47.99,5,0.0
109649,2,80,28.17,3,0.0
109649,3,82,6.66,3,0.15
109649,4,81,25.21,5,0.03
109649,5,41,47.03,4,0.0
109650,1,23,22.11,5,0.05
109650,2,81,27.48,2,0.1
109650,3,58,8.66,2,0.05
109650,4,49,26.6,7,0.0
109650,5,22,14.69,1,0.0
109651,1,110,32.4,6,0.0
109651,2,37,18.11,3,0.03
109651,3,10,53.2,4,0.0
109651,4,60,12.28,7,0.0
109652,1,14,23.8,7,0.03
109652,2,117,7.32,9,0.0
109653,1,76,24.61,4,0.05
109653,2,72,9.27,4,0.05
109653,3,108,35.32,8,0.0
109654,1,92,27.18,6,0.0
109655,1,51,44.52,3,0.0
109655,2,92,31.51,1,0.0
109655,3,27,10.05,4,0.0
109656,1,99,26.91,8,0.0
109656,2,72,10.11,4,0.0
109656,3,76,25.78,8,0.0
109657,1,8,4.62,1,0.0
109657,2,83,28.07,3,0.1
109658,1,58,8.48,2,0.05
109658,2,27,10.45,12,0.0
109658,3,110,24.97,4,0.0
109658,4,67,28.78,3,0.0
109658,5,54,24.42,4,0.2
109658,6,9,23.11,1,0.03
109659,1,16,4.54,1,0.0
109659,2,63,37.03,3,0.0
109659,3,6,12.19,3,0.05
109659,4,21,25.36,4,0.15
109659,5,81,25.41,7,0.0
109660,1,68,28.67,8,0.15
109660,2,83,32.62,2,0.0
109660,3,116,36.8,1,0.0
109660,4,100,64.99,3,0.0
109661,1,52,51.99,3,0.0
109661,2,91,18.86,4,0.0
109661,3,39,120.31,3,0.0
109661,4,34,25.1,4,0.05
109661,5,72,8.11,4,0.03
109661,6,76,22.93,1,0.0
109661,7,45,10.8,8,0.0
109662,1,91,16.44,4,0.0
109663,1,60,11.94,3,0.0
109663,2,80,26.4,4,0.0
109663,3,92,27.18,4,0.05
109663,4,51,46.43,3,0.0
109663,5,53,22.44,7,0.0
109664,1,21,27.64,2,0.05
109664,2,14,25.63,4,0.0
109664,3,18,15.08,3,0.0
109664,4,70,11.28,2,0.03
109664,5,64,22.63,4,0.0
109665,1,57,51.12,4,0.0
109665,2,83,29.36,1,0.03
109666,1,5,28.29,3,0.0
109666,2,83,31.73,5,0.05
109667,1,112,75.97,2,0.0
109667,2,63,38.17,12,0.0
109667,3,35,26.32,5,0.1
109668,1,97,12.74,5,0.0
109668,2,6,11.21,4,0.0
109669,1,43,34.83,4,0.0
109669,2,108,38.8,3,0.0
109669,3,16,5.31,3,0.0
109669,4,71,8.16,2,0.03
109669,5,45,11.79,6,0.0
109669,6,96,72.49,6,0.0
109670,1,67,27.25,5,0.15
109670,2,82,6.74,3,0.05
109671,1,81,24.99,3,0.05
109671,2,65,11.32,8,0.0
109671,3,24,54.48,4,0.05
109672,1,111,81.96,3,0.0
109672,2,51,46.13,2,0.0
109672,3,81,25.22,6,0.1
109673,1,45,13.99,8,0.05
109673,2,94,29.59,2,0.0
109673,3,26,15.85,4,0.0
109673,4,72,9.26,2,0.0
109673,5,93,26.19,1,0.03
109673,6,12,81.27,3,0.15
109673,7,120,5.11,3,0.2
109673,8,114,25.86,5,0.0
109674,1,38,27.45,9,0.0
109674,2,67,32.15,3,0.05
109674,3,81,28.98,6,0.0
109674,4,45,10.49,6,0.0
109675,1,24,58.03,6,0.1
109675,2,83,31.57,6,0.0
109675,3,12,87.29,7,0.15
109676,1,88,36.71,2,0.0
109676,2,110,25.09,8,0.1
109677,1,78,10.03,1,0.0
109677,2,99,23.83,2,0.0
109677,3,45,12.47,4,0.0
109678,1,29,54.38,3,0.05
109678,2,45,11.18,6,0.05
109678,3,25,11.61,2,0.0
109679,1,25,11.31,5,0.2
109679,2,53,24.94,9,0.2
109679,3,50,10.04,2,0.0
109679,4,97,13.09,3,0.05
109679,5,45,11.12,1,0.1
109679,6,116,35.6,11,0.05
109679,7,12,76.37,2,0.0
109679,8,119,9.16,6,0.0
109680,1,44,12.53,3,0.1
109680,2,118,23.24,2,0.0
109680,3,59,20.3,3,0.15
109680,4,94,33.91,3,0.0
109680,5,14,25.9,6,0.1
109681,1,115,31.08,3,0.15
109681,2,45,11.62,2,0.05
109681,3,34,24.68,2,0.0
109682,1,105,5.69,4,0.03
109682,2,45,11.94,2,0.0
109682,3,38,26.14,1,0.03
109682,4,75,20.25,3,0.0
109682,5,97,15.04,2,0.0
109683,1,85,26.1,4,0.05
109683,2,83,33.36,3,0.0
109683,3,72,7.73,1,0.0
109683,4,34,22.37,5,0.0
109684,1,71,7.27,5,0.0
109684,2,75,18.73,7,0.1
109684,3,83,31.45,3,0.0
109684,4,110,24.34,3,0.0
109684,5,27,8.58,7,0.0
109685,1,59,21.89,3,0.0
109685,2,101,25.11,7,0.2
109686,1,114,27.52,4,0.0
109686,2,80,22.23,2,0.05
109687,1,24,53.23,2,0.0
109687,2,59,21.9,5,0.0
109688,1,116,38.45,5,0.0
109688,2,60,10.66,6,0.0
109688,3,56,28.43,4,0.15
109689,1,116,39.69,2,0.0
109689,2,24,42.07,2,0.0
109689,3,45,11.95,2,0.1
109689,4,54,22.46,2,0.03
109690,1,53,25.3,3,0.03
109690,2,64,25.26,3,0.1
109691,1,24,53.06,2,0.1
109691,2,97,15.01,2,0.0
109691,3,14,28.39,7,0.05
109691,4,87,26.61,3,0.0
109692,1,80,26.39,5,0.15
109692,2,112,76.43,3,0.05
109692,3,52,44.74,3,0.0
109693,1,50,10.76,5,0.0
109694,1,92,26.97,10,0.0
109694,2,108,41.76,5,0.0
109694,3,60,10.25,2,0.15
109694,4,5,28.01,1,0.0
109694,5,87,30.03,3,0.0
109695,1,87,27.04,3,0.1
109695,2,80,20.48,5,0.0
109696,1,5,25.95,7,0.15
109696,2,15,11.01,7,0.0
109696,3,9,19.04,6,0.0
109697,1,81,22.54,3,0.03
109697,2,114,24.37,7,0.0
109697,3,44,16.5,8,0.0
109697,4,45,14.06,4,0.05
109697,5,72,9.25,7,0.0
109697,6,94,33.59,5,0.05
109698,1,60,12.26,8,0.0
109698,2,116,37.04,5,0.0
109698,3,68,27.34,2,0.05
109698,4,80,24.96,5,0.03
109698,5,14,26.39,4,0.1
109698,6,51,45.96,8,0.0
109699,1,32,17.49,4,0.0
109699,2,37,20.19,4,0.05
109699,3,82,6.51,1,0.0
109700,1,12,83.67,5,0.0
109700,2,52,48.71,1,0.0
109700,3,27,8.16,5,0.15
109700,4,71,7.1,8,0.0
109701,1,117,9.01,6,0.1
109701,2,32,17.2,5,0.0
109701,3,75,16.7,4,0.15
109702,1,87,26.67,1,0.0
109702,2,99,23.69,2,0.0
109702,3,65,11.68,11,0.05
109703,1,87,24.8,4,0.0
109703,2,48,36.87,5,0.03
109703,3,83,34.76,5,0.0
109703,4,24,45.74,5,0.0
109704,1,50,10.42,3,0.15
109704,2,49,26.47,13,0.15
109704,3,67,32.79,6,0.1
109704,4,116,40.87,3,0.0
109705,1,67,32.83,3,0.0
109705,2,60,10.51,1,0.0
109705,3,113,10.2,1,0.0
109706,1,12,83.96,5,0.0
109706,2,73,19.78,13,0.15
109706,3,15,9.17,4,0.0
109706,4,45,11.7,2,0.0
109707,1,27,10.53,3,0.0
109707,2,30,5.13,2,0.05
109708,1,48,42.79,2,0.0
109709,1,89,17.38,2,0.0
109709,2,66,7.85,3,0.0
109709,3,45,12.81,12,0.0
109709,4,110,24.24,3,0.05
109709,5,82,5.9,4,0.0
109710,1,67,32.65,1,0.0
109711,1,80,22.1,1,0.1
109711,2,53,25.77,12,0.05
109711,3,116,35.9,9,0.05
109712,1,24,47.97,3,0.05
109712,2,82,7.09,5,0.1
109713,1,48,41.43,3,0.1
109713,2,76,25.65,9,0.0
109714,1,65,12.65,5,0.1
109714,2,103,31.65,3,0.0
109714,3,67,28.08,6,0.1
109714,4,72,8.04,4,0.03
109714,5,60,13.25,5,0.05
109714,6,5,22.47,6,0.0
109714,7,3,54.3,2,0.03
109715,1,51,54.29,5,0.0
109716,1,16,5.35,3,0.0
109716,2,98,11.46,3,0.0
109716,3,4,7.63,4,0.03
109717,1,40,24.45,3,0.0
109717,2,81,21.61,4,0.15
109717,3,75,19.9,3,0.0
109717,4,58,7.21,5,0.0
109718,1,116,37.56,4,0.03
109718,2,97,13.77,8,0.05
109718,3,36,28.52,6,0.1
109718,4,23,21.63,1,0.0
109718,5,44,16.31,8,0.0
109719,1,11,33.21,13,0.0
109719,2,50,11.79,3,0.0
109719,3,21,27.45,11,0.0
109719,4,67,37.48,14,0.0
109720,1,12,83.76,4,0.0
109720,2,9,24.69,3,0.1
109720,3,40,25.25,2,0.0
109720,4,24,46.43,7,0.0
109721,1,67,30.26,4,0.15
109721,2,60,13.15,5,0.15
109722,1,58,8.81,4,0.15
109722,2,93,25.47,4,0.1
109722,3,116,31.76,4,0.0
109722,4,22,12.97,5,0.0
109722,5,45,13.22,3,0.03
109722,6,51,40.31,2,0.0
109722,7,84,14.0,5,0.0
109722,8,37,19.22,5,0.15
109723,1,8,5.52,9,0.05
109723,2,83,29.91,6,0.1
109723,3,63,38.06,8,0.05
109723,4,89,17.07,2,0.03
109724,1,117,9.28,2,0.0
109724,2,70,13.08,5,0.15
109725,1,76,23.82,2,0.0
109725,2,110,26.04,5,0.1
109725,3,45,12.14,2,0.0
109725,4,92,25.79,6,0.15
109726,1,117,8.62,4,0.15
109727,1,82,6.19,6,0.15
109727,2,54,22.62,2,0.05
109728,1,112,91.05,1,0.05
109729,1,66,7.88,6,0.0
109729,2,44,12.8,3,0.03
109729,3,46,18.77,1,0.15
109729,4,113,11.19,3,0.0
109730,1,81,23.37,8,0.05
109730,2,11,37.47,3,0.0
109730,3,71,7.74,6,0.0
109731,1,53,22.85,1,0.0
109731,2,35,29.41,4,0.03
109732,1,105,5.5,5,0.05
109732,2,53,26.04,2,0.2
109732,3,24,58.05,3,0.05
109732,4,76,25.43,8,0.0
109732,5,72,8.89,3,0.0
109733,1,91,19.54,2,0.1
109733,2,11,34.02,6,0.0
109733,3,16,5.91,4,0.0
109733,4,97,14.64,8,0.0
109734,1,31,5.2,3,0.0
109734,2,105,5.15,2,0.2
109735,1,67,31.03,6,0.05
109735,2,72,8.29,3,0.0
109735,3,71,7.0,3,0.03
109735,4,114,24.23,2,0.1
109736,1,3,60.43,3,0.0
109737,1,79,20.0,4,0.03
109737,2,20,33.93,4,0.0
109737,3,70,10.9,6,0.05
109737,4,21,26.41,3,0.1
109737,5,44,18.05,9,0.0
109737,6,45,11.43,5,0.0
109737,7,6,12.19,1,0.03
109737,8,76,24.39,4,0.0
109738,1,52,47.11,6,0.0
109738,2,72,8.25,2,0.05
109738,3,31,6.11,1,0.1
109739,1,9,25.08,1,0.1
109739,2,101,24.16,3,0.0
109739,3,82,5.96,5,0.0
109740,1,64,21.21,2,0.0
109740,2,69,3.87,5,0.0
109740,3,23,24.91,3,0.0
109740,4,94,31.49,2,0.0
109741,1,110,23.27,7,0.1
109741,2,79,20.89,1,0.0
109742,1,83,34.19,5,0.0
109742,2,99,27.28,1,0.0
109742,3,45,12.22,1,0.0
109742,4,97,16.33,6,0.1
109743,1,109,3.81,3,0.03
109743,2,14,29.35,6,0.03
109743,3,69,4.11,3,0.0
109743,4,60,12.66,3,0.0
109743,5,40,21.96,5,0.0
109744,1,1,27.89,7,0.1
109744,2,59,20.44,2,0.05
109744,3,97,16.92,3,0.0
109744,4,61,16.6,2,0.05
109745,1,98,12.76,7,0.0
109745,2,101,21.75,6,0.0
109745,3,53,25.59,1,0.0
109746,1,110,26.12,3,0.0
109746,2,40,25.25,2,0.0
109746,3,94,24.17,5,0.15
109746,4,101,24.12,8,0.15
109747,1,8,5.23,3,0.05
109747,2,120,4.9,6,0.0
109748,1,55,20.08,4,0.05
109748,2,60,11.86,2,0.0
109748,3,14,23.93,3,0.1
109748,4,71,6.89,3,0.0
109748,5,31,5.6,5,0.0
109749,1,60,12.98,2,0.0
109749,2,57,50.32,7,0.15
109750,1,51,43.63,4,0.0
109750,2,76,25.77,10,0.0
109750,3,94,28.15,6,0.1
109750,4,49,26.6,2,0.0
109751,1,40,23.94,3,0.0
109751,2,110,24.07,4,0.0
109752,1,45,12.91,1,0.0
109752,2,68,28.81,3,0.0
109752,3,98,11.13,8,0.03
109753,1,107,45.06,3,0.0
109753,2,106,20.06,3,0.03
109753,3,14,23.1,2,0.03
109753,4,101,19.25,5,0.0
109753,5,54,23.6,2,0.0
109753,6,67,35.3,3,0.0
109753,7,5,28.02,4,0.0
109753,8,53,23.26,1,0.0
109754,1,54,23.12,3,0.03
109754,2,81,23.72,6,0.0
109754,3,71,8.16,6,0.03
109754,4,76,23.69,8,0.15
109754,5,51,41.1,2,0.05
109754,6,100,68.12,5,0.0
109754,7,67,31.78,6,0.03
109755,1,70,10.84,2,0.05
109755,2,8,4.89,3,0.05
109755,3,92,28.87,1,0.05
109755,4,107,39.98,1,0.0
109755,5,85,28.43,4,0.15
109756,1,45,11.54,7,0.03
109756,2,81,25.67,3,0.0
109756,3,6,9.76,8,0.0
109756,4,116,36.1,4,0.03
109756,5,42,18.2,12,0.1
109757,1,74,30.13,4,0.1
109757,2,45,12.44,3,0.0
109757,3,60,11.73,2,0.0
109758,1,3,55.43,4,0.0
109758,2,59,17.93,2,0.03
109758,3,71,7.08,4,0.05
109759,1,85,27.21,5,0.15
109759,2,94,28.26,5,0.0
109759,3,65,10.6,4,0.1
109759,4,43,37.58,3,0.1
109760,1,72,7.97,1,0.1
109760,2,97,15.23,3,0.1
109760,3,84,12.81,1,0.0
109760,4,82,6.39,4,0.0
109761,1,72,9.74,2,0.0
109761,2,36,35.67,5,0.0
109761,3,101,25.68,8,0.0
109762,1,27,10.81,4,0.15
109762,2,101,24.18,5,0.05
109762,3,81,20.73,5,0.0
109762,4,99,26.05,6,0.03
109762,5,34,23.99,8,0.0
109762,6,54,21.09,4,0.05
109763,1,39,113.68,1,0.05
109763,2,34,22.92,3,0.2
109763,3,59,19.34,5,0.0
109764,1,27,9.59,3,0.0
109764,2,64,25.25,13,0.0
109764,3,66,6.75,1,0.0
109764,4,51,48.27,2,0.0
109765,1,76,23.92,3,0.15
109765,2,72,8.47,3,0.0
109766,1,9,27.81,7,0.0
109766,2,45,10.92,3,0.0
109766,3,109,4.38,3,0.0
109767,1,5,25.97,4,0.0
109767,2,9,23.69,2,0.0
109767,3,98,11.8,4,0.0
109767,4,32,19.73,3,0.0
109768,1,110,23.72,6,0.15
109768,2,71,7.16,1,0.0
109768,3,24,45.65,1,0.0
109768,4,72,7.01,6,0.1
109768,5,76,24.56,3,0.0
109769,1,1,30.46,3,0.0
109769,2,33,11.54,3,0.0
109770,1,33,10.38,5,0.0
109771,1,71,7.49,3,0.15
109771,2,88,31.65,3,0.05
109771,3,45,11.68,6,0.0
109771,4,117,9.59,4,0.0
109772,1,52,46.99,6,0.05
109772,2,13,34.09,3,0.1
109773,1,12,88.56,1,0.03
109773,2,106,20.99,1,0.1
109773,3,97,15.02,7,0.05
109774,1,79,20.99,6,0.0
109774,2,37,17.85,5,0.0
109774,3,60,13.69,4,0.0
109775,1,108,37.87,8,0.0
109775,2,8,5.48,7,0.1
109776,1,87,27.26,1,0.03
109776,2,60,13.34,13,0.1
109776,3,97,14.55,1,0.03
109776,4,116,38.9,3,0.0
109776,5,24,50.04,2,0.0
109776,6,32,17.7,3,0.0
109777,1,45,13.16,3,0.1
109777,2,91,19.71,2,0.1
109777,3,116,33.57,4,0.0
109778,1,80,24.03,4,0.05
109778,2,117,9.96,3,0.05
109778,3,53,18.65,7,0.0
109779,1,85,27.36,2,0.1
109779,2,27,9.44,3,0.0
109779,3,66,7.83,2,0.05
109779,4,84,14.81,2,0.1
109780,1,89,16.77,9,0.05
109780,2,80,22.66,2,0.03
109780,3,68,22.15,4,0.05
109780,4,38,24.96,2,0.05
109780,5,60,11.58,3,0.0
109780,6,51,46.32,4,0.0
109781,1,83,36.89,3,0.0
109781,2,27,9.86,1,0.2
109781,3,15,11.38,2,0.0
109782,1,15,12.01,2,0.0
109782,2,79,18.34,3,0.0
109782,3,82,5.83,5,0.0
109783,1,60,12.41,2,0.0
109783,2,117,9.27,2,0.0
109783,3,107,40.58,9,0.0
109784,1,87,26.95,2,0.05
109785,1,75,17.73,5,0.0
109785,2,35,26.75,7,0.03
109785,3,76,26.51,5,0.0
109785,4,25,12.22,6,0.0
109786,1,32,17.16,3,0.0
109787,1,71,6.47,4,0.1
109787,2,64,25.77,7,0.0
109787,3,66,6.41,2,0.0
109788,1,64,26.59,5,0.0
109789,1,30,4.38,4,0.1
109789,2,44,15.75,5,0.05
109789,3,70,12.5,11,0.1
109790,1,51,39.99,3,0.1
109790,2,98,13.44,6,0.0
109790,3,58,9.1,3,0.0
109791,1,71,7.62,8,0.0
109791,2,24,45.19,5,0.03
109792,1,99,25.97,2,0.0
109792,2,62,38.04,3,0.0
109793,1,106,21.26,2,0.15
109793,2,45,12.02,14,0.0
109793,3,108,36.23,6,0.05
109794,1,94,29.22,5,0.05
109795,1,80,26.43,2,0.0
109795,2,40,23.54,4,0.0
109796,1,117,8.43,4,0.03
109796,2,35,27.4,4,0.0
109796,3,67,31.99,2,0.0
109796,4,91,18.46,2,0.0
109797,1,106,19.16,2,0.2
109797,2,116,39.65,2,0.05
109797,3,75,17.52,12,0.0
109797,4,41,48.16,4,0.03
109797,5,79,19.86,15,0.05
109798,1,33,9.59,3,0.0
109798,2,81,25.01,1,0.0
109798,3,119,11.72,3,0.03
109799,1,72,8.21,6,0.0
109799,2,98,10.57,5,0.0
109800,1,83,32.82,1,0.0
109800,2,34,25.24,2,0.05
109800,3,25,11.2,4,0.0
109800,4,42,22.23,3,0.0
109800,5,112,74.17,7,0.0
109800,6,70,11.34,2,0.0
109800,7,106,22.57,5,0.0
109801,1,81,20.27,4,0.1
109801,2,61,17.38,4,0.15
109802,1,60,12.22,3,0.0
109803,1,70,12.24,1,0.0
109803,2,101,22.72,3,0.15
109804,1,18,19.9,5,0.0
109804,2,67,29.62,3,0.0
109804,3,7,14.83,10,0.1
109804,4,101,23.57,6,0.05
109804,5,83,31.98,7,0.0
109804,6,110,24.82,1,0.05
109804,7,79,19.31,6,0.0
109804,8,77,34.84,8,0.2
109805,1,91,19.29,5,0.05
109805,2,80,23.36,5,0.0
109805,3,73,16.26,5,0.05
109806,1,113,10.6,10,0.0
109807,1,14,23.93,3,0.0
109807,2,79,19.19,6,0.0
109807,3,82,7.06,1,0.0
109808,1,108,32.99,2,0.0
109808,2,63,39.86,3,0.0
109808,3,81,24.93,3,0.03
109808,4,67,34.63,6,0.0
109809,1,45,12.49,2,0.0
109809,2,108,40.07,2,0.0
109809,3,98,12.2,3,0.0
109810,1,116,34.1,2,0.03
109810,2,52,53.06,8,0.1
109810,3,76,26.98,1,0.05
109811,1,19,31.03,1,0.0
109811,2,72,8.62,1,0.0
109811,3,36,34.11,2,0.0
109811,4,81,24.53,2,0.03
109812,1,112,71.72,2,0.0
109812,2,72,9.27,3,0.0
109812,3,110,27.64,5,0.0
109813,1,37,19.68,3,0.15
109813,2,26,15.76,7,0.15
109814,1,40,25.36,3,0.1
109815,1,72,9.35,7,0.0
109815,2,45,12.41,1,0.0
109815,3,26,14.59,6,0.05
109815,4,116,40.43,5,0.0
109815,5,82,6.53,7,0.0
109816,1,16,5.54,10,0.0
109816,2,98,12.84,5,0.0
109816,3,106,20.22,5,0.0
109816,4,63,39.71,9,0.0
109817,1,41,48.55,5,0.0
109817,2,110,27.02,2,0.05
109818,1,2,28.65,2,0.05
109819,1,114,28.78,3,0.05
109819,2,101,25.66,4,0.0
109819,3,108,37.29,4,0.05
109819,4,27,8.19,2,0.0
109819,5,53,26.19,3,0.0
109819,6,75,21.22,5,0.0
109820,1,76,24.83,4,0.0
109820,2,81,25.39,1,0.0
109821,1,87,28.84,10,0.03
109821,2,76,20.25,8,0.0
109821,3,23,21.26,1,0.0
109822,1,71,6.68,4,0.05
109822,2,52,48.21,5,0.0
109823,1,31,4.64,3,0.0
109823,2,81,22.71,8,0.0
109823,3,112,78.0,1,0.0
109824,1,76,24.51,3,0.2
109824,2,80,22.7,1,0.0
109824,3,85,25.42,10,0.0
109824,4,40,27.11,2,0.03
109825,1,4,6.78,5,0.0
109825,2,51,41.46,7,0.0
109825,3,49,28.5,6,0.03
109826,1,2,30.42,1,0.0
109826,2,45,11.44,3,0.1
109826,3,27,9.59,5,0.0
109827,1,93,27.46,3,0.0
109827,2,45,12.14,4,0.0
109827,3,80,22.59,3,0.0
109828,1,54,24.91,4,0.0
109828,2,23,23.4,4,0.1
109828,3,81,25.3,6,0.2
109829,1,72,8.56,8,0.0
109829,2,51,43.21,2,0.2
109830,1,85,27.07,3,0.0
109830,2,35,32.45,6,0.0
109830,3,116,39.94,2,0.0
109830,4,110,25.63,4,0.0
109830,5,45,12.67,1,0.0
109831,1,67,29.95,3,0.0
109832,1,65,11.24,3,0.0
109832,2,6,11.62,3,0.0
109832,3,93,24.21,5,0.0
109832,4,71,6.5,1,0.05
109832,5,4,7.09,4,0.15
109832,6,75,18.77,2,0.05
109833,1,80,22.68,11,0.0
109833,2,45,13.85,4,0.0
109833,3,116,39.08,7,0.2
109834,1,38,29.3,5,0.0
109834,2,44,14.49,2,0.0
109834,3,24,51.56,2,0.05
109834,4,53,24.42,3,0.0
109835,1,112,80.79,8,0.05
109835,2,36,29.27,7,0.0
109835,3,80,22.08,2,0.0
109836,1,63,41.26,2,0.15
109837,1,67,35.87,6,0.05
109837,2,40,24.12,5,0.03
109837,3,83,33.87,6,0.15
109838,1,69,4.65,4,0.2
109838,2,75,17.79,1,0.1
109839,1,2,32.07,7,0.03
109839,2,81,27.49,4,0.0
109839,3,15,9.89,6,0.05
109840,1,97,18.28,11,0.1
109840,2,107,37.67,12,0.0
109840,3,85,27.12,5,0.1
109841,1,83,34.39,6,0.1
109841,2,58,8.07,8,0.0
109841,3,41,56.19,8,0.0
109841,4,8,5.39,3,0.0
109842,1,58,9.09,6,0.05
109842,2,5,28.48,2,0.0
109842,3,80,19.57,6,0.15
109843,1,64,22.89,10,0.0
109843,2,48,40.07,8,0.03
109843,3,66,7.94,1,0.05
109843,4,79,20.41,3,0.0
109844,1,117,8.63,3,0.05
109844,2,24,48.45,3,0.2
109844,3,99,21.98,1,0.0
109845,1,113,9.0,4,0.05
109845,2,19,23.93,4,0.0
109845,3,81,25.91,3,0.0
109846,1,26,15.41,5,0.0
109846,2,53,23.22,4,0.0
109846,3,2,32.74,2,0.0
109847,1,113,9.23,4,0.0
109847,2,89,20.01,2,0.0
109848,1,83,31.92,3,0.0
109848,2,81,23.19,5,0.0
109848,3,114,27.72,3,0.1
109848,4,67,22.87,8,0.0
109848,5,75,19.04,3,0.05
109848,6,105,5.79,4,0.0
109849,1,110,25.89,7,0.03
109850,1,45,12.42,3,0.0
109850,2,72,8.19,3,0.0
109850,3,108,42.01,3,0.1
109851,1,110,23.56,1,0.1
109851,2,51,48.61,5,0.05
109851,3,67,29.97,4,0.0
109852,1,53,26.21,16,0.1
109852,2,68,22.81,4,0.0
109853,1,116,38.42,10,0.05
109853,2,89,19.08,1,0.0
109853,3,44,14.28,6,0.0
109853,4,83,37.97,4,0.0
109853,5,72,8.36,2,0.03
109853,6,109,4.22,8,0.0
109854,1,51,44.51,4,0.05
109854,2,45,11.8,5,0.0
109854,3,120,4.9,4,0.03
109854,4,79,17.58,1,0.05
109854,5,28,7.35,4,0.1
109855,1,85,27.37,4,0.0
109855,2,82,7.0,6,0.0
109855,3,24,49.53,2,0.0
109855,4,14,23.16,4,0.1
109855,5,106,19.49,2,0.0
109855,6,4,8.01,3,0.0
109855,7,101,22.75,4,0.03
109856,1,106,19.47,6,0.05
109857,1,25,13.32,3,0.05
109857,2,98,12.36,6,0.0
109857,3,72,8.3,3,0.0
109858,1,56,27.9,1,0.15
109858,2,81,27.06,12,0.0
109858,3,110,28.48,2,0.1
109859,1,53,22.16,3,0.0
109859,2,8,4.6,3,0.0
109859,3,82,7.0,2,0.0
109860,1,55,17.3,3,0.0
109860,2,116,41.0,3,0.0
109860,3,33,10.45,3,0.0
109861,1,42,19.94,6,0.0
109861,2,51,47.03,4,0.0
109861,3,71,7.0,2,0.0
109862,1,89,15.51,3,0.0
109863,1,105,4.95,3,0.1
109863,2,54,20.58,3,0.0
109863,3,2,31.64,2,0.0
109863,4,64,22.2,4,0.0
109863,5,97,14.66,3,0.1
109863,6,44,15.63,4,0.0
109863,7,14,25.45,5,0.05
109864,1,98,11.32,2,0.0
109864,2,79,18.01,5,0.0
109864,3,53,25.64,7,0.1
109864,4,20,35.32,3,0.0
109865,1,71,6.22,6,0.0
109865,2,106,21.32,2,0.0
109865,3,97,15.85,5,0.15
109865,4,24,45.0,3,0.0
109865,5,79,18.42,7,0.0
109866,1,81,20.68,3,0.0
109866,2,60,11.03,4,0.0
109866,3,104,27.88,2,0.0
109867,1,9,27.88,6,0.0
109867,2,97,12.63,4,0.03
109867,3,72,7.87,2,0.1
109867,4,65,11.5,6,0.0
109868,1,83,35.54,13,0.1
109868,2,72,9.26,7,0.2
109868,3,81,25.73,10,0.0
109868,4,75,20.66,2,0.05
109868,5,65,13.16,3,0.03
109869,1,108,34.05,1,0.1
109869,2,78,9.46,7,0.1
109870,1,116,37.94,2,0.0
109870,2,81,22.92,5,0.0
109870,3,71,6.8,5,0.0
109870,4,82,7.23,2,0.03
109870,5,98,12.5,6,0.03
109870,6,49,27.53,3,0.0
109871,1,105,5.79,2,0.05
109871,2,21,26.38,6,0.05
109871,3,17,17.48,6,0.0
109871,4,7,14.06,3,0.1
109871,5,112,82.99,3,0.0
109872,1,51,41.44,3,0.05
109872,2,97,14.6,4,0.1
109873,1,47,24.4,2,0.0
109873,2,83,33.99,2,0.0
109873,3,90,53.64,5,0.05
109873,4,65,12.04,5,0.0
109874,1,9,20.67,4,0.1
109874,2,72,8.38,1,0.1
109874,3,7,15.27,6,0.05
109874,4,15,11.76,3,0.15
109875,1,44,12.9,3,0.1
109875,2,65,11.58,4,0.05
109876,1,69,4.07,2,0.05
109876,2,65,11.9,4,0.15
109876,3,91,17.66,11,0.0
109877,1,27,9.7,4,0.05
109877,2,71,7.69,5,0.05
109877,3,76,24.29,4,0.0
109878,1,45,13.87,3,0.2
109878,2,102,25.63,3,0.0
109878,3,101,21.36,5,0.0
109878,4,72,8.24,4,0.0
109879,1,80,27.76,2,0.0
109879,2,117,10.06,7,0.05
109879,3,21,26.32,3,0.0
109880,1,97,13.4,3,0.05
109880,2,40,23.2,4,0.0
109880,3,116,38.28,2,0.05
109881,1,82,7.05,1,0.0
109881,2,67,26.77,2,0.0
109881,3,45,10.64,4,0.0
109881,4,98,12.96,2,0.1
109882,1,10,60.38,2,0.0
109883,1,65,11.84,6,0.0
109883,2,104,26.55,3,0.0
109883,3,24,50.61,2,0.0
109883,4,53,24.32,11,0.05
109884,1,40,24.69,9,0.0
109885,1,24,47.39,3,0.0
109885,2,119,8.79,2,0.0
109886,1,29,44.71,6,0.0
109886,2,75,20.13,7,0.0
109886,3,104,24.6,2,0.0
109886,4,113,11.11,1,0.0
109886,5,110,25.17,8,0.0
109887,1,56,29.97,4,0.0
109887,2,105,6.0,1,0.15
109888,1,116,34.17,2,0.05
109888,2,112,64.1,1,0.0
109888,3,45,11.15,5,0.05
109889,1,116,39.37,4,0.0
109889,2,76,23.74,3,0.1
109889,3,86,27.69,2,0.05
109889,4,72,8.8,4,0.0
109889,5,50,9.51,3,0.0
109890,1,80,24.3,5,0.15
109890,2,45,11.4,4,0.1
109890,3,94,29.69,4,0.0
109891,1,8,5.1,3,0.0
109891,2,7,13.4,4,0.0
109891,3,94,30.16,3,0.15
109891,4,72,7.76,1,0.0
109891,5,114,26.34,3,0.0
109892,1,72,9.66,2,0.0
109892,2,40,21.37,8,0.05
109892,3,106,17.75,1,0.1
109893,1,94,29.95,4,0.05
109893,2,45,11.47,1,0.0
109893,3,83,26.52,6,0.1
109893,4,60,11.55,1,0.03
109894,1,60,11.46,1,0.0
109894,2,94,28.84,6,0.0
109895,1,80,22.57,5,0.05
109895,2,45,12.27,5,0.05
109896,1,12,83.2,5,0.0
109896,2,106,22.4,2,0.0
109896,3,79,16.97,3,0.1
109896,4,108,34.89,4,0.05
109896,5,45,12.57,3,0.05
109897,1,71,7.8,7,0.0
109897,2,76,25.51,6,0.0
109897,3,112,83.1,5,0.15
109897,4,97,14.23,6,0.1
109898,1,64,25.65,9,0.0
109898,2,96,86.51,7,0.05
109898,3,45,13.15,4,0.0
109898,4,110,23.97,3,0.03
109898,5,81,21.73,4,0.0
109898,6,83,32.72,10,0.1
109898,7,79,17.95,3,0.0
109899,1,15,10.1,4,0.1
109899,2,85,30.61,4,0.0
109900,1,107,41.06,3,0.05
109900,2,110,22.54,2,0.15
109900,3,47,21.83,3,0.05
109901,1,34,26.16,6,0.1
109901,2,64,26.92,6,0.0
109901,3,85,26.39,4,0.0
109901,4,57,47.54,2,0.05
109901,5,60,12.81,5,0.0
109901,6,107,46.86,2,0.0
109902,1,99,23.69,6,0.0
109902,2,71,7.44,8,0.0
109903,1,116,43.66,3,0.0
109903,2,86,31.18,2,0.1
109903,3,51,54.51,6,0.0
109904,1,103,28.28,3,0.0
109904,2,1,27.89,4,0.0
109904,3,100,66.2,2,0.03
109904,4,19,23.03,2,0.1
109904,5,83,31.67,1,0.03
109904,6,65,12.62,7,0.0
109905,1,39,113.76,8,0.1
109905,2,63,39.64,4,0.0
109905,3,5,27.51,4,0.05
109905,4,76,28.05,1,0.1
109905,5,40,25.8,8,0.0
109905,6,106,19.8,4,0.0
109905,7,48,45.25,3,0.0
109905,8,79,18.94,4,0.0
109906,1,51,46.93,5,0.05
109906,2,8,4.74,8,0.0
109906,3,20,29.92,5,0.0
109906,4,29,47.14,6,0.0
109907,1,65,10.8,4,0.05
109907,2,25,13.26,2,0.0
109907,3,51,43.87,7,0.05
109907,4,11,32.76,3,0.0
109907,5,116,37.6,5,0.15
109908,1,27,8.97,4,0.1
109908,2,72,8.76,2,0.0
109908,3,80,21.01,5,0.03
109909,1,6,11.79,1,0.0
109909,2,51,46.06,2,0.0
109909,3,110,27.43,2,0.0
109909,4,16,6.07,7,0.03
109909,5,80,21.85,3,0.03
109910,1,58,8.79,2,0.03
109910,2,62,36.11,9,0.0
109910,3,108,34.11,4,0.0
109911,1,31,4.48,7,0.03
109912,1,116,42.12,5,0.0
109912,2,45,12.58,2,0.0
109913,1,45,11.36,4,0.0
109913,2,71,7.15,5,0.05
109913,3,49,26.69,5,0.05
109913,4,52,43.36,3,0.0
109914,1,56,27.8,3,0.0
109914,2,32,17.0,11,0.0
109915,1,54,24.9,2,0.15
109915,2,76,21.98,6,0.2
109915,3,24,48.76,5,0.05
109916,1,67,31.35,7,0.03
109916,2,10,59.21,7,0.1
109916,3,4,7.21,2,0.15
109916,4,110,24.69,4,0.0
109917,1,1,30.25,2,0.0
109917,2,78,9.31,5,0.05
109917,3,25,12.57,2,0.15
109918,1,75,18.51,4,0.05
109918,2,71,7.79,2,0.0
109918,3,24,45.01,8,0.0
109918,4,51,40.34,6,0.0
109918,5,9,23.01,6,0.0
109918,6,4,7.78,10,0.0
109919,1,79,14.71,4,0.0
109919,2,53,21.03,5,0.03
109919,3,87,27.8,3,0.0
109919,4,101,26.76,7,0.0
109920,1,71,7.4,4,0.05
109920,2,114,26.38,8,0.0
109920,3,11,29.69,4,0.0
109921,1,76,24.86,4,0.1
109921,2,34,25.48,5,0.03
109921,3,81,22.7,3,0.0
109922,1,71,8.37,5,0.0
109922,2,40,22.32,5,0.0
109922,3,101,24.94,1,0.2
109922,4,56,25.77,4,0.0
109922,5,83,34.18,8,0.1
109923,1,76,25.34,5,0.05
109923,2,110,28.08,7,0.05
109924,1,11,36.4,2,0.0
109924,2,65,13.41,5,0.0
109924,3,8,5.15,1,0.15
109925,1,38,25.31,7,0.15
109925,2,109,3.89,6,0.15
109925,3,58,7.67,6,0.0
109926,1,71,7.07,5,0.0
109926,2,90,58.78,3,0.05
109927,1,56,26.99,10,0.15
109927,2,45,11.15,8,0.0
109927,3,52,49.47,8,0.05
109927,4,85,32.19,2,0.0
109928,1,83,32.76,7,0.0
109928,2,116,43.77,3,0.0
109928,3,17,15.16,6,0.0
109928,4,113,9.27,7,0.0
109928,5,33,11.88,3,0.0
109929,1,17,15.82,1,0.03
109929,2,8,4.56,3,0.15
109929,3,67,29.84,5,0.0
109929,4,53,24.47,4,0.1
109929,5,60,11.87,2,0.0
109929,6,82,6.74,2,0.03
109929,7,83,29.53,4,0.0
109930,1,72,8.2,11,0.0
109930,2,45,12.15,6,0.05
109930,3,117,7.64,5,0.05
109930,4,101,20.86,2,0.1
109930,5,97,15.48,8,0.0
109931,1,71,7.49,6,0.1
109931,2,104,30.3,6,0.0
109932,1,109,3.94,7,0.0
109932,2,8,5.1,2,0.1
109932,3,34,24.64,3,0.0
109932,4,15,9.74,6,0.0
109932,5,4,7.27,4,0.1
109933,1,77,26.92,3,0.0
109933,2,57,52.18,7,0.0
109933,3,67,31.12,5,0.0
109933,4,92,22.83,2,0.1
109934,1,103,28.23,7,0.0
109934,2,45,11.78,4,0.05
109934,3,102,25.66,7,0.0
109934,4,40,27.71,13,0.0
109935,1,28,7.07,1,0.0
109935,2,13,32.79,4,0.15
109936,1,23,24.0,4,0.05
109936,2,59,21.31,5,0.15
109936,3,15,10.31,3,0.0
109937,1,24,54.18,11,0.0
109937,2,71,6.3,4,0.1
109937,3,65,13.37,4,0.0
109938,1,105,4.92,6,0.0
109939,1,105,5.61,4,0.0
109939,2,94,27.46,2,0.0
109940,1,59,20.5,8,0.0
109940,2,114,25.58,1,0.0
109940,3,66,7.1,6,0.1
109940,4,60,11.25,3,0.0
109940,5,53,26.34,2,0.0
109940,6,40,22.65,2,0.0
109941,1,60,12.85,6,0.05
109941,2,21,26.94,4,0.03
109941,3,39,115.16,3,0.03
109941,4,105,6.47,3,0.0
109941,5,86,30.72,3,0.0
109941,6,3,63.98,2,0.0
109942,1,91,18.66,5,0.0
109942,2,27,10.21,5,0.0
109942,3,72,8.74,2,0.1
109943,1,58,8.06,3,0.0
109943,2,94,31.23,2,0.0
109943,3,45,10.38,8,0.03
109943,4,102,24.84,4,0.0
109943,5,38,29.82,2,0.05
109943,6,65,11.0,5,0.03
109943,7,87,23.82,2,0.0
109943,8,98,14.16,3,0.0
109944,1,94,28.41,4,0.03
109944,2,15,9.62,3,0.0
109945,1,65,13.35,1,0.0
109945,2,94,28.58,1,0.2
109945,3,52,37.97,6,0.0
109946,1,54,23.81,3,0.1
109946,2,11,31.24,5,0.0
109946,3,14,20.7,4,0.0
109947,1,79,21.02,6,0.0
109947,2,83,32.64,6,0.0
109947,3,97,13.26,2,0.2
109947,4,1,28.64,4,0.0
109947,5,64,24.85,12,0.05
109948,1,52,50.8,3,0.1
109948,2,79,20.61,2,0.05
109948,3,64,22.41,3,0.1
109949,1,105,5.56,4,0.0
109949,2,21,27.02,3,0.03
109949,3,71,7.34,5,0.0
109950,1,107,38.98,2,0.1
109950,2,61,18.74,5,0.03
109950,3,37,18.68,1,0.0
109951,1,81,24.61,3,0.05
109951,2,32,16.82,5,0.1
109951,3,11,36.74,7,0.0
109951,4,116,43.74,2,0.0
109951,5,88,37.42,9,0.0
109952,1,44,14.51,4,0.0
109952,2,1,29.7,2,0.05
109952,3,45,11.8,8,0.0
109953,1,98,12.44,4,0.2
109953,2,51,51.23,9,0.05
109953,3,105,5.05,11,0.05
109953,4,87,27.32,4,0.0
109954,1,25,11.35,5,0.03
109954,2,45,12.07,3,0.0
109954,3,83,30.69,6,0.05
109954,4,81,22.78,2,0.05
109954,5,103,28.5,11,0.0
109954,6,68,27.55,3,0.0
109955,1,81,23.71,1,0.03
109955,2,12,85.47,4,0.0
109955,3,72,8.53,2,0.0
109955,4,39,111.03,10,0.05
109956,1,42,23.44,3,0.05
109956,2,51,46.51,4,0.05
109956,3,71,8.04,6,0.0
109957,1,116,33.18,4,0.0
109957,2,24,43.6,7,0.0
109957,3,117,9.13,2,0.05
109957,4,32,16.76,6,0.05
109957,5,53,20.49,2,0.0
109957,6,69,4.68,4,0.1
109958,1,85,31.09,1,0.0
109958,2,83,32.25,11,0.0
109959,1,72,8.83,3,0.15
109959,2,45,11.36,3,0.1
109959,3,82,5.95,3,0.0
109959,4,52,50.48,1,0.0
109959,5,37,20.23,3,0.0
109960,1,75,17.42,2,0.0
109961,1,89,16.9,3,0.1
109961,2,108,36.4,2,0.05
109961,3,94,29.67,9,0.0
109961,4,66,8.05,5,0.15
109962,1,76,25.28,4,0.0
109962,2,34,21.57,3,0.05
109962,3,78,9.21,3,0.0
109962,4,107,44.02,3,0.0
109962,5,60,13.21,5,0.0
109963,1,105,5.4,4,0.15
109963,2,107,42.66,5,0.03
109964,1,109,3.67,13,0.1
109964,2,97,12.03,1,0.0
109964,3,47,23.01,2,0.05
109964,4,45,12.82,2,0.05
109965,1,57,51.64,1,0.0
109965,2,61,19.89,9,0.1
109966,1,13,40.03,8,0.05
109966,2,78,9.73,5,0.0
109966,3,98,13.74,2,0.0
109966,4,26,16.79,2,0.0
109967,1,53,22.12,1,0.0
109967,2,104,28.19,2,0.0
109968,1,53,24.01,4,0.1
109968,2,71,7.56,8,0.1
109969,1,64,24.15,10,0.0
109969,2,77,29.9,6,0.0
109969,3,60,12.84,5,0.0
109969,4,2,29.09,1,0.0
109970,1,63,42.51,3,0.0
109970,2,105,5.07,4,0.1
109970,3,79,19.26,6,0.0
109971,1,103,34.78,5,0.0
109971,2,21,29.61,4,0.1
109971,3,116,36.61,2,0.05
109971,4,65,10.68,6,0.0
109972,1,37,17.86,7,0.0
109973,1,110,23.79,4,0.0
109973,2,67,31.82,2,0.1
109973,3,81,22.83,7,0.0
109973,4,90,53.11,4,0.0
109973,5,113,9.46,1,0.0
109974,1,84,15.37,2,0.05
109974,2,114,28.38,5,0.0
109974,3,81,29.08,5,0.0
109974,4,60,11.25,2,0.1
109975,1,14,21.18,1,0.1
109975,2,71,7.77,1,0.0
109976,1,98,11.99,6,0.0
109976,2,86,30.04,1,0.0
109977,1,107,42.76,2,0.0
109978,1,4,7.27,3,0.15
109978,2,82,7.13,1,0.03
109978,3,29,49.4,8,0.1
109979,1,71,7.07,2,0.03
109979,2,25,13.0,3,0.0
109979,3,116,41.04,4,0.0
109979,4,1,27.12,2,0.15
109979,5,85,30.73,8,0.03
109979,6,21,29.3,3,0.0
109980,1,45,12.57,5,0.0
109980,2,79,18.13,2,0.2
109980,3,53,24.55,4,0.03
109980,4,77,32.45,1,0.0
109980,5,40,22.44,5,0.0
109980,6,41,44.98,5,0.0
109980,7,75,19.89,5,0.03
109981,1,83,36.97,6,0.1
109981,2,85,26.64,5,0.0
109981,3,71,7.91,7,0.0
109981,4,72,7.66,8,0.1
109982,1,52,43.97,5,0.1
109982,2,105,5.51,3,0.0
109982,3,97,16.65,4,0.0
109983,1,81,23.35,7,0.0
109984,1,45,12.49,5,0.0
109984,2,83,33.51,10,0.0
109984,3,34,27.35,3,0.15
109984,4,114,24.31,2,0.03
109985,1,71,7.39,2,0.1
109985,2,38,29.88,4,0.05
109986,1,94,28.67,1,0.0
109986,2,15,10.29,6,0.0
109986,3,25,11.54,2,0.0
109987,1,88,29.91,2,0.0
109987,2,66,7.71,3,0.05
109987,3,97,16.45,2,0.0
109987,4,69,3.56,3,0.0
109988,1,116,38.54,3,0.05
109988,2,15,10.26,4,0.1
109988,3,71,7.67,4,0.0
109988,4,97,14.68,3,0.2
109989,1,45,12.06,2,0.05
109989,2,70,11.74,8,0.05
109989,3,101,22.72,1,0.0
109989,4,34,25.52,4,0.0
109989,5,116,35.27,8,0.0
109989,6,14,26.25,4,0.0
109989,7,104,24.73,2,0.0
109989,8,76,27.14,5,0.1
109990,1,116,39.5,7,0.05
109990,2,99,30.25,6,0.0
109990,3,84,16.1,2,0.0
109991,1,49,26.02,10,0.0
109991,2,6,10.07,6,0.15
109991,3,87,27.13,2,0.1
109991,4,69,3.69,7,0.0
109992,1,84,15.66,3,0.15
109993,1,101,22.57,3,0.0
109993,2,116,35.57,5,0.0
109993,3,97,15.01,6,0.0
109993,4,44,17.28,1,0.03
109994,1,79,21.92,7,0.0
109994,2,67,35.63,4,0.05
109994,3,83,35.35,3,0.0
109995,1,15,10.92,5,0.05
109995,2,71,7.18,5,0.1
109995,3,82,6.42,4,0.05
109995,4,107,36.72,6,0.0
109995,5,105,5.49,4,0.0
109996,1,54,26.31,5,0.1
109996,2,76,22.8,3,0.0
109997,1,67,30.31,2,0.0
109997,2,84,14.28,3,0.03
109997,3,97,14.08,13,0.0
109998,1,40,25.14,3,0.0
109998,2,8,5.45,4,0.0
109999,1,79,16.35,9,0.1
109999,2,75,20.52,1,0.0
109999,3,8,5.14,3,0.0
110000,1,76,21.89,5,0.0
110000,2,37,21.79,5,0.0
110000,3,8,4.87,6,0.03
110000,4,44,17.62,7,0.0
110000,5,6,10.71,1,0.03
110000,6,1,27.39,2,0.05
