order_id,customer_id,order_date,required_date,shipped_date,ship_country,ship_city,shipping_cost
100001,159,2023-01-01,2023-01-12,2023-01-02,United Kingdom,Liverpool,26.73
100002,174,2023-01-01,2023-01-06,2023-01-05,United Kingdom,Bristol,19.85
100003,30,2023-01-01,2023-01-05,2023-01-09,Germany,Frankfurt,5.93
100004,350,2023-01-01,2023-01-14,2023-01-08,Germany,Munich,15.48
100005,472,2023-01-01,2023-01-13,2023-01-02,Czech Republic,Brno,11.1
100006,217,2023-01-01,2023-01-13,2023-01-03,Germany,Munich,4.86
100007,387,2023-01-01,2023-01-10,2023-01-08,Spain,Bilbao,8.02
100008,101,2023-01-01,2023-01-14,2023-01-05,Poland,Lodz,22.46
100009,359,2023-01-01,2023-01-12,2023-01-07,France,Paris,14.22
100010,64,2023-01-01,2023-01-04,2023-01-10,Poland,Wroclaw,9.87
100011,437,2023-01-02,2023-01-10,2023-01-06,Poland,Lodz,16.02
100012,326,2023-01-02,2023-01-11,2023-01-10,Poland,Poznan,31.21
100013,22,2023-01-02,2023-01-11,2023-01-12,USA,New York,9.9
100014,439,2023-01-02,2023-01-11,2023-01-08,Germany,Berlin,11.06
100015,353,2023-01-02,2023-01-07,2023-01-07,Czech Republic,Pilsen,22.2
100016,34,2023-01-02,2023-01-12,2023-01-11,Canada,Vancouver,44.1
100017,49,2023-01-03,2023-01-15,2023-01-07,Canada,Montreal,29.53
100018,37,2023-01-03,2023-01-08,2023-01-05,Spain,Valencia,10.03
100019,142,2023-01-03,2023-01-10,2023-01-06,Czech Republic,Brno,37.88
100020,23,2023-01-03,2023-01-06,2023-01-05,USA,Chicago,10.17
100021,73,2023-01-03,2023-01-16,2023-01-14,USA,Denver,34.0
100022,159,2023-01-03,2023-01-12,2023-01-09,United Kingdom,Liverpool,26.69
100023,470,2023-01-03,2023-01-08,2023-01-08,USA,Chicago,14.98
100024,223,2023-01-03,2023-01-06,2023-01-10,Germany,Berlin,15.62
100025,477,2023-01-03,2023-01-08,2023-01-06,Germany,Cologne,23.51
100026,288,2023-01-03,2023-01-06,2023-01-08,Italy,Florence,3.94
100027,119,2023-01-03,2023-01-07,2023-01-10,Italy,Milan,23.9
100028,462,2023-01-04,2023-01-15,2023-01-14,Spain,Barcelona,49.77
100029,95,2023-01-04,2023-01-07,2023-01-13,Italy,Florence,33.33
100030,394,2023-01-04,2023-01-11,2023-01-05,Canada,Calgary,26.56
100031,189,2023-01-04,2023-01-08,2023-01-14,France,Lyon,21.33
100032,286,2023-01-04,2023-01-16,2023-01-06,Spain,Bilbao,10.53
100033,160,2023-01-04,2023-01-11,2023-01-10,United Kingdom,Manchester,16.83
100034,307,2023-01-04,2023-01-15,2023-01-12,USA,Boston,14.6
100035,406,2023-01-04,2023-01-14,2023-01-13,United Kingdom,Liverpool,27.27
100036,380,2023-01-04,2023-01-15,2023-01-10,Netherlands,Rotterdam,13.46
100037,76,2023-01-04,2023-01-16,2023-01-07,Spain,Bilbao,14.19
100038,37,2023-01-04,2023-01-12,2023-01-13,Spain,Valencia,32.74
100039,212,2023-01-04,2023-01-17,2023-01-06,France,Paris,19.44
100040,239,2023-01-05,2023-01-13,2023-01-13,Canada,Toronto,7.88
100041,371,2023-01-05,2023-01-14,2023-01-16,France,Paris,31.04
100042,76,2023-01-05,2023-01-09,2023-01-16,Spain,Bilbao,18.33
100043,72,2023-01-05,2023-01-15,2023-01-10,France,Paris,13.3
100044,349,2023-01-05,2023-01-11,2023-01-06,Poland,Lodz,29.46
100045,320,2023-01-05,2023-01-13,2023-01-14,Italy,Florence,9.56
100046,235,2023-01-05,2023-01-14,2023-01-09,Italy,Turin,21.09
100047,251,2023-01-05,2023-01-17,2023-01-16,United Kingdom,Bristol,9.9
100048,15,2023-01-05,2023-01-10,2023-01-08,Spain,Seville,19.76
100049,250,2023-01-05,2023-01-09,2023-01-13,Czech Republic,Pilsen,28.41
100050,466,2023-01-05,2023-01-09,2023-01-14,United Kingdom,Bristol,25.87
100051,340,2023-01-05,2023-01-12,2023-01-07,Austria,Vienna,12.99
100052,463,2023-01-05,2023-01-18,2023-01-08,Spain,Madrid,10.13
100053,93,2023-01-05,2023-01-11,2023-01-10,Canada,Vancouver,31.04
100054,48,2023-01-06,2023-01-18,2023-01-14,USA,Denver,38.95
100055,272,2023-01-06,2023-01-15,2023-01-07,Germany,Munich,9.67
100056,238,2023-01-06,2023-01-15,2023-01-13,Germany,Hamburg,22.59
100057,295,2023-01-06,2023-01-17,2023-01-11,USA,Chicago,11.29
100058,21,2023-01-06,2023-01-11,2023-01-10,Canada,Vancouver,27.52
100059,224,2023-01-06,2023-01-16,2023-01-17,Spain,Barcelona,22.4
100060,213,2023-01-06,2023-01-12,2023-01-09,USA,Chicago,14.61
100061,286,2023-01-06,2023-01-17,2023-01-10,Spain,Bilbao,24.48
100062,424,2023-01-06,2023-01-09,2023-01-15,United Kingdom,Bristol,5.89
100063,142,2023-01-06,2023-01-16,2023-01-09,Czech Republic,Brno,14.68
100064,461,2023-01-06,2023-01-09,2023-01-09,Italy,Turin,27.69
100065,165,2023-01-06,2023-01-15,2023-01-09,Netherlands,Eindhoven,10.45
100066,295,2023-01-06,2023-01-11,2023-01-10,USA,Chicago,12.17
100067,110,2023-01-06,2023-01-12,2023-01-07,USA,Boston,14.41
100068,92,2023-01-07,2023-01-17,2023-01-17,Austria,Vienna,8.13
100069,330,2023-01-07,2023-01-12,2023-01-17,Spain,Seville,22.47
100070,90,2023-01-07,2023-01-13,2023-01-15,Italy,Naples,16.8
100071,83,2023-01-07,2023-01-12,2023-01-14,United Kingdom,Manchester,12.1
100072,351,2023-01-07,2023-01-12,2023-01-10,Italy,Florence,17.6
100073,318,2023-01-07,2023-01-17,2023-01-08,Poland,Warsaw,13.02
100074,279,2023-01-07,2023-01-12,2023-01-09,Austria,Salzburg,6.44
100075,160,2023-01-07,2023-01-12,2023-01-15,United Kingdom,Manchester,24.62
100076,12,2023-01-07,2023-01-16,2023-01-15,Sweden,Stockholm,4.43
100077,100,2023-01-07,2023-01-19,2023-01-15,Netherlands,Utrecht,14.48
100078,258,2023-01-08,2023-01-17,2023-01-13,Netherlands,Eindhoven,16.82
100079,179,2023-01-08,2023-01-15,2023-01-09,USA,Denver,13.29
100080,87,2023-01-08,2023-01-14,2023-01-16,Austria,Graz,24.88
100081,172,2023-01-08,2023-01-19,2023-01-13,Norway,Trondheim,11.94
100082,99,2023-01-08,2023-01-14,2023-01-13,Canada,Vancouver,12.67
100083,224,2023-01-08,2023-01-11,,Spain,Barcelona,4.84
100084,251,2023-01-09,2023-01-18,2023-01-18,United Kingdom,Bristol,21.99
100085,231,2023-01-09,2023-01-17,2023-01-16,Sweden,Stockholm,24.0
100086,160,2023-01-09,2023-01-22,2023-01-18,United Kingdom,Manchester,14.45
100087,49,2023-01-09,2023-01-13,2023-01-18,Canada,Montreal,6.85
100088,312,2023-01-09,2023-01-19,2023-01-12,France,Marseille,20.15
100089,3,2023-01-09,2023-01-18,2023-01-16,Spain,Bilbao,12.51
100090,37,2023-01-09,2023-01-21,2023-01-20,Spain,Valencia,27.21
100091,59,2023-01-10,2023-01-15,2023-01-14,Austria,Salzburg,50.15
100092,331,2023-01-10,2023-01-18,2023-01-12,Poland,Poznan,11.98
100093,13,2023-01-10,2023-01-19,2023-01-17,Italy,Florence,52.95
100094,424,2023-01-10,2023-01-19,,United Kingdom,Bristol,23.41
100095,26,2023-01-10,2023-01-15,2023-01-11,USA,Chicago,13.98
100096,153,2023-01-10,2023-01-16,,Norway,Bergen,12.6
100097,422,2023-01-10,2023-01-17,2023-01-11,Spain,Seville,35.62
100098,81,2023-01-10,2023-01-18,2023-01-14,Germany,Munich,24.33
100099,301,2023-01-10,2023-01-15,2023-01-17,France,Paris,13.12
100100,436,2023-01-10,2023-01-13,2023-01-17,Italy,Florence,32.84
100101,120,2023-01-10,2023-01-20,2023-01-20,Netherlands,Utrecht,34.41
100102,224,2023-01-11,2023-01-17,2023-01-17,Spain,Barcelona,16.21
100103,60,2023-01-11,2023-01-16,2023-01-15,Netherlands,Eindhoven,21.01
100104,324,2023-01-11,2023-01-14,2023-01-12,Czech Republic,Ostrava,13.25
100105,425,2023-01-11,2023-01-14,2023-01-18,Czech Republic,Prague,39.22
100106,39,2023-01-11,2023-01-20,2023-01-17,Poland,Wroclaw,36.94
100107,165,2023-01-11,2023-01-23,2023-01-12,Netherlands,Eindhoven,12.03
100108,444,2023-01-11,2023-01-23,2023-01-21,Netherlands,Rotterdam,37.64
100109,479,2023-01-11,2023-01-23,2023-01-22,Poland,Wroclaw,29.43
100110,89,2023-01-11,2023-01-15,2023-01-14,Italy,Florence,11.12
100111,212,2023-01-12,2023-01-19,2023-01-17,France,Paris,23.19
100112,281,2023-01-12,2023-01-23,2023-01-17,France,Paris,26.28
100113,442,2023-01-12,2023-01-17,2023-01-23,USA,Denver,13.69
100114,419,2023-01-12,2023-01-22,2023-01-16,Germany,Cologne,13.81
100115,33,2023-01-12,2023-01-25,2023-01-17,USA,Seattle,24.53
100116,62,2023-01-12,2023-01-16,2023-01-14,Poland,Lodz,10.61
100117,145,2023-01-12,2023-01-23,2023-01-19,Poland,Lodz,8.11
100118,244,2023-01-12,2023-01-25,2023-01-13,Germany,Frankfurt,14.85
100119,226,2023-01-12,2023-01-17,2023-01-17,France,Nice,5.51
100120,368,2023-01-12,2023-01-16,2023-01-13,Poland,Gdansk,13.61
100121,166,2023-01-13,2023-01-19,2023-01-17,USA,Seattle,10.42
100122,338,2023-01-13,2023-01-20,2023-01-22,United Kingdom,Liverpool,16.27
100123,283,2023-01-13,2023-01-26,2023-01-19,Poland,Lodz,14.32
100124,93,2023-01-13,2023-01-26,2023-01-18,Canada,Vancouver,25.24
100125,87,2023-01-13,2023-01-21,2023-01-18,Austria,Graz,21.25
100126,115,2023-01-13,2023-01-20,2023-01-19,USA,Denver,24.36
100127,13,2023-01-13,2023-01-23,,Italy,Florence,28.62
100128,172,2023-01-13,2023-01-26,,Norway,Trondheim,19.76
100129,258,2023-01-13,2023-01-22,2023-01-22,Netherlands,Eindhoven,36.1
100130,371,2023-01-13,2023-01-25,2023-01-20,France,Paris,12.28
100131,130,2023-01-13,2023-01-16,2023-01-20,Poland,Wroclaw,23.19
100132,474,2023-01-14,2023-01-27,2023-01-25,Czech Republic,Pilsen,13.75
100133,147,2023-01-14,2023-01-23,2023-01-23,Austria,Linz,13.68
100134,83,2023-01-14,2023-01-26,,United Kingdom,Manchester,22.19
100135,363,2023-01-14,2023-01-20,2023-01-24,United Kingdom,Manchester,18.76
100136,369,2023-01-14,2023-01-23,2023-01-23,Czech Republic,Brno,27.03
100137,62,2023-01-14,2023-01-26,,Poland,Lodz,18.06
100138,325,2023-01-15,2023-01-19,2023-01-26,Netherlands,Eindhoven,13.99
100139,394,2023-01-15,2023-01-21,,Canada,Calgary,29.1
100140,105,2023-01-15,2023-01-18,2023-01-22,Czech Republic,Pilsen,64.7
100141,48,2023-01-15,2023-01-22,2023-01-23,USA,Denver,32.05
100142,390,2023-01-15,2023-01-18,2023-01-21,Czech Republic,Pilsen,27.2
100143,372,2023-01-15,2023-01-27,2023-01-19,United Kingdom,Manchester,28.98
100144,345,2023-01-15,2023-01-20,2023-01-25,Poland,Gdansk,35.44
100145,291,2023-01-15,2023-01-19,2023-01-23,United Kingdom,Bristol,18.42
100146,280,2023-01-15,2023-01-27,2023-01-23,United Kingdom,Liverpool,25.95
100147,272,2023-01-16,2023-01-21,2023-01-22,Germany,Munich,52.58
100148,309,2023-01-16,2023-01-27,2023-01-26,France,Toulouse,63.51
100149,309,2023-01-16,2023-01-19,2023-01-24,France,Toulouse,10.94
100150,260,2023-01-16,2023-01-19,2023-01-26,Norway,Oslo,26.92
100151,456,2023-01-16,2023-01-27,2023-01-27,Netherlands,Utrecht,3.98
100152,140,2023-01-16,2023-01-26,2023-01-19,Germany,Berlin,16.69
100153,116,2023-01-16,2023-01-29,2023-01-23,Spain,Barcelona,7.9
100154,475,2023-01-16,2023-01-23,2023-01-21,Poland,Wroclaw,19.83
100155,372,2023-01-16,2023-01-22,2023-01-19,United Kingdom,Manchester,9.23
100156,358,2023-01-16,2023-01-22,2023-01-20,Italy,Rome,13.11
100157,497,2023-01-17,2023-01-29,2023-01-21,Germany,Cologne,8.28
100158,183,2023-01-17,2023-01-28,2023-01-23,Austria,Salzburg,11.37
100159,463,2023-01-17,2023-01-24,2023-01-23,Spain,Madrid,23.52
100160,93,2023-01-17,2023-01-29,2023-01-28,Canada,Vancouver,25.48
100161,466,2023-01-17,2023-01-24,2023-01-24,United Kingdom,Bristol,8.13
100162,93,2023-01-17,2023-01-28,2023-01-19,Canada,Vancouver,6.39
100163,2,2023-01-17,2023-01-20,2023-01-27,United Kingdom,Bristol,5.29
100164,349,2023-01-17,2023-01-22,2023-01-25,Poland,Lodz,18.82
100165,70,2023-01-17,2023-01-25,2023-01-28,Spain,Madrid,6.89
100166,490,2023-01-18,2023-01-21,2023-01-24,USA,Seattle,27.48
100167,13,2023-01-18,2023-01-29,2023-01-27,Italy,Florence,37.08
100168,25,2023-01-18,2023-01-22,2023-01-28,Netherlands,Amsterdam,3.6
100169,487,2023-01-18,2023-01-27,2023-01-26,Poland,Gdansk,5.68
100170,369,2023-01-18,2023-01-24,2023-01-29,Czech Republic,Brno,14.59
100171,250,2023-01-18,2023-01-28,,Czech Republic,Pilsen,11.88
100172,343,2023-01-18,2023-01-28,2023-01-23,Poland,Gdansk,9.07
100173,330,2023-01-19,2023-01-31,2023-01-25,Spain,Seville,11.9
100174,13,2023-01-19,2023-01-26,2023-01-28,Italy,Florence,11.06
100175,449,2023-01-19,2023-01-25,2023-01-23,Poland,Krakow,24.76
100176,185,2023-01-19,2023-02-01,2023-01-20,Spain,Barcelona,14.58
100177,282,2023-01-19,2023-01-22,2023-01-27,Germany,Cologne,6.35
100178,234,2023-01-19,2023-01-27,2023-01-30,United Kingdom,Bristol,14.36
100179,116,2023-01-19,2023-01-23,2023-01-20,Spain,Barcelona,10.63
100180,83,2023-01-19,2023-01-31,,United Kingdom,Manchester,11.24
100181,453,2023-01-19,2023-01-29,2023-01-27,United Kingdom,Manchester,21.24
100182,263,2023-01-19,2023-01-22,2023-01-30,Germany,Cologne,13.15
100183,351,2023-01-19,2023-01-22,2023-01-29,Italy,Florence,28.95
100184,254,2023-01-19,2023-01-26,2023-01-26,USA,Chicago,16.05
100185,95,2023-01-19,2023-01-28,2023-01-28,Italy,Florence,34.52
100186,424,2023-01-20,2023-02-01,2023-01-24,United Kingdom,Bristol,14.16
100187,111,2023-01-20,2023-01-25,2023-01-27,Spain,Bilbao,6.04
100188,437,2023-01-20,2023-02-02,2023-01-21,Poland,Lodz,7.07
100189,475,2023-01-20,2023-01-23,2023-01-28,Poland,Wroclaw,10.91
100190,468,2023-01-21,2023-01-26,2023-01-28,France,Nice,5.18
100191,422,2023-01-21,2023-01-29,2023-01-31,Spain,Seville,13.63
100192,475,2023-01-21,2023-01-25,2023-01-26,Poland,Wroclaw,19.49
100193,140,2023-01-21,2023-01-24,2023-01-31,Germany,Berlin,19.53
100194,389,2023-01-22,2023-02-02,2023-01-24,USA,Seattle,17.75
100195,258,2023-01-22,2023-02-04,2023-02-02,Netherlands,Eindhoven,9.23
100196,140,2023-01-22,2023-01-26,2023-01-27,Germany,Berlin,5.27
100197,129,2023-01-22,2023-01-28,,Sweden,Stockholm,28.65
100198,471,2023-01-22,2023-01-27,2023-02-02,Norway,Bergen,10.18
100199,139,2023-01-22,2023-01-26,2023-01-27,Spain,Valencia,19.22
100200,76,2023-01-22,2023-01-25,2023-02-02,Spain,Bilbao,22.49
100201,307,2023-01-22,2023-01-26,2023-01-24,USA,Boston,14.57
100202,83,2023-01-22,2023-01-25,2023-01-31,United Kingdom,Manchester,37.4
100203,247,2023-01-23,2023-02-05,2023-02-01,Germany,Hamburg,26.18
100204,421,2023-01-23,2023-02-01,2023-01-25,Poland,Warsaw,15.26
100205,259,2023-01-23,2023-02-04,2023-01-25,USA,Boston,21.02
100206,481,2023-01-23,2023-02-02,,Germany,Frankfurt,10.82
100207,142,2023-01-23,2023-01-26,2023-01-24,Czech Republic,Brno,22.65
100208,63,2023-01-23,2023-02-05,2023-01-29,Netherlands,Eindhoven,17.89
100209,442,2023-01-23,2023-01-30,2023-01-29,USA,Denver,18.69
100210,387,2023-01-23,2023-01-29,2023-01-27,Spain,Bilbao,42.54
100211,371,2023-01-23,2023-01-28,2023-01-24,France,Paris,36.73
100212,358,2023-01-24,2023-01-28,2023-02-03,Italy,Rome,24.23
100213,265,2023-01-24,2023-02-03,2023-01-25,Poland,Krakow,6.48
100214,309,2023-01-24,2023-01-29,2023-02-03,France,Toulouse,11.17
100215,250,2023-01-24,2023-02-06,,Czech Republic,Pilsen,30.48
100216,273,2023-01-24,2023-01-29,2023-01-25,Austria,Linz,20.8
100217,189,2023-01-24,2023-01-27,2023-02-03,France,Lyon,27.56
100218,390,2023-01-25,2023-02-04,2023-02-03,Czech Republic,Pilsen,11.49
100219,110,2023-01-25,2023-02-05,2023-01-29,USA,Boston,17.39
100220,441,2023-01-25,2023-01-31,2023-02-04,France,Nice,16.41
100221,458,2023-01-25,2023-02-01,2023-01-27,Netherlands,Amsterdam,20.89
100222,204,2023-01-25,2023-02-05,2023-02-04,Poland,Gdansk,19.22
100223,251,2023-01-25,2023-01-28,,United Kingdom,Bristol,11.93
100224,37,2023-01-26,2023-02-01,2023-02-03,Spain,Valencia,16.95
100225,60,2023-01-26,2023-02-07,2023-01-27,Netherlands,Eindhoven,28.36
100226,285,2023-01-26,2023-02-05,2023-01-31,Austria,Linz,19.82
100227,497,2023-01-26,2023-02-08,2023-01-27,Germany,Cologne,24.04
100228,326,2023-01-26,2023-02-02,2023-01-31,Poland,Poznan,16.39
100229,3,2023-01-26,2023-02-08,2023-02-06,Spain,Bilbao,12.67
100230,495,2023-01-26,2023-02-02,,Germany,Frankfurt,52.06
100231,107,2023-01-26,2023-02-06,2023-01-31,Italy,Turin,18.19
100232,338,2023-01-26,2023-02-05,2023-01-27,United Kingdom,Liverpool,10.08
100233,30,2023-01-27,2023-02-03,2023-02-05,Germany,Frankfurt,8.14
100234,453,2023-01-27,2023-02-07,2023-02-06,United Kingdom,Manchester,19.18
100235,126,2023-01-27,2023-02-06,2023-01-28,Spain,Barcelona,23.89
100236,234,2023-01-27,2023-02-04,2023-02-04,United Kingdom,Bristol,25.71
100237,250,2023-01-27,2023-02-02,2023-02-01,Czech Republic,Pilsen,33.8
100238,269,2023-01-27,2023-02-08,2023-01-30,Norway,Bergen,12.26
100239,327,2023-01-27,2023-02-05,2023-01-29,Italy,Turin,5.04
100240,431,2023-01-27,2023-02-01,2023-02-01,USA,Boston,12.58
100241,184,2023-01-27,2023-02-09,,Germany,Berlin,11.43
100242,51,2023-01-27,2023-02-09,2023-02-06,Austria,Graz,4.16
100243,44,2023-01-27,2023-02-01,2023-02-07,Spain,Madrid,18.46
100244,420,2023-01-28,2023-02-09,2023-02-01,Poland,Krakow,53.25
100245,78,2023-01-28,2023-02-09,2023-02-06,United Kingdom,London,12.88
100246,206,2023-01-28,2023-02-05,2023-01-30,Germany,Hamburg,20.23
100247,487,2023-01-28,2023-02-04,2023-01-29,Poland,Gdansk,5.39
100248,205,2023-01-28,2023-02-06,2023-01-31,Poland,Wroclaw,15.02
100249,387,2023-01-28,2023-01-31,2023-01-30,Spain,Bilbao,14.05
100250,114,2023-01-29,2023-02-03,2023-02-05,Spain,Bilbao,4.89
100251,409,2023-01-29,2023-02-08,,USA,Austin,10.68
100252,363,2023-01-29,2023-02-09,2023-01-30,United Kingdom,Manchester,13.46
100253,143,2023-01-29,2023-02-09,,USA,New York,36.54
100254,88,2023-01-29,2023-02-08,2023-02-02,Norway,Stavanger,15.53
100255,351,2023-01-30,2023-02-08,2023-02-05,Italy,Florence,17.05
100256,33,2023-01-30,2023-02-06,2023-02-01,USA,Seattle,28.44
100257,394,2023-01-30,2023-02-06,2023-02-10,Canada,Calgary,62.32
100258,227,2023-01-31,2023-02-04,2023-02-08,Germany,Frankfurt,17.24
100259,87,2023-01-31,2023-02-13,2023-02-09,Austria,Graz,20.04
100260,483,2023-01-31,2023-02-09,2023-02-02,Sweden,Gothenburg,19.51
100261,351,2023-01-31,2023-02-06,2023-02-08,Italy,Florence,17.17
100262,321,2023-01-31,2023-02-04,2023-02-05,France,Paris,15.95
100263,432,2023-01-31,2023-02-12,2023-02-05,Poland,Wroclaw,10.08
100264,110,2023-01-31,2023-02-04,2023-02-11,USA,Boston,43.34
100265,234,2023-02-01,2023-02-13,2023-02-11,United Kingdom,Bristol,52.82
100266,61,2023-02-01,2023-02-10,2023-02-05,Poland,Wroclaw,25.8
100267,55,2023-02-01,2023-02-06,2023-02-11,USA,Seattle,21.4
100268,380,2023-02-01,2023-02-14,2023-02-04,Netherlands,Rotterdam,30.52
100269,380,2023-02-01,2023-02-06,2023-02-09,Netherlands,Rotterdam,9.76
100270,15,2023-02-01,2023-02-14,2023-02-07,Spain,Seville,25.53
100271,201,2023-02-01,2023-02-10,2023-02-04,United Kingdom,Manchester,28.74
100272,391,2023-02-01,2023-02-09,2023-02-09,Germany,Berlin,29.08
100273,352,2023-02-02,2023-02-10,2023-02-04,Poland,Krakow,20.28
100274,167,2023-02-02,2023-02-05,2023-02-09,USA,Chicago,13.77
100275,314,2023-02-02,2023-02-08,2023-02-13,Sweden,Gothenburg,11.88
100276,461,2023-02-02,2023-02-08,2023-02-09,Italy,Turin,33.54
100277,253,2023-02-03,2023-02-07,2023-02-13,Germany,Hamburg,14.91
100278,210,2023-02-03,2023-02-08,2023-02-08,USA,Austin,17.77
100279,308,2023-02-03,2023-02-10,2023-02-10,Canada,Toronto,14.12
100280,318,2023-02-03,2023-02-12,2023-02-12,Poland,Warsaw,9.71
100281,148,2023-02-03,2023-02-13,2023-02-12,Germany,Berlin,22.14
100282,397,2023-02-03,2023-02-07,2023-02-04,Poland,Warsaw,5.73
100283,89,2023-02-04,2023-02-12,2023-02-12,Italy,Florence,26.92
100284,407,2023-02-04,2023-02-10,,Germany,Cologne,19.13
100285,200,2023-02-04,2023-02-12,2023-02-13,Spain,Bilbao,24.78
100286,131,2023-02-04,2023-02-13,2023-02-12,Spain,Seville,8.71
100287,250,2023-02-04,2023-02-17,2023-02-08,Czech Republic,Pilsen,21.36
100288,371,2023-02-04,2023-02-08,2023-02-10,France,Paris,18.12
100289,371,2023-02-04,2023-02-09,,France,Paris,26.2
100290,142,2023-02-04,2023-02-14,,Czech Republic,Brno,4.64
100291,226,2023-02-04,2023-02-12,2023-02-09,France,Nice,22.22
100292,466,2023-02-05,2023-02-13,2023-02-10,United Kingdom,Bristol,8.77
100293,206,2023-02-05,2023-02-15,2023-02-08,Germany,Hamburg,17.92
100294,363,2023-02-05,2023-02-16,2023-02-06,United Kingdom,Manchester,16.36
100295,22,2023-02-06,2023-02-17,2023-02-10,USA,New York,10.42
100296,201,2023-02-06,2023-02-13,2023-02-09,United Kingdom,Manchester,16.77
100297,466,2023-02-06,2023-02-14,2023-02-13,United Kingdom,Bristol,18.47
100298,340,2023-02-06,2023-02-14,2023-02-13,Austria,Vienna,12.93
100299,76,2023-02-06,2023-02-16,2023-02-11,Spain,Bilbao,10.5
100300,14,2023-02-06,2023-02-17,2023-02-10,Netherlands,Eindhoven,15.0
100301,255,2023-02-06,2023-02-13,2023-02-16,Austria,Graz,12.33
100302,113,2023-02-06,2023-02-12,2023-02-10,Germany,Frankfurt,31.28
100303,409,2023-02-06,2023-02-10,2023-02-14,USA,Austin,34.84
100304,258,2023-02-06,2023-02-16,2023-02-14,Netherlands,Eindhoven,10.38
100305,103,2023-02-07,2023-02-13,2023-02-12,Poland,Gdansk,9.22
100306,139,2023-02-07,2023-02-13,2023-02-10,Spain,Valencia,12.34
100307,200,2023-02-07,2023-02-19,2023-02-10,Spain,Bilbao,23.16
100308,337,2023-02-07,2023-02-10,2023-02-09,Canada,Toronto,21.95
100309,423,2023-02-07,2023-02-10,2023-02-18,Spain,Barcelona,16.75
100310,252,2023-02-07,2023-02-10,2023-02-12,Netherlands,Amsterdam,4.22
100311,167,2023-02-07,2023-02-14,2023-02-16,USA,Chicago,26.17
100312,290,2023-02-07,2023-02-11,2023-02-10,Austria,Vienna,8.55
100313,351,2023-02-07,2023-02-10,2023-02-14,Italy,Florence,8.15
100314,206,2023-02-07,2023-02-19,2023-02-13,Germany,Hamburg,21.92
100315,465,2023-02-07,2023-02-20,2023-02-12,France,Paris,14.41
100316,62,2023-02-07,2023-02-17,2023-02-14,Poland,Lodz,5.06
100317,3,2023-02-08,2023-02-20,2023-02-10,Spain,Bilbao,13.03
100318,52,2023-02-08,2023-02-20,2023-02-16,Canada,Vancouver,19.44
100319,250,2023-02-08,2023-02-18,2023-02-15,Czech Republic,Pilsen,6.55
100320,224,2023-02-08,2023-02-20,2023-02-15,Spain,Barcelona,35.0
100321,273,2023-02-08,2023-02-17,2023-02-19,Austria,Linz,18.82
100322,394,2023-02-09,2023-02-14,2023-02-14,Canada,Calgary,46.91
100323,450,2023-02-09,2023-02-18,2023-02-19,Poland,Wroclaw,14.72
100324,162,2023-02-09,2023-02-21,,Poland,Lodz,4.89
100325,88,2023-02-09,2023-02-22,2023-02-14,Norway,Stavanger,11.92
100326,479,2023-02-09,2023-02-22,2023-02-10,Poland,Wroclaw,5.96
100327,295,2023-02-10,2023-02-20,2023-02-14,USA,Chicago,21.38
100328,228,2023-02-10,2023-02-20,2023-02-16,Austria,Linz,12.95
100329,429,2023-02-10,2023-02-18,2023-02-16,Netherlands,Rotterdam,36.19
100330,250,2023-02-10,2023-02-19,2023-02-15,Czech Republic,Pilsen,11.18
100331,325,2023-02-10,2023-02-23,2023-02-21,Netherlands,Eindhoven,13.08
100332,142,2023-02-10,2023-02-15,2023-02-12,Czech Republic,Brno,27.22
100333,205,2023-02-10,2023-02-17,2023-02-16,Poland,Wroclaw,13.85
100334,324,2023-02-11,2023-02-18,2023-02-17,Czech Republic,Ostrava,4.75
100335,33,2023-02-11,2023-02-23,2023-02-22,USA,Seattle,13.33
100336,201,2023-02-11,2023-02-18,2023-02-18,United Kingdom,Manchester,15.99
100337,282,2023-02-12,2023-02-20,2023-02-21,Germany,Cologne,6.87
100338,44,2023-02-12,2023-02-22,2023-02-15,Spain,Madrid,6.17
100339,155,2023-02-12,2023-02-23,2023-02-17,Spain,Madrid,14.98
100340,436,2023-02-12,2023-02-15,2023-02-21,Italy,Florence,14.12
100341,326,2023-02-13,2023-02-20,2023-02-22,Poland,Poznan,10.5
100342,168,2023-02-13,2023-02-24,2023-02-22,Canada,Calgary,13.34
100343,465,2023-02-13,2023-02-19,2023-02-22,France,Paris,14.32
100344,3,2023-02-13,2023-02-19,2023-02-14,Spain,Bilbao,16.68
100345,140,2023-02-13,2023-02-26,2023-02-24,Germany,Berlin,19.01
100346,226,2023-02-13,2023-02-19,2023-02-16,France,Nice,10.46
100347,222,2023-02-13,2023-02-24,2023-02-19,USA,Seattle,23.6
100348,329,2023-02-13,2023-02-21,,Poland,Wroclaw,29.52
100349,453,2023-02-13,2023-02-18,,United Kingdom,Manchester,6.63
100350,2,2023-02-13,2023-02-23,2023-02-16,United Kingdom,Bristol,10.86
100351,440,2023-02-14,2023-02-27,,Netherlands,Rotterdam,20.19
100352,279,2023-02-14,2023-02-20,2023-02-19,Austria,Salzburg,21.34
100353,32,2023-02-14,2023-02-22,2023-02-21,United Kingdom,Manchester,11.38
100354,307,2023-02-14,2023-02-24,2023-02-18,USA,Boston,13.44
100355,23,2023-02-14,2023-02-18,2023-02-22,USA,Chicago,7.22
100356,295,2023-02-14,2023-02-25,2023-02-19,USA,Chicago,38.6
100357,319,2023-02-15,2023-02-20,,Italy,Milan,13.76
100358,369,2023-02-15,2023-02-28,2023-02-24,Czech Republic,Brno,24.33
100359,338,2023-02-15,2023-02-25,2023-02-20,United Kingdom,Liverpool,10.62
100360,99,2023-02-15,2023-02-19,2023-02-18,Canada,Vancouver,20.83
100361,414,2023-02-15,2023-02-20,2023-02-18,United Kingdom,Leeds,25.75
100362,283,2023-02-15,2023-02-25,2023-02-16,Poland,Lodz,11.73
100363,323,2023-02-16,2023-02-20,2023-02-19,Czech Republic,Ostrava,3.58
100364,495,2023-02-16,2023-02-25,2023-02-17,Germany,Frankfurt,16.39
100365,351,2023-02-16,2023-02-21,2023-02-20,Italy,Florence,34.4
100366,87,2023-02-16,2023-02-28,2023-02-21,Austria,Graz,19.23
100367,123,2023-02-16,2023-02-28,2023-02-24,Sweden,Uppsala,25.29
100368,204,2023-02-16,2023-02-19,2023-02-23,Poland,Gdansk,13.77
100369,265,2023-02-16,2023-02-26,,Poland,Krakow,21.26
100370,387,2023-02-16,2023-02-23,2023-02-22,Spain,Bilbao,31.85
100371,167,2023-02-16,2023-02-27,2023-02-22,USA,Chicago,8.11
100372,223,2023-02-17,2023-02-24,2023-02-22,Germany,Berlin,18.09
100373,405,2023-02-17,2023-03-01,2023-02-19,Netherlands,Amsterdam,19.82
100374,104,2023-02-17,2023-02-23,2023-02-23,United Kingdom,London,26.16
100375,345,2023-02-17,2023-03-01,2023-02-22,Poland,Gdansk,25.49
100376,200,2023-02-17,2023-02-25,2023-02-21,Spain,Bilbao,12.16
100377,453,2023-02-17,2023-02-27,2023-02-28,United Kingdom,Manchester,24.77
100378,165,2023-02-17,2023-02-27,2023-02-21,Netherlands,Eindhoven,13.36
100379,465,2023-02-17,2023-02-21,2023-02-25,France,Paris,39.19
100380,308,2023-02-18,2023-02-22,2023-03-01,Canada,Toronto,8.32
100381,449,2023-02-18,2023-02-25,2023-02-24,Poland,Krakow,17.25
100382,481,2023-02-18,2023-02-22,2023-02-24,Germany,Frankfurt,21.19
100383,405,2023-02-18,2023-03-01,2023-02-24,Netherlands,Amsterdam,5.46
100384,30,2023-02-18,2023-02-21,2023-02-25,Germany,Frankfurt,11.57
100385,258,2023-02-18,2023-02-22,2023-02-26,Netherlands,Eindhoven,7.55
100386,87,2023-02-19,2023-02-28,2023-02-27,Austria,Graz,18.32
100387,254,2023-02-19,2023-03-04,2023-02-22,USA,Chicago,12.84
100388,55,2023-02-19,2023-02-26,,USA,Seattle,12.44
100389,289,2023-02-19,2023-02-27,2023-02-26,United Kingdom,Liverpool,19.91
100390,497,2023-02-19,2023-02-25,2023-02-21,Germany,Cologne,12.88
100391,398,2023-02-19,2023-02-23,,Poland,Wroclaw,62.57
100392,168,2023-02-19,2023-03-04,2023-02-22,Canada,Calgary,4.4
100393,49,2023-02-19,2023-03-01,2023-02-24,Canada,Montreal,19.59
100394,54,2023-02-19,2023-02-28,2023-02-23,France,Marseille,13.79
100395,319,2023-02-20,2023-02-26,2023-02-23,Italy,Milan,33.25
100396,218,2023-02-20,2023-02-25,2023-03-01,Poland,Gdansk,5.5
100397,421,2023-02-20,2023-03-02,2023-02-24,Poland,Warsaw,46.15
100398,166,2023-02-20,2023-03-02,2023-03-01,USA,Seattle,9.38
100399,258,2023-02-20,2023-02-27,2023-02-23,Netherlands,Eindhoven,8.1
100400,140,2023-02-20,2023-02-25,2023-02-22,Germany,Berlin,6.4
100401,440,2023-02-20,2023-03-03,2023-02-26,Netherlands,Rotterdam,30.22
100402,177,2023-02-20,2023-02-26,2023-03-01,Germany,Hamburg,26.37
100403,326,2023-02-20,2023-03-02,2023-03-03,Poland,Poznan,18.7
100404,351,2023-02-20,2023-03-03,2023-03-03,Italy,Florence,20.36
100405,126,2023-02-21,2023-03-01,2023-03-01,Spain,Barcelona,11.86
100406,147,2023-02-21,2023-02-26,,Austria,Linz,18.77
100407,276,2023-02-21,2023-03-02,2023-02-25,Italy,Florence,11.53
100408,492,2023-02-21,2023-02-24,2023-02-26,United Kingdom,Leeds,12.07
100409,321,2023-02-21,2023-03-02,2023-02-24,France,Paris,6.24
100410,166,2023-02-21,2023-03-02,2023-02-22,USA,Seattle,15.67
100411,465,2023-02-21,2023-03-01,2023-03-02,France,Paris,13.88
100412,349,2023-02-21,2023-03-02,2023-03-01,Poland,Lodz,15.36
100413,443,2023-02-21,2023-02-26,,Spain,Bilbao,9.24
100414,185,2023-02-22,2023-03-04,2023-03-02,Spain,Barcelona,12.46
100415,23,2023-02-22,2023-02-28,2023-02-28,USA,Chicago,25.44
100416,244,2023-02-22,2023-02-25,2023-03-02,Germany,Frankfurt,4.09
100417,247,2023-02-22,2023-03-03,2023-02-24,Germany,Hamburg,5.64
100418,468,2023-02-23,2023-03-08,2023-03-06,France,Nice,13.59
100419,254,2023-02-23,2023-02-28,2023-03-01,USA,Chicago,16.23
100420,178,2023-02-23,2023-02-26,2023-03-05,United Kingdom,Liverpool,19.93
100421,366,2023-02-23,2023-03-02,2023-02-27,Spain,Valencia,18.06
100422,215,2023-02-23,2023-03-08,2023-03-05,Italy,Milan,21.4
100423,176,2023-02-23,2023-03-05,2023-03-04,Germany,Cologne,10.69
100424,318,2023-02-23,2023-03-03,2023-02-26,Poland,Warsaw,16.51
100425,254,2023-02-23,2023-03-02,2023-02-25,USA,Chicago,16.55
100426,235,2023-02-23,2023-03-01,2023-03-02,Italy,Turin,12.16
100427,54,2023-02-23,2023-03-03,2023-02-28,France,Marseille,14.95
100428,328,2023-02-23,2023-03-07,2023-02-27,United Kingdom,Liverpool,17.34
100429,28,2023-02-23,2023-03-08,,USA,Chicago,27.87
100430,184,2023-02-24,2023-03-06,2023-02-25,Germany,Berlin,31.85
100431,326,2023-02-24,2023-03-05,,Poland,Poznan,22.45
100432,33,2023-02-24,2023-03-09,2023-03-01,USA,Seattle,20.32
100433,464,2023-02-24,2023-03-04,2023-02-28,Spain,Barcelona,10.61
100434,351,2023-02-24,2023-03-09,2023-02-28,Italy,Florence,16.55
100435,471,2023-02-24,2023-03-05,2023-02-28,Norway,Bergen,18.96
100436,265,2023-02-24,2023-02-27,2023-03-05,Poland,Krakow,11.16
100437,93,2023-02-24,2023-03-05,2023-02-26,Canada,Vancouver,19.59
100438,319,2023-02-24,2023-03-05,2023-03-02,Italy,Milan,26.04
100439,206,2023-02-25,2023-03-03,2023-02-28,Germany,Hamburg,19.97
100440,345,2023-02-25,2023-03-08,2023-03-06,Poland,Gdansk,11.27
100441,76,2023-02-25,2023-03-06,2023-03-01,Spain,Bilbao,13.48
100442,396,2023-02-25,2023-02-28,,United Kingdom,Manchester,18.05
100443,475,2023-02-25,2023-03-07,,Poland,Wroclaw,9.1
100444,166,2023-02-25,2023-03-08,2023-03-06,USA,Seattle,40.29
100445,22,2023-02-25,2023-03-09,2023-02-28,USA,New York,25.37
100446,318,2023-02-26,2023-03-04,2023-03-03,Poland,Warsaw,11.93
100447,340,2023-02-26,2023-03-03,2023-03-09,Austria,Vienna,23.15
100448,498,2023-02-26,2023-03-06,2023-03-03,France,Nice,24.48
100449,464,2023-02-26,2023-03-01,2023-02-27,Spain,Barcelona,10.36
100450,191,2023-02-26,2023-03-06,,USA,Seattle,14.61
100451,380,2023-02-26,2023-03-04,2023-02-28,Netherlands,Rotterdam,15.87
100452,365,2023-02-26,2023-03-11,2023-03-09,Sweden,Uppsala,22.76
100453,93,2023-02-26,2023-03-04,2023-02-27,Canada,Vancouver,11.6
100454,162,2023-02-26,2023-03-11,2023-03-06,Poland,Lodz,18.19
100455,385,2023-02-26,2023-03-11,2023-03-09,Poland,Poznan,16.92
100456,374,2023-02-26,2023-03-09,2023-02-28,USA,New York,10.28
100457,48,2023-02-27,2023-03-12,2023-03-04,USA,Denver,15.57
100458,356,2023-02-27,2023-03-09,2023-03-03,Poland,Poznan,24.99
100459,390,2023-02-27,2023-03-02,2023-03-04,Czech Republic,Pilsen,16.39
100460,173,2023-02-27,2023-03-08,2023-03-06,Germany,Hamburg,20.05
100461,272,2023-02-27,2023-03-05,2023-03-07,Germany,Munich,31.46
100462,200,2023-02-27,2023-03-03,,Spain,Bilbao,7.83
100463,179,2023-02-27,2023-03-08,2023-03-04,USA,Denver,9.41
100464,464,2023-02-27,2023-03-02,2023-03-06,Spain,Barcelona,18.93
100465,351,2023-02-28,2023-03-08,2023-03-10,Italy,Florence,4.47
100466,326,2023-02-28,2023-03-07,2023-03-09,Poland,Poznan,32.15
100467,487,2023-02-28,2023-03-07,2023-03-11,Poland,Gdansk,11.38
100468,492,2023-02-28,2023-03-06,2023-03-01,United Kingdom,Leeds,19.8
100469,44,2023-02-28,2023-03-12,2023-03-06,Spain,Madrid,14.47
100470,135,2023-02-28,2023-03-07,,Netherlands,Amsterdam,28.2
100471,19,2023-02-28,2023-03-09,2023-03-06,USA,Denver,18.99
100472,37,2023-03-01,2023-03-13,,Spain,Valencia,13.63
100473,25,2023-03-01,2023-03-06,2023-03-12,Netherlands,Amsterdam,7.23
100474,27,2023-03-01,2023-03-08,2023-03-11,Poland,Krakow,17.81
100475,104,2023-03-01,2023-03-13,2023-03-04,United Kingdom,London,4.31
100476,226,2023-03-02,2023-03-13,2023-03-10,France,Nice,9.61
100477,12,2023-03-02,2023-03-11,2023-03-11,Sweden,Stockholm,13.94
100478,46,2023-03-02,2023-03-10,2023-03-11,Germany,Hamburg,6.9
100479,405,2023-03-02,2023-03-12,2023-03-09,Netherlands,Amsterdam,15.83
100480,22,2023-03-02,2023-03-08,2023-03-13,USA,New York,21.95
100481,106,2023-03-02,2023-03-09,2023-03-05,Spain,Bilbao,10.99
100482,68,2023-03-02,2023-03-15,2023-03-08,USA,Austin,14.78
100483,495,2023-03-02,2023-03-07,2023-03-06,Germany,Frankfurt,13.3
100484,162,2023-03-02,2023-03-08,2023-03-03,Poland,Lodz,10.51
100485,475,2023-03-02,2023-03-06,2023-03-07,Poland,Wroclaw,15.99
100486,463,2023-03-02,2023-03-14,2023-03-08,Spain,Madrid,10.93
100487,250,2023-03-02,2023-03-05,,Czech Republic,Pilsen,26.36
100488,147,2023-03-02,2023-03-07,2023-03-05,Austria,Linz,23.78
100489,99,2023-03-02,2023-03-14,2023-03-11,Canada,Vancouver,28.79
100490,140,2023-03-03,2023-03-12,2023-03-05,Germany,Berlin,6.9
100491,389,2023-03-03,2023-03-14,2023-03-10,USA,Seattle,14.33
100492,265,2023-03-03,2023-03-10,2023-03-05,Poland,Krakow,23.46
100493,160,2023-03-03,2023-03-09,2023-03-06,United Kingdom,Manchester,21.42
100494,394,2023-03-04,2023-03-11,2023-03-07,Canada,Calgary,5.72
100495,314,2023-03-04,2023-03-11,2023-03-15,Sweden,Gothenburg,5.82
100496,499,2023-03-04,2023-03-08,2023-03-09,Italy,Milan,4.45
100497,351,2023-03-04,2023-03-09,2023-03-05,Italy,Florence,27.24
100498,235,2023-03-04,2023-03-16,2023-03-13,Italy,Turin,20.63
100499,49,2023-03-04,2023-03-13,2023-03-14,Canada,Montreal,28.57
100500,198,2023-03-05,2023-03-10,2023-03-16,Poland,Gdansk,17.88
100501,310,2023-03-05,2023-03-14,2023-03-09,Poland,Lodz,7.63
100502,420,2023-03-05,2023-03-13,,Poland,Krakow,20.11
100503,122,2023-03-05,2023-03-16,2023-03-15,Poland,Krakow,16.89
100504,125,2023-03-05,2023-03-10,2023-03-11,Netherlands,Eindhoven,7.94
100505,115,2023-03-05,2023-03-15,2023-03-07,USA,Denver,13.88
100506,500,2023-03-06,2023-03-16,2023-03-13,United Kingdom,Bristol,43.07
100507,320,2023-03-06,2023-03-13,2023-03-07,Italy,Florence,24.56
100508,360,2023-03-06,2023-03-10,2023-03-09,United Kingdom,Bristol,14.12
100509,143,2023-03-06,2023-03-11,,USA,New York,9.14
100510,22,2023-03-06,2023-03-13,2023-03-15,USA,New York,26.37
100511,13,2023-03-06,2023-03-14,2023-03-12,Italy,Florence,42.59
100512,118,2023-03-06,2023-03-11,2023-03-13,Germany,Frankfurt,9.31
100513,307,2023-03-06,2023-03-15,2023-03-16,USA,Boston,12.71
100514,329,2023-03-06,2023-03-11,2023-03-12,Poland,Wroclaw,19.83
100515,183,2023-03-06,2023-03-16,2023-03-13,Austria,Salzburg,15.38
100516,56,2023-03-07,2023-03-14,2023-03-09,Poland,Poznan,25.61
100517,450,2023-03-07,2023-03-18,,Poland,Wroclaw,10.68
100518,151,2023-03-07,2023-03-20,2023-03-16,Germany,Hamburg,46.94
100519,165,2023-03-07,2023-03-16,2023-03-09,Netherlands,Eindhoven,30.35
100520,494,2023-03-08,2023-03-13,,Italy,Florence,9.22
100521,284,2023-03-08,2023-03-15,2023-03-12,United Kingdom,Liverpool,9.78
100522,327,2023-03-08,2023-03-18,2023-03-12,Italy,Turin,21.46
100523,295,2023-03-08,2023-03-16,2023-03-19,USA,Chicago,6.21
100524,429,2023-03-08,2023-03-20,2023-03-16,Netherlands,Rotterdam,18.13
100525,154,2023-03-08,2023-03-16,2023-03-16,France,Marseille,23.49
100526,64,2023-03-08,2023-03-14,2023-03-14,Poland,Wroclaw,8.57
100527,184,2023-03-08,2023-03-16,,Germany,Berlin,37.62
100528,443,2023-03-08,2023-03-12,2023-03-12,Spain,Bilbao,5.87
100529,142,2023-03-08,2023-03-11,2023-03-17,Czech Republic,Brno,20.05
100530,405,2023-03-08,2023-03-21,2023-03-19,Netherlands,Amsterdam,16.91
100531,35,2023-03-09,2023-03-12,2023-03-11,USA,Seattle,46.85
100532,409,2023-03-09,2023-03-21,2023-03-20,USA,Austin,8.27
100533,330,2023-03-09,2023-03-19,2023-03-20,Spain,Seville,27.84
100534,153,2023-03-09,2023-03-17,2023-03-18,Norway,Bergen,16.97
100535,201,2023-03-09,2023-03-20,2023-03-11,United Kingdom,Manchester,23.04
100536,370,2023-03-09,2023-03-22,2023-03-13,Germany,Munich,15.41
100537,144,2023-03-09,2023-03-21,2023-03-14,Spain,Barcelona,16.09
100538,63,2023-03-09,2023-03-14,2023-03-12,Netherlands,Eindhoven,20.92
100539,73,2023-03-09,2023-03-22,2023-03-17,USA,Denver,15.77
100540,116,2023-03-10,2023-03-18,2023-03-17,Spain,Barcelona,27.61
100541,73,2023-03-10,2023-03-15,2023-03-14,USA,Denver,9.02
100542,487,2023-03-10,2023-03-15,2023-03-19,Poland,Gdansk,4.57
100543,403,2023-03-10,2023-03-15,2023-03-19,Poland,Gdansk,11.09
100544,171,2023-03-10,2023-03-21,2023-03-15,Poland,Gdansk,27.14
100545,435,2023-03-10,2023-03-18,2023-03-11,USA,Denver,16.67
100546,110,2023-03-11,2023-03-21,,USA,Boston,24.73
100547,481,2023-03-11,2023-03-15,2023-03-16,Germany,Frankfurt,8.96
100548,206,2023-03-11,2023-03-14,2023-03-12,Germany,Hamburg,7.88
100549,429,2023-03-11,2023-03-24,2023-03-19,Netherlands,Rotterdam,9.91
100550,289,2023-03-11,2023-03-23,2023-03-17,United Kingdom,Liverpool,38.24
100551,331,2023-03-11,2023-03-22,,Poland,Poznan,21.08
100552,59,2023-03-11,2023-03-24,2023-03-14,Austria,Salzburg,41.17
100553,112,2023-03-12,2023-03-20,2023-03-21,USA,Chicago,27.37
100554,162,2023-03-12,2023-03-24,2023-03-23,Poland,Lodz,16.72
100555,380,2023-03-12,2023-03-17,2023-03-17,Netherlands,Rotterdam,10.4
100556,258,2023-03-12,2023-03-23,2023-03-21,Netherlands,Eindhoven,19.9
100557,391,2023-03-12,2023-03-23,,Germany,Berlin,9.66
100558,90,2023-03-12,2023-03-25,2023-03-21,Italy,Naples,24.13
100559,114,2023-03-12,2023-03-16,2023-03-17,Spain,Bilbao,32.78
100560,118,2023-03-12,2023-03-17,2023-03-14,Germany,Frankfurt,34.5
100561,487,2023-03-12,2023-03-18,2023-03-18,Poland,Gdansk,9.77
100562,325,2023-03-12,2023-03-24,2023-03-23,Netherlands,Eindhoven,14.12
100563,468,2023-03-13,2023-03-21,,France,Nice,10.59
100564,473,2023-03-13,2023-03-19,2023-03-14,United Kingdom,Leeds,10.53
100565,238,2023-03-13,2023-03-20,2023-03-16,Germany,Hamburg,8.12
100566,498,2023-03-13,2023-03-16,2023-03-24,France,Nice,19.37
100567,142,2023-03-14,2023-03-20,2023-03-17,Czech Republic,Brno,15.55
100568,49,2023-03-14,2023-03-24,,Canada,Montreal,20.78
100569,255,2023-03-14,2023-03-22,2023-03-23,Austria,Graz,5.67
100570,48,2023-03-14,2023-03-19,2023-03-22,USA,Denver,7.48
100571,79,2023-03-14,2023-03-24,2023-03-19,Italy,Naples,10.62
100572,83,2023-03-14,2023-03-27,2023-03-25,United Kingdom,Manchester,24.87
100573,146,2023-03-14,2023-03-27,2023-03-18,Germany,Hamburg,10.84
100574,440,2023-03-14,2023-03-25,2023-03-25,Netherlands,Rotterdam,7.79
100575,240,2023-03-14,2023-03-25,2023-03-15,France,Lyon,15.94
100576,298,2023-03-15,2023-03-28,2023-03-25,USA,Boston,22.77
100577,432,2023-03-15,2023-03-25,2023-03-21,Poland,Wroclaw,19.09
100578,373,2023-03-15,2023-03-21,2023-03-21,United Kingdom,Bristol,13.25
100579,423,2023-03-15,2023-03-21,2023-03-20,Spain,Barcelona,51.67
100580,123,2023-03-15,2023-03-25,2023-03-16,Sweden,Uppsala,14.86
100581,280,2023-03-15,2023-03-20,2023-03-18,United Kingdom,Liverpool,7.76
100582,466,2023-03-16,2023-03-24,2023-03-27,United Kingdom,Bristol,10.54
100583,267,2023-03-16,2023-03-24,2023-03-17,Germany,Munich,22.68
100584,238,2023-03-16,2023-03-20,2023-03-22,Germany,Hamburg,45.33
100585,255,2023-03-16,2023-03-20,,Austria,Graz,26.0
100586,394,2023-03-16,2023-03-27,2023-03-23,Canada,Calgary,25.11
100587,254,2023-03-16,2023-03-24,2023-03-19,USA,Chicago,30.01
100588,384,2023-03-16,2023-03-22,2023-03-18,Norway,Oslo,5.6
100589,242,2023-03-16,2023-03-28,2023-03-24,Norway,Oslo,9.32
100590,267,2023-03-16,2023-03-29,2023-03-22,Germany,Munich,10.38
100591,186,2023-03-16,2023-03-22,2023-03-26,Netherlands,Eindhoven,7.95
100592,258,2023-03-16,2023-03-19,2023-03-22,Netherlands,Eindhoven,21.82
100593,350,2023-03-16,2023-03-28,2023-03-17,Germany,Munich,34.25
100594,369,2023-03-17,2023-03-26,2023-03-23,Czech Republic,Brno,20.39
100595,369,2023-03-17,2023-03-28,2023-03-21,Czech Republic,Brno,11.75
100596,354,2023-03-17,2023-03-25,2023-03-18,USA,Denver,28.44
100597,223,2023-03-17,2023-03-20,2023-03-22,Germany,Berlin,30.34
100598,235,2023-03-17,2023-03-29,2023-03-19,Italy,Turin,8.4
100599,453,2023-03-17,2023-03-26,2023-03-18,United Kingdom,Manchester,7.83
100600,351,2023-03-17,2023-03-24,2023-03-28,Italy,Florence,24.96
100601,371,2023-03-17,2023-03-23,2023-03-27,France,Paris,8.78
100602,27,2023-03-17,2023-03-28,2023-03-22,Poland,Krakow,17.67
100603,197,2023-03-17,2023-03-27,2023-03-27,Germany,Munich,28.63
100604,118,2023-03-17,2023-03-20,2023-03-23,Germany,Frankfurt,13.28
100605,258,2023-03-17,2023-03-24,2023-03-26,Netherlands,Eindhoven,7.74
100606,351,2023-03-17,2023-03-24,2023-03-24,Italy,Florence,41.42
100607,347,2023-03-17,2023-03-29,2023-03-23,Canada,Ottawa,42.15
100608,2,2023-03-18,2023-03-22,2023-03-24,United Kingdom,Bristol,17.46
100609,338,2023-03-18,2023-03-21,,United Kingdom,Liverpool,47.86
100610,313,2023-03-19,2023-03-26,2023-03-27,Czech Republic,Ostrava,11.2
100611,119,2023-03-19,2023-03-25,2023-03-24,Italy,Milan,31.85
100612,409,2023-03-19,2023-03-28,2023-03-24,USA,Austin,26.93
100613,107,2023-03-19,2023-03-25,2023-03-22,Italy,Turin,9.68
100614,28,2023-03-19,2023-03-29,2023-03-23,USA,Chicago,4.72
100615,57,2023-03-19,2023-03-28,2023-03-26,United Kingdom,Manchester,17.08
100616,436,2023-03-19,2023-03-22,2023-03-28,Italy,Florence,16.27
100617,387,2023-03-19,2023-03-29,2023-03-26,Spain,Bilbao,8.82
100618,443,2023-03-19,2023-03-29,2023-03-27,Spain,Bilbao,25.45
100619,353,2023-03-19,2023-03-23,2023-03-29,Czech Republic,Pilsen,17.08
100620,88,2023-03-19,2023-03-25,2023-03-27,Norway,Stavanger,6.36
100621,319,2023-03-19,2023-04-01,2023-03-27,Italy,Milan,22.97
100622,97,2023-03-19,2023-04-01,2023-03-20,Poland,Gdansk,12.68
100623,254,2023-03-20,2023-04-02,2023-03-23,USA,Chicago,24.13
100624,403,2023-03-20,2023-03-23,,Poland,Gdansk,13.29
100625,162,2023-03-20,2023-04-01,2023-03-29,Poland,Lodz,16.15
100626,373,2023-03-20,2023-03-25,2023-03-21,United Kingdom,Bristol,10.99
100627,269,2023-03-20,2023-03-23,2023-03-28,Norway,Bergen,13.58
100628,126,2023-03-20,2023-04-01,2023-03-24,Spain,Barcelona,30.5
100629,218,2023-03-21,2023-03-28,,Poland,Gdansk,29.03
100630,329,2023-03-21,2023-03-30,2023-04-01,Poland,Wroclaw,30.13
100631,82,2023-03-21,2023-03-25,2023-03-28,Germany,Berlin,8.16
100632,59,2023-03-21,2023-04-02,2023-04-01,Austria,Salzburg,14.17
100633,439,2023-03-22,2023-03-28,,Germany,Berlin,8.56
100634,118,2023-03-22,2023-03-30,2023-03-27,Germany,Frankfurt,33.33
100635,46,2023-03-22,2023-03-31,2023-03-27,Germany,Hamburg,32.64
100636,340,2023-03-22,2023-03-25,2023-04-02,Austria,Vienna,25.31
100637,284,2023-03-22,2023-03-30,2023-03-29,United Kingdom,Liverpool,6.2
100638,111,2023-03-23,2023-03-30,2023-03-27,Spain,Bilbao,18.28
100639,99,2023-03-23,2023-03-31,2023-03-31,Canada,Vancouver,21.37
100640,54,2023-03-23,2023-03-26,2023-03-31,France,Marseille,8.51
100641,24,2023-03-23,2023-03-30,2023-03-28,Poland,Warsaw,23.92
100642,462,2023-03-23,2023-04-05,2023-03-25,Spain,Barcelona,13.37
100643,463,2023-03-24,2023-03-27,2023-03-30,Spain,Madrid,21.62
100644,93,2023-03-24,2023-04-02,2023-03-31,Canada,Vancouver,19.95
100645,37,2023-03-25,2023-03-29,2023-03-26,Spain,Valencia,17.48
100646,54,2023-03-25,2023-04-07,2023-03-27,France,Marseille,30.3
100647,419,2023-03-25,2023-04-02,2023-03-30,Germany,Cologne,20.85
100648,315,2023-03-25,2023-04-07,2023-03-31,Canada,Ottawa,8.79
100649,90,2023-03-25,2023-03-28,2023-04-02,Italy,Naples,19.66
100650,166,2023-03-25,2023-04-01,2023-03-26,USA,Seattle,27.07
100651,426,2023-03-25,2023-04-06,2023-04-03,France,Marseille,23.24
100652,57,2023-03-25,2023-04-01,2023-03-30,United Kingdom,Manchester,23.53
100653,13,2023-03-26,2023-04-06,2023-03-28,Italy,Florence,19.55
100654,391,2023-03-26,2023-03-29,2023-03-27,Germany,Berlin,11.03
100655,3,2023-03-26,2023-04-02,2023-04-05,Spain,Bilbao,22.93
100656,176,2023-03-26,2023-03-29,2023-04-04,Germany,Cologne,12.53
100657,372,2023-03-26,2023-04-04,2023-04-05,United Kingdom,Manchester,17.73
100658,380,2023-03-26,2023-03-29,2023-04-04,Netherlands,Rotterdam,37.13
100659,256,2023-03-27,2023-04-07,2023-03-31,USA,Chicago,6.21
100660,97,2023-03-27,2023-04-08,2023-03-29,Poland,Gdansk,6.35
100661,107,2023-03-27,2023-04-09,2023-04-06,Italy,Turin,21.71
100662,200,2023-03-27,2023-03-31,2023-04-04,Spain,Bilbao,23.11
100663,305,2023-03-27,2023-04-03,2023-04-03,France,Marseille,14.14
100664,366,2023-03-27,2023-04-01,2023-04-05,Spain,Valencia,11.03
100665,394,2023-03-27,2023-04-02,2023-04-06,Canada,Calgary,16.57
100666,22,2023-03-27,2023-04-03,2023-03-28,USA,New York,8.72
100667,26,2023-03-29,2023-04-01,2023-04-08,USA,Chicago,9.01
100668,405,2023-03-29,2023-04-05,2023-04-07,Netherlands,Amsterdam,21.07
100669,112,2023-03-29,2023-04-01,2023-04-06,USA,Chicago,49.12
100670,93,2023-03-29,2023-04-03,2023-04-08,Canada,Vancouver,21.21
100671,443,2023-03-29,2023-04-08,2023-04-03,Spain,Bilbao,19.14
100672,181,2023-03-29,2023-04-03,2023-04-01,Germany,Munich,12.33
100673,455,2023-03-30,2023-04-03,2023-04-06,USA,Austin,18.14
100674,463,2023-03-30,2023-04-10,2023-04-06,Spain,Madrid,30.51
100675,495,2023-03-30,2023-04-04,2023-04-08,Germany,Frankfurt,17.01
100676,403,2023-03-30,2023-04-02,2023-04-06,Poland,Gdansk,21.78
100677,369,2023-03-30,2023-04-11,2023-04-06,Czech Republic,Brno,31.41
100678,81,2023-03-30,2023-04-07,,Germany,Munich,33.23
100679,371,2023-03-30,2023-04-02,2023-04-04,France,Paris,9.75
100680,260,2023-03-30,2023-04-11,2023-04-08,Norway,Oslo,23.46
100681,355,2023-03-31,2023-04-04,2023-04-04,Germany,Hamburg,5.87
100682,87,2023-03-31,2023-04-05,2023-04-11,Austria,Graz,27.88
100683,237,2023-03-31,2023-04-04,2023-04-04,Poland,Krakow,18.75
100684,368,2023-03-31,2023-04-04,2023-04-06,Poland,Gdansk,39.85
100685,23,2023-03-31,2023-04-13,2023-04-07,USA,Chicago,13.95
100686,475,2023-03-31,2023-04-08,2023-04-01,Poland,Wroclaw,12.92
100687,187,2023-03-31,2023-04-10,2023-04-11,Germany,Berlin,27.89
100688,149,2023-03-31,2023-04-06,2023-04-10,USA,Chicago,10.41
100689,464,2023-04-01,2023-04-09,2023-04-05,Spain,Barcelona,20.18
100690,116,2023-04-01,2023-04-12,2023-04-03,Spain,Barcelona,21.25
100691,481,2023-04-01,2023-04-04,2023-04-09,Germany,Frankfurt,23.29
100692,326,2023-04-01,2023-04-11,2023-04-05,Poland,Poznan,18.65
100693,306,2023-04-01,2023-04-12,2023-04-11,Czech Republic,Ostrava,39.02
100694,404,2023-04-02,2023-04-07,2023-04-11,Poland,Warsaw,10.63
100695,227,2023-04-02,2023-04-12,2023-04-12,Germany,Frankfurt,8.83
100696,279,2023-04-02,2023-04-07,2023-04-08,Austria,Salzburg,5.67
100697,185,2023-04-02,2023-04-15,2023-04-13,Spain,Barcelona,20.69
100698,139,2023-04-02,2023-04-09,2023-04-09,Spain,Valencia,22.5
100699,319,2023-04-02,2023-04-09,2023-04-07,Italy,Milan,10.6
100700,260,2023-04-03,2023-04-09,2023-04-10,Norway,Oslo,25.22
100701,148,2023-04-03,2023-04-11,,Germany,Berlin,13.97
100702,182,2023-04-03,2023-04-15,2023-04-11,Canada,Ottawa,20.37
100703,475,2023-04-03,2023-04-13,2023-04-07,Poland,Wroclaw,14.0
100704,161,2023-04-03,2023-04-07,2023-04-10,Netherlands,Eindhoven,13.09
100705,279,2023-04-03,2023-04-08,,Austria,Salzburg,11.2
100706,140,2023-04-03,2023-04-16,2023-04-07,Germany,Berlin,11.43
100707,14,2023-04-04,2023-04-10,2023-04-05,Netherlands,Eindhoven,12.12
100708,443,2023-04-04,2023-04-11,2023-04-06,Spain,Bilbao,14.56
100709,466,2023-04-04,2023-04-10,2023-04-13,United Kingdom,Bristol,12.47
100710,436,2023-04-04,2023-04-13,2023-04-09,Italy,Florence,4.84
100711,371,2023-04-05,2023-04-12,2023-04-06,France,Paris,29.07
100712,269,2023-04-05,2023-04-13,2023-04-14,Norway,Bergen,15.54
100713,338,2023-04-05,2023-04-16,2023-04-14,United Kingdom,Liverpool,29.91
100714,318,2023-04-05,2023-04-10,2023-04-15,Poland,Warsaw,20.34
100715,14,2023-04-05,2023-04-17,2023-04-15,Netherlands,Eindhoven,13.69
100716,423,2023-04-05,2023-04-12,2023-04-09,Spain,Barcelona,6.21
100717,13,2023-04-05,2023-04-18,2023-04-16,Italy,Florence,17.99
100718,236,2023-04-05,2023-04-16,2023-04-06,Canada,Calgary,32.66
100719,226,2023-04-06,2023-04-18,2023-04-10,France,Nice,17.37
100720,172,2023-04-06,2023-04-09,2023-04-15,Norway,Trondheim,33.12
100721,61,2023-04-06,2023-04-19,2023-04-10,Poland,Wroclaw,20.6
100722,62,2023-04-06,2023-04-18,2023-04-15,Poland,Lodz,9.11
100723,59,2023-04-07,2023-04-13,2023-04-13,Austria,Salzburg,13.65
100724,90,2023-04-07,2023-04-18,2023-04-13,Italy,Naples,7.57
100725,53,2023-04-07,2023-04-18,2023-04-14,Czech Republic,Ostrava,15.49
100726,49,2023-04-07,2023-04-20,2023-04-14,Canada,Montreal,10.1
100727,33,2023-04-07,2023-04-20,2023-04-18,USA,Seattle,6.17
100728,357,2023-04-07,2023-04-11,,Italy,Turin,40.82
100729,394,2023-04-07,2023-04-14,2023-04-11,Canada,Calgary,32.33
100730,123,2023-04-07,2023-04-20,2023-04-15,Sweden,Uppsala,7.77
100731,140,2023-04-07,2023-04-10,2023-04-10,Germany,Berlin,61.14
100732,140,2023-04-07,2023-04-16,2023-04-10,Germany,Berlin,12.22
100733,311,2023-04-07,2023-04-14,2023-04-14,Germany,Berlin,20.13
100734,305,2023-04-07,2023-04-17,2023-04-08,France,Marseille,28.99
100735,380,2023-04-08,2023-04-20,2023-04-11,Netherlands,Rotterdam,25.03
100736,216,2023-04-08,2023-04-20,2023-04-11,Poland,Krakow,25.49
100737,120,2023-04-08,2023-04-17,2023-04-14,Netherlands,Utrecht,14.48
100738,113,2023-04-08,2023-04-15,2023-04-17,Germany,Frankfurt,28.09
100739,242,2023-04-08,2023-04-11,2023-04-18,Norway,Oslo,43.51
100740,349,2023-04-08,2023-04-15,2023-04-09,Poland,Lodz,22.66
100741,93,2023-04-08,2023-04-17,2023-04-10,Canada,Vancouver,17.66
100742,122,2023-04-08,2023-04-21,,Poland,Krakow,10.1
100743,258,2023-04-09,2023-04-20,2023-04-19,Netherlands,Eindhoven,24.57
100744,403,2023-04-09,2023-04-19,2023-04-19,Poland,Gdansk,14.45
100745,300,2023-04-09,2023-04-15,2023-04-11,Netherlands,Eindhoven,30.04
100746,240,2023-04-09,2023-04-20,2023-04-13,France,Lyon,7.19
100747,349,2023-04-09,2023-04-12,2023-04-18,Poland,Lodz,8.72
100748,326,2023-04-09,2023-04-15,2023-04-12,Poland,Poznan,33.48
100749,351,2023-04-10,2023-04-19,2023-04-11,Italy,Florence,11.61
100750,480,2023-04-10,2023-04-17,2023-04-19,Poland,Gdansk,22.44
100751,290,2023-04-10,2023-04-20,,Austria,Vienna,7.0
100752,46,2023-04-10,2023-04-16,2023-04-17,Germany,Hamburg,17.86
100753,25,2023-04-10,2023-04-16,,Netherlands,Amsterdam,8.06
100754,182,2023-04-10,2023-04-23,2023-04-18,Canada,Ottawa,23.54
100755,251,2023-04-10,2023-04-20,2023-04-19,United Kingdom,Bristol,12.74
100756,22,2023-04-10,2023-04-20,2023-04-17,USA,New York,37.5
100757,345,2023-04-10,2023-04-16,,Poland,Gdansk,44.61
100758,52,2023-04-10,2023-04-23,2023-04-21,Canada,Vancouver,21.55
100759,251,2023-04-10,2023-04-21,2023-04-21,United Kingdom,Bristol,37.56
100760,231,2023-04-10,2023-04-19,2023-04-14,Sweden,Stockholm,34.93
100761,122,2023-04-10,2023-04-13,2023-04-12,Poland,Krakow,27.93
100762,2,2023-04-10,2023-04-22,,United Kingdom,Bristol,5.5
100763,432,2023-04-10,2023-04-16,2023-04-15,Poland,Wroclaw,22.1
100764,99,2023-04-11,2023-04-14,2023-04-17,Canada,Vancouver,14.69
100765,231,2023-04-11,2023-04-19,2023-04-21,Sweden,Stockholm,13.25
100766,269,2023-04-11,2023-04-16,2023-04-20,Norway,Bergen,14.02
100767,380,2023-04-11,2023-04-14,2023-04-13,Netherlands,Rotterdam,16.8
100768,475,2023-04-11,2023-04-16,2023-04-12,Poland,Wroclaw,21.64
100769,391,2023-04-11,2023-04-22,2023-04-21,Germany,Berlin,13.11
100770,118,2023-04-12,2023-04-20,2023-04-14,Germany,Frankfurt,26.51
100771,140,2023-04-12,2023-04-15,2023-04-16,Germany,Berlin,21.26
100772,191,2023-04-12,2023-04-23,2023-04-22,USA,Seattle,44.8
100773,30,2023-04-12,2023-04-22,2023-04-22,Germany,Frankfurt,31.91
100774,199,2023-04-12,2023-04-18,2023-04-22,Norway,Bergen,17.16
100775,200,2023-04-12,2023-04-24,2023-04-18,Spain,Bilbao,25.8
100776,224,2023-04-12,2023-04-20,2023-04-20,Spain,Barcelona,11.42
100777,184,2023-04-12,2023-04-20,2023-04-22,Germany,Berlin,5.7
100778,138,2023-04-12,2023-04-24,2023-04-21,Italy,Florence,8.13
100779,240,2023-04-13,2023-04-19,2023-04-16,France,Lyon,9.52
100780,172,2023-04-13,2023-04-17,2023-04-21,Norway,Trondheim,8.38
100781,80,2023-04-13,2023-04-26,2023-04-14,USA,Austin,12.2
100782,410,2023-04-13,2023-04-23,2023-04-18,Netherlands,Rotterdam,14.95
100783,250,2023-04-13,2023-04-18,2023-04-17,Czech Republic,Pilsen,19.91
100784,186,2023-04-13,2023-04-24,2023-04-16,Netherlands,Eindhoven,9.77
100785,420,2023-04-14,2023-04-19,2023-04-21,Poland,Krakow,14.19
100786,145,2023-04-14,2023-04-25,2023-04-18,Poland,Lodz,5.85
100787,22,2023-04-14,2023-04-23,2023-04-18,USA,New York,16.5
100788,22,2023-04-14,2023-04-21,2023-04-18,USA,New York,5.6
100789,420,2023-04-14,2023-04-19,2023-04-20,Poland,Krakow,43.35
100790,55,2023-04-15,2023-04-24,2023-04-18,USA,Seattle,7.89
100791,457,2023-04-15,2023-04-21,,United Kingdom,London,15.02
100792,487,2023-04-15,2023-04-18,2023-04-19,Poland,Gdansk,38.84
100793,60,2023-04-16,2023-04-20,2023-04-23,Netherlands,Eindhoven,20.51
100794,118,2023-04-16,2023-04-21,2023-04-22,Germany,Frankfurt,6.82
100795,148,2023-04-16,2023-04-26,2023-04-25,Germany,Berlin,28.42
100796,242,2023-04-16,2023-04-26,2023-04-23,Norway,Oslo,23.07
100797,19,2023-04-16,2023-04-28,2023-04-23,USA,Denver,17.63
100798,165,2023-04-16,2023-04-21,,Netherlands,Eindhoven,13.1
100799,93,2023-04-17,2023-04-26,2023-04-23,Canada,Vancouver,41.12
100800,449,2023-04-17,2023-04-22,2023-04-22,Poland,Krakow,15.75
100801,37,2023-04-18,2023-04-23,2023-04-24,Spain,Valencia,9.01
100802,63,2023-04-18,2023-04-21,2023-04-23,Netherlands,Eindhoven,8.95
100803,3,2023-04-18,2023-04-30,2023-04-23,Spain,Bilbao,22.22
100804,30,2023-04-18,2023-04-29,2023-04-29,Germany,Frankfurt,13.07
100805,380,2023-04-19,2023-05-02,2023-04-28,Netherlands,Rotterdam,20.47
100806,73,2023-04-19,2023-04-29,2023-04-26,USA,Denver,9.0
100807,17,2023-04-19,2023-04-27,2023-04-21,France,Lyon,9.32
100808,308,2023-04-19,2023-04-22,2023-04-28,Canada,Toronto,23.95
100809,468,2023-04-19,2023-04-28,,France,Nice,10.64
100810,405,2023-04-19,2023-04-24,2023-04-23,Netherlands,Amsterdam,21.52
100811,421,2023-04-19,2023-04-26,2023-04-30,Poland,Warsaw,5.77
100812,201,2023-04-20,2023-04-23,2023-04-27,United Kingdom,Manchester,7.73
100813,75,2023-04-20,2023-05-02,2023-04-29,Austria,Salzburg,29.41
100814,77,2023-04-20,2023-04-26,2023-05-01,Spain,Madrid,34.33
100815,194,2023-04-20,2023-04-24,2023-04-28,Poland,Krakow,18.37
100816,269,2023-04-20,2023-04-24,2023-04-25,Norway,Bergen,30.26
100817,73,2023-04-20,2023-04-26,2023-04-29,USA,Denver,13.64
100818,492,2023-04-20,2023-04-30,2023-04-23,United Kingdom,Leeds,21.58
100819,182,2023-04-20,2023-04-24,2023-04-25,Canada,Ottawa,21.89
100820,436,2023-04-21,2023-04-27,2023-04-27,Italy,Florence,13.68
100821,496,2023-04-21,2023-04-28,2023-05-02,Austria,Salzburg,31.67
100822,265,2023-04-21,2023-05-01,2023-05-01,Poland,Krakow,20.24
100823,352,2023-04-21,2023-04-26,,Poland,Krakow,11.34
100824,2,2023-04-21,2023-05-01,2023-05-01,United Kingdom,Bristol,15.87
100825,443,2023-04-21,2023-04-25,2023-04-29,Spain,Bilbao,7.99
100826,283,2023-04-21,2023-04-28,2023-04-23,Poland,Lodz,22.51
100827,180,2023-04-22,2023-04-27,2023-04-27,Sweden,Uppsala,14.76
100828,44,2023-04-22,2023-04-26,2023-04-29,Spain,Madrid,6.69
100829,301,2023-04-22,2023-05-03,2023-04-24,France,Paris,17.95
100830,111,2023-04-22,2023-05-04,2023-04-24,Spain,Bilbao,33.92
100831,177,2023-04-22,2023-05-04,2023-04-29,Germany,Hamburg,36.45
100832,162,2023-04-22,2023-04-25,2023-04-30,Poland,Lodz,21.66
100833,22,2023-04-23,2023-04-27,2023-05-01,USA,New York,38.44
100834,81,2023-04-23,2023-05-05,,Germany,Munich,24.45
100835,241,2023-04-23,2023-05-04,2023-05-02,USA,New York,13.72
100836,90,2023-04-23,2023-04-28,2023-05-03,Italy,Naples,8.6
100837,439,2023-04-23,2023-05-06,2023-04-28,Germany,Berlin,39.96
100838,60,2023-04-23,2023-04-28,,Netherlands,Eindhoven,20.31
100839,131,2023-04-23,2023-04-27,2023-04-28,Spain,Seville,4.41
100840,227,2023-04-24,2023-04-30,2023-04-27,Germany,Frankfurt,35.55
100841,83,2023-04-24,2023-05-03,2023-04-26,United Kingdom,Manchester,23.58
100842,224,2023-04-24,2023-04-27,2023-04-28,Spain,Barcelona,36.37
100843,104,2023-04-24,2023-05-01,2023-04-27,United Kingdom,London,15.19
100844,310,2023-04-24,2023-05-04,2023-04-30,Poland,Lodz,15.97
100845,31,2023-04-24,2023-04-29,2023-04-25,Canada,Montreal,20.86
100846,419,2023-04-24,2023-05-06,2023-04-27,Germany,Cologne,27.55
100847,436,2023-04-24,2023-05-03,2023-05-05,Italy,Florence,9.82
100848,420,2023-04-24,2023-04-28,2023-05-05,Poland,Krakow,20.67
100849,38,2023-04-25,2023-05-01,2023-05-04,Netherlands,Amsterdam,13.65
100850,24,2023-04-25,2023-05-01,2023-04-26,Poland,Warsaw,4.07
100851,352,2023-04-25,2023-05-03,2023-05-06,Poland,Krakow,6.39
100852,464,2023-04-25,2023-05-04,2023-05-04,Spain,Barcelona,9.91
100853,326,2023-04-25,2023-04-29,2023-05-01,Poland,Poznan,10.0
100854,319,2023-04-25,2023-05-07,2023-05-01,Italy,Milan,13.79
100855,147,2023-04-25,2023-05-03,2023-05-04,Austria,Linz,11.3
100856,3,2023-04-25,2023-05-01,,Spain,Bilbao,6.31
100857,247,2023-04-25,2023-05-08,2023-04-29,Germany,Hamburg,9.0
100858,170,2023-04-25,2023-05-02,2023-04-28,Netherlands,Utrecht,4.81
100859,429,2023-04-26,2023-05-01,2023-05-05,Netherlands,Rotterdam,9.77
100860,186,2023-04-26,2023-05-09,2023-05-07,Netherlands,Eindhoven,22.21
100861,81,2023-04-26,2023-05-06,2023-05-01,Germany,Munich,38.58
100862,120,2023-04-26,2023-05-07,2023-04-27,Netherlands,Utrecht,8.25
100863,255,2023-04-26,2023-04-29,2023-05-03,Austria,Graz,26.75
100864,19,2023-04-26,2023-05-05,2023-04-30,USA,Denver,39.27
100865,355,2023-04-26,2023-05-08,2023-04-29,Germany,Hamburg,13.25
100866,164,2023-04-26,2023-05-07,,Netherlands,Eindhoven,11.41
100867,161,2023-04-26,2023-05-04,2023-04-29,Netherlands,Eindhoven,24.75
100868,499,2023-04-27,2023-04-30,2023-04-30,Italy,Milan,24.23
100869,81,2023-04-27,2023-05-05,2023-05-04,Germany,Munich,14.48
100870,351,2023-04-27,2023-05-03,2023-04-30,Italy,Florence,30.08
100871,264,2023-04-27,2023-05-08,2023-04-28,United Kingdom,London,9.41
100872,289,2023-04-27,2023-05-09,2023-05-05,United Kingdom,Liverpool,36.19
100873,426,2023-04-27,2023-05-08,2023-05-04,France,Marseille,23.0
100874,326,2023-04-28,2023-05-08,,Poland,Poznan,12.26
100875,93,2023-04-28,2023-05-01,2023-04-29,Canada,Vancouver,11.47
100876,326,2023-04-28,2023-05-02,2023-05-03,Poland,Poznan,18.52
100877,436,2023-04-28,2023-05-02,2023-05-01,Italy,Florence,14.59
100878,469,2023-04-28,2023-05-03,2023-05-02,Germany,Frankfurt,18.22
100879,351,2023-04-29,2023-05-12,2023-05-06,Italy,Florence,32.82
100880,422,2023-04-29,2023-05-02,2023-05-03,Spain,Seville,26.7
100881,472,2023-04-29,2023-05-02,2023-05-06,Czech Republic,Brno,15.17
100882,283,2023-04-29,2023-05-09,,Poland,Lodz,25.24
100883,485,2023-04-29,2023-05-03,2023-05-01,United Kingdom,Manchester,11.54
100884,226,2023-04-29,2023-05-03,2023-04-30,France,Nice,8.06
100885,369,2023-04-29,2023-05-12,2023-05-02,Czech Republic,Brno,14.47
100886,453,2023-04-29,2023-05-05,2023-05-06,United Kingdom,Manchester,18.4
100887,404,2023-04-29,2023-05-07,2023-05-03,Poland,Warsaw,20.57
100888,436,2023-04-30,2023-05-03,2023-05-03,Italy,Florence,47.12
100889,82,2023-04-30,2023-05-03,2023-05-08,Germany,Berlin,29.95
100890,387,2023-04-30,2023-05-12,2023-05-04,Spain,Bilbao,20.26
100891,25,2023-04-30,2023-05-09,2023-05-02,Netherlands,Amsterdam,9.2
100892,346,2023-04-30,2023-05-06,2023-05-09,Italy,Milan,16.51
100893,59,2023-04-30,2023-05-11,2023-05-03,Austria,Salzburg,35.29
100894,82,2023-04-30,2023-05-07,2023-05-01,Germany,Berlin,9.44
100895,204,2023-04-30,2023-05-09,2023-05-08,Poland,Gdansk,20.04
100896,17,2023-05-01,2023-05-14,2023-05-06,France,Lyon,36.39
100897,363,2023-05-01,2023-05-13,2023-05-02,United Kingdom,Manchester,16.29
100898,162,2023-05-01,2023-05-12,2023-05-03,Poland,Lodz,17.07
100899,13,2023-05-01,2023-05-08,2023-05-05,Italy,Florence,13.69
100900,83,2023-05-01,2023-05-06,2023-05-05,United Kingdom,Manchester,15.21
100901,391,2023-05-01,2023-05-08,,Germany,Berlin,29.99
100902,200,2023-05-01,2023-05-11,2023-05-12,Spain,Bilbao,35.14
100903,26,2023-05-02,2023-05-06,2023-05-09,USA,Chicago,11.57
100904,450,2023-05-02,2023-05-08,2023-05-07,Poland,Wroclaw,6.18
100905,22,2023-05-02,2023-05-14,2023-05-10,USA,New York,20.84
100906,365,2023-05-02,2023-05-08,2023-05-13,Sweden,Uppsala,31.65
100907,308,2023-05-02,2023-05-06,2023-05-11,Canada,Toronto,4.88
100908,279,2023-05-03,2023-05-15,2023-05-10,Austria,Salzburg,12.54
100909,280,2023-05-03,2023-05-16,,United Kingdom,Liverpool,13.83
100910,226,2023-05-03,2023-05-15,2023-05-07,France,Nice,21.15
100911,167,2023-05-03,2023-05-06,2023-05-07,USA,Chicago,16.24
100912,391,2023-05-03,2023-05-12,2023-05-06,Germany,Berlin,41.94
100913,217,2023-05-03,2023-05-10,2023-05-09,Germany,Munich,12.97
100914,439,2023-05-03,2023-05-12,2023-05-06,Germany,Berlin,16.81
100915,492,2023-05-03,2023-05-12,2023-05-10,United Kingdom,Leeds,19.61
100916,106,2023-05-04,2023-05-12,2023-05-10,Spain,Bilbao,27.7
100917,422,2023-05-04,2023-05-15,2023-05-13,Spain,Seville,17.23
100918,436,2023-05-04,2023-05-15,2023-05-09,Italy,Florence,24.42
100919,23,2023-05-04,2023-05-17,2023-05-12,USA,Chicago,26.78
100920,15,2023-05-04,2023-05-15,2023-05-13,Spain,Seville,12.56
100921,481,2023-05-04,2023-05-16,2023-05-15,Germany,Frankfurt,25.8
100922,109,2023-05-04,2023-05-12,2023-05-05,Spain,Bilbao,9.08
100923,63,2023-05-04,2023-05-11,2023-05-10,Netherlands,Eindhoven,18.66
100924,338,2023-05-05,2023-05-12,2023-05-08,United Kingdom,Liverpool,16.62
100925,183,2023-05-05,2023-05-13,2023-05-07,Austria,Salzburg,9.53
100926,120,2023-05-06,2023-05-13,2023-05-11,Netherlands,Utrecht,24.7
100927,107,2023-05-06,2023-05-13,2023-05-08,Italy,Turin,12.81
100928,276,2023-05-06,2023-05-10,2023-05-14,Italy,Florence,33.72
100929,391,2023-05-06,2023-05-10,2023-05-10,Germany,Berlin,9.85
100930,87,2023-05-06,2023-05-19,2023-05-13,Austria,Graz,13.13
100931,36,2023-05-06,2023-05-16,2023-05-14,Germany,Cologne,37.44
100932,75,2023-05-06,2023-05-14,2023-05-15,Austria,Salzburg,14.93
100933,32,2023-05-07,2023-05-16,2023-05-10,United Kingdom,Manchester,8.89
100934,116,2023-05-07,2023-05-12,2023-05-10,Spain,Barcelona,11.75
100935,149,2023-05-07,2023-05-14,,USA,Chicago,11.66
100936,250,2023-05-07,2023-05-13,2023-05-11,Czech Republic,Pilsen,25.79
100937,217,2023-05-07,2023-05-12,2023-05-10,Germany,Munich,14.23
100938,160,2023-05-07,2023-05-15,2023-05-08,United Kingdom,Manchester,36.34
100939,477,2023-05-07,2023-05-14,2023-05-08,Germany,Cologne,18.38
100940,231,2023-05-07,2023-05-19,2023-05-10,Sweden,Stockholm,19.49
100941,365,2023-05-07,2023-05-13,2023-05-15,Sweden,Uppsala,20.8
100942,55,2023-05-07,2023-05-13,2023-05-16,USA,Seattle,14.62
100943,403,2023-05-08,2023-05-16,2023-05-15,Poland,Gdansk,10.4
100944,205,2023-05-08,2023-05-12,2023-05-15,Poland,Wroclaw,12.87
100945,492,2023-05-08,2023-05-18,,United Kingdom,Leeds,7.28
100946,185,2023-05-08,2023-05-15,2023-05-18,Spain,Barcelona,24.89
100947,345,2023-05-08,2023-05-21,2023-05-13,Poland,Gdansk,15.84
100948,180,2023-05-08,2023-05-20,2023-05-19,Sweden,Uppsala,15.15
100949,315,2023-05-08,2023-05-21,2023-05-16,Canada,Ottawa,10.55
100950,370,2023-05-08,2023-05-19,2023-05-19,Germany,Munich,18.79
100951,237,2023-05-08,2023-05-15,2023-05-17,Poland,Krakow,7.4
100952,371,2023-05-08,2023-05-11,2023-05-15,France,Paris,25.27
100953,303,2023-05-08,2023-05-11,2023-05-14,Italy,Turin,16.49
100954,59,2023-05-08,2023-05-18,2023-05-10,Austria,Salzburg,36.28
100955,103,2023-05-08,2023-05-15,2023-05-11,Poland,Gdansk,24.17
100956,129,2023-05-08,2023-05-21,,Sweden,Stockholm,6.14
100957,90,2023-05-08,2023-05-19,2023-05-11,Italy,Naples,13.78
100958,237,2023-05-08,2023-05-21,2023-05-16,Poland,Krakow,18.21
100959,90,2023-05-08,2023-05-16,2023-05-16,Italy,Naples,29.93
100960,13,2023-05-08,2023-05-11,,Italy,Florence,4.04
100961,356,2023-05-08,2023-05-18,2023-05-19,Poland,Poznan,18.9
100962,22,2023-05-08,2023-05-20,,USA,New York,5.78
100963,255,2023-05-09,2023-05-14,2023-05-17,Austria,Graz,10.2
100964,255,2023-05-09,2023-05-18,,Austria,Graz,24.21
100965,57,2023-05-09,2023-05-13,2023-05-19,United Kingdom,Manchester,11.9
100966,68,2023-05-09,2023-05-20,2023-05-16,USA,Austin,24.11
100967,79,2023-05-09,2023-05-16,2023-05-19,Italy,Naples,13.17
100968,319,2023-05-09,2023-05-21,2023-05-17,Italy,Milan,22.52
100969,397,2023-05-09,2023-05-12,2023-05-11,Poland,Warsaw,25.71
100970,181,2023-05-10,2023-05-16,2023-05-20,Germany,Munich,29.05
100971,172,2023-05-10,2023-05-21,2023-05-14,Norway,Trondheim,35.75
100972,249,2023-05-10,2023-05-15,2023-05-19,Poland,Lodz,20.35
100973,475,2023-05-10,2023-05-22,,Poland,Wroclaw,20.68
100974,107,2023-05-10,2023-05-20,2023-05-13,Italy,Turin,20.49
100975,246,2023-05-10,2023-05-13,,United Kingdom,Leeds,7.91
100976,384,2023-05-11,2023-05-15,2023-05-19,Norway,Oslo,16.45
100977,329,2023-05-11,2023-05-20,2023-05-17,Poland,Wroclaw,10.29
100978,180,2023-05-11,2023-05-16,2023-05-13,Sweden,Uppsala,21.61
100979,172,2023-05-11,2023-05-14,2023-05-14,Norway,Trondheim,24.04
100980,321,2023-05-11,2023-05-16,2023-05-22,France,Paris,10.12
100981,307,2023-05-12,2023-05-20,2023-05-16,USA,Boston,17.5
100982,371,2023-05-12,2023-05-19,2023-05-21,France,Paris,13.44
100983,53,2023-05-12,2023-05-16,2023-05-19,Czech Republic,Ostrava,22.98
100984,338,2023-05-12,2023-05-25,2023-05-15,United Kingdom,Liverpool,15.59
100985,227,2023-05-13,2023-05-23,2023-05-16,Germany,Frankfurt,13.43
100986,481,2023-05-13,2023-05-18,2023-05-23,Germany,Frankfurt,24.15
100987,423,2023-05-13,2023-05-19,2023-05-19,Spain,Barcelona,11.16
100988,200,2023-05-13,2023-05-17,2023-05-14,Spain,Bilbao,14.18
100989,422,2023-05-13,2023-05-17,2023-05-16,Spain,Seville,29.99
100990,184,2023-05-14,2023-05-21,2023-05-24,Germany,Berlin,4.7
100991,30,2023-05-14,2023-05-27,2023-05-23,Germany,Frankfurt,20.59
100992,399,2023-05-14,2023-05-26,2023-05-24,Poland,Poznan,20.96
100993,234,2023-05-14,2023-05-26,2023-05-17,United Kingdom,Bristol,24.76
100994,13,2023-05-14,2023-05-21,2023-05-23,Italy,Florence,9.16
100995,474,2023-05-14,2023-05-25,2023-05-16,Czech Republic,Pilsen,23.39
100996,475,2023-05-14,2023-05-20,2023-05-19,Poland,Wroclaw,36.18
100997,165,2023-05-14,2023-05-20,2023-05-25,Netherlands,Eindhoven,11.34
100998,81,2023-05-14,2023-05-26,2023-05-19,Germany,Munich,13.53
100999,97,2023-05-14,2023-05-19,2023-05-23,Poland,Gdansk,23.14
101000,453,2023-05-14,2023-05-20,2023-05-17,United Kingdom,Manchester,12.53
101001,430,2023-05-14,2023-05-18,2023-05-15,Germany,Hamburg,4.46
101002,343,2023-05-15,2023-05-28,2023-05-25,Poland,Gdansk,14.95
101003,251,2023-05-15,2023-05-19,2023-05-26,United Kingdom,Bristol,19.21
101004,48,2023-05-15,2023-05-25,2023-05-23,USA,Denver,22.81
101005,260,2023-05-15,2023-05-20,2023-05-16,Norway,Oslo,13.28
101006,251,2023-05-15,2023-05-18,2023-05-25,United Kingdom,Bristol,12.04
101007,227,2023-05-15,2023-05-18,2023-05-23,Germany,Frankfurt,11.7
101008,55,2023-05-16,2023-05-29,2023-05-18,USA,Seattle,23.91
101009,269,2023-05-16,2023-05-20,2023-05-27,Norway,Bergen,14.24
101010,347,2023-05-16,2023-05-22,2023-05-27,Canada,Ottawa,19.38
101011,436,2023-05-16,2023-05-19,2023-05-27,Italy,Florence,10.44
101012,88,2023-05-16,2023-05-29,2023-05-18,Norway,Stavanger,14.19
101013,94,2023-05-16,2023-05-24,2023-05-19,Czech Republic,Brno,36.05
101014,271,2023-05-16,2023-05-19,2023-05-24,USA,Chicago,11.8
101015,228,2023-05-17,2023-05-25,2023-05-26,Austria,Linz,6.05
101016,453,2023-05-17,2023-05-29,2023-05-19,United Kingdom,Manchester,20.01
101017,24,2023-05-17,2023-05-26,2023-05-25,Poland,Warsaw,22.66
101018,171,2023-05-17,2023-05-20,2023-05-25,Poland,Gdansk,31.91
101019,298,2023-05-17,2023-05-24,2023-05-27,USA,Boston,23.38
101020,167,2023-05-17,2023-05-25,2023-05-24,USA,Chicago,9.91
101021,399,2023-05-17,2023-05-25,2023-05-24,Poland,Poznan,44.09
101022,171,2023-05-17,2023-05-28,2023-05-23,Poland,Gdansk,17.12
101023,118,2023-05-17,2023-05-30,2023-05-28,Germany,Frankfurt,27.28
101024,83,2023-05-17,2023-05-28,2023-05-22,United Kingdom,Manchester,8.11
101025,338,2023-05-17,2023-05-25,,United Kingdom,Liverpool,23.07
101026,182,2023-05-17,2023-05-26,2023-05-25,Canada,Ottawa,22.6
101027,22,2023-05-18,2023-05-24,2023-05-27,USA,New York,16.61
101028,150,2023-05-18,2023-05-28,2023-05-29,Sweden,Malmo,10.41
101029,463,2023-05-18,2023-05-22,2023-05-21,Spain,Madrid,12.53
101030,99,2023-05-18,2023-05-23,2023-05-24,Canada,Vancouver,3.47
101031,426,2023-05-18,2023-05-29,2023-05-19,France,Marseille,29.18
101032,3,2023-05-18,2023-05-31,2023-05-28,Spain,Bilbao,16.82
101033,39,2023-05-18,2023-05-25,2023-05-20,Poland,Wroclaw,16.93
101034,224,2023-05-19,2023-05-22,2023-05-24,Spain,Barcelona,19.77
101035,99,2023-05-19,2023-05-22,2023-05-24,Canada,Vancouver,5.87
101036,356,2023-05-19,2023-05-22,2023-05-23,Poland,Poznan,23.14
101037,452,2023-05-19,2023-06-01,2023-05-26,Italy,Florence,8.07
101038,112,2023-05-19,2023-05-29,2023-05-21,USA,Chicago,5.51
101039,173,2023-05-19,2023-05-30,2023-05-20,Germany,Hamburg,12.82
101040,260,2023-05-19,2023-05-25,2023-05-20,Norway,Oslo,34.74
101041,183,2023-05-20,2023-05-23,2023-05-21,Austria,Salzburg,13.86
101042,25,2023-05-20,2023-05-23,2023-05-30,Netherlands,Amsterdam,20.72
101043,286,2023-05-20,2023-05-24,2023-05-22,Spain,Bilbao,6.27
101044,431,2023-05-20,2023-05-29,2023-05-24,USA,Boston,23.77
101045,89,2023-05-20,2023-05-31,2023-05-31,Italy,Florence,18.33
101046,285,2023-05-20,2023-05-24,2023-05-23,Austria,Linz,11.16
101047,463,2023-05-21,2023-05-29,2023-05-28,Spain,Madrid,34.11
101048,473,2023-05-21,2023-05-31,2023-05-30,United Kingdom,Leeds,5.58
101049,461,2023-05-21,2023-05-25,2023-05-28,Italy,Turin,9.79
101050,260,2023-05-21,2023-06-03,2023-05-31,Norway,Oslo,47.56
101051,121,2023-05-21,2023-05-31,2023-05-26,Austria,Vienna,12.52
101052,52,2023-05-22,2023-05-27,,Canada,Vancouver,10.58
101053,341,2023-05-22,2023-06-02,2023-05-29,Italy,Rome,16.8
101054,33,2023-05-22,2023-06-01,2023-05-28,USA,Seattle,7.93
101055,114,2023-05-22,2023-05-28,2023-05-29,Spain,Bilbao,25.04
101056,94,2023-05-22,2023-05-25,2023-05-26,Czech Republic,Brno,7.94
101057,424,2023-05-22,2023-05-28,2023-05-23,United Kingdom,Bristol,3.9
101058,280,2023-05-23,2023-05-27,,United Kingdom,Liverpool,18.88
101059,298,2023-05-23,2023-05-26,2023-05-27,USA,Boston,24.81
101060,223,2023-05-23,2023-05-31,2023-05-31,Germany,Berlin,22.35
101061,436,2023-05-23,2023-06-05,2023-05-31,Italy,Florence,18.51
101062,215,2023-05-23,2023-05-30,2023-06-03,Italy,Milan,25.59
101063,11,2023-05-23,2023-06-04,2023-05-28,France,Toulouse,22.7
101064,338,2023-05-23,2023-05-31,2023-06-03,United Kingdom,Liverpool,14.46
101065,460,2023-05-23,2023-05-28,2023-05-29,USA,Denver,17.08
101066,125,2023-05-23,2023-05-30,,Netherlands,Eindhoven,10.42
101067,183,2023-05-24,2023-06-03,2023-05-29,Austria,Salzburg,22.65
101068,83,2023-05-24,2023-06-01,2023-05-29,United Kingdom,Manchester,11.56
101069,201,2023-05-24,2023-06-04,2023-06-04,United Kingdom,Manchester,21.43
101070,212,2023-05-24,2023-06-05,2023-06-04,France,Paris,17.71
101071,356,2023-05-24,2023-05-29,2023-05-27,Poland,Poznan,25.37
101072,258,2023-05-24,2023-05-30,2023-05-27,Netherlands,Eindhoven,20.98
101073,105,2023-05-24,2023-06-06,2023-05-28,Czech Republic,Pilsen,17.51
101074,10,2023-05-25,2023-05-29,2023-05-29,Poland,Gdansk,9.94
101075,403,2023-05-25,2023-05-30,,Poland,Gdansk,13.57
101076,26,2023-05-25,2023-05-30,2023-06-04,USA,Chicago,6.33
101077,436,2023-05-25,2023-05-31,2023-05-31,Italy,Florence,12.07
101078,295,2023-05-25,2023-06-06,2023-06-04,USA,Chicago,6.0
101079,83,2023-05-26,2023-06-03,2023-06-05,United Kingdom,Manchester,9.71
101080,29,2023-05-26,2023-06-01,2023-05-30,USA,Chicago,12.51
101081,167,2023-05-26,2023-06-04,2023-06-05,USA,Chicago,11.26
101082,447,2023-05-26,2023-06-08,,United Kingdom,Bristol,10.6
101083,162,2023-05-26,2023-05-30,2023-06-03,Poland,Lodz,36.06
101084,108,2023-05-26,2023-06-01,2023-06-05,United Kingdom,Bristol,7.53
101085,159,2023-05-26,2023-05-29,2023-06-05,United Kingdom,Liverpool,3.83
101086,208,2023-05-26,2023-06-05,,Norway,Trondheim,24.09
101087,200,2023-05-26,2023-06-07,2023-05-30,Spain,Bilbao,25.35
101088,204,2023-05-27,2023-06-02,2023-05-29,Poland,Gdansk,10.49
101089,90,2023-05-27,2023-06-02,2023-05-29,Italy,Naples,5.11
101090,336,2023-05-27,2023-06-08,2023-06-07,Poland,Poznan,22.77
101091,418,2023-05-27,2023-06-03,2023-06-07,United Kingdom,Liverpool,12.76
101092,171,2023-05-27,2023-06-03,2023-06-05,Poland,Gdansk,5.6
101093,394,2023-05-27,2023-06-09,,Canada,Calgary,14.79
101094,166,2023-05-28,2023-05-31,2023-05-30,USA,Seattle,21.78
101095,198,2023-05-28,2023-06-06,2023-05-31,Poland,Gdansk,13.18
101096,341,2023-05-28,2023-06-07,,Italy,Rome,17.16
101097,318,2023-05-28,2023-06-02,2023-06-07,Poland,Warsaw,12.24
101098,62,2023-05-28,2023-06-10,2023-06-05,Poland,Lodz,12.27
101099,126,2023-05-28,2023-06-06,2023-06-01,Spain,Barcelona,32.88
101100,81,2023-05-28,2023-05-31,2023-05-31,Germany,Munich,26.86
101101,472,2023-05-29,2023-06-06,2023-06-06,Czech Republic,Brno,28.36
101102,34,2023-05-29,2023-06-10,2023-06-09,Canada,Vancouver,8.98
101103,359,2023-05-29,2023-06-05,2023-05-30,France,Paris,35.11
101104,132,2023-05-29,2023-06-07,2023-06-04,Netherlands,Utrecht,22.09
101105,40,2023-05-29,2023-06-08,2023-06-04,Italy,Florence,7.05
101106,219,2023-05-29,2023-06-08,,Netherlands,Amsterdam,7.38
101107,191,2023-05-29,2023-06-07,2023-06-08,USA,Seattle,6.72
101108,159,2023-05-29,2023-06-09,2023-05-31,United Kingdom,Liverpool,6.52
101109,201,2023-05-29,2023-06-08,2023-06-03,United Kingdom,Manchester,22.88
101110,167,2023-05-29,2023-06-08,2023-06-09,USA,Chicago,9.13
101111,350,2023-05-30,2023-06-08,2023-06-03,Germany,Munich,12.65
101112,91,2023-05-30,2023-06-08,2023-06-01,Poland,Lodz,22.61
101113,457,2023-05-30,2023-06-05,2023-06-08,United Kingdom,London,11.3
101114,99,2023-05-30,2023-06-10,2023-06-09,Canada,Vancouver,8.1
101115,153,2023-05-30,2023-06-03,2023-06-08,Norway,Bergen,18.72
101116,5,2023-05-31,2023-06-13,2023-06-03,Poland,Wroclaw,5.91
101117,258,2023-05-31,2023-06-06,2023-06-06,Netherlands,Eindhoven,22.37
101118,22,2023-05-31,2023-06-03,2023-06-04,USA,New York,8.89
101119,373,2023-05-31,2023-06-07,2023-06-11,United Kingdom,Bristol,10.93
101120,120,2023-05-31,2023-06-06,2023-06-04,Netherlands,Utrecht,14.4
101121,464,2023-05-31,2023-06-03,2023-06-11,Spain,Barcelona,12.42
101122,187,2023-06-01,2023-06-11,2023-06-05,Germany,Berlin,6.49
101123,467,2023-06-01,2023-06-08,2023-06-09,Poland,Warsaw,17.21
101124,146,2023-06-01,2023-06-09,2023-06-12,Germany,Hamburg,28.98
101125,255,2023-06-01,2023-06-14,2023-06-03,Austria,Graz,10.67
101126,227,2023-06-01,2023-06-08,2023-06-07,Germany,Frankfurt,14.49
101127,307,2023-06-01,2023-06-04,2023-06-02,USA,Boston,15.25
101128,107,2023-06-02,2023-06-09,,Italy,Turin,14.16
101129,496,2023-06-02,2023-06-09,2023-06-10,Austria,Salzburg,29.71
101130,13,2023-06-02,2023-06-15,,Italy,Florence,22.9
101131,6,2023-06-02,2023-06-11,2023-06-12,Poland,Gdansk,7.19
101132,267,2023-06-02,2023-06-14,2023-06-10,Germany,Munich,10.06
101133,213,2023-06-02,2023-06-07,2023-06-10,USA,Chicago,3.21
101134,320,2023-06-02,2023-06-15,2023-06-12,Italy,Florence,8.65
101135,373,2023-06-02,2023-06-12,2023-06-05,United Kingdom,Bristol,6.12
101136,170,2023-06-03,2023-06-06,2023-06-14,Netherlands,Utrecht,21.23
101137,26,2023-06-03,2023-06-14,2023-06-13,USA,Chicago,28.36
101138,69,2023-06-03,2023-06-16,2023-06-08,United Kingdom,Bristol,34.62
101139,356,2023-06-03,2023-06-07,2023-06-12,Poland,Poznan,22.77
101140,119,2023-06-03,2023-06-06,2023-06-12,Italy,Milan,21.45
101141,307,2023-06-03,2023-06-11,2023-06-05,USA,Boston,29.17
101142,14,2023-06-04,2023-06-10,2023-06-11,Netherlands,Eindhoven,12.4
101143,434,2023-06-04,2023-06-08,2023-06-05,Sweden,Gothenburg,16.04
101144,475,2023-06-04,2023-06-13,2023-06-05,Poland,Wroclaw,16.66
101145,452,2023-06-04,2023-06-12,2023-06-14,Italy,Florence,14.73
101146,23,2023-06-04,2023-06-16,2023-06-12,USA,Chicago,8.96
101147,433,2023-06-04,2023-06-13,2023-06-14,Sweden,Gothenburg,29.94
101148,436,2023-06-04,2023-06-17,,Italy,Florence,16.33
101149,44,2023-06-05,2023-06-09,2023-06-10,Spain,Madrid,10.39
101150,165,2023-06-05,2023-06-10,2023-06-12,Netherlands,Eindhoven,11.8
101151,25,2023-06-05,2023-06-08,2023-06-16,Netherlands,Amsterdam,32.84
101152,343,2023-06-05,2023-06-17,2023-06-13,Poland,Gdansk,33.37
101153,371,2023-06-05,2023-06-09,2023-06-11,France,Paris,15.5
101154,483,2023-06-05,2023-06-16,2023-06-13,Sweden,Gothenburg,30.93
101155,12,2023-06-05,2023-06-11,2023-06-10,Sweden,Stockholm,10.8
101156,492,2023-06-05,2023-06-18,2023-06-06,United Kingdom,Leeds,10.37
101157,224,2023-06-05,2023-06-17,,Spain,Barcelona,11.1
101158,189,2023-06-05,2023-06-12,2023-06-14,France,Lyon,8.89
101159,394,2023-06-05,2023-06-10,2023-06-08,Canada,Calgary,34.58
101160,481,2023-06-05,2023-06-15,2023-06-13,Germany,Frankfurt,27.11
101161,252,2023-06-05,2023-06-11,2023-06-14,Netherlands,Amsterdam,9.52
101162,181,2023-06-05,2023-06-12,2023-06-06,Germany,Munich,5.51
101163,32,2023-06-05,2023-06-09,2023-06-10,United Kingdom,Manchester,12.0
101164,475,2023-06-05,2023-06-15,2023-06-16,Poland,Wroclaw,11.65
101165,345,2023-06-05,2023-06-17,2023-06-08,Poland,Gdansk,8.49
101166,231,2023-06-05,2023-06-10,2023-06-07,Sweden,Stockholm,20.04
101167,7,2023-06-06,2023-06-14,2023-06-15,Germany,Cologne,12.72
101168,134,2023-06-06,2023-06-12,2023-06-14,Germany,Cologne,21.38
101169,462,2023-06-06,2023-06-15,2023-06-11,Spain,Barcelona,6.07
101170,141,2023-06-06,2023-06-17,2023-06-11,Spain,Madrid,9.34
101171,420,2023-06-07,2023-06-11,,Poland,Krakow,14.3
101172,305,2023-06-07,2023-06-11,2023-06-10,France,Marseille,7.66
101173,206,2023-06-07,2023-06-15,2023-06-13,Germany,Hamburg,17.12
101174,93,2023-06-07,2023-06-14,2023-06-14,Canada,Vancouver,16.15
101175,166,2023-06-07,2023-06-13,2023-06-18,USA,Seattle,11.47
101176,106,2023-06-08,2023-06-21,2023-06-13,Spain,Bilbao,11.96
101177,105,2023-06-08,2023-06-14,2023-06-16,Czech Republic,Pilsen,16.16
101178,83,2023-06-08,2023-06-12,2023-06-16,United Kingdom,Manchester,32.27
101179,99,2023-06-08,2023-06-16,2023-06-16,Canada,Vancouver,29.5
101180,379,2023-06-08,2023-06-16,2023-06-13,Netherlands,Amsterdam,12.31
101181,117,2023-06-08,2023-06-17,2023-06-16,France,Nice,35.79
101182,170,2023-06-08,2023-06-17,2023-06-11,Netherlands,Utrecht,5.51
101183,334,2023-06-08,2023-06-14,2023-06-10,USA,New York,20.31
101184,325,2023-06-09,2023-06-22,,Netherlands,Eindhoven,50.36
101185,181,2023-06-09,2023-06-20,2023-06-12,Germany,Munich,37.07
101186,139,2023-06-09,2023-06-18,2023-06-11,Spain,Valencia,23.65
101187,162,2023-06-09,2023-06-15,2023-06-18,Poland,Lodz,7.71
101188,236,2023-06-09,2023-06-17,2023-06-20,Canada,Calgary,14.23
101189,37,2023-06-09,2023-06-18,2023-06-18,Spain,Valencia,14.84
101190,351,2023-06-09,2023-06-21,2023-06-11,Italy,Florence,13.2
101191,25,2023-06-09,2023-06-15,2023-06-19,Netherlands,Amsterdam,16.31
101192,295,2023-06-09,2023-06-17,2023-06-10,USA,Chicago,14.08
101193,171,2023-06-09,2023-06-18,2023-06-18,Poland,Gdansk,29.21
101194,253,2023-06-10,2023-06-13,2023-06-13,Germany,Hamburg,32.52
101195,398,2023-06-10,2023-06-15,2023-06-11,Poland,Wroclaw,19.98
101196,417,2023-06-10,2023-06-21,2023-06-21,Italy,Naples,24.71
101197,99,2023-06-10,2023-06-16,2023-06-13,Canada,Vancouver,10.18
101198,57,2023-06-10,2023-06-20,2023-06-16,United Kingdom,Manchester,17.16
101199,209,2023-06-10,2023-06-21,,United Kingdom,Manchester,16.05
101200,448,2023-06-11,2023-06-18,,Czech Republic,Ostrava,30.55
101201,341,2023-06-11,2023-06-19,2023-06-22,Italy,Rome,24.31
101202,148,2023-06-11,2023-06-20,,Germany,Berlin,10.13
101203,369,2023-06-11,2023-06-23,2023-06-21,Czech Republic,Brno,28.57
101204,142,2023-06-11,2023-06-16,2023-06-22,Czech Republic,Brno,11.34
101205,91,2023-06-12,2023-06-20,2023-06-17,Poland,Lodz,29.15
101206,257,2023-06-12,2023-06-16,,France,Marseille,10.22
101207,204,2023-06-12,2023-06-18,2023-06-22,Poland,Gdansk,10.42
101208,413,2023-06-13,2023-06-26,2023-06-23,Germany,Hamburg,6.97
101209,60,2023-06-13,2023-06-22,,Netherlands,Eindhoven,24.86
101210,350,2023-06-13,2023-06-24,2023-06-14,Germany,Munich,20.89
101211,276,2023-06-13,2023-06-20,2023-06-16,Italy,Florence,21.25
101212,375,2023-06-13,2023-06-23,2023-06-24,Germany,Hamburg,23.02
101213,120,2023-06-13,2023-06-22,2023-06-15,Netherlands,Utrecht,52.14
101214,23,2023-06-13,2023-06-24,2023-06-21,USA,Chicago,16.89
101215,107,2023-06-13,2023-06-24,2023-06-21,Italy,Turin,24.1
101216,372,2023-06-14,2023-06-18,2023-06-21,United Kingdom,Manchester,10.26
101217,332,2023-06-14,2023-06-22,2023-06-21,Spain,Madrid,15.11
101218,450,2023-06-14,2023-06-25,2023-06-23,Poland,Wroclaw,17.14
101219,339,2023-06-14,2023-06-18,2023-06-19,Spain,Valencia,29.17
101220,267,2023-06-14,2023-06-21,2023-06-18,Germany,Munich,11.38
101221,269,2023-06-14,2023-06-18,2023-06-23,Norway,Bergen,9.14
101222,454,2023-06-14,2023-06-27,2023-06-20,Poland,Warsaw,11.01
101223,267,2023-06-14,2023-06-23,2023-06-17,Germany,Munich,19.03
101224,44,2023-06-14,2023-06-23,2023-06-22,Spain,Madrid,11.09
101225,200,2023-06-14,2023-06-21,2023-06-15,Spain,Bilbao,12.11
101226,245,2023-06-15,2023-06-20,2023-06-25,Germany,Berlin,4.73
101227,224,2023-06-15,2023-06-26,2023-06-23,Spain,Barcelona,19.68
101228,33,2023-06-15,2023-06-26,2023-06-24,USA,Seattle,37.73
101229,413,2023-06-15,2023-06-23,2023-06-16,Germany,Hamburg,15.52
101230,55,2023-06-15,2023-06-18,2023-06-17,USA,Seattle,14.11
101231,24,2023-06-15,2023-06-26,2023-06-25,Poland,Warsaw,20.84
101232,116,2023-06-16,2023-06-19,2023-06-20,Spain,Barcelona,14.63
101233,200,2023-06-16,2023-06-21,2023-06-21,Spain,Bilbao,23.95
101234,365,2023-06-16,2023-06-26,2023-06-21,Sweden,Uppsala,22.76
101235,408,2023-06-16,2023-06-28,2023-06-17,USA,Austin,16.62
101236,391,2023-06-16,2023-06-19,2023-06-25,Germany,Berlin,15.56
101237,267,2023-06-16,2023-06-24,2023-06-18,Germany,Munich,19.65
101238,26,2023-06-16,2023-06-19,2023-06-22,USA,Chicago,16.12
101239,191,2023-06-16,2023-06-27,2023-06-18,USA,Seattle,28.19
101240,84,2023-06-16,2023-06-20,2023-06-20,USA,Seattle,5.17
101241,318,2023-06-16,2023-06-23,2023-06-22,Poland,Warsaw,11.98
101242,226,2023-06-17,2023-06-28,2023-06-18,France,Nice,16.94
101243,110,2023-06-17,2023-06-30,2023-06-28,USA,Boston,10.74
101244,391,2023-06-17,2023-06-27,2023-06-24,Germany,Berlin,27.39
101245,333,2023-06-17,2023-06-30,2023-06-28,United Kingdom,London,8.4
101246,485,2023-06-17,2023-06-30,2023-06-25,United Kingdom,Manchester,12.49
101247,44,2023-06-17,2023-06-30,2023-06-21,Spain,Madrid,32.07
101248,289,2023-06-17,2023-06-25,2023-06-28,United Kingdom,Liverpool,29.91
101249,269,2023-06-17,2023-06-21,,Norway,Bergen,4.42
101250,87,2023-06-17,2023-06-28,,Austria,Graz,18.02
101251,210,2023-06-17,2023-06-24,2023-06-23,USA,Austin,12.09
101252,162,2023-06-17,2023-06-26,,Poland,Lodz,6.98
101253,379,2023-06-17,2023-06-30,2023-06-27,Netherlands,Amsterdam,8.72
101254,93,2023-06-17,2023-06-21,2023-06-20,Canada,Vancouver,30.3
101255,380,2023-06-17,2023-06-29,2023-06-22,Netherlands,Rotterdam,10.92
101256,250,2023-06-18,2023-06-28,2023-06-23,Czech Republic,Pilsen,22.66
101257,172,2023-06-18,2023-06-24,,Norway,Trondheim,13.42
101258,167,2023-06-18,2023-06-30,2023-06-29,USA,Chicago,17.03
101259,90,2023-06-18,2023-06-29,2023-06-20,Italy,Naples,18.52
101260,82,2023-06-18,2023-06-22,2023-06-22,Germany,Berlin,15.7
101261,402,2023-06-18,2023-06-27,,Spain,Barcelona,4.79
101262,64,2023-06-18,2023-06-28,2023-06-20,Poland,Wroclaw,37.65
101263,317,2023-06-18,2023-06-28,2023-06-22,Norway,Bergen,8.45
101264,220,2023-06-18,2023-06-23,2023-06-22,United Kingdom,Leeds,13.56
101265,279,2023-06-19,2023-06-30,2023-06-24,Austria,Salzburg,14.52
101266,109,2023-06-19,2023-06-23,2023-06-24,Spain,Bilbao,11.59
101267,83,2023-06-19,2023-07-01,2023-06-28,United Kingdom,Manchester,10.02
101268,349,2023-06-19,2023-06-25,2023-06-29,Poland,Lodz,4.03
101269,99,2023-06-19,2023-07-02,2023-06-23,Canada,Vancouver,16.7
101270,140,2023-06-19,2023-07-02,2023-06-28,Germany,Berlin,9.65
101271,59,2023-06-19,2023-06-24,2023-06-24,Austria,Salzburg,14.67
101272,205,2023-06-19,2023-07-02,2023-06-21,Poland,Wroclaw,6.65
101273,212,2023-06-19,2023-07-02,2023-06-21,France,Paris,14.97
101274,93,2023-06-19,2023-06-29,2023-06-29,Canada,Vancouver,6.37
101275,126,2023-06-19,2023-06-30,2023-06-27,Spain,Barcelona,19.08
101276,242,2023-06-20,2023-07-02,2023-06-26,Norway,Oslo,12.16
101277,250,2023-06-20,2023-07-02,2023-06-29,Czech Republic,Pilsen,12.74
101278,33,2023-06-20,2023-06-25,2023-07-01,USA,Seattle,13.34
101279,163,2023-06-20,2023-06-29,2023-06-26,Spain,Madrid,21.19
101280,257,2023-06-20,2023-07-01,2023-06-24,France,Marseille,7.58
101281,295,2023-06-20,2023-07-03,2023-06-30,USA,Chicago,43.05
101282,201,2023-06-20,2023-06-27,2023-06-25,United Kingdom,Manchester,18.0
101283,17,2023-06-20,2023-06-26,2023-06-23,France,Lyon,29.87
101284,229,2023-06-21,2023-07-01,,Spain,Madrid,13.01
101285,53,2023-06-21,2023-06-27,2023-06-28,Czech Republic,Ostrava,21.87
101286,472,2023-06-21,2023-06-24,2023-06-29,Czech Republic,Brno,7.92
101287,219,2023-06-21,2023-06-25,2023-06-30,Netherlands,Amsterdam,17.29
101288,413,2023-06-21,2023-07-02,2023-07-01,Germany,Hamburg,36.38
101289,371,2023-06-21,2023-07-02,2023-06-23,France,Paris,22.81
101290,385,2023-06-21,2023-06-29,2023-06-24,Poland,Poznan,21.4
101291,266,2023-06-22,2023-06-25,,Norway,Oslo,15.57
101292,204,2023-06-22,2023-07-05,2023-06-26,Poland,Gdansk,17.75
101293,250,2023-06-22,2023-06-30,2023-06-28,Czech Republic,Pilsen,18.01
101294,272,2023-06-22,2023-06-28,2023-06-29,Germany,Munich,15.14
101295,118,2023-06-22,2023-07-03,2023-06-27,Germany,Frankfurt,23.94
101296,183,2023-06-22,2023-06-27,2023-06-24,Austria,Salzburg,15.99
101297,250,2023-06-22,2023-06-29,2023-06-30,Czech Republic,Pilsen,9.3
101298,337,2023-06-22,2023-07-01,2023-07-03,Canada,Toronto,13.17
101299,117,2023-06-22,2023-07-04,2023-06-29,France,Nice,24.35
101300,205,2023-06-22,2023-07-05,2023-06-25,Poland,Wroclaw,26.45
101301,99,2023-06-22,2023-07-02,2023-06-30,Canada,Vancouver,31.11
101302,2,2023-06-22,2023-06-27,2023-06-26,United Kingdom,Bristol,25.59
101303,107,2023-06-22,2023-06-26,2023-06-25,Italy,Turin,12.33
101304,387,2023-06-23,2023-06-27,2023-06-30,Spain,Bilbao,8.58
101305,63,2023-06-23,2023-06-28,2023-06-30,Netherlands,Eindhoven,24.83
101306,380,2023-06-23,2023-07-04,2023-06-27,Netherlands,Rotterdam,34.54
101307,346,2023-06-23,2023-06-29,2023-06-30,Italy,Milan,25.81
101308,407,2023-06-23,2023-07-05,2023-07-03,Germany,Cologne,70.45
101309,403,2023-06-23,2023-07-02,,Poland,Gdansk,22.01
101310,32,2023-06-23,2023-07-02,2023-06-27,United Kingdom,Manchester,3.68
101311,494,2023-06-23,2023-06-29,2023-07-03,Italy,Florence,12.15
101312,228,2023-06-23,2023-07-04,2023-06-24,Austria,Linz,9.41
101313,436,2023-06-23,2023-07-01,2023-06-29,Italy,Florence,16.5
101314,436,2023-06-23,2023-07-03,2023-06-28,Italy,Florence,13.62
101315,153,2023-06-23,2023-06-26,2023-06-29,Norway,Bergen,15.36
101316,13,2023-06-24,2023-07-06,2023-06-30,Italy,Florence,5.73
101317,484,2023-06-24,2023-07-07,2023-07-02,Czech Republic,Brno,13.11
101318,185,2023-06-24,2023-07-01,2023-07-01,Spain,Barcelona,17.13
101319,22,2023-06-24,2023-06-28,2023-06-29,USA,New York,13.72
101320,33,2023-06-24,2023-06-30,2023-06-26,USA,Seattle,12.13
101321,107,2023-06-24,2023-07-04,2023-06-29,Italy,Turin,34.64
101322,351,2023-06-24,2023-07-03,2023-07-04,Italy,Florence,23.23
101323,443,2023-06-24,2023-06-27,2023-07-01,Spain,Bilbao,28.34
101324,224,2023-06-24,2023-06-27,2023-06-26,Spain,Barcelona,21.88
101325,184,2023-06-24,2023-06-29,2023-07-02,Germany,Berlin,40.81
101326,146,2023-06-25,2023-07-02,2023-06-26,Germany,Hamburg,8.3
101327,359,2023-06-25,2023-07-05,2023-07-01,France,Paris,15.12
101328,371,2023-06-25,2023-07-02,2023-06-29,France,Paris,18.02
101329,474,2023-06-25,2023-07-03,2023-07-06,Czech Republic,Pilsen,19.01
101330,391,2023-06-25,2023-07-01,2023-06-27,Germany,Berlin,23.49
101331,413,2023-06-25,2023-07-04,2023-07-02,Germany,Hamburg,10.42
101332,116,2023-06-26,2023-07-04,2023-06-30,Spain,Barcelona,11.14
101333,145,2023-06-26,2023-07-04,2023-06-28,Poland,Lodz,19.64
101334,351,2023-06-26,2023-07-08,2023-07-05,Italy,Florence,15.38
101335,82,2023-06-26,2023-07-05,2023-06-28,Germany,Berlin,16.47
101336,341,2023-06-26,2023-06-29,2023-06-27,Italy,Rome,12.18
101337,335,2023-06-26,2023-07-01,,Italy,Milan,15.25
101338,43,2023-06-26,2023-07-01,2023-07-07,Germany,Frankfurt,8.33
101339,307,2023-06-26,2023-07-04,2023-07-04,USA,Boston,12.71
101340,250,2023-06-26,2023-07-01,2023-07-04,Czech Republic,Pilsen,11.04
101341,468,2023-06-26,2023-06-30,2023-07-07,France,Nice,7.58
101342,307,2023-06-26,2023-06-30,2023-07-06,USA,Boston,14.92
101343,62,2023-06-27,2023-06-30,2023-07-02,Poland,Lodz,36.47
101344,231,2023-06-27,2023-06-30,2023-07-07,Sweden,Stockholm,13.34
101345,37,2023-06-27,2023-07-06,2023-07-03,Spain,Valencia,15.1
101346,410,2023-06-27,2023-06-30,2023-07-01,Netherlands,Rotterdam,24.17
101347,308,2023-06-27,2023-07-03,,Canada,Toronto,23.21
101348,18,2023-06-27,2023-07-03,2023-07-06,Sweden,Malmo,25.28
101349,394,2023-06-27,2023-07-04,2023-07-07,Canada,Calgary,33.26
101350,345,2023-06-27,2023-07-10,2023-07-03,Poland,Gdansk,11.61
101351,474,2023-06-27,2023-07-01,2023-07-01,Czech Republic,Pilsen,12.97
101352,13,2023-06-27,2023-07-09,2023-06-29,Italy,Florence,11.98
101353,224,2023-06-27,2023-07-10,2023-07-04,Spain,Barcelona,10.14
101354,19,2023-06-28,2023-07-06,2023-06-29,USA,Denver,14.08
101355,269,2023-06-28,2023-07-08,2023-07-08,Norway,Bergen,14.82
101356,48,2023-06-28,2023-07-10,2023-07-08,USA,Denver,26.21
101357,44,2023-06-28,2023-07-06,2023-07-09,Spain,Madrid,27.22
101358,371,2023-06-28,2023-07-08,2023-07-05,France,Paris,5.44
101359,314,2023-06-28,2023-07-10,,Sweden,Gothenburg,17.56
101360,423,2023-06-28,2023-07-07,2023-06-30,Spain,Barcelona,21.14
101361,206,2023-06-29,2023-07-12,2023-07-10,Germany,Hamburg,46.67
101362,328,2023-06-29,2023-07-02,2023-07-07,United Kingdom,Liverpool,14.52
101363,397,2023-06-29,2023-07-03,2023-07-04,Poland,Warsaw,11.2
101364,391,2023-06-29,2023-07-06,2023-07-01,Germany,Berlin,13.76
101365,320,2023-06-29,2023-07-11,2023-07-09,Italy,Florence,12.5
101366,73,2023-06-29,2023-07-12,2023-07-08,USA,Denver,26.42
101367,5,2023-06-29,2023-07-11,2023-07-06,Poland,Wroclaw,14.04
101368,452,2023-06-30,2023-07-11,2023-07-04,Italy,Florence,21.09
101369,94,2023-06-30,2023-07-04,2023-07-08,Czech Republic,Brno,9.83
101370,391,2023-06-30,2023-07-10,2023-07-03,Germany,Berlin,6.61
101371,254,2023-06-30,2023-07-09,2023-07-03,USA,Chicago,49.27
101372,18,2023-06-30,2023-07-06,2023-07-06,Sweden,Malmo,15.72
101373,30,2023-06-30,2023-07-13,2023-07-09,Germany,Frankfurt,13.81
101374,394,2023-06-30,2023-07-07,2023-07-09,Canada,Calgary,54.08
101375,258,2023-06-30,2023-07-12,2023-07-06,Netherlands,Eindhoven,22.19
101376,331,2023-06-30,2023-07-06,2023-07-05,Poland,Poznan,16.07
101377,404,2023-06-30,2023-07-03,2023-07-03,Poland,Warsaw,6.55
101378,487,2023-07-01,2023-07-08,,Poland,Gdansk,15.69
101379,394,2023-07-01,2023-07-04,2023-07-05,Canada,Calgary,10.95
101380,452,2023-07-01,2023-07-12,,Italy,Florence,33.64
101381,237,2023-07-01,2023-07-12,2023-07-12,Poland,Krakow,5.05
101382,423,2023-07-01,2023-07-10,2023-07-09,Spain,Barcelona,38.55
101383,165,2023-07-01,2023-07-06,2023-07-05,Netherlands,Eindhoven,14.94
101384,335,2023-07-01,2023-07-07,2023-07-04,Italy,Milan,16.58
101385,399,2023-07-02,2023-07-11,2023-07-09,Poland,Poznan,9.7
101386,475,2023-07-02,2023-07-11,2023-07-06,Poland,Wroclaw,12.67
101387,83,2023-07-02,2023-07-14,2023-07-05,United Kingdom,Manchester,21.71
101388,472,2023-07-02,2023-07-11,2023-07-09,Czech Republic,Brno,16.67
101389,123,2023-07-02,2023-07-13,2023-07-05,Sweden,Uppsala,18.53
101390,145,2023-07-02,2023-07-15,2023-07-12,Poland,Lodz,14.47
101391,330,2023-07-02,2023-07-12,2023-07-09,Spain,Seville,33.68
101392,127,2023-07-03,2023-07-11,2023-07-13,France,Paris,25.01
101393,394,2023-07-03,2023-07-16,2023-07-06,Canada,Calgary,10.68
101394,114,2023-07-03,2023-07-11,2023-07-08,Spain,Bilbao,5.41
101395,3,2023-07-03,2023-07-07,2023-07-09,Spain,Bilbao,20.93
101396,352,2023-07-03,2023-07-11,2023-07-09,Poland,Krakow,10.08
101397,26,2023-07-03,2023-07-16,2023-07-08,USA,Chicago,22.34
101398,62,2023-07-03,2023-07-08,2023-07-10,Poland,Lodz,48.31
101399,433,2023-07-03,2023-07-16,2023-07-08,Sweden,Gothenburg,30.77
101400,148,2023-07-03,2023-07-12,2023-07-12,Germany,Berlin,13.09
101401,324,2023-07-03,2023-07-14,2023-07-11,Czech Republic,Ostrava,9.1
101402,119,2023-07-03,2023-07-11,2023-07-13,Italy,Milan,8.87
101403,88,2023-07-03,2023-07-13,2023-07-05,Norway,Stavanger,14.7
101404,481,2023-07-03,2023-07-16,2023-07-14,Germany,Frankfurt,9.93
101405,13,2023-07-03,2023-07-09,2023-07-10,Italy,Florence,15.65
101406,32,2023-07-03,2023-07-14,2023-07-12,United Kingdom,Manchester,18.65
101407,90,2023-07-03,2023-07-14,2023-07-14,Italy,Naples,20.65
101408,83,2023-07-03,2023-07-07,2023-07-14,United Kingdom,Manchester,16.63
101409,109,2023-07-03,2023-07-10,2023-07-09,Spain,Bilbao,23.75
101410,250,2023-07-04,2023-07-11,,Czech Republic,Pilsen,43.87
101411,208,2023-07-04,2023-07-16,2023-07-07,Norway,Trondheim,18.88
101412,179,2023-07-04,2023-07-11,2023-07-14,USA,Denver,13.06
101413,90,2023-07-04,2023-07-09,2023-07-12,Italy,Naples,5.46
101414,335,2023-07-05,2023-07-12,2023-07-10,Italy,Milan,16.65
101415,99,2023-07-05,2023-07-17,2023-07-09,Canada,Vancouver,15.29
101416,83,2023-07-05,2023-07-10,2023-07-08,United Kingdom,Manchester,25.92
101417,215,2023-07-05,2023-07-10,2023-07-07,Italy,Milan,15.41
101418,473,2023-07-05,2023-07-12,2023-07-15,United Kingdom,Leeds,15.48
101419,255,2023-07-05,2023-07-10,2023-07-06,Austria,Graz,8.3
101420,345,2023-07-05,2023-07-15,2023-07-10,Poland,Gdansk,12.97
101421,116,2023-07-05,2023-07-12,2023-07-10,Spain,Barcelona,8.1
101422,22,2023-07-06,2023-07-09,2023-07-11,USA,New York,24.98
101423,369,2023-07-06,2023-07-17,2023-07-14,Czech Republic,Brno,16.54
101424,330,2023-07-06,2023-07-16,2023-07-16,Spain,Seville,8.97
101425,26,2023-07-06,2023-07-14,,USA,Chicago,10.26
101426,371,2023-07-06,2023-07-18,2023-07-16,France,Paris,32.84
101427,234,2023-07-06,2023-07-19,2023-07-10,United Kingdom,Bristol,8.1
101428,402,2023-07-06,2023-07-14,2023-07-14,Spain,Barcelona,20.11
101429,22,2023-07-06,2023-07-14,2023-07-15,USA,New York,5.62
101430,48,2023-07-06,2023-07-16,2023-07-07,USA,Denver,37.45
101431,22,2023-07-06,2023-07-19,2023-07-13,USA,New York,6.58
101432,90,2023-07-06,2023-07-18,2023-07-12,Italy,Naples,41.66
101433,22,2023-07-06,2023-07-18,2023-07-13,USA,New York,15.93
101434,116,2023-07-06,2023-07-15,2023-07-17,Spain,Barcelona,5.9
101435,52,2023-07-07,2023-07-14,2023-07-12,Canada,Vancouver,15.05
101436,140,2023-07-07,2023-07-20,2023-07-08,Germany,Berlin,20.87
101437,276,2023-07-07,2023-07-19,2023-07-09,Italy,Florence,12.67
101438,325,2023-07-07,2023-07-19,2023-07-12,Netherlands,Eindhoven,45.13
101439,412,2023-07-07,2023-07-19,2023-07-18,Germany,Cologne,15.1
101440,475,2023-07-07,2023-07-16,2023-07-18,Poland,Wroclaw,35.63
101441,371,2023-07-07,2023-07-19,2023-07-12,France,Paris,12.29
101442,238,2023-07-07,2023-07-14,2023-07-13,Germany,Hamburg,14.92
101443,365,2023-07-08,2023-07-15,2023-07-17,Sweden,Uppsala,4.3
101444,165,2023-07-08,2023-07-15,2023-07-15,Netherlands,Eindhoven,15.61
101445,371,2023-07-08,2023-07-20,2023-07-15,France,Paris,17.28
101446,74,2023-07-08,2023-07-13,2023-07-10,Italy,Rome,18.71
101447,436,2023-07-08,2023-07-20,2023-07-17,Italy,Florence,4.54
101448,22,2023-07-08,2023-07-19,2023-07-14,USA,New York,19.65
101449,260,2023-07-08,2023-07-14,2023-07-15,Norway,Oslo,30.48
101450,258,2023-07-08,2023-07-20,2023-07-19,Netherlands,Eindhoven,19.6
101451,300,2023-07-08,2023-07-15,2023-07-19,Netherlands,Eindhoven,20.71
101452,40,2023-07-08,2023-07-17,2023-07-13,Italy,Florence,34.4
101453,105,2023-07-09,2023-07-20,2023-07-14,Czech Republic,Pilsen,8.31
101454,351,2023-07-09,2023-07-13,,Italy,Florence,16.41
101455,57,2023-07-09,2023-07-17,2023-07-10,United Kingdom,Manchester,8.23
101456,352,2023-07-09,2023-07-12,2023-07-19,Poland,Krakow,21.65
101457,398,2023-07-09,2023-07-16,2023-07-17,Poland,Wroclaw,11.21
101458,437,2023-07-09,2023-07-13,2023-07-12,Poland,Lodz,14.77
101459,425,2023-07-09,2023-07-17,2023-07-19,Czech Republic,Prague,24.3
101460,371,2023-07-09,2023-07-12,2023-07-14,France,Paris,9.82
101461,315,2023-07-10,2023-07-20,2023-07-15,Canada,Ottawa,7.35
101462,105,2023-07-10,2023-07-14,2023-07-11,Czech Republic,Pilsen,16.37
101463,187,2023-07-10,2023-07-22,2023-07-12,Germany,Berlin,17.62
101464,492,2023-07-10,2023-07-15,2023-07-19,United Kingdom,Leeds,10.63
101465,466,2023-07-10,2023-07-20,2023-07-11,United Kingdom,Bristol,11.81
101466,131,2023-07-10,2023-07-22,,Spain,Seville,12.45
101467,487,2023-07-10,2023-07-16,2023-07-16,Poland,Gdansk,39.67
101468,227,2023-07-10,2023-07-19,2023-07-11,Germany,Frankfurt,23.92
101469,115,2023-07-10,2023-07-21,2023-07-15,USA,Denver,31.03
101470,332,2023-07-10,2023-07-21,2023-07-16,Spain,Madrid,12.62
101471,93,2023-07-10,2023-07-13,2023-07-19,Canada,Vancouver,9.42
101472,472,2023-07-11,2023-07-14,2023-07-18,Czech Republic,Brno,31.1
101473,24,2023-07-11,2023-07-19,2023-07-16,Poland,Warsaw,31.1
101474,201,2023-07-11,2023-07-19,2023-07-16,United Kingdom,Manchester,14.82
101475,467,2023-07-11,2023-07-18,2023-07-22,Poland,Warsaw,9.51
101476,169,2023-07-11,2023-07-20,2023-07-20,Austria,Linz,19.42
101477,423,2023-07-11,2023-07-17,2023-07-22,Spain,Barcelona,21.96
101478,307,2023-07-11,2023-07-20,2023-07-19,USA,Boston,25.21
101479,147,2023-07-11,2023-07-16,2023-07-21,Austria,Linz,9.4
101480,494,2023-07-11,2023-07-21,2023-07-16,Italy,Florence,28.66
101481,13,2023-07-11,2023-07-24,2023-07-13,Italy,Florence,9.39
101482,374,2023-07-11,2023-07-16,2023-07-21,USA,New York,15.41
101483,153,2023-07-11,2023-07-20,2023-07-14,Norway,Bergen,14.6
101484,454,2023-07-11,2023-07-20,2023-07-22,Poland,Warsaw,18.34
101485,116,2023-07-12,2023-07-20,2023-07-23,Spain,Barcelona,6.91
101486,32,2023-07-12,2023-07-21,2023-07-21,United Kingdom,Manchester,25.77
101487,412,2023-07-12,2023-07-16,2023-07-22,Germany,Cologne,22.92
101488,111,2023-07-12,2023-07-15,2023-07-14,Spain,Bilbao,22.84
101489,225,2023-07-12,2023-07-21,2023-07-15,Czech Republic,Pilsen,5.35
101490,356,2023-07-12,2023-07-19,2023-07-23,Poland,Poznan,14.88
101491,120,2023-07-12,2023-07-15,2023-07-14,Netherlands,Utrecht,16.52
101492,306,2023-07-12,2023-07-15,2023-07-19,Czech Republic,Ostrava,7.09
101493,421,2023-07-12,2023-07-17,2023-07-15,Poland,Warsaw,19.4
101494,319,2023-07-12,2023-07-22,2023-07-15,Italy,Milan,13.02
101495,295,2023-07-12,2023-07-16,2023-07-14,USA,Chicago,18.8
101496,227,2023-07-13,2023-07-24,,Germany,Frankfurt,18.56
101497,425,2023-07-13,2023-07-24,2023-07-18,Czech Republic,Prague,26.86
101498,99,2023-07-13,2023-07-26,2023-07-18,Canada,Vancouver,25.44
101499,373,2023-07-13,2023-07-21,2023-07-19,United Kingdom,Bristol,18.32
101500,205,2023-07-13,2023-07-26,2023-07-24,Poland,Wroclaw,24.33
101501,102,2023-07-13,2023-07-25,2023-07-20,Poland,Poznan,5.48
101502,205,2023-07-13,2023-07-18,2023-07-20,Poland,Wroclaw,13.79
101503,99,2023-07-13,2023-07-25,2023-07-22,Canada,Vancouver,12.23
101504,473,2023-07-14,2023-07-26,2023-07-24,United Kingdom,Leeds,10.37
101505,326,2023-07-14,2023-07-26,2023-07-19,Poland,Poznan,7.43
101506,475,2023-07-14,2023-07-25,2023-07-16,Poland,Wroclaw,40.63
101507,310,2023-07-14,2023-07-26,2023-07-20,Poland,Lodz,18.42
101508,384,2023-07-14,2023-07-25,2023-07-25,Norway,Oslo,8.14
101509,387,2023-07-14,2023-07-22,2023-07-23,Spain,Bilbao,19.33
101510,23,2023-07-14,2023-07-17,2023-07-22,USA,Chicago,20.38
101511,2,2023-07-14,2023-07-20,2023-07-24,United Kingdom,Bristol,22.21
101512,404,2023-07-14,2023-07-25,2023-07-15,Poland,Warsaw,8.93
101513,48,2023-07-14,2023-07-27,2023-07-24,USA,Denver,7.43
101514,305,2023-07-14,2023-07-22,2023-07-24,France,Marseille,13.92
101515,231,2023-07-14,2023-07-22,2023-07-17,Sweden,Stockholm,7.31
101516,436,2023-07-15,2023-07-19,,Italy,Florence,26.03
101517,68,2023-07-15,2023-07-20,2023-07-22,USA,Austin,8.88
101518,171,2023-07-15,2023-07-22,2023-07-18,Poland,Gdansk,28.55
101519,283,2023-07-15,2023-07-25,2023-07-26,Poland,Lodz,43.05
101520,423,2023-07-16,2023-07-20,2023-07-26,Spain,Barcelona,16.63
101521,421,2023-07-16,2023-07-20,2023-07-17,Poland,Warsaw,5.79
101522,70,2023-07-16,2023-07-26,2023-07-25,Spain,Madrid,19.6
101523,359,2023-07-16,2023-07-29,2023-07-22,France,Paris,17.68
101524,256,2023-07-16,2023-07-20,2023-07-27,USA,Chicago,8.74
101525,32,2023-07-16,2023-07-28,2023-07-17,United Kingdom,Manchester,14.87
101526,336,2023-07-16,2023-07-24,2023-07-24,Poland,Poznan,28.73
101527,394,2023-07-16,2023-07-21,2023-07-22,Canada,Calgary,15.63
101528,117,2023-07-16,2023-07-26,,France,Nice,40.75
101529,224,2023-07-17,2023-07-28,2023-07-19,Spain,Barcelona,19.07
101530,484,2023-07-17,2023-07-24,2023-07-24,Czech Republic,Brno,16.12
101531,361,2023-07-17,2023-07-20,2023-07-27,United Kingdom,Leeds,25.21
101532,276,2023-07-17,2023-07-28,2023-07-28,Italy,Florence,34.19
101533,57,2023-07-17,2023-07-20,2023-07-27,United Kingdom,Manchester,9.22
101534,305,2023-07-17,2023-07-23,2023-07-28,France,Marseille,16.55
101535,41,2023-07-17,2023-07-26,2023-07-21,Germany,Hamburg,15.45
101536,369,2023-07-17,2023-07-25,2023-07-26,Czech Republic,Brno,27.22
101537,171,2023-07-17,2023-07-24,2023-07-21,Poland,Gdansk,19.59
101538,472,2023-07-17,2023-07-24,2023-07-28,Czech Republic,Brno,12.46
101539,48,2023-07-17,2023-07-26,2023-07-28,USA,Denver,27.87
101540,305,2023-07-17,2023-07-25,2023-07-27,France,Marseille,11.62
101541,416,2023-07-18,2023-07-28,2023-07-19,Germany,Hamburg,9.13
101542,283,2023-07-18,2023-07-29,2023-07-19,Poland,Lodz,6.96
101543,439,2023-07-18,2023-07-26,2023-07-21,Germany,Berlin,22.44
101544,350,2023-07-18,2023-07-24,2023-07-27,Germany,Munich,26.63
101545,341,2023-07-18,2023-07-24,2023-07-24,Italy,Rome,7.15
101546,325,2023-07-18,2023-07-25,2023-07-29,Netherlands,Eindhoven,6.0
101547,391,2023-07-18,2023-07-22,2023-07-21,Germany,Berlin,20.83
101548,264,2023-07-18,2023-07-21,2023-07-19,United Kingdom,London,23.55
101549,114,2023-07-19,2023-07-26,2023-07-27,Spain,Bilbao,22.21
101550,253,2023-07-19,2023-07-26,2023-07-21,Germany,Hamburg,14.98
101551,275,2023-07-19,2023-07-24,2023-07-25,Germany,Berlin,21.47
101552,269,2023-07-19,2023-07-22,2023-07-26,Norway,Bergen,12.36
101553,90,2023-07-19,2023-07-31,,Italy,Naples,11.94
101554,436,2023-07-19,2023-08-01,2023-07-20,Italy,Florence,17.41
101555,13,2023-07-19,2023-07-26,2023-07-29,Italy,Florence,11.61
101556,290,2023-07-20,2023-07-27,2023-07-26,Austria,Vienna,41.93
101557,66,2023-07-20,2023-08-01,2023-07-30,Spain,Valencia,28.14
101558,90,2023-07-20,2023-08-01,2023-07-22,Italy,Naples,10.48
101559,146,2023-07-20,2023-07-23,2023-07-29,Germany,Hamburg,20.86
101560,465,2023-07-20,2023-07-28,2023-07-29,France,Paris,9.63
101561,276,2023-07-20,2023-07-25,2023-07-25,Italy,Florence,6.04
101562,391,2023-07-21,2023-07-25,2023-08-01,Germany,Berlin,18.53
101563,10,2023-07-21,2023-07-28,2023-07-30,Poland,Gdansk,5.62
101564,475,2023-07-21,2023-08-03,,Poland,Wroclaw,24.82
101565,399,2023-07-21,2023-07-30,2023-08-01,Poland,Poznan,13.35
101566,93,2023-07-21,2023-08-02,2023-07-25,Canada,Vancouver,9.05
101567,37,2023-07-21,2023-07-28,2023-07-23,Spain,Valencia,22.23
101568,452,2023-07-21,2023-08-01,2023-08-01,Italy,Florence,37.75
101569,430,2023-07-21,2023-07-26,2023-08-01,Germany,Hamburg,22.42
101570,22,2023-07-21,2023-07-24,2023-08-01,USA,New York,10.21
101571,270,2023-07-21,2023-08-02,2023-07-24,France,Lyon,18.66
101572,81,2023-07-21,2023-07-31,,Germany,Munich,19.39
101573,73,2023-07-21,2023-07-31,2023-07-28,USA,Denver,19.01
101574,158,2023-07-22,2023-08-04,2023-08-02,USA,New York,20.48
101575,331,2023-07-22,2023-07-25,2023-07-23,Poland,Poznan,15.82
101576,383,2023-07-22,2023-07-31,2023-07-24,Italy,Rome,14.69
101577,135,2023-07-22,2023-07-26,2023-07-23,Netherlands,Amsterdam,23.3
101578,487,2023-07-22,2023-08-01,2023-07-25,Poland,Gdansk,14.3
101579,254,2023-07-22,2023-07-27,,USA,Chicago,14.95
101580,28,2023-07-22,2023-08-03,2023-07-26,USA,Chicago,15.05
101581,155,2023-07-22,2023-07-31,2023-07-29,Spain,Madrid,7.1
101582,366,2023-07-22,2023-08-01,2023-07-27,Spain,Valencia,36.7
101583,271,2023-07-22,2023-08-01,2023-08-01,USA,Chicago,14.38
101584,391,2023-07-22,2023-07-29,2023-08-01,Germany,Berlin,17.19
101585,463,2023-07-23,2023-07-29,2023-08-02,Spain,Madrid,9.73
101586,250,2023-07-23,2023-08-02,2023-07-27,Czech Republic,Pilsen,18.34
101587,146,2023-07-23,2023-08-04,2023-07-24,Germany,Hamburg,31.34
101588,132,2023-07-23,2023-07-30,2023-07-28,Netherlands,Utrecht,29.3
101589,99,2023-07-23,2023-07-31,2023-07-29,Canada,Vancouver,10.31
101590,222,2023-07-24,2023-08-03,2023-07-28,USA,Seattle,48.51
101591,451,2023-07-24,2023-07-31,,Italy,Naples,20.98
101592,325,2023-07-24,2023-07-28,2023-08-02,Netherlands,Eindhoven,19.75
101593,351,2023-07-24,2023-08-01,2023-08-02,Italy,Florence,27.33
101594,256,2023-07-24,2023-07-29,2023-07-27,USA,Chicago,16.47
101595,90,2023-07-24,2023-07-29,2023-07-28,Italy,Naples,26.31
101596,369,2023-07-24,2023-08-04,2023-07-31,Czech Republic,Brno,5.24
101597,114,2023-07-24,2023-08-06,2023-07-30,Spain,Bilbao,14.89
101598,298,2023-07-25,2023-07-30,2023-08-01,USA,Boston,8.81
101599,75,2023-07-25,2023-07-31,2023-08-01,Austria,Salzburg,11.91
101600,436,2023-07-25,2023-08-01,2023-08-02,Italy,Florence,38.25
101601,383,2023-07-25,2023-07-28,2023-08-03,Italy,Rome,14.24
101602,231,2023-07-25,2023-07-28,2023-07-29,Sweden,Stockholm,19.03
101603,209,2023-07-25,2023-08-02,2023-08-04,United Kingdom,Manchester,30.39
101604,398,2023-07-25,2023-07-30,2023-08-02,Poland,Wroclaw,11.26
101605,140,2023-07-25,2023-08-07,2023-08-04,Germany,Berlin,22.4
101606,465,2023-07-26,2023-08-06,2023-07-30,France,Paris,12.1
101607,351,2023-07-26,2023-08-08,2023-08-04,Italy,Florence,17.63
101608,403,2023-07-26,2023-08-08,2023-08-01,Poland,Gdansk,23.28
101609,115,2023-07-26,2023-08-08,2023-07-29,USA,Denver,10.61
101610,434,2023-07-27,2023-08-02,2023-07-29,Sweden,Gothenburg,7.66
101611,309,2023-07-27,2023-08-03,2023-08-03,France,Toulouse,14.36
101612,90,2023-07-27,2023-07-30,2023-08-05,Italy,Naples,12.05
101613,403,2023-07-27,2023-07-30,,Poland,Gdansk,6.98
101614,138,2023-07-27,2023-08-06,,Italy,Florence,21.93
101615,423,2023-07-27,2023-08-07,2023-08-04,Spain,Barcelona,23.6
101616,6,2023-07-27,2023-08-06,2023-08-03,Poland,Gdansk,13.88
101617,500,2023-07-27,2023-08-08,2023-08-01,United Kingdom,Bristol,10.48
101618,412,2023-07-27,2023-08-05,2023-08-02,Germany,Cologne,11.3
101619,223,2023-07-27,2023-08-09,2023-07-29,Germany,Berlin,16.14
101620,191,2023-07-28,2023-07-31,2023-07-31,USA,Seattle,18.44
101621,235,2023-07-28,2023-07-31,2023-08-07,Italy,Turin,26.99
101622,331,2023-07-28,2023-08-03,2023-08-08,Poland,Poznan,11.63
101623,115,2023-07-28,2023-08-02,2023-08-06,USA,Denver,29.92
101624,276,2023-07-28,2023-08-03,,Italy,Florence,13.2
101625,442,2023-07-28,2023-08-06,2023-08-04,USA,Denver,10.66
101626,323,2023-07-28,2023-08-02,2023-08-07,Czech Republic,Ostrava,6.53
101627,317,2023-07-28,2023-08-01,,Norway,Bergen,48.13
101628,453,2023-07-29,2023-08-01,2023-07-30,United Kingdom,Manchester,17.06
101629,443,2023-07-29,2023-08-02,2023-08-08,Spain,Bilbao,8.38
101630,107,2023-07-29,2023-08-03,2023-08-07,Italy,Turin,32.2
101631,237,2023-07-29,2023-08-11,2023-08-02,Poland,Krakow,14.09
101632,57,2023-07-29,2023-08-07,2023-08-01,United Kingdom,Manchester,20.01
101633,22,2023-07-29,2023-08-11,2023-08-02,USA,New York,14.5
101634,449,2023-07-30,2023-08-08,2023-08-04,Poland,Krakow,17.74
101635,258,2023-07-30,2023-08-05,2023-08-09,Netherlands,Eindhoven,19.34
101636,93,2023-07-30,2023-08-06,2023-08-09,Canada,Vancouver,9.49
101637,280,2023-07-30,2023-08-12,2023-08-04,United Kingdom,Liverpool,8.08
101638,224,2023-07-30,2023-08-04,2023-08-03,Spain,Barcelona,18.49
101639,394,2023-07-30,2023-08-12,2023-08-05,Canada,Calgary,35.81
101640,184,2023-07-31,2023-08-09,2023-08-10,Germany,Berlin,30.36
101641,177,2023-07-31,2023-08-12,2023-08-05,Germany,Hamburg,26.34
101642,250,2023-07-31,2023-08-04,2023-08-10,Czech Republic,Pilsen,7.58
101643,437,2023-07-31,2023-08-08,2023-08-03,Poland,Lodz,18.51
101644,479,2023-07-31,2023-08-06,2023-08-02,Poland,Wroclaw,16.86
101645,238,2023-07-31,2023-08-12,2023-08-08,Germany,Hamburg,30.44
101646,487,2023-07-31,2023-08-08,2023-08-08,Poland,Gdansk,21.84
101647,460,2023-07-31,2023-08-07,2023-08-06,USA,Denver,15.56
101648,313,2023-08-01,2023-08-12,2023-08-11,Czech Republic,Ostrava,25.52
101649,15,2023-08-01,2023-08-04,2023-08-03,Spain,Seville,21.03
101650,118,2023-08-01,2023-08-05,2023-08-07,Germany,Frankfurt,14.62
101651,259,2023-08-02,2023-08-10,2023-08-11,USA,Boston,21.61
101652,237,2023-08-02,2023-08-15,2023-08-09,Poland,Krakow,11.35
101653,484,2023-08-02,2023-08-11,2023-08-13,Czech Republic,Brno,36.07
101654,443,2023-08-02,2023-08-15,2023-08-03,Spain,Bilbao,16.93
101655,140,2023-08-02,2023-08-13,2023-08-06,Germany,Berlin,4.25
101656,105,2023-08-02,2023-08-10,2023-08-08,Czech Republic,Pilsen,11.73
101657,351,2023-08-02,2023-08-05,2023-08-11,Italy,Florence,7.61
101658,209,2023-08-02,2023-08-14,2023-08-11,United Kingdom,Manchester,10.06
101659,92,2023-08-03,2023-08-16,2023-08-08,Austria,Vienna,15.26
101660,258,2023-08-03,2023-08-12,2023-08-06,Netherlands,Eindhoven,13.6
101661,90,2023-08-03,2023-08-13,2023-08-14,Italy,Naples,10.34
101662,405,2023-08-03,2023-08-12,2023-08-07,Netherlands,Amsterdam,17.84
101663,208,2023-08-03,2023-08-15,2023-08-14,Norway,Trondheim,26.44
101664,462,2023-08-03,2023-08-06,2023-08-12,Spain,Barcelona,60.77
101665,260,2023-08-04,2023-08-11,2023-08-12,Norway,Oslo,11.11
101666,255,2023-08-04,2023-08-09,2023-08-12,Austria,Graz,21.06
101667,159,2023-08-04,2023-08-16,2023-08-14,United Kingdom,Liverpool,14.48
101668,453,2023-08-04,2023-08-07,2023-08-10,United Kingdom,Manchester,8.11
101669,451,2023-08-04,2023-08-17,2023-08-07,Italy,Naples,7.69
101670,13,2023-08-04,2023-08-11,2023-08-06,Italy,Florence,13.11
101671,438,2023-08-04,2023-08-17,2023-08-10,Germany,Munich,18.7
101672,20,2023-08-05,2023-08-09,2023-08-13,Netherlands,Rotterdam,16.82
101673,26,2023-08-05,2023-08-10,2023-08-15,USA,Chicago,26.38
101674,369,2023-08-05,2023-08-10,,Czech Republic,Brno,24.79
101675,298,2023-08-05,2023-08-11,2023-08-08,USA,Boston,26.07
101676,52,2023-08-05,2023-08-11,2023-08-16,Canada,Vancouver,15.07
101677,407,2023-08-05,2023-08-16,2023-08-13,Germany,Cologne,11.6
101678,484,2023-08-05,2023-08-08,2023-08-12,Czech Republic,Brno,17.65
101679,351,2023-08-05,2023-08-18,2023-08-08,Italy,Florence,7.01
101680,403,2023-08-05,2023-08-10,2023-08-13,Poland,Gdansk,13.06
101681,481,2023-08-05,2023-08-18,,Germany,Frankfurt,13.62
101682,59,2023-08-06,2023-08-09,2023-08-07,Austria,Salzburg,20.93
101683,440,2023-08-06,2023-08-19,2023-08-08,Netherlands,Rotterdam,29.71
101684,97,2023-08-06,2023-08-14,2023-08-11,Poland,Gdansk,19.5
101685,328,2023-08-06,2023-08-13,2023-08-10,United Kingdom,Liverpool,9.57
101686,85,2023-08-06,2023-08-12,2023-08-13,United Kingdom,London,12.04
101687,269,2023-08-06,2023-08-13,2023-08-15,Norway,Bergen,9.46
101688,17,2023-08-06,2023-08-09,2023-08-12,France,Lyon,6.1
101689,314,2023-08-06,2023-08-19,2023-08-16,Sweden,Gothenburg,18.69
101690,13,2023-08-06,2023-08-17,2023-08-10,Italy,Florence,41.44
101691,293,2023-08-06,2023-08-13,2023-08-16,Poland,Poznan,10.92
101692,465,2023-08-07,2023-08-18,2023-08-09,France,Paris,15.69
101693,57,2023-08-07,2023-08-11,2023-08-15,United Kingdom,Manchester,18.32
101694,107,2023-08-07,2023-08-17,2023-08-11,Italy,Turin,19.81
101695,371,2023-08-07,2023-08-19,,France,Paris,20.63
101696,15,2023-08-07,2023-08-14,2023-08-18,Spain,Seville,15.65
101697,109,2023-08-07,2023-08-14,,Spain,Bilbao,23.43
101698,26,2023-08-07,2023-08-15,2023-08-10,USA,Chicago,20.26
101699,436,2023-08-07,2023-08-10,2023-08-15,Italy,Florence,12.87
101700,153,2023-08-07,2023-08-14,2023-08-15,Norway,Bergen,15.46
101701,453,2023-08-07,2023-08-12,2023-08-17,United Kingdom,Manchester,12.6
101702,350,2023-08-08,2023-08-19,2023-08-14,Germany,Munich,22.53
101703,227,2023-08-08,2023-08-14,2023-08-15,Germany,Frankfurt,19.37
101704,425,2023-08-08,2023-08-16,,Czech Republic,Prague,37.56
101705,109,2023-08-08,2023-08-21,2023-08-09,Spain,Bilbao,14.12
101706,391,2023-08-08,2023-08-13,2023-08-13,Germany,Berlin,15.2
101707,369,2023-08-08,2023-08-18,2023-08-13,Czech Republic,Brno,20.13
101708,13,2023-08-08,2023-08-12,2023-08-15,Italy,Florence,11.9
101709,200,2023-08-08,2023-08-19,2023-08-16,Spain,Bilbao,23.16
101710,452,2023-08-08,2023-08-12,2023-08-13,Italy,Florence,8.44
101711,345,2023-08-09,2023-08-19,2023-08-12,Poland,Gdansk,15.51
101712,77,2023-08-09,2023-08-13,2023-08-16,Spain,Madrid,15.31
101713,443,2023-08-09,2023-08-19,2023-08-17,Spain,Bilbao,10.89
101714,14,2023-08-09,2023-08-12,2023-08-20,Netherlands,Eindhoven,23.52
101715,276,2023-08-09,2023-08-20,2023-08-20,Italy,Florence,18.82
101716,253,2023-08-09,2023-08-15,2023-08-14,Germany,Hamburg,31.28
101717,83,2023-08-09,2023-08-12,2023-08-12,United Kingdom,Manchester,17.98
101718,443,2023-08-09,2023-08-16,,Spain,Bilbao,12.15
101719,147,2023-08-09,2023-08-14,2023-08-10,Austria,Linz,6.33
101720,265,2023-08-10,2023-08-14,2023-08-18,Poland,Krakow,11.92
101721,307,2023-08-10,2023-08-17,2023-08-18,USA,Boston,23.41
101722,34,2023-08-10,2023-08-13,2023-08-20,Canada,Vancouver,39.63
101723,481,2023-08-10,2023-08-22,2023-08-19,Germany,Frankfurt,9.96
101724,171,2023-08-10,2023-08-21,2023-08-13,Poland,Gdansk,19.66
101725,191,2023-08-10,2023-08-18,2023-08-16,USA,Seattle,7.49
101726,48,2023-08-10,2023-08-20,2023-08-20,USA,Denver,24.74
101727,172,2023-08-11,2023-08-20,2023-08-16,Norway,Trondheim,20.31
101728,146,2023-08-11,2023-08-14,2023-08-14,Germany,Hamburg,9.81
101729,372,2023-08-11,2023-08-20,2023-08-19,United Kingdom,Manchester,30.82
101730,250,2023-08-11,2023-08-15,2023-08-16,Czech Republic,Pilsen,16.48
101731,235,2023-08-11,2023-08-15,2023-08-19,Italy,Turin,10.89
101732,463,2023-08-11,2023-08-19,2023-08-13,Spain,Madrid,15.5
101733,76,2023-08-11,2023-08-18,2023-08-20,Spain,Bilbao,12.78
101734,369,2023-08-11,2023-08-21,2023-08-13,Czech Republic,Brno,56.87
101735,16,2023-08-11,2023-08-24,2023-08-21,Sweden,Uppsala,23.24
101736,119,2023-08-11,2023-08-23,2023-08-16,Italy,Milan,9.3
101737,90,2023-08-11,2023-08-16,2023-08-14,Italy,Naples,10.35
101738,394,2023-08-11,2023-08-14,2023-08-21,Canada,Calgary,13.0
101739,141,2023-08-11,2023-08-20,2023-08-21,Spain,Madrid,7.92
101740,19,2023-08-11,2023-08-17,2023-08-19,USA,Denver,12.45
101741,491,2023-08-11,2023-08-18,2023-08-14,Canada,Ottawa,26.23
101742,366,2023-08-12,2023-08-25,2023-08-16,Spain,Valencia,26.31
101743,64,2023-08-12,2023-08-15,2023-08-19,Poland,Wroclaw,13.17
101744,146,2023-08-13,2023-08-21,,Germany,Hamburg,9.87
101745,305,2023-08-13,2023-08-18,2023-08-17,France,Marseille,26.45
101746,269,2023-08-13,2023-08-17,2023-08-21,Norway,Bergen,28.91
101747,156,2023-08-13,2023-08-25,2023-08-19,France,Nice,40.72
101748,166,2023-08-13,2023-08-22,2023-08-20,USA,Seattle,25.72
101749,99,2023-08-14,2023-08-20,2023-08-15,Canada,Vancouver,11.46
101750,423,2023-08-14,2023-08-17,2023-08-15,Spain,Barcelona,9.45
101751,356,2023-08-14,2023-08-21,2023-08-15,Poland,Poznan,20.33
101752,356,2023-08-14,2023-08-26,2023-08-20,Poland,Poznan,15.07
101753,38,2023-08-14,2023-08-20,2023-08-25,Netherlands,Amsterdam,4.48
101754,90,2023-08-14,2023-08-20,2023-08-23,Italy,Naples,13.09
101755,164,2023-08-14,2023-08-17,2023-08-23,Netherlands,Eindhoven,21.21
101756,460,2023-08-14,2023-08-17,2023-08-20,USA,Denver,22.85
101757,391,2023-08-14,2023-08-22,2023-08-17,Germany,Berlin,25.15
101758,112,2023-08-14,2023-08-25,2023-08-22,USA,Chicago,17.1
101759,129,2023-08-14,2023-08-17,2023-08-16,Sweden,Stockholm,6.66
101760,115,2023-08-14,2023-08-19,2023-08-16,USA,Denver,14.15
101761,391,2023-08-15,2023-08-26,2023-08-26,Germany,Berlin,7.42
101762,166,2023-08-15,2023-08-19,2023-08-26,USA,Seattle,25.05
101763,475,2023-08-15,2023-08-24,2023-08-20,Poland,Wroclaw,18.99
101764,222,2023-08-15,2023-08-21,2023-08-26,USA,Seattle,32.45
101765,90,2023-08-16,2023-08-19,2023-08-22,Italy,Naples,28.44
101766,321,2023-08-16,2023-08-23,2023-08-21,France,Paris,26.08
101767,380,2023-08-16,2023-08-25,2023-08-24,Netherlands,Rotterdam,16.36
101768,235,2023-08-16,2023-08-20,2023-08-23,Italy,Turin,4.9
101769,177,2023-08-16,2023-08-26,2023-08-26,Germany,Hamburg,18.34
101770,5,2023-08-16,2023-08-29,2023-08-19,Poland,Wroclaw,31.59
101771,283,2023-08-16,2023-08-25,2023-08-19,Poland,Lodz,10.07
101772,420,2023-08-16,2023-08-21,,Poland,Krakow,6.35
101773,278,2023-08-16,2023-08-29,2023-08-22,USA,Chicago,9.1
101774,355,2023-08-16,2023-08-19,2023-08-24,Germany,Hamburg,26.68
101775,22,2023-08-17,2023-08-26,2023-08-19,USA,New York,15.0
101776,313,2023-08-17,2023-08-24,2023-08-19,Czech Republic,Ostrava,6.31
101777,62,2023-08-17,2023-08-28,2023-08-27,Poland,Lodz,12.24
101778,398,2023-08-17,2023-08-24,2023-08-23,Poland,Wroclaw,8.38
101779,423,2023-08-17,2023-08-20,2023-08-18,Spain,Barcelona,31.89
101780,319,2023-08-17,2023-08-30,2023-08-27,Italy,Milan,14.35
101781,44,2023-08-17,2023-08-27,2023-08-21,Spain,Madrid,17.7
101782,380,2023-08-17,2023-08-30,2023-08-18,Netherlands,Rotterdam,13.66
101783,379,2023-08-17,2023-08-26,2023-08-27,Netherlands,Amsterdam,20.3
101784,307,2023-08-17,2023-08-28,2023-08-21,USA,Boston,12.15
101785,37,2023-08-17,2023-08-28,2023-08-21,Spain,Valencia,15.21
101786,368,2023-08-17,2023-08-30,2023-08-18,Poland,Gdansk,30.27
101787,307,2023-08-17,2023-08-30,2023-08-23,USA,Boston,21.05
101788,32,2023-08-18,2023-08-23,2023-08-19,United Kingdom,Manchester,7.42
101789,229,2023-08-18,2023-08-24,2023-08-29,Spain,Madrid,22.24
101790,422,2023-08-18,2023-08-25,2023-08-22,Spain,Seville,10.31
101791,450,2023-08-18,2023-08-31,2023-08-27,Poland,Wroclaw,13.78
101792,436,2023-08-18,2023-08-23,2023-08-27,Italy,Florence,24.71
101793,89,2023-08-18,2023-08-27,2023-08-26,Italy,Florence,7.46
101794,22,2023-08-18,2023-08-21,2023-08-28,USA,New York,19.91
101795,422,2023-08-19,2023-09-01,2023-08-24,Spain,Seville,13.34
101796,372,2023-08-19,2023-08-24,2023-08-28,United Kingdom,Manchester,16.6
101797,115,2023-08-19,2023-08-30,,USA,Denver,18.87
101798,112,2023-08-19,2023-08-29,2023-08-22,USA,Chicago,13.56
101799,180,2023-08-19,2023-08-22,2023-08-21,Sweden,Uppsala,26.47
101800,187,2023-08-19,2023-08-24,2023-08-25,Germany,Berlin,19.85
101801,22,2023-08-19,2023-08-24,2023-08-25,USA,New York,19.58
101802,231,2023-08-19,2023-08-31,2023-08-26,Sweden,Stockholm,18.15
101803,479,2023-08-19,2023-08-24,2023-08-27,Poland,Wroclaw,20.33
101804,223,2023-08-20,2023-08-27,2023-08-23,Germany,Berlin,17.2
101805,48,2023-08-20,2023-08-27,2023-08-21,USA,Denver,12.41
101806,208,2023-08-20,2023-08-31,2023-08-29,Norway,Trondheim,9.44
101807,325,2023-08-20,2023-08-27,2023-08-22,Netherlands,Eindhoven,36.26
101808,458,2023-08-20,2023-08-24,2023-08-27,Netherlands,Amsterdam,4.52
101809,3,2023-08-21,2023-08-31,2023-09-01,Spain,Bilbao,4.64
101810,410,2023-08-21,2023-08-29,2023-08-25,Netherlands,Rotterdam,14.79
101811,4,2023-08-21,2023-08-24,2023-08-28,Italy,Turin,8.57
101812,105,2023-08-21,2023-08-27,2023-08-27,Czech Republic,Pilsen,9.75
101813,270,2023-08-21,2023-09-02,,France,Lyon,14.66
101814,399,2023-08-21,2023-08-27,2023-08-28,Poland,Poznan,11.27
101815,160,2023-08-22,2023-09-02,2023-09-01,United Kingdom,Manchester,28.45
101816,63,2023-08-22,2023-09-04,2023-08-28,Netherlands,Eindhoven,7.69
101817,280,2023-08-23,2023-08-28,2023-08-25,United Kingdom,Liverpool,9.93
101818,484,2023-08-23,2023-08-26,2023-09-03,Czech Republic,Brno,33.99
101819,276,2023-08-23,2023-08-31,2023-08-26,Italy,Florence,20.78
101820,463,2023-08-23,2023-09-03,2023-08-27,Spain,Madrid,18.22
101821,117,2023-08-23,2023-09-02,2023-08-27,France,Nice,28.59
101822,326,2023-08-23,2023-09-05,2023-08-26,Poland,Poznan,56.74
101823,324,2023-08-23,2023-08-28,2023-09-01,Czech Republic,Ostrava,13.78
101824,251,2023-08-24,2023-09-02,2023-08-27,United Kingdom,Bristol,13.79
101825,147,2023-08-24,2023-09-02,2023-08-28,Austria,Linz,7.52
101826,452,2023-08-24,2023-08-28,2023-08-25,Italy,Florence,10.5
101827,89,2023-08-24,2023-09-01,2023-08-30,Italy,Florence,23.71
101828,83,2023-08-24,2023-08-30,,United Kingdom,Manchester,15.12
101829,155,2023-08-24,2023-09-06,2023-08-31,Spain,Madrid,14.76
101830,419,2023-08-24,2023-08-29,2023-09-03,Germany,Cologne,13.1
101831,89,2023-08-24,2023-08-28,,Italy,Florence,57.62
101832,104,2023-08-24,2023-09-02,2023-09-01,United Kingdom,London,40.72
101833,238,2023-08-24,2023-09-06,2023-08-25,Germany,Hamburg,31.55
101834,22,2023-08-25,2023-09-06,2023-09-05,USA,New York,15.9
101835,84,2023-08-25,2023-08-30,2023-08-31,USA,Seattle,76.63
101836,200,2023-08-25,2023-08-30,2023-08-30,Spain,Bilbao,9.95
101837,209,2023-08-25,2023-08-29,2023-09-02,United Kingdom,Manchester,19.85
101838,294,2023-08-25,2023-08-31,2023-09-05,Germany,Berlin,12.13
101839,127,2023-08-26,2023-09-02,2023-08-28,France,Paris,23.63
101840,453,2023-08-26,2023-08-29,2023-09-01,United Kingdom,Manchester,22.43
101841,90,2023-08-26,2023-09-03,2023-08-30,Italy,Naples,19.18
101842,59,2023-08-26,2023-09-08,2023-09-05,Austria,Salzburg,19.62
101843,337,2023-08-26,2023-08-31,2023-08-28,Canada,Toronto,9.34
101844,54,2023-08-26,2023-08-30,2023-08-31,France,Marseille,20.18
101845,460,2023-08-26,2023-08-31,2023-09-02,USA,Denver,23.82
101846,345,2023-08-26,2023-08-29,2023-08-30,Poland,Gdansk,12.61
101847,146,2023-08-26,2023-09-07,2023-08-30,Germany,Hamburg,13.11
101848,437,2023-08-26,2023-09-08,2023-09-06,Poland,Lodz,6.1
101849,250,2023-08-27,2023-09-09,2023-09-01,Czech Republic,Pilsen,17.86
101850,352,2023-08-27,2023-09-08,2023-09-02,Poland,Krakow,9.41
101851,467,2023-08-27,2023-09-07,2023-08-28,Poland,Warsaw,30.62
101852,57,2023-08-27,2023-09-08,2023-08-28,United Kingdom,Manchester,14.9
101853,475,2023-08-27,2023-09-01,2023-09-02,Poland,Wroclaw,23.5
101854,413,2023-08-27,2023-08-30,2023-09-02,Germany,Hamburg,20.16
101855,121,2023-08-27,2023-09-01,2023-08-28,Austria,Vienna,7.74
101856,484,2023-08-27,2023-08-30,2023-09-07,Czech Republic,Brno,17.85
101857,55,2023-08-27,2023-08-30,2023-09-07,USA,Seattle,8.13
101858,25,2023-08-27,2023-09-08,2023-09-07,Netherlands,Amsterdam,15.95
101859,271,2023-08-27,2023-09-03,,USA,Chicago,10.94
101860,443,2023-08-28,2023-09-08,2023-08-29,Spain,Bilbao,15.15
101861,198,2023-08-28,2023-09-05,,Poland,Gdansk,15.71
101862,319,2023-08-28,2023-09-10,,Italy,Milan,9.4
101863,357,2023-08-28,2023-09-10,2023-09-03,Italy,Turin,16.53
101864,440,2023-08-28,2023-09-04,2023-09-02,Netherlands,Rotterdam,16.41
101865,38,2023-08-28,2023-09-08,2023-08-31,Netherlands,Amsterdam,28.84
101866,38,2023-08-29,2023-09-07,2023-09-01,Netherlands,Amsterdam,21.4
101867,197,2023-08-29,2023-09-02,2023-09-08,Germany,Munich,33.38
101868,392,2023-08-29,2023-09-06,2023-09-07,United Kingdom,Bristol,22.17
101869,284,2023-08-29,2023-09-04,2023-09-01,United Kingdom,Liverpool,13.43
101870,48,2023-08-29,2023-09-05,2023-08-30,USA,Denver,24.28
101871,394,2023-08-29,2023-09-07,2023-09-06,Canada,Calgary,24.82
101872,141,2023-08-29,2023-09-06,2023-08-30,Spain,Madrid,22.99
101873,37,2023-08-29,2023-09-07,2023-09-05,Spain,Valencia,15.14
101874,44,2023-08-29,2023-09-07,2023-08-30,Spain,Madrid,21.74
101875,45,2023-08-30,2023-09-10,2023-09-04,Netherlands,Rotterdam,15.46
101876,222,2023-08-30,2023-09-02,2023-09-07,USA,Seattle,13.11
101877,377,2023-08-30,2023-09-07,2023-09-04,France,Marseille,5.71
101878,357,2023-08-30,2023-09-07,2023-09-08,Italy,Turin,34.69
101879,450,2023-08-30,2023-09-11,2023-09-03,Poland,Wroclaw,12.37
101880,305,2023-08-30,2023-09-11,,France,Marseille,8.55
101881,380,2023-08-30,2023-09-02,2023-09-07,Netherlands,Rotterdam,7.15
101882,272,2023-08-30,2023-09-07,2023-09-07,Germany,Munich,25.72
101883,21,2023-08-31,2023-09-13,2023-09-10,Canada,Vancouver,3.62
101884,201,2023-08-31,2023-09-10,2023-09-11,United Kingdom,Manchester,23.01
101885,319,2023-08-31,2023-09-09,2023-09-05,Italy,Milan,20.66
101886,13,2023-08-31,2023-09-04,2023-09-02,Italy,Florence,16.94
101887,226,2023-08-31,2023-09-06,2023-09-11,France,Nice,26.36
101888,83,2023-08-31,2023-09-05,2023-09-07,United Kingdom,Manchester,9.73
101889,60,2023-08-31,2023-09-03,2023-09-10,Netherlands,Eindhoven,7.76
101890,368,2023-08-31,2023-09-09,2023-09-09,Poland,Gdansk,10.39
101891,248,2023-09-01,2023-09-07,,Poland,Wroclaw,13.8
101892,34,2023-09-01,2023-09-11,2023-09-07,Canada,Vancouver,8.4
101893,475,2023-09-01,2023-09-10,2023-09-11,Poland,Wroclaw,12.03
101894,52,2023-09-01,2023-09-07,2023-09-05,Canada,Vancouver,16.93
101895,330,2023-09-01,2023-09-05,2023-09-05,Spain,Seville,10.13
101896,3,2023-09-01,2023-09-04,2023-09-05,Spain,Bilbao,8.2
101897,242,2023-09-01,2023-09-06,2023-09-10,Norway,Oslo,16.91
101898,359,2023-09-01,2023-09-07,2023-09-07,France,Paris,19.93
101899,131,2023-09-01,2023-09-04,2023-09-02,Spain,Seville,28.54
101900,164,2023-09-01,2023-09-09,2023-09-10,Netherlands,Eindhoven,17.9
101901,162,2023-09-01,2023-09-08,2023-09-05,Poland,Lodz,16.8
101902,371,2023-09-01,2023-09-05,2023-09-06,France,Paris,11.57
101903,443,2023-09-01,2023-09-12,,Spain,Bilbao,11.98
101904,437,2023-09-02,2023-09-06,2023-09-06,Poland,Lodz,17.99
101905,162,2023-09-02,2023-09-08,2023-09-03,Poland,Lodz,12.68
101906,22,2023-09-02,2023-09-14,2023-09-09,USA,New York,25.14
101907,26,2023-09-02,2023-09-08,2023-09-13,USA,Chicago,28.44
101908,351,2023-09-02,2023-09-14,2023-09-08,Italy,Florence,55.33
101909,373,2023-09-02,2023-09-10,2023-09-13,United Kingdom,Bristol,17.16
101910,258,2023-09-02,2023-09-15,2023-09-10,Netherlands,Eindhoven,31.65
101911,52,2023-09-02,2023-09-10,2023-09-11,Canada,Vancouver,29.88
101912,247,2023-09-02,2023-09-07,2023-09-12,Germany,Hamburg,14.58
101913,204,2023-09-02,2023-09-13,2023-09-06,Poland,Gdansk,26.13
101914,226,2023-09-03,2023-09-16,2023-09-08,France,Nice,45.72
101915,499,2023-09-03,2023-09-16,2023-09-06,Italy,Milan,6.98
101916,355,2023-09-03,2023-09-08,2023-09-14,Germany,Hamburg,7.45
101917,325,2023-09-03,2023-09-14,2023-09-08,Netherlands,Eindhoven,21.33
101918,48,2023-09-03,2023-09-10,,USA,Denver,22.16
101919,131,2023-09-03,2023-09-12,2023-09-14,Spain,Seville,24.31
101920,318,2023-09-03,2023-09-10,,Poland,Warsaw,12.07
101921,28,2023-09-03,2023-09-08,2023-09-14,USA,Chicago,17.89
101922,325,2023-09-03,2023-09-10,2023-09-08,Netherlands,Eindhoven,26.88
101923,140,2023-09-03,2023-09-06,2023-09-06,Germany,Berlin,12.11
101924,183,2023-09-03,2023-09-07,2023-09-11,Austria,Salzburg,20.48
101925,22,2023-09-03,2023-09-10,2023-09-09,USA,New York,16.58
101926,475,2023-09-03,2023-09-16,2023-09-08,Poland,Wroclaw,31.32
101927,254,2023-09-04,2023-09-14,2023-09-09,USA,Chicago,25.16
101928,397,2023-09-04,2023-09-16,2023-09-15,Poland,Warsaw,12.39
101929,153,2023-09-04,2023-09-13,2023-09-10,Norway,Bergen,31.71
101930,405,2023-09-04,2023-09-09,2023-09-10,Netherlands,Amsterdam,15.58
101931,22,2023-09-04,2023-09-15,,USA,New York,33.12
101932,13,2023-09-04,2023-09-15,2023-09-12,Italy,Florence,11.27
101933,84,2023-09-04,2023-09-15,2023-09-07,USA,Seattle,5.88
101934,119,2023-09-04,2023-09-17,2023-09-15,Italy,Milan,29.1
101935,391,2023-09-04,2023-09-17,2023-09-06,Germany,Berlin,14.46
101936,320,2023-09-05,2023-09-15,2023-09-07,Italy,Florence,5.5
101937,258,2023-09-05,2023-09-12,2023-09-15,Netherlands,Eindhoven,12.07
101938,215,2023-09-05,2023-09-14,2023-09-16,Italy,Milan,6.04
101939,114,2023-09-05,2023-09-11,2023-09-06,Spain,Bilbao,8.29
101940,83,2023-09-05,2023-09-11,2023-09-08,United Kingdom,Manchester,10.2
101941,226,2023-09-05,2023-09-14,2023-09-06,France,Nice,7.81
101942,405,2023-09-05,2023-09-09,2023-09-12,Netherlands,Amsterdam,21.38
101943,183,2023-09-05,2023-09-14,,Austria,Salzburg,22.32
101944,366,2023-09-05,2023-09-08,2023-09-08,Spain,Valencia,13.04
101945,247,2023-09-06,2023-09-15,2023-09-13,Germany,Hamburg,31.28
101946,411,2023-09-06,2023-09-18,2023-09-16,France,Lyon,20.21
101947,209,2023-09-06,2023-09-16,2023-09-11,United Kingdom,Manchester,9.33
101948,260,2023-09-06,2023-09-09,2023-09-13,Norway,Oslo,27.68
101949,363,2023-09-06,2023-09-16,2023-09-11,United Kingdom,Manchester,13.65
101950,267,2023-09-06,2023-09-10,2023-09-12,Germany,Munich,29.35
101951,140,2023-09-06,2023-09-19,2023-09-09,Germany,Berlin,9.02
101952,5,2023-09-06,2023-09-14,2023-09-17,Poland,Wroclaw,26.49
101953,6,2023-09-06,2023-09-14,,Poland,Gdansk,34.72
101954,457,2023-09-07,2023-09-11,2023-09-09,United Kingdom,London,25.22
101955,391,2023-09-07,2023-09-12,2023-09-15,Germany,Berlin,9.14
101956,386,2023-09-07,2023-09-20,2023-09-17,France,Marseille,25.71
101957,271,2023-09-07,2023-09-15,2023-09-10,USA,Chicago,12.92
101958,289,2023-09-07,2023-09-20,2023-09-16,United Kingdom,Liverpool,33.22
101959,258,2023-09-07,2023-09-16,2023-09-18,Netherlands,Eindhoven,6.15
101960,52,2023-09-07,2023-09-19,2023-09-08,Canada,Vancouver,32.11
101961,392,2023-09-08,2023-09-19,2023-09-15,United Kingdom,Bristol,15.37
101962,167,2023-09-08,2023-09-19,2023-09-15,USA,Chicago,6.66
101963,497,2023-09-08,2023-09-20,2023-09-09,Germany,Cologne,23.4
101964,305,2023-09-08,2023-09-14,,France,Marseille,33.02
101965,337,2023-09-08,2023-09-15,2023-09-15,Canada,Toronto,21.05
101966,201,2023-09-08,2023-09-21,2023-09-09,United Kingdom,Manchester,6.91
101967,305,2023-09-08,2023-09-17,2023-09-10,France,Marseille,15.25
101968,238,2023-09-09,2023-09-12,2023-09-13,Germany,Hamburg,18.83
101969,99,2023-09-09,2023-09-21,2023-09-11,Canada,Vancouver,12.25
101970,315,2023-09-09,2023-09-17,2023-09-16,Canada,Ottawa,10.53
101971,464,2023-09-09,2023-09-14,2023-09-18,Spain,Barcelona,32.28
101972,422,2023-09-09,2023-09-13,2023-09-14,Spain,Seville,24.87
101973,484,2023-09-09,2023-09-16,2023-09-20,Czech Republic,Brno,17.75
101974,412,2023-09-09,2023-09-17,2023-09-16,Germany,Cologne,10.4
101975,174,2023-09-09,2023-09-12,2023-09-17,United Kingdom,Bristol,16.94
101976,465,2023-09-09,2023-09-16,,France,Paris,7.65
101977,269,2023-09-09,2023-09-16,2023-09-13,Norway,Bergen,24.41
101978,162,2023-09-09,2023-09-16,2023-09-17,Poland,Lodz,11.4
101979,236,2023-09-10,2023-09-18,2023-09-16,Canada,Calgary,37.08
101980,99,2023-09-10,2023-09-14,2023-09-17,Canada,Vancouver,18.98
101981,303,2023-09-10,2023-09-22,2023-09-15,Italy,Turin,25.26
101982,176,2023-09-10,2023-09-13,2023-09-14,Germany,Cologne,38.39
101983,93,2023-09-10,2023-09-16,2023-09-12,Canada,Vancouver,13.59
101984,183,2023-09-10,2023-09-20,2023-09-19,Austria,Salzburg,21.04
101985,451,2023-09-10,2023-09-21,2023-09-20,Italy,Naples,14.58
101986,70,2023-09-11,2023-09-15,2023-09-17,Spain,Madrid,15.04
101987,239,2023-09-11,2023-09-17,2023-09-20,Canada,Toronto,11.77
101988,60,2023-09-11,2023-09-17,2023-09-14,Netherlands,Eindhoven,18.45
101989,410,2023-09-11,2023-09-21,2023-09-20,Netherlands,Rotterdam,21.07
101990,350,2023-09-11,2023-09-21,2023-09-17,Germany,Munich,18.45
101991,99,2023-09-11,2023-09-23,,Canada,Vancouver,19.46
101992,115,2023-09-11,2023-09-17,2023-09-19,USA,Denver,7.36
101993,276,2023-09-11,2023-09-16,2023-09-14,Italy,Florence,7.31
101994,250,2023-09-11,2023-09-17,2023-09-19,Czech Republic,Pilsen,22.83
101995,18,2023-09-12,2023-09-17,2023-09-23,Sweden,Malmo,3.37
101996,237,2023-09-12,2023-09-15,2023-09-23,Poland,Krakow,26.66
101997,291,2023-09-12,2023-09-23,2023-09-21,United Kingdom,Bristol,7.66
101998,425,2023-09-12,2023-09-22,2023-09-22,Czech Republic,Prague,28.11
101999,32,2023-09-12,2023-09-24,2023-09-13,United Kingdom,Manchester,13.96
102000,87,2023-09-12,2023-09-19,2023-09-18,Austria,Graz,10.18
102001,73,2023-09-12,2023-09-15,,USA,Denver,27.97
102002,48,2023-09-12,2023-09-24,2023-09-19,USA,Denver,20.06
102003,325,2023-09-12,2023-09-21,2023-09-23,Netherlands,Eindhoven,17.53
102004,326,2023-09-12,2023-09-17,2023-09-18,Poland,Poznan,26.1
102005,87,2023-09-12,2023-09-20,2023-09-18,Austria,Graz,19.79
102006,228,2023-09-12,2023-09-22,2023-09-13,Austria,Linz,13.55
102007,186,2023-09-12,2023-09-24,,Netherlands,Eindhoven,15.94
102008,383,2023-09-13,2023-09-22,2023-09-21,Italy,Rome,13.74
102009,64,2023-09-13,2023-09-26,2023-09-22,Poland,Wroclaw,7.39
102010,204,2023-09-13,2023-09-23,2023-09-17,Poland,Gdansk,24.59
102011,480,2023-09-13,2023-09-21,2023-09-14,Poland,Gdansk,16.67
102012,317,2023-09-13,2023-09-16,2023-09-21,Norway,Bergen,10.08
102013,464,2023-09-13,2023-09-24,2023-09-17,Spain,Barcelona,25.43
102014,326,2023-09-13,2023-09-19,2023-09-23,Poland,Poznan,38.24
102015,87,2023-09-13,2023-09-26,2023-09-16,Austria,Graz,29.57
102016,295,2023-09-13,2023-09-16,2023-09-18,USA,Chicago,24.14
102017,453,2023-09-13,2023-09-25,2023-09-23,United Kingdom,Manchester,13.29
102018,345,2023-09-13,2023-09-19,2023-09-15,Poland,Gdansk,34.21
102019,466,2023-09-13,2023-09-24,2023-09-18,United Kingdom,Bristol,25.72
102020,58,2023-09-13,2023-09-20,2023-09-22,Czech Republic,Ostrava,20.16
102021,307,2023-09-13,2023-09-16,2023-09-16,USA,Boston,9.41
102022,226,2023-09-13,2023-09-18,2023-09-18,France,Nice,27.64
102023,49,2023-09-14,2023-09-18,2023-09-21,Canada,Montreal,50.59
102024,201,2023-09-14,2023-09-21,2023-09-25,United Kingdom,Manchester,12.7
102025,201,2023-09-14,2023-09-27,2023-09-21,United Kingdom,Manchester,15.67
102026,140,2023-09-14,2023-09-27,2023-09-22,Germany,Berlin,32.36
102027,18,2023-09-14,2023-09-25,2023-09-22,Sweden,Malmo,16.85
102028,331,2023-09-14,2023-09-24,2023-09-22,Poland,Poznan,7.45
102029,338,2023-09-14,2023-09-23,2023-09-18,United Kingdom,Liverpool,13.96
102030,185,2023-09-14,2023-09-21,2023-09-18,Spain,Barcelona,22.68
102031,275,2023-09-14,2023-09-19,,Germany,Berlin,15.85
102032,154,2023-09-14,2023-09-25,2023-09-21,France,Marseille,23.24
102033,4,2023-09-14,2023-09-20,2023-09-25,Italy,Turin,13.5
102034,23,2023-09-14,2023-09-24,2023-09-15,USA,Chicago,14.74
102035,165,2023-09-14,2023-09-20,2023-09-23,Netherlands,Eindhoven,11.18
102036,361,2023-09-14,2023-09-25,2023-09-19,United Kingdom,Leeds,6.57
102037,469,2023-09-14,2023-09-26,2023-09-23,Germany,Frankfurt,4.36
102038,394,2023-09-15,2023-09-26,2023-09-23,Canada,Calgary,18.83
102039,359,2023-09-15,2023-09-27,2023-09-22,France,Paris,43.4
102040,119,2023-09-15,2023-09-23,2023-09-20,Italy,Milan,33.39
102041,315,2023-09-15,2023-09-19,2023-09-16,Canada,Ottawa,9.76
102042,307,2023-09-15,2023-09-18,2023-09-21,USA,Boston,8.14
102043,166,2023-09-15,2023-09-28,2023-09-24,USA,Seattle,6.69
102044,110,2023-09-15,2023-09-28,2023-09-18,USA,Boston,9.51
102045,1,2023-09-15,2023-09-18,2023-09-18,Germany,Frankfurt,20.56
102046,250,2023-09-16,2023-09-23,2023-09-19,Czech Republic,Pilsen,11.78
102047,73,2023-09-16,2023-09-26,2023-09-21,USA,Denver,11.12
102048,237,2023-09-16,2023-09-19,2023-09-27,Poland,Krakow,9.4
102049,365,2023-09-16,2023-09-23,2023-09-22,Sweden,Uppsala,33.55
102050,333,2023-09-16,2023-09-26,2023-09-18,United Kingdom,London,22.16
102051,78,2023-09-16,2023-09-20,2023-09-26,United Kingdom,London,14.14
102052,467,2023-09-16,2023-09-21,2023-09-25,Poland,Warsaw,9.86
102053,120,2023-09-16,2023-09-27,2023-09-27,Netherlands,Utrecht,5.55
102054,255,2023-09-16,2023-09-20,2023-09-21,Austria,Graz,10.93
102055,246,2023-09-17,2023-09-25,2023-09-22,United Kingdom,Leeds,36.49
102056,429,2023-09-17,2023-09-29,2023-09-24,Netherlands,Rotterdam,26.8
102057,120,2023-09-17,2023-09-30,2023-09-22,Netherlands,Utrecht,15.23
102058,107,2023-09-17,2023-09-20,2023-09-25,Italy,Turin,24.12
102059,207,2023-09-18,2023-10-01,2023-09-20,USA,Chicago,14.22
102060,380,2023-09-18,2023-10-01,2023-09-22,Netherlands,Rotterdam,15.81
102061,253,2023-09-18,2023-09-27,2023-09-27,Germany,Hamburg,16.11
102062,473,2023-09-18,2023-09-30,,United Kingdom,Leeds,16.4
102063,99,2023-09-18,2023-09-29,2023-09-25,Canada,Vancouver,10.47
102064,25,2023-09-18,2023-10-01,2023-09-25,Netherlands,Amsterdam,19.24
102065,413,2023-09-18,2023-09-23,2023-09-24,Germany,Hamburg,30.58
102066,99,2023-09-18,2023-09-26,2023-09-28,Canada,Vancouver,22.58
102067,381,2023-09-18,2023-09-26,2023-09-25,Sweden,Malmo,14.32
102068,352,2023-09-18,2023-09-23,2023-09-26,Poland,Krakow,22.85
102069,198,2023-09-18,2023-09-28,2023-09-20,Poland,Gdansk,21.66
102070,15,2023-09-18,2023-09-30,2023-09-20,Spain,Seville,11.92
102071,431,2023-09-18,2023-09-21,2023-09-21,USA,Boston,9.66
102072,314,2023-09-19,2023-09-23,2023-09-20,Sweden,Gothenburg,8.12
102073,206,2023-09-19,2023-10-02,2023-09-28,Germany,Hamburg,21.38
102074,99,2023-09-19,2023-09-22,2023-09-21,Canada,Vancouver,10.12
102075,59,2023-09-19,2023-09-25,2023-09-25,Austria,Salzburg,19.13
102076,227,2023-09-19,2023-10-02,2023-09-27,Germany,Frankfurt,26.94
102077,172,2023-09-19,2023-09-30,2023-09-22,Norway,Trondheim,33.44
102078,409,2023-09-19,2023-09-30,2023-09-23,USA,Austin,8.0
102079,11,2023-09-19,2023-09-29,2023-09-26,France,Toulouse,12.03
102080,451,2023-09-20,2023-09-24,2023-09-21,Italy,Naples,24.03
102081,351,2023-09-20,2023-10-03,2023-09-24,Italy,Florence,4.76
102082,451,2023-09-20,2023-09-29,,Italy,Naples,11.38
102083,166,2023-09-20,2023-10-03,2023-10-01,USA,Seattle,19.83
102084,329,2023-09-20,2023-09-25,2023-10-01,Poland,Wroclaw,31.76
102085,481,2023-09-20,2023-09-27,2023-09-22,Germany,Frankfurt,20.88
102086,112,2023-09-20,2023-09-27,,USA,Chicago,22.37
102087,126,2023-09-20,2023-09-28,2023-09-30,Spain,Barcelona,11.1
102088,33,2023-09-20,2023-09-29,2023-09-26,USA,Seattle,17.46
102089,17,2023-09-21,2023-09-25,2023-09-28,France,Lyon,9.61
102090,176,2023-09-21,2023-09-26,2023-09-27,Germany,Cologne,10.44
102091,453,2023-09-21,2023-09-28,,United Kingdom,Manchester,17.08
102092,336,2023-09-21,2023-09-29,2023-09-28,Poland,Poznan,11.73
102093,472,2023-09-21,2023-09-29,2023-09-22,Czech Republic,Brno,32.05
102094,50,2023-09-21,2023-09-30,2023-09-25,Poland,Wroclaw,23.45
102095,371,2023-09-21,2023-09-25,2023-10-02,France,Paris,21.23
102096,75,2023-09-21,2023-10-03,2023-09-23,Austria,Salzburg,32.46
102097,280,2023-09-21,2023-10-04,,United Kingdom,Liverpool,17.17
102098,114,2023-09-21,2023-10-04,2023-09-30,Spain,Bilbao,27.08
102099,139,2023-09-22,2023-09-27,2023-09-30,Spain,Valencia,14.4
102100,368,2023-09-22,2023-09-30,2023-09-24,Poland,Gdansk,8.91
102101,22,2023-09-22,2023-09-25,2023-09-23,USA,New York,9.81
102102,345,2023-09-22,2023-09-26,2023-10-02,Poland,Gdansk,9.43
102103,185,2023-09-22,2023-10-05,2023-09-24,Spain,Barcelona,12.25
102104,351,2023-09-22,2023-09-26,,Italy,Florence,25.15
102105,307,2023-09-23,2023-09-27,2023-09-29,USA,Boston,5.8
102106,351,2023-09-23,2023-09-30,2023-09-24,Italy,Florence,15.24
102107,181,2023-09-23,2023-09-26,2023-09-28,Germany,Munich,21.54
102108,58,2023-09-23,2023-10-05,2023-09-26,Czech Republic,Ostrava,20.76
102109,474,2023-09-23,2023-10-02,2023-10-01,Czech Republic,Pilsen,7.55
102110,352,2023-09-23,2023-10-05,2023-09-29,Poland,Krakow,21.23
102111,13,2023-09-23,2023-09-30,,Italy,Florence,11.04
102112,200,2023-09-24,2023-09-28,2023-10-05,Spain,Bilbao,32.68
102113,99,2023-09-24,2023-09-30,2023-10-04,Canada,Vancouver,55.76
102114,83,2023-09-24,2023-10-07,2023-09-28,United Kingdom,Manchester,6.54
102115,334,2023-09-24,2023-09-29,2023-09-29,USA,New York,16.16
102116,93,2023-09-24,2023-10-03,2023-09-28,Canada,Vancouver,59.0
102117,209,2023-09-25,2023-10-02,2023-10-03,United Kingdom,Manchester,33.58
102118,83,2023-09-25,2023-10-06,2023-10-06,United Kingdom,Manchester,9.65
102119,307,2023-09-25,2023-10-06,2023-10-01,USA,Boston,20.64
102120,290,2023-09-25,2023-09-29,2023-10-03,Austria,Vienna,7.18
102121,319,2023-09-26,2023-10-08,2023-09-29,Italy,Milan,3.86
102122,164,2023-09-26,2023-09-30,2023-09-29,Netherlands,Eindhoven,18.63
102123,195,2023-09-26,2023-09-29,2023-10-07,Canada,Ottawa,10.23
102124,484,2023-09-26,2023-10-07,2023-10-01,Czech Republic,Brno,10.57
102125,107,2023-09-26,2023-10-05,2023-10-06,Italy,Turin,18.03
102126,313,2023-09-26,2023-10-06,2023-10-06,Czech Republic,Ostrava,10.89
102127,420,2023-09-26,2023-10-02,2023-09-29,Poland,Krakow,15.93
102128,228,2023-09-26,2023-10-03,2023-09-27,Austria,Linz,26.21
102129,258,2023-09-27,2023-10-10,2023-10-06,Netherlands,Eindhoven,11.25
102130,206,2023-09-27,2023-10-08,2023-10-07,Germany,Hamburg,27.51
102131,204,2023-09-27,2023-10-10,2023-09-30,Poland,Gdansk,16.19
102132,234,2023-09-27,2023-10-09,2023-10-03,United Kingdom,Bristol,6.81
102133,122,2023-09-27,2023-10-09,2023-10-02,Poland,Krakow,18.71
102134,436,2023-09-27,2023-10-01,2023-10-01,Italy,Florence,25.47
102135,166,2023-09-27,2023-10-04,,USA,Seattle,4.58
102136,77,2023-09-27,2023-10-07,2023-10-01,Spain,Madrid,18.28
102137,452,2023-09-28,2023-10-03,2023-09-29,Italy,Florence,22.24
102138,351,2023-09-28,2023-10-10,2023-10-02,Italy,Florence,42.82
102139,204,2023-09-28,2023-10-01,,Poland,Gdansk,14.31
102140,206,2023-09-28,2023-10-08,2023-10-06,Germany,Hamburg,25.68
102141,198,2023-09-28,2023-10-10,2023-09-29,Poland,Gdansk,28.82
102142,201,2023-09-28,2023-10-01,2023-10-05,United Kingdom,Manchester,43.88
102143,37,2023-09-28,2023-10-11,2023-10-08,Spain,Valencia,30.53
102144,463,2023-09-29,2023-10-04,2023-10-08,Spain,Madrid,12.49
102145,160,2023-09-29,2023-10-02,2023-10-04,United Kingdom,Manchester,20.94
102146,394,2023-09-29,2023-10-08,2023-10-02,Canada,Calgary,12.27
102147,378,2023-09-29,2023-10-09,2023-10-08,Italy,Rome,7.23
102148,186,2023-09-29,2023-10-09,2023-10-02,Netherlands,Eindhoven,11.83
102149,394,2023-09-29,2023-10-02,,Canada,Calgary,18.79
102150,294,2023-09-29,2023-10-03,2023-10-03,Germany,Berlin,7.57
102151,22,2023-09-29,2023-10-09,,USA,New York,25.8
102152,60,2023-09-30,2023-10-12,2023-10-11,Netherlands,Eindhoven,9.08
102153,440,2023-09-30,2023-10-12,2023-10-08,Netherlands,Rotterdam,11.61
102154,49,2023-09-30,2023-10-13,,Canada,Montreal,24.61
102155,423,2023-09-30,2023-10-05,2023-10-10,Spain,Barcelona,16.79
102156,3,2023-09-30,2023-10-06,2023-10-06,Spain,Bilbao,15.93
102157,425,2023-09-30,2023-10-06,2023-10-06,Czech Republic,Prague,8.97
102158,269,2023-09-30,2023-10-07,2023-10-07,Norway,Bergen,15.26
102159,326,2023-09-30,2023-10-08,2023-10-11,Poland,Poznan,16.86
102160,167,2023-09-30,2023-10-04,2023-10-10,USA,Chicago,18.71
102161,60,2023-09-30,2023-10-04,2023-10-07,Netherlands,Eindhoven,13.59
102162,450,2023-10-01,2023-10-09,2023-10-03,Poland,Wroclaw,15.19
102163,276,2023-10-01,2023-10-06,2023-10-02,Italy,Florence,11.33
102164,170,2023-10-01,2023-10-12,2023-10-12,Netherlands,Utrecht,9.73
102165,338,2023-10-01,2023-10-06,,United Kingdom,Liverpool,21.36
102166,18,2023-10-01,2023-10-05,2023-10-02,Sweden,Malmo,29.24
102167,83,2023-10-01,2023-10-14,2023-10-03,United Kingdom,Manchester,21.23
102168,32,2023-10-01,2023-10-05,2023-10-11,United Kingdom,Manchester,14.05
102169,293,2023-10-01,2023-10-08,2023-10-10,Poland,Poznan,31.38
102170,99,2023-10-01,2023-10-11,2023-10-04,Canada,Vancouver,17.55
102171,354,2023-10-01,2023-10-10,2023-10-04,USA,Denver,16.98
102172,222,2023-10-01,2023-10-06,2023-10-08,USA,Seattle,8.81
102173,254,2023-10-01,2023-10-09,2023-10-09,USA,Chicago,10.63
102174,324,2023-10-01,2023-10-08,2023-10-04,Czech Republic,Ostrava,9.56
102175,256,2023-10-01,2023-10-04,2023-10-03,USA,Chicago,28.74
102176,468,2023-10-01,2023-10-13,2023-10-08,France,Nice,7.68
102177,466,2023-10-01,2023-10-08,2023-10-06,United Kingdom,Bristol,16.58
102178,22,2023-10-01,2023-10-05,2023-10-09,USA,New York,15.4
102179,144,2023-10-02,2023-10-06,2023-10-11,Spain,Barcelona,21.0
102180,102,2023-10-02,2023-10-15,,Poland,Poznan,18.78
102181,394,2023-10-02,2023-10-07,2023-10-06,Canada,Calgary,11.87
102182,77,2023-10-02,2023-10-05,2023-10-10,Spain,Madrid,16.38
102183,183,2023-10-02,2023-10-10,2023-10-11,Austria,Salzburg,14.46
102184,391,2023-10-02,2023-10-07,2023-10-03,Germany,Berlin,18.52
102185,181,2023-10-02,2023-10-10,2023-10-08,Germany,Munich,8.84
102186,58,2023-10-02,2023-10-07,,Czech Republic,Ostrava,31.63
102187,59,2023-10-02,2023-10-08,2023-10-11,Austria,Salzburg,10.83
102188,430,2023-10-02,2023-10-10,2023-10-09,Germany,Hamburg,37.02
102189,359,2023-10-02,2023-10-13,2023-10-08,France,Paris,12.97
102190,154,2023-10-03,2023-10-16,2023-10-05,France,Marseille,16.02
102191,394,2023-10-03,2023-10-14,2023-10-04,Canada,Calgary,5.35
102192,487,2023-10-03,2023-10-12,,Poland,Gdansk,31.39
102193,34,2023-10-03,2023-10-16,2023-10-05,Canada,Vancouver,6.94
102194,183,2023-10-03,2023-10-16,2023-10-07,Austria,Salzburg,9.89
102195,26,2023-10-03,2023-10-11,2023-10-11,USA,Chicago,22.63
102196,372,2023-10-03,2023-10-12,2023-10-04,United Kingdom,Manchester,23.59
102197,208,2023-10-03,2023-10-15,2023-10-07,Norway,Trondheim,16.1
102198,253,2023-10-03,2023-10-10,2023-10-09,Germany,Hamburg,8.53
102199,110,2023-10-03,2023-10-10,2023-10-14,USA,Boston,13.41
102200,411,2023-10-04,2023-10-08,2023-10-12,France,Lyon,9.91
102201,259,2023-10-04,2023-10-12,2023-10-05,USA,Boston,35.06
102202,298,2023-10-04,2023-10-12,,USA,Boston,20.16
102203,241,2023-10-04,2023-10-11,2023-10-12,USA,New York,20.78
102204,289,2023-10-04,2023-10-07,2023-10-07,United Kingdom,Liverpool,19.27
102205,83,2023-10-04,2023-10-07,2023-10-05,United Kingdom,Manchester,21.98
102206,83,2023-10-04,2023-10-11,2023-10-15,United Kingdom,Manchester,20.71
102207,475,2023-10-04,2023-10-08,2023-10-14,Poland,Wroclaw,6.39
102208,237,2023-10-04,2023-10-12,2023-10-08,Poland,Krakow,17.2
102209,398,2023-10-04,2023-10-12,2023-10-11,Poland,Wroclaw,10.97
102210,318,2023-10-04,2023-10-11,2023-10-11,Poland,Warsaw,10.05
102211,350,2023-10-04,2023-10-13,2023-10-06,Germany,Munich,19.37
102212,184,2023-10-04,2023-10-07,2023-10-06,Germany,Berlin,14.14
102213,357,2023-10-04,2023-10-10,2023-10-12,Italy,Turin,12.8
102214,289,2023-10-04,2023-10-11,2023-10-11,United Kingdom,Liverpool,20.33
102215,326,2023-10-04,2023-10-14,2023-10-06,Poland,Poznan,4.39
102216,313,2023-10-04,2023-10-17,2023-10-13,Czech Republic,Ostrava,14.17
102217,33,2023-10-05,2023-10-16,2023-10-12,USA,Seattle,25.47
102218,210,2023-10-05,2023-10-18,,USA,Austin,12.72
102219,410,2023-10-05,2023-10-12,2023-10-14,Netherlands,Rotterdam,19.17
102220,260,2023-10-05,2023-10-11,2023-10-13,Norway,Oslo,25.54
102221,224,2023-10-05,2023-10-16,2023-10-09,Spain,Barcelona,7.35
102222,500,2023-10-06,2023-10-11,2023-10-09,United Kingdom,Bristol,56.87
102223,331,2023-10-06,2023-10-11,,Poland,Poznan,19.19
102224,345,2023-10-06,2023-10-10,2023-10-07,Poland,Gdansk,20.82
102225,270,2023-10-06,2023-10-18,2023-10-10,France,Lyon,6.98
102226,115,2023-10-06,2023-10-16,2023-10-13,USA,Denver,23.16
102227,133,2023-10-06,2023-10-16,,United Kingdom,Liverpool,65.99
102228,305,2023-10-06,2023-10-19,2023-10-09,France,Marseille,11.31
102229,371,2023-10-06,2023-10-16,2023-10-17,France,Paris,10.52
102230,153,2023-10-06,2023-10-13,2023-10-09,Norway,Bergen,29.95
102231,49,2023-10-06,2023-10-13,,Canada,Montreal,10.08
102232,463,2023-10-06,2023-10-17,2023-10-17,Spain,Madrid,11.09
102233,371,2023-10-06,2023-10-10,2023-10-13,France,Paris,21.75
102234,357,2023-10-06,2023-10-12,2023-10-13,Italy,Turin,5.34
102235,442,2023-10-06,2023-10-11,2023-10-13,USA,Denver,18.57
102236,250,2023-10-06,2023-10-16,2023-10-07,Czech Republic,Pilsen,29.99
102237,70,2023-10-06,2023-10-09,2023-10-09,Spain,Madrid,17.98
102238,284,2023-10-06,2023-10-10,,United Kingdom,Liverpool,22.42
102239,335,2023-10-07,2023-10-18,2023-10-18,Italy,Milan,11.81
102240,337,2023-10-07,2023-10-10,2023-10-10,Canada,Toronto,13.19
102241,206,2023-10-07,2023-10-16,2023-10-16,Germany,Hamburg,24.67
102242,298,2023-10-07,2023-10-12,2023-10-17,USA,Boston,17.5
102243,487,2023-10-07,2023-10-14,2023-10-12,Poland,Gdansk,9.32
102244,331,2023-10-07,2023-10-15,2023-10-09,Poland,Poznan,9.33
102245,391,2023-10-07,2023-10-20,2023-10-18,Germany,Berlin,17.04
102246,337,2023-10-07,2023-10-16,2023-10-14,Canada,Toronto,7.97
102247,258,2023-10-07,2023-10-12,2023-10-09,Netherlands,Eindhoven,20.01
102248,410,2023-10-07,2023-10-13,2023-10-10,Netherlands,Rotterdam,24.96
102249,238,2023-10-07,2023-10-13,2023-10-15,Germany,Hamburg,29.57
102250,326,2023-10-07,2023-10-17,2023-10-11,Poland,Poznan,15.49
102251,16,2023-10-08,2023-10-18,2023-10-16,Sweden,Uppsala,14.96
102252,252,2023-10-08,2023-10-14,2023-10-10,Netherlands,Amsterdam,21.08
102253,84,2023-10-08,2023-10-18,2023-10-10,USA,Seattle,24.09
102254,290,2023-10-08,2023-10-15,2023-10-17,Austria,Vienna,13.47
102255,319,2023-10-08,2023-10-20,2023-10-14,Italy,Milan,14.96
102256,371,2023-10-08,2023-10-21,2023-10-17,France,Paris,18.22
102257,349,2023-10-08,2023-10-21,2023-10-12,Poland,Lodz,7.63
102258,94,2023-10-08,2023-10-14,,Czech Republic,Brno,26.31
102259,140,2023-10-08,2023-10-17,2023-10-17,Germany,Berlin,29.18
102260,486,2023-10-08,2023-10-17,2023-10-16,Poland,Gdansk,37.1
102261,22,2023-10-08,2023-10-12,2023-10-14,USA,New York,38.27
102262,135,2023-10-08,2023-10-18,2023-10-11,Netherlands,Amsterdam,23.74
102263,450,2023-10-08,2023-10-13,2023-10-13,Poland,Wroclaw,11.71
102264,304,2023-10-08,2023-10-15,2023-10-14,USA,Austin,4.92
102265,289,2023-10-08,2023-10-17,2023-10-17,United Kingdom,Liverpool,18.21
102266,452,2023-10-08,2023-10-11,2023-10-10,Italy,Florence,19.76
102267,305,2023-10-09,2023-10-20,2023-10-11,France,Marseille,6.98
102268,109,2023-10-09,2023-10-12,2023-10-13,Spain,Bilbao,22.47
102269,64,2023-10-09,2023-10-14,2023-10-20,Poland,Wroclaw,21.82
102270,443,2023-10-09,2023-10-12,2023-10-20,Spain,Bilbao,30.12
102271,307,2023-10-09,2023-10-21,2023-10-20,USA,Boston,33.43
102272,200,2023-10-09,2023-10-18,2023-10-11,Spain,Bilbao,18.03
102273,215,2023-10-09,2023-10-22,2023-10-16,Italy,Milan,19.96
102274,130,2023-10-09,2023-10-21,2023-10-10,Poland,Wroclaw,9.08
102275,248,2023-10-09,2023-10-19,2023-10-16,Poland,Wroclaw,7.38
102276,166,2023-10-09,2023-10-13,2023-10-15,USA,Seattle,18.02
102277,78,2023-10-09,2023-10-12,2023-10-13,United Kingdom,London,22.45
102278,48,2023-10-09,2023-10-12,2023-10-10,USA,Denver,25.37
102279,11,2023-10-10,2023-10-23,2023-10-17,France,Toulouse,9.47
102280,190,2023-10-10,2023-10-20,2023-10-13,USA,Boston,18.4
102281,260,2023-10-10,2023-10-15,2023-10-11,Norway,Oslo,19.08
102282,328,2023-10-10,2023-10-13,2023-10-19,United Kingdom,Liverpool,19.76
102283,201,2023-10-10,2023-10-23,2023-10-11,United Kingdom,Manchester,9.32
102284,436,2023-10-10,2023-10-23,2023-10-20,Italy,Florence,12.25
102285,436,2023-10-10,2023-10-14,2023-10-19,Italy,Florence,13.66
102286,192,2023-10-10,2023-10-21,2023-10-15,Poland,Gdansk,9.38
102287,279,2023-10-10,2023-10-13,2023-10-20,Austria,Salzburg,37.68
102288,301,2023-10-10,2023-10-23,2023-10-16,France,Paris,11.92
102289,224,2023-10-11,2023-10-24,2023-10-14,Spain,Barcelona,13.61
102290,331,2023-10-11,2023-10-21,2023-10-17,Poland,Poznan,31.86
102291,5,2023-10-11,2023-10-20,2023-10-16,Poland,Wroclaw,6.56
102292,307,2023-10-11,2023-10-18,2023-10-12,USA,Boston,10.61
102293,235,2023-10-11,2023-10-21,2023-10-16,Italy,Turin,16.94
102294,53,2023-10-11,2023-10-24,,Czech Republic,Ostrava,20.47
102295,15,2023-10-11,2023-10-24,2023-10-22,Spain,Seville,20.59
102296,94,2023-10-11,2023-10-15,2023-10-13,Czech Republic,Brno,24.77
102297,89,2023-10-11,2023-10-21,2023-10-18,Italy,Florence,13.68
102298,49,2023-10-11,2023-10-17,2023-10-22,Canada,Montreal,21.87
102299,107,2023-10-11,2023-10-17,2023-10-18,Italy,Turin,21.82
102300,90,2023-10-11,2023-10-21,2023-10-19,Italy,Naples,10.67
102301,385,2023-10-11,2023-10-14,2023-10-20,Poland,Poznan,9.62
102302,443,2023-10-11,2023-10-20,2023-10-12,Spain,Bilbao,15.13
102303,307,2023-10-11,2023-10-23,2023-10-15,USA,Boston,16.71
102304,37,2023-10-11,2023-10-15,2023-10-22,Spain,Valencia,20.39
102305,338,2023-10-11,2023-10-19,2023-10-17,United Kingdom,Liverpool,10.86
102306,432,2023-10-11,2023-10-15,2023-10-16,Poland,Wroclaw,6.27
102307,117,2023-10-11,2023-10-21,2023-10-13,France,Nice,6.57
102308,399,2023-10-11,2023-10-23,2023-10-18,Poland,Poznan,18.49
102309,183,2023-10-12,2023-10-24,2023-10-19,Austria,Salzburg,27.54
102310,177,2023-10-12,2023-10-18,2023-10-14,Germany,Hamburg,38.99
102311,394,2023-10-12,2023-10-25,2023-10-14,Canada,Calgary,38.76
102312,155,2023-10-12,2023-10-19,2023-10-20,Spain,Madrid,22.08
102313,464,2023-10-12,2023-10-19,2023-10-22,Spain,Barcelona,22.55
102314,76,2023-10-12,2023-10-24,2023-10-18,Spain,Bilbao,20.01
102315,59,2023-10-12,2023-10-24,,Austria,Salzburg,10.89
102316,62,2023-10-12,2023-10-25,2023-10-18,Poland,Lodz,23.25
102317,251,2023-10-12,2023-10-15,2023-10-18,United Kingdom,Bristol,36.23
102318,149,2023-10-12,2023-10-16,2023-10-14,USA,Chicago,25.32
102319,153,2023-10-13,2023-10-19,2023-10-16,Norway,Bergen,21.45
102320,182,2023-10-13,2023-10-22,,Canada,Ottawa,3.66
102321,251,2023-10-13,2023-10-23,2023-10-18,United Kingdom,Bristol,67.88
102322,209,2023-10-13,2023-10-17,2023-10-16,United Kingdom,Manchester,19.92
102323,326,2023-10-13,2023-10-24,2023-10-18,Poland,Poznan,41.95
102324,288,2023-10-13,2023-10-20,2023-10-18,Italy,Florence,16.29
102325,166,2023-10-13,2023-10-18,2023-10-21,USA,Seattle,28.3
102326,298,2023-10-13,2023-10-19,2023-10-18,USA,Boston,11.72
102327,224,2023-10-13,2023-10-18,2023-10-21,Spain,Barcelona,8.17
102328,355,2023-10-13,2023-10-19,2023-10-15,Germany,Hamburg,16.16
102329,475,2023-10-13,2023-10-21,2023-10-19,Poland,Wroclaw,21.82
102330,140,2023-10-13,2023-10-23,2023-10-14,Germany,Berlin,15.18
102331,353,2023-10-13,2023-10-19,2023-10-21,Czech Republic,Pilsen,12.56
102332,58,2023-10-13,2023-10-26,2023-10-15,Czech Republic,Ostrava,26.2
102333,331,2023-10-13,2023-10-20,2023-10-15,Poland,Poznan,15.76
102334,437,2023-10-13,2023-10-20,2023-10-18,Poland,Lodz,13.67
102335,201,2023-10-13,2023-10-23,2023-10-20,United Kingdom,Manchester,6.6
102336,453,2023-10-14,2023-10-23,2023-10-24,United Kingdom,Manchester,11.64
102337,397,2023-10-14,2023-10-20,2023-10-17,Poland,Warsaw,5.69
102338,141,2023-10-14,2023-10-20,2023-10-25,Spain,Madrid,31.21
102339,390,2023-10-14,2023-10-18,2023-10-19,Czech Republic,Pilsen,33.83
102340,351,2023-10-14,2023-10-22,2023-10-22,Italy,Florence,10.53
102341,227,2023-10-14,2023-10-24,2023-10-22,Germany,Frankfurt,5.49
102342,374,2023-10-14,2023-10-19,2023-10-22,USA,New York,12.86
102343,368,2023-10-14,2023-10-20,2023-10-17,Poland,Gdansk,6.46
102344,240,2023-10-14,2023-10-17,2023-10-15,France,Lyon,13.12
102345,236,2023-10-14,2023-10-21,2023-10-15,Canada,Calgary,6.02
102346,226,2023-10-14,2023-10-19,2023-10-20,France,Nice,7.86
102347,87,2023-10-14,2023-10-21,2023-10-25,Austria,Graz,18.86
102348,2,2023-10-15,2023-10-24,,United Kingdom,Bristol,22.02
102349,202,2023-10-15,2023-10-21,2023-10-18,Poland,Gdansk,23.28
102350,38,2023-10-15,2023-10-27,2023-10-24,Netherlands,Amsterdam,13.36
102351,373,2023-10-15,2023-10-27,2023-10-22,United Kingdom,Bristol,21.33
102352,389,2023-10-15,2023-10-24,2023-10-18,USA,Seattle,6.25
102353,452,2023-10-15,2023-10-27,2023-10-17,Italy,Florence,9.68
102354,369,2023-10-15,2023-10-22,2023-10-21,Czech Republic,Brno,22.76
102355,15,2023-10-15,2023-10-25,2023-10-17,Spain,Seville,7.15
102356,22,2023-10-15,2023-10-21,2023-10-26,USA,New York,9.35
102357,500,2023-10-15,2023-10-27,2023-10-20,United Kingdom,Bristol,26.31
102358,207,2023-10-15,2023-10-23,2023-10-21,USA,Chicago,12.11
102359,313,2023-10-15,2023-10-24,2023-10-23,Czech Republic,Ostrava,14.22
102360,230,2023-10-16,2023-10-25,2023-10-19,Sweden,Malmo,10.32
102361,371,2023-10-16,2023-10-24,2023-10-23,France,Paris,15.26
102362,450,2023-10-16,2023-10-27,2023-10-20,Poland,Wroclaw,7.17
102363,104,2023-10-16,2023-10-26,2023-10-23,United Kingdom,London,43.39
102364,266,2023-10-16,2023-10-25,2023-10-25,Norway,Oslo,32.86
102365,490,2023-10-16,2023-10-19,2023-10-20,USA,Seattle,9.78
102366,380,2023-10-16,2023-10-23,2023-10-20,Netherlands,Rotterdam,20.33
102367,319,2023-10-16,2023-10-23,2023-10-24,Italy,Milan,14.72
102368,55,2023-10-16,2023-10-26,2023-10-23,USA,Seattle,15.63
102369,326,2023-10-16,2023-10-21,2023-10-18,Poland,Poznan,20.03
102370,436,2023-10-16,2023-10-27,,Italy,Florence,16.09
102371,276,2023-10-16,2023-10-20,2023-10-19,Italy,Florence,11.79
102372,28,2023-10-17,2023-10-27,2023-10-20,USA,Chicago,44.62
102373,144,2023-10-17,2023-10-22,2023-10-27,Spain,Barcelona,15.98
102374,204,2023-10-17,2023-10-30,2023-10-27,Poland,Gdansk,8.34
102375,167,2023-10-17,2023-10-20,2023-10-22,USA,Chicago,27.31
102376,81,2023-10-17,2023-10-25,2023-10-18,Germany,Munich,18.8
102377,64,2023-10-18,2023-10-31,2023-10-29,Poland,Wroclaw,22.94
102378,325,2023-10-18,2023-10-28,2023-10-28,Netherlands,Eindhoven,27.3
102379,111,2023-10-18,2023-10-26,2023-10-29,Spain,Bilbao,17.75
102380,149,2023-10-18,2023-10-30,2023-10-25,USA,Chicago,10.28
102381,319,2023-10-18,2023-10-26,2023-10-22,Italy,Milan,12.81
102382,161,2023-10-18,2023-10-22,2023-10-27,Netherlands,Eindhoven,25.82
102383,90,2023-10-18,2023-10-29,,Italy,Naples,8.96
102384,154,2023-10-18,2023-10-28,2023-10-29,France,Marseille,18.92
102385,23,2023-10-18,2023-10-24,2023-10-23,USA,Chicago,28.28
102386,217,2023-10-18,2023-10-22,,Germany,Munich,21.55
102387,162,2023-10-18,2023-10-29,,Poland,Lodz,40.06
102388,15,2023-10-18,2023-10-27,2023-10-23,Spain,Seville,14.2
102389,87,2023-10-19,2023-10-27,2023-10-23,Austria,Graz,22.07
102390,283,2023-10-19,2023-10-31,2023-10-29,Poland,Lodz,9.84
102391,70,2023-10-19,2023-10-22,2023-10-20,Spain,Madrid,21.42
102392,15,2023-10-19,2023-10-30,2023-10-23,Spain,Seville,26.97
102393,447,2023-10-19,2023-10-29,2023-10-25,United Kingdom,Bristol,26.31
102394,171,2023-10-19,2023-10-29,2023-10-22,Poland,Gdansk,14.12
102395,99,2023-10-19,2023-10-26,2023-10-21,Canada,Vancouver,19.63
102396,99,2023-10-19,2023-10-31,2023-10-24,Canada,Vancouver,9.78
102397,497,2023-10-19,2023-10-31,2023-10-21,Germany,Cologne,8.21
102398,25,2023-10-19,2023-10-30,2023-10-22,Netherlands,Amsterdam,4.56
102399,33,2023-10-19,2023-10-23,2023-10-29,USA,Seattle,25.84
102400,302,2023-10-19,2023-10-28,,Canada,Ottawa,9.78
102401,162,2023-10-19,2023-10-23,2023-10-20,Poland,Lodz,17.91
102402,475,2023-10-19,2023-10-28,2023-10-22,Poland,Wroclaw,12.99
102403,180,2023-10-20,2023-10-25,2023-10-27,Sweden,Uppsala,35.98
102404,37,2023-10-20,2023-10-31,2023-10-22,Spain,Valencia,7.01
102405,298,2023-10-20,2023-10-25,2023-10-25,USA,Boston,20.86
102406,493,2023-10-20,2023-10-28,2023-10-26,Spain,Bilbao,18.68
102407,349,2023-10-20,2023-10-29,2023-10-31,Poland,Lodz,8.65
102408,2,2023-10-20,2023-10-23,2023-10-30,United Kingdom,Bristol,49.92
102409,28,2023-10-20,2023-10-28,2023-10-25,USA,Chicago,16.25
102410,99,2023-10-20,2023-10-23,2023-10-28,Canada,Vancouver,19.17
102411,184,2023-10-20,2023-10-29,2023-10-22,Germany,Berlin,37.15
102412,387,2023-10-20,2023-10-30,2023-10-22,Spain,Bilbao,25.47
102413,28,2023-10-20,2023-11-01,2023-10-30,USA,Chicago,10.21
102414,44,2023-10-21,2023-10-27,2023-10-30,Spain,Madrid,34.87
102415,162,2023-10-21,2023-11-01,2023-10-30,Poland,Lodz,3.87
102416,317,2023-10-21,2023-10-31,2023-10-28,Norway,Bergen,10.22
102417,99,2023-10-21,2023-10-31,2023-10-23,Canada,Vancouver,8.79
102418,98,2023-10-21,2023-10-26,2023-10-28,France,Paris,24.94
102419,186,2023-10-21,2023-10-29,2023-10-30,Netherlands,Eindhoven,35.86
102420,140,2023-10-21,2023-10-25,2023-10-23,Germany,Berlin,23.49
102421,408,2023-10-21,2023-10-28,2023-10-22,USA,Austin,11.26
102422,472,2023-10-21,2023-10-29,2023-10-25,Czech Republic,Brno,32.87
102423,226,2023-10-21,2023-10-28,2023-10-25,France,Nice,11.28
102424,83,2023-10-21,2023-10-30,2023-10-27,United Kingdom,Manchester,31.29
102425,154,2023-10-21,2023-10-30,2023-10-26,France,Marseille,20.94
102426,269,2023-10-21,2023-10-31,2023-10-29,Norway,Bergen,9.94
102427,321,2023-10-22,2023-10-27,2023-11-02,France,Paris,7.22
102428,399,2023-10-22,2023-11-02,2023-10-28,Poland,Poznan,24.9
102429,452,2023-10-22,2023-10-26,2023-10-27,Italy,Florence,52.69
102430,110,2023-10-22,2023-11-02,2023-10-30,USA,Boston,11.1
102431,226,2023-10-22,2023-10-25,,France,Nice,20.49
102432,305,2023-10-22,2023-10-28,2023-11-02,France,Marseille,26.11
102433,298,2023-10-22,2023-10-25,2023-10-23,USA,Boston,28.31
102434,482,2023-10-22,2023-11-02,2023-10-31,Spain,Seville,9.24
102435,234,2023-10-22,2023-10-31,2023-10-25,United Kingdom,Bristol,14.89
102436,78,2023-10-23,2023-10-27,2023-11-02,United Kingdom,London,29.81
102437,422,2023-10-23,2023-10-30,2023-10-25,Spain,Seville,17.74
102438,64,2023-10-23,2023-10-31,,Poland,Wroclaw,27.68
102439,70,2023-10-23,2023-11-05,2023-10-25,Spain,Madrid,33.14
102440,107,2023-10-23,2023-11-05,2023-10-24,Italy,Turin,13.77
102441,314,2023-10-23,2023-10-28,2023-11-03,Sweden,Gothenburg,15.59
102442,495,2023-10-23,2023-10-28,2023-10-29,Germany,Frankfurt,11.69
102443,487,2023-10-23,2023-10-28,2023-10-30,Poland,Gdansk,16.57
102444,52,2023-10-23,2023-10-29,2023-11-01,Canada,Vancouver,8.66
102445,76,2023-10-23,2023-11-05,2023-11-02,Spain,Bilbao,13.45
102446,403,2023-10-23,2023-10-28,2023-10-29,Poland,Gdansk,22.69
102447,332,2023-10-23,2023-10-31,,Spain,Madrid,15.14
102448,238,2023-10-23,2023-11-03,2023-11-01,Germany,Hamburg,10.47
102449,13,2023-10-23,2023-10-30,2023-10-31,Italy,Florence,8.17
102450,366,2023-10-23,2023-11-01,2023-10-30,Spain,Valencia,46.52
102451,148,2023-10-23,2023-10-28,2023-11-02,Germany,Berlin,7.96
102452,141,2023-10-23,2023-10-29,2023-11-01,Spain,Madrid,20.27
102453,356,2023-10-24,2023-11-05,2023-10-31,Poland,Poznan,6.06
102454,205,2023-10-24,2023-11-06,2023-10-26,Poland,Wroclaw,14.31
102455,209,2023-10-24,2023-11-05,2023-10-25,United Kingdom,Manchester,16.33
102456,26,2023-10-24,2023-11-02,2023-11-04,USA,Chicago,5.1
102457,352,2023-10-24,2023-10-28,2023-10-27,Poland,Krakow,23.84
102458,123,2023-10-24,2023-10-29,2023-11-03,Sweden,Uppsala,17.19
102459,475,2023-10-24,2023-11-04,2023-10-29,Poland,Wroclaw,7.79
102460,475,2023-10-25,2023-11-07,2023-10-28,Poland,Wroclaw,23.72
102461,369,2023-10-25,2023-10-28,2023-10-26,Czech Republic,Brno,18.32
102462,307,2023-10-25,2023-10-30,2023-10-27,USA,Boston,9.08
102463,32,2023-10-25,2023-10-28,2023-10-28,United Kingdom,Manchester,10.92
102464,465,2023-10-25,2023-11-03,2023-10-28,France,Paris,8.23
102465,301,2023-10-25,2023-11-04,2023-11-04,France,Paris,21.23
102466,13,2023-10-25,2023-10-28,,Italy,Florence,5.6
102467,453,2023-10-25,2023-10-30,2023-10-28,United Kingdom,Manchester,13.68
102468,103,2023-10-25,2023-11-01,2023-11-01,Poland,Gdansk,34.84
102469,258,2023-10-25,2023-11-03,2023-10-31,Netherlands,Eindhoven,6.52
102470,463,2023-10-25,2023-11-07,2023-10-30,Spain,Madrid,11.47
102471,292,2023-10-25,2023-10-28,2023-10-28,Spain,Valencia,12.11
102472,99,2023-10-25,2023-10-28,2023-11-01,Canada,Vancouver,8.89
102473,495,2023-10-25,2023-10-29,,Germany,Frankfurt,17.37
102474,30,2023-10-25,2023-10-29,2023-11-02,Germany,Frankfurt,11.77
102475,227,2023-10-25,2023-11-02,2023-10-29,Germany,Frankfurt,21.49
102476,384,2023-10-25,2023-10-30,2023-11-02,Norway,Oslo,25.0
102477,266,2023-10-25,2023-11-07,2023-10-31,Norway,Oslo,17.95
102478,160,2023-10-25,2023-11-03,2023-11-01,United Kingdom,Manchester,22.96
102479,116,2023-10-25,2023-10-30,2023-11-02,Spain,Barcelona,20.07
102480,307,2023-10-25,2023-11-05,2023-10-28,USA,Boston,15.85
102481,14,2023-10-26,2023-11-03,2023-11-02,Netherlands,Eindhoven,52.75
102482,449,2023-10-26,2023-11-03,2023-11-06,Poland,Krakow,18.66
102483,48,2023-10-26,2023-11-08,2023-10-28,USA,Denver,12.1
102484,33,2023-10-26,2023-11-08,2023-11-06,USA,Seattle,12.44
102485,258,2023-10-26,2023-11-03,2023-11-06,Netherlands,Eindhoven,7.81
102486,497,2023-10-26,2023-10-31,2023-11-01,Germany,Cologne,34.98
102487,14,2023-10-26,2023-11-05,2023-11-04,Netherlands,Eindhoven,5.68
102488,360,2023-10-26,2023-10-29,2023-10-27,United Kingdom,Bristol,5.45
102489,76,2023-10-26,2023-11-06,2023-10-28,Spain,Bilbao,25.94
102490,374,2023-10-26,2023-11-07,2023-10-28,USA,New York,9.82
102491,34,2023-10-26,2023-10-31,2023-10-31,Canada,Vancouver,11.32
102492,60,2023-10-26,2023-11-07,2023-10-28,Netherlands,Eindhoven,14.29
102493,290,2023-10-26,2023-11-04,2023-11-03,Austria,Vienna,5.46
102494,250,2023-10-26,2023-11-04,2023-11-01,Czech Republic,Pilsen,44.56
102495,314,2023-10-26,2023-11-04,2023-11-06,Sweden,Gothenburg,10.91
102496,453,2023-10-26,2023-10-31,2023-10-28,United Kingdom,Manchester,14.67
102497,90,2023-10-26,2023-11-04,2023-10-29,Italy,Naples,51.81
102498,85,2023-10-27,2023-11-02,2023-11-02,United Kingdom,London,23.03
102499,386,2023-10-27,2023-11-02,2023-11-01,France,Marseille,12.82
102500,276,2023-10-27,2023-11-06,2023-10-29,Italy,Florence,4.13
102501,16,2023-10-27,2023-11-08,2023-11-01,Sweden,Uppsala,26.8
102502,120,2023-10-27,2023-11-07,2023-11-01,Netherlands,Utrecht,8.42
102503,461,2023-10-27,2023-11-08,2023-10-30,Italy,Turin,20.08
102504,191,2023-10-27,2023-11-04,2023-11-04,USA,Seattle,7.91
102505,408,2023-10-27,2023-11-05,2023-11-01,USA,Austin,16.37
102506,16,2023-10-27,2023-11-01,2023-11-02,Sweden,Uppsala,8.44
102507,401,2023-10-27,2023-11-04,2023-11-06,France,Toulouse,19.25
102508,469,2023-10-27,2023-11-03,2023-11-01,Germany,Frankfurt,16.68
102509,283,2023-10-27,2023-11-03,2023-10-31,Poland,Lodz,7.13
102510,307,2023-10-27,2023-10-31,2023-11-05,USA,Boston,16.98
102511,333,2023-10-27,2023-11-05,2023-11-04,United Kingdom,London,27.63
102512,9,2023-10-28,2023-11-09,,Spain,Barcelona,18.16
102513,479,2023-10-28,2023-11-08,2023-11-06,Poland,Wroclaw,5.73
102514,423,2023-10-28,2023-11-04,2023-11-01,Spain,Barcelona,16.78
102515,210,2023-10-28,2023-11-07,2023-10-30,USA,Austin,20.32
102516,120,2023-10-28,2023-11-03,,Netherlands,Utrecht,12.35
102517,255,2023-10-28,2023-11-10,2023-11-08,Austria,Graz,7.07
102518,431,2023-10-28,2023-11-01,2023-11-03,USA,Boston,12.09
102519,492,2023-10-28,2023-11-06,2023-11-06,United Kingdom,Leeds,9.92
102520,223,2023-10-28,2023-10-31,2023-11-03,Germany,Berlin,9.03
102521,44,2023-10-28,2023-11-10,2023-11-02,Spain,Madrid,18.6
102522,201,2023-10-29,2023-11-01,2023-11-03,United Kingdom,Manchester,9.02
102523,497,2023-10-29,2023-11-07,2023-11-02,Germany,Cologne,17.6
102524,487,2023-10-29,2023-11-10,2023-11-09,Poland,Gdansk,6.3
102525,355,2023-10-29,2023-11-01,2023-10-31,Germany,Hamburg,27.42
102526,25,2023-10-29,2023-11-08,2023-11-07,Netherlands,Amsterdam,14.36
102527,326,2023-10-29,2023-11-08,,Poland,Poznan,26.68
102528,3,2023-10-29,2023-11-08,2023-11-09,Spain,Bilbao,37.92
102529,229,2023-10-30,2023-11-11,2023-11-04,Spain,Madrid,9.19
102530,209,2023-10-30,2023-11-07,2023-11-06,United Kingdom,Manchester,23.61
102531,391,2023-10-30,2023-11-04,2023-11-04,Germany,Berlin,18.97
102532,276,2023-10-30,2023-11-07,2023-11-08,Italy,Florence,17.58
102533,271,2023-10-30,2023-11-03,2023-11-04,USA,Chicago,28.13
102534,162,2023-10-30,2023-11-04,2023-11-07,Poland,Lodz,12.68
102535,206,2023-10-30,2023-11-07,,Germany,Hamburg,33.54
102536,103,2023-10-30,2023-11-10,2023-11-07,Poland,Gdansk,30.42
102537,398,2023-10-30,2023-11-02,2023-10-31,Poland,Wroclaw,22.55
102538,5,2023-10-31,2023-11-10,2023-11-02,Poland,Wroclaw,42.89
102539,307,2023-10-31,2023-11-11,2023-11-05,USA,Boston,5.13
102540,206,2023-10-31,2023-11-11,2023-11-08,Germany,Hamburg,5.75
102541,93,2023-10-31,2023-11-10,2023-11-05,Canada,Vancouver,12.08
102542,459,2023-10-31,2023-11-07,2023-11-04,Italy,Naples,29.39
102543,491,2023-10-31,2023-11-05,2023-11-04,Canada,Ottawa,9.97
102544,144,2023-11-01,2023-11-11,2023-11-12,Spain,Barcelona,39.98
102545,24,2023-11-01,2023-11-04,2023-11-09,Poland,Warsaw,17.62
102546,394,2023-11-01,2023-11-06,2023-11-11,Canada,Calgary,19.25
102547,34,2023-11-01,2023-11-09,2023-11-08,Canada,Vancouver,15.55
102548,475,2023-11-01,2023-11-13,2023-11-11,Poland,Wroclaw,31.89
102549,416,2023-11-01,2023-11-08,,Germany,Hamburg,44.85
102550,140,2023-11-01,2023-11-05,2023-11-07,Germany,Berlin,29.65
102551,481,2023-11-01,2023-11-09,2023-11-12,Germany,Frankfurt,31.94
102552,132,2023-11-01,2023-11-04,2023-11-10,Netherlands,Utrecht,23.63
102553,97,2023-11-01,2023-11-14,2023-11-04,Poland,Gdansk,8.96
102554,476,2023-11-02,2023-11-05,2023-11-09,Germany,Frankfurt,17.8
102555,65,2023-11-02,2023-11-11,2023-11-03,Austria,Salzburg,5.71
102556,382,2023-11-02,2023-11-11,2023-11-10,Sweden,Stockholm,10.4
102557,237,2023-11-02,2023-11-13,2023-11-05,Poland,Krakow,30.37
102558,239,2023-11-02,2023-11-08,2023-11-03,Canada,Toronto,15.35
102559,422,2023-11-02,2023-11-05,2023-11-07,Spain,Seville,6.38
102560,145,2023-11-02,2023-11-11,,Poland,Lodz,43.12
102561,336,2023-11-02,2023-11-05,2023-11-04,Poland,Poznan,27.66
102562,17,2023-11-02,2023-11-15,2023-11-07,France,Lyon,21.92
102563,382,2023-11-02,2023-11-11,2023-11-04,Sweden,Stockholm,20.27
102564,448,2023-11-02,2023-11-10,2023-11-04,Czech Republic,Ostrava,23.58
102565,369,2023-11-02,2023-11-08,2023-11-03,Czech Republic,Brno,12.22
102566,102,2023-11-02,2023-11-15,2023-11-09,Poland,Poznan,17.39
102567,468,2023-11-02,2023-11-11,2023-11-06,France,Nice,19.23
102568,258,2023-11-03,2023-11-07,2023-11-06,Netherlands,Eindhoven,16.71
102569,244,2023-11-03,2023-11-06,2023-11-13,Germany,Frankfurt,18.97
102570,325,2023-11-03,2023-11-11,2023-11-12,Netherlands,Eindhoven,19.48
102571,425,2023-11-03,2023-11-15,2023-11-10,Czech Republic,Prague,13.57
102572,16,2023-11-03,2023-11-15,2023-11-13,Sweden,Uppsala,13.23
102573,22,2023-11-03,2023-11-06,2023-11-11,USA,New York,23.05
102574,356,2023-11-03,2023-11-13,2023-11-05,Poland,Poznan,14.56
102575,68,2023-11-03,2023-11-10,2023-11-06,USA,Austin,8.45
102576,237,2023-11-03,2023-11-08,2023-11-06,Poland,Krakow,10.93
102577,197,2023-11-03,2023-11-10,2023-11-07,Germany,Munich,13.04
102578,285,2023-11-03,2023-11-06,2023-11-10,Austria,Linz,21.34
102579,387,2023-11-03,2023-11-11,2023-11-06,Spain,Bilbao,67.27
102580,226,2023-11-03,2023-11-06,2023-11-10,France,Nice,14.19
102581,481,2023-11-03,2023-11-07,2023-11-12,Germany,Frankfurt,33.81
102582,59,2023-11-04,2023-11-17,2023-11-07,Austria,Salzburg,17.61
102583,198,2023-11-04,2023-11-15,2023-11-09,Poland,Gdansk,27.69
102584,329,2023-11-04,2023-11-07,2023-11-09,Poland,Wroclaw,32.47
102585,33,2023-11-04,2023-11-09,2023-11-09,USA,Seattle,8.2
102586,356,2023-11-04,2023-11-15,2023-11-06,Poland,Poznan,31.55
102587,489,2023-11-04,2023-11-08,2023-11-15,Germany,Berlin,25.89
102588,7,2023-11-04,2023-11-12,2023-11-06,Germany,Cologne,6.67
102589,71,2023-11-04,2023-11-12,2023-11-12,Canada,Vancouver,10.08
102590,403,2023-11-05,2023-11-10,2023-11-09,Poland,Gdansk,12.93
102591,182,2023-11-05,2023-11-17,2023-11-08,Canada,Ottawa,19.53
102592,404,2023-11-05,2023-11-14,2023-11-08,Poland,Warsaw,14.0
102593,38,2023-11-05,2023-11-08,2023-11-12,Netherlands,Amsterdam,12.81
102594,310,2023-11-05,2023-11-10,2023-11-10,Poland,Lodz,24.64
102595,93,2023-11-05,2023-11-10,,Canada,Vancouver,22.49
102596,123,2023-11-05,2023-11-08,2023-11-10,Sweden,Uppsala,7.97
102597,371,2023-11-05,2023-11-18,2023-11-16,France,Paris,27.97
102598,410,2023-11-05,2023-11-12,2023-11-15,Netherlands,Rotterdam,14.96
102599,34,2023-11-05,2023-11-09,2023-11-13,Canada,Vancouver,14.77
102600,387,2023-11-05,2023-11-13,2023-11-15,Spain,Bilbao,12.87
102601,359,2023-11-05,2023-11-09,2023-11-10,France,Paris,13.89
102602,453,2023-11-06,2023-11-13,2023-11-10,United Kingdom,Manchester,17.71
102603,253,2023-11-06,2023-11-19,2023-11-17,Germany,Hamburg,27.95
102604,38,2023-11-06,2023-11-10,2023-11-09,Netherlands,Amsterdam,14.16
102605,177,2023-11-06,2023-11-14,2023-11-10,Germany,Hamburg,14.49
102606,326,2023-11-06,2023-11-18,2023-11-15,Poland,Poznan,15.1
102607,357,2023-11-06,2023-11-10,2023-11-16,Italy,Turin,7.98
102608,107,2023-11-06,2023-11-14,2023-11-12,Italy,Turin,34.04
102609,110,2023-11-07,2023-11-10,2023-11-10,USA,Boston,8.35
102610,260,2023-11-07,2023-11-13,2023-11-16,Norway,Oslo,16.07
102611,37,2023-11-07,2023-11-17,2023-11-17,Spain,Valencia,11.24
102612,204,2023-11-07,2023-11-10,2023-11-15,Poland,Gdansk,28.43
102613,399,2023-11-07,2023-11-11,2023-11-17,Poland,Poznan,8.34
102614,466,2023-11-07,2023-11-13,2023-11-11,United Kingdom,Bristol,17.51
102615,13,2023-11-07,2023-11-12,2023-11-17,Italy,Florence,17.34
102616,11,2023-11-07,2023-11-12,2023-11-13,France,Toulouse,24.39
102617,297,2023-11-08,2023-11-13,2023-11-19,Czech Republic,Ostrava,22.85
102618,329,2023-11-08,2023-11-19,2023-11-18,Poland,Wroclaw,9.02
102619,368,2023-11-08,2023-11-17,2023-11-16,Poland,Gdansk,6.49
102620,326,2023-11-08,2023-11-19,2023-11-12,Poland,Poznan,23.17
102621,250,2023-11-08,2023-11-14,2023-11-16,Czech Republic,Pilsen,48.55
102622,13,2023-11-08,2023-11-12,2023-11-09,Italy,Florence,7.98
102623,250,2023-11-08,2023-11-21,2023-11-14,Czech Republic,Pilsen,8.13
102624,6,2023-11-08,2023-11-16,2023-11-13,Poland,Gdansk,5.31
102625,139,2023-11-08,2023-11-20,2023-11-11,Spain,Valencia,15.03
102626,184,2023-11-08,2023-11-19,2023-11-12,Germany,Berlin,23.59
102627,32,2023-11-08,2023-11-11,2023-11-12,United Kingdom,Manchester,16.27
102628,356,2023-11-08,2023-11-17,2023-11-14,Poland,Poznan,16.46
102629,307,2023-11-09,2023-11-16,2023-11-19,USA,Boston,8.98
102630,353,2023-11-09,2023-11-18,2023-11-15,Czech Republic,Pilsen,27.44
102631,415,2023-11-09,2023-11-20,2023-11-17,Poland,Lodz,8.73
102632,165,2023-11-09,2023-11-22,2023-11-13,Netherlands,Eindhoven,4.4
102633,171,2023-11-09,2023-11-14,2023-11-20,Poland,Gdansk,9.4
102634,120,2023-11-09,2023-11-16,2023-11-12,Netherlands,Utrecht,36.49
102635,474,2023-11-09,2023-11-21,2023-11-12,Czech Republic,Pilsen,43.57
102636,258,2023-11-10,2023-11-18,2023-11-12,Netherlands,Eindhoven,30.64
102637,11,2023-11-10,2023-11-20,2023-11-21,France,Toulouse,63.64
102638,162,2023-11-10,2023-11-17,2023-11-12,Poland,Lodz,19.21
102639,403,2023-11-10,2023-11-20,2023-11-12,Poland,Gdansk,8.03
102640,184,2023-11-10,2023-11-16,2023-11-14,Germany,Berlin,12.8
102641,59,2023-11-10,2023-11-20,2023-11-16,Austria,Salzburg,15.73
102642,134,2023-11-10,2023-11-15,2023-11-16,Germany,Cologne,26.67
102643,210,2023-11-10,2023-11-15,2023-11-11,USA,Austin,22.38
102644,319,2023-11-10,2023-11-18,2023-11-15,Italy,Milan,25.33
102645,318,2023-11-10,2023-11-15,2023-11-13,Poland,Warsaw,24.69
102646,269,2023-11-10,2023-11-21,2023-11-15,Norway,Bergen,20.51
102647,20,2023-11-10,2023-11-20,2023-11-17,Netherlands,Rotterdam,19.67
102648,208,2023-11-10,2023-11-20,2023-11-17,Norway,Trondheim,15.7
102649,403,2023-11-10,2023-11-14,2023-11-13,Poland,Gdansk,23.68
102650,392,2023-11-11,2023-11-18,2023-11-22,United Kingdom,Bristol,23.76
102651,219,2023-11-11,2023-11-22,2023-11-20,Netherlands,Amsterdam,16.94
102652,352,2023-11-11,2023-11-23,2023-11-17,Poland,Krakow,13.94
102653,118,2023-11-11,2023-11-22,2023-11-16,Germany,Frankfurt,36.34
102654,372,2023-11-11,2023-11-21,2023-11-13,United Kingdom,Manchester,17.55
102655,351,2023-11-11,2023-11-22,2023-11-22,Italy,Florence,12.72
102656,147,2023-11-11,2023-11-19,2023-11-18,Austria,Linz,27.41
102657,4,2023-11-11,2023-11-24,2023-11-14,Italy,Turin,11.46
102658,201,2023-11-11,2023-11-22,2023-11-12,United Kingdom,Manchester,16.23
102659,284,2023-11-11,2023-11-20,2023-11-21,United Kingdom,Liverpool,15.59
102660,130,2023-11-11,2023-11-20,2023-11-14,Poland,Wroclaw,17.79
102661,369,2023-11-11,2023-11-16,2023-11-17,Czech Republic,Brno,21.7
102662,73,2023-11-11,2023-11-23,2023-11-21,USA,Denver,14.0
102663,272,2023-11-11,2023-11-22,2023-11-21,Germany,Munich,7.26
102664,310,2023-11-12,2023-11-21,2023-11-16,Poland,Lodz,9.7
102665,93,2023-11-12,2023-11-19,2023-11-21,Canada,Vancouver,22.16
102666,216,2023-11-12,2023-11-21,2023-11-20,Poland,Krakow,18.16
102667,269,2023-11-12,2023-11-25,2023-11-21,Norway,Bergen,16.81
102668,297,2023-11-12,2023-11-23,2023-11-23,Czech Republic,Ostrava,14.69
102669,99,2023-11-12,2023-11-17,2023-11-23,Canada,Vancouver,12.06
102670,405,2023-11-12,2023-11-22,2023-11-19,Netherlands,Amsterdam,27.51
102671,425,2023-11-12,2023-11-21,2023-11-18,Czech Republic,Prague,13.93
102672,481,2023-11-12,2023-11-22,2023-11-16,Germany,Frankfurt,8.16
102673,429,2023-11-13,2023-11-24,2023-11-24,Netherlands,Rotterdam,24.53
102674,14,2023-11-13,2023-11-22,2023-11-14,Netherlands,Eindhoven,14.59
102675,251,2023-11-13,2023-11-17,2023-11-24,United Kingdom,Bristol,9.1
102676,182,2023-11-13,2023-11-22,2023-11-23,Canada,Ottawa,11.29
102677,325,2023-11-13,2023-11-17,2023-11-14,Netherlands,Eindhoven,30.43
102678,303,2023-11-13,2023-11-21,2023-11-18,Italy,Turin,10.35
102679,442,2023-11-13,2023-11-22,,USA,Denver,24.96
102680,22,2023-11-13,2023-11-23,2023-11-14,USA,New York,20.66
102681,38,2023-11-13,2023-11-22,2023-11-17,Netherlands,Amsterdam,19.16
102682,166,2023-11-13,2023-11-22,2023-11-15,USA,Seattle,13.19
102683,369,2023-11-13,2023-11-23,,Czech Republic,Brno,7.18
102684,250,2023-11-13,2023-11-18,2023-11-15,Czech Republic,Pilsen,17.59
102685,480,2023-11-13,2023-11-16,2023-11-17,Poland,Gdansk,11.87
102686,180,2023-11-14,2023-11-21,2023-11-23,Sweden,Uppsala,5.24
102687,309,2023-11-14,2023-11-19,2023-11-21,France,Toulouse,8.36
102688,303,2023-11-14,2023-11-23,2023-11-19,Italy,Turin,28.15
102689,436,2023-11-14,2023-11-17,2023-11-17,Italy,Florence,10.13
102690,68,2023-11-14,2023-11-22,2023-11-17,USA,Austin,20.5
102691,349,2023-11-14,2023-11-26,2023-11-19,Poland,Lodz,34.74
102692,90,2023-11-14,2023-11-18,2023-11-18,Italy,Naples,8.92
102693,432,2023-11-15,2023-11-23,2023-11-21,Poland,Wroclaw,26.96
102694,132,2023-11-15,2023-11-18,2023-11-20,Netherlands,Utrecht,10.33
102695,177,2023-11-15,2023-11-18,2023-11-25,Germany,Hamburg,43.86
102696,136,2023-11-15,2023-11-24,2023-11-23,Netherlands,Amsterdam,24.62
102697,186,2023-11-15,2023-11-18,2023-11-23,Netherlands,Eindhoven,10.24
102698,305,2023-11-15,2023-11-25,2023-11-16,France,Marseille,22.66
102699,463,2023-11-15,2023-11-27,2023-11-21,Spain,Madrid,17.02
102700,478,2023-11-15,2023-11-23,2023-11-25,USA,Austin,17.51
102701,267,2023-11-15,2023-11-27,2023-11-18,Germany,Munich,7.52
102702,234,2023-11-15,2023-11-19,2023-11-21,United Kingdom,Bristol,38.79
102703,497,2023-11-15,2023-11-20,2023-11-25,Germany,Cologne,9.06
102704,149,2023-11-15,2023-11-19,2023-11-22,USA,Chicago,12.2
102705,231,2023-11-15,2023-11-26,2023-11-23,Sweden,Stockholm,28.65
102706,414,2023-11-15,2023-11-28,2023-11-20,United Kingdom,Leeds,16.75
102707,147,2023-11-15,2023-11-20,2023-11-26,Austria,Linz,19.86
102708,239,2023-11-15,2023-11-28,2023-11-21,Canada,Toronto,25.56
102709,126,2023-11-16,2023-11-21,2023-11-25,Spain,Barcelona,10.78
102710,115,2023-11-16,2023-11-28,2023-11-25,USA,Denver,17.42
102711,14,2023-11-16,2023-11-20,,Netherlands,Eindhoven,12.35
102712,475,2023-11-16,2023-11-25,,Poland,Wroclaw,13.75
102713,38,2023-11-16,2023-11-22,2023-11-26,Netherlands,Amsterdam,40.87
102714,319,2023-11-16,2023-11-24,2023-11-25,Italy,Milan,9.89
102715,421,2023-11-16,2023-11-25,2023-11-25,Poland,Warsaw,16.36
102716,326,2023-11-17,2023-11-23,2023-11-25,Poland,Poznan,30.45
102717,259,2023-11-17,2023-11-28,2023-11-20,USA,Boston,11.07
102718,217,2023-11-17,2023-11-22,2023-11-20,Germany,Munich,16.61
102719,487,2023-11-17,2023-11-27,2023-11-26,Poland,Gdansk,3.16
102720,400,2023-11-17,2023-11-30,2023-11-20,Poland,Poznan,3.71
102721,162,2023-11-17,2023-11-30,2023-11-18,Poland,Lodz,20.89
102722,404,2023-11-17,2023-11-23,2023-11-18,Poland,Warsaw,9.17
102723,261,2023-11-17,2023-11-23,2023-11-24,Canada,Toronto,17.82
102724,326,2023-11-17,2023-11-20,2023-11-20,Poland,Poznan,25.48
102725,258,2023-11-18,2023-11-27,2023-11-24,Netherlands,Eindhoven,25.59
102726,439,2023-11-18,2023-12-01,2023-11-22,Germany,Berlin,18.2
102727,264,2023-11-18,2023-11-22,2023-11-19,United Kingdom,London,14.43
102728,373,2023-11-18,2023-11-24,2023-11-26,United Kingdom,Bristol,21.35
102729,394,2023-11-18,2023-11-30,2023-11-24,Canada,Calgary,16.65
102730,235,2023-11-18,2023-12-01,2023-11-25,Italy,Turin,11.05
102731,110,2023-11-18,2023-11-22,2023-11-24,USA,Boston,4.47
102732,212,2023-11-18,2023-11-27,2023-11-23,France,Paris,9.4
102733,2,2023-11-19,2023-11-26,2023-11-23,United Kingdom,Bristol,10.04
102734,171,2023-11-19,2023-11-26,2023-11-28,Poland,Gdansk,25.02
102735,282,2023-11-19,2023-11-26,2023-11-26,Germany,Cologne,25.29
102736,224,2023-11-19,2023-12-02,2023-11-22,Spain,Barcelona,21.51
102737,244,2023-11-19,2023-11-25,2023-11-21,Germany,Frankfurt,13.44
102738,50,2023-11-19,2023-11-23,2023-11-30,Poland,Wroclaw,7.82
102739,421,2023-11-19,2023-11-23,2023-11-22,Poland,Warsaw,13.32
102740,396,2023-11-20,2023-11-28,,United Kingdom,Manchester,10.37
102741,391,2023-11-20,2023-11-25,2023-11-27,Germany,Berlin,7.19
102742,436,2023-11-20,2023-11-23,2023-11-30,Italy,Florence,14.58
102743,165,2023-11-20,2023-11-27,2023-11-23,Netherlands,Eindhoven,31.66
102744,476,2023-11-20,2023-12-02,2023-11-29,Germany,Frankfurt,17.96
102745,181,2023-11-20,2023-11-26,2023-11-25,Germany,Munich,19.91
102746,399,2023-11-20,2023-11-30,2023-11-21,Poland,Poznan,19.81
102747,153,2023-11-20,2023-12-02,,Norway,Bergen,13.27
102748,420,2023-11-20,2023-11-26,2023-11-22,Poland,Krakow,12.95
102749,356,2023-11-20,2023-11-24,2023-11-29,Poland,Poznan,17.27
102750,233,2023-11-20,2023-12-02,2023-12-01,Poland,Gdansk,22.58
102751,212,2023-11-20,2023-12-01,2023-11-25,France,Paris,9.81
102752,276,2023-11-20,2023-11-23,,Italy,Florence,12.07
102753,227,2023-11-20,2023-11-26,2023-11-27,Germany,Frankfurt,11.13
102754,99,2023-11-21,2023-11-25,2023-11-22,Canada,Vancouver,17.59
102755,162,2023-11-21,2023-11-25,2023-11-27,Poland,Lodz,13.54
102756,140,2023-11-21,2023-11-28,,Germany,Berlin,29.25
102757,46,2023-11-21,2023-12-04,2023-11-30,Germany,Hamburg,9.99
102758,35,2023-11-21,2023-11-28,2023-11-28,USA,Seattle,18.21
102759,383,2023-11-21,2023-11-27,2023-12-01,Italy,Rome,15.03
102760,19,2023-11-21,2023-11-27,2023-11-26,USA,Denver,12.26
102761,185,2023-11-21,2023-11-25,2023-11-23,Spain,Barcelona,22.13
102762,167,2023-11-21,2023-11-26,2023-11-25,USA,Chicago,8.16
102763,283,2023-11-21,2023-11-25,2023-11-26,Poland,Lodz,20.76
102764,223,2023-11-22,2023-11-26,2023-11-26,Germany,Berlin,6.72
102765,369,2023-11-22,2023-12-03,2023-11-27,Czech Republic,Brno,15.47
102766,326,2023-11-22,2023-12-05,2023-11-23,Poland,Poznan,64.91
102767,353,2023-11-22,2023-12-05,,Czech Republic,Pilsen,29.94
102768,359,2023-11-22,2023-12-01,2023-12-03,France,Paris,25.94
102769,171,2023-11-22,2023-11-30,2023-11-23,Poland,Gdansk,18.77
102770,474,2023-11-22,2023-11-25,2023-11-25,Czech Republic,Pilsen,6.03
102771,131,2023-11-22,2023-11-29,2023-11-29,Spain,Seville,29.9
102772,481,2023-11-22,2023-12-03,2023-11-26,Germany,Frankfurt,10.48
102773,329,2023-11-22,2023-11-26,2023-11-23,Poland,Wroclaw,22.43
102774,99,2023-11-23,2023-12-04,2023-12-04,Canada,Vancouver,12.97
102775,260,2023-11-23,2023-12-04,2023-11-25,Norway,Oslo,23.11
102776,453,2023-11-23,2023-12-06,2023-11-25,United Kingdom,Manchester,22.92
102777,209,2023-11-23,2023-11-28,,United Kingdom,Manchester,16.62
102778,285,2023-11-23,2023-12-05,2023-11-29,Austria,Linz,11.58
102779,178,2023-11-23,2023-12-05,2023-11-30,United Kingdom,Liverpool,5.79
102780,436,2023-11-23,2023-12-06,2023-12-02,Italy,Florence,17.33
102781,456,2023-11-23,2023-12-01,2023-11-24,Netherlands,Utrecht,20.15
102782,271,2023-11-23,2023-12-06,2023-11-27,USA,Chicago,21.32
102783,240,2023-11-23,2023-11-26,2023-12-01,France,Lyon,18.44
102784,20,2023-11-23,2023-12-02,,Netherlands,Rotterdam,25.59
102785,2,2023-11-23,2023-11-30,2023-12-03,United Kingdom,Bristol,11.05
102786,92,2023-11-23,2023-12-03,2023-11-26,Austria,Vienna,30.02
102787,356,2023-11-23,2023-11-30,2023-11-26,Poland,Poznan,44.38
102788,404,2023-11-23,2023-11-29,2023-12-04,Poland,Warsaw,15.78
102789,13,2023-11-23,2023-12-02,2023-11-26,Italy,Florence,27.06
102790,368,2023-11-24,2023-12-02,2023-11-25,Poland,Gdansk,61.4
102791,266,2023-11-24,2023-11-30,2023-11-26,Norway,Oslo,22.01
102792,284,2023-11-24,2023-11-28,2023-11-29,United Kingdom,Liverpool,12.13
102793,87,2023-11-24,2023-11-30,,Austria,Graz,23.3
102794,162,2023-11-24,2023-12-07,2023-11-29,Poland,Lodz,14.33
102795,439,2023-11-24,2023-12-05,2023-11-28,Germany,Berlin,6.23
102796,269,2023-11-24,2023-11-30,2023-12-02,Norway,Bergen,25.12
102797,226,2023-11-24,2023-12-06,2023-11-26,France,Nice,8.21
102798,258,2023-11-24,2023-11-27,2023-12-05,Netherlands,Eindhoven,25.9
102799,472,2023-11-24,2023-12-03,2023-12-01,Czech Republic,Brno,12.9
102800,238,2023-11-24,2023-12-03,2023-11-26,Germany,Hamburg,29.32
102801,177,2023-11-24,2023-12-01,2023-11-27,Germany,Hamburg,29.16
102802,324,2023-11-24,2023-12-07,2023-12-02,Czech Republic,Ostrava,27.68
102803,319,2023-11-24,2023-12-02,2023-12-04,Italy,Milan,18.21
102804,13,2023-11-24,2023-11-30,2023-11-27,Italy,Florence,15.06
102805,373,2023-11-24,2023-12-05,2023-12-05,United Kingdom,Bristol,11.17
102806,83,2023-11-24,2023-12-03,2023-11-28,United Kingdom,Manchester,12.97
102807,26,2023-11-24,2023-12-04,2023-11-28,USA,Chicago,7.12
102808,147,2023-11-24,2023-12-03,2023-12-02,Austria,Linz,30.92
102809,184,2023-11-24,2023-11-29,2023-12-04,Germany,Berlin,9.9
102810,326,2023-11-24,2023-11-27,,Poland,Poznan,7.92
102811,68,2023-11-24,2023-12-04,2023-12-01,USA,Austin,21.28
102812,204,2023-11-24,2023-12-01,2023-11-27,Poland,Gdansk,17.44
102813,320,2023-11-24,2023-11-29,2023-11-30,Italy,Florence,44.77
102814,201,2023-11-24,2023-12-01,,United Kingdom,Manchester,17.32
102815,301,2023-11-24,2023-11-27,2023-11-30,France,Paris,12.31
102816,222,2023-11-24,2023-11-30,2023-11-30,USA,Seattle,68.07
102817,313,2023-11-24,2023-11-27,,Czech Republic,Ostrava,43.22
102818,68,2023-11-24,2023-11-29,2023-11-27,USA,Austin,8.45
102819,12,2023-11-24,2023-11-29,2023-12-01,Sweden,Stockholm,16.2
102820,26,2023-11-24,2023-12-01,2023-11-30,USA,Chicago,17.62
102821,52,2023-11-24,2023-12-06,2023-11-25,Canada,Vancouver,22.04
102822,349,2023-11-24,2023-11-28,2023-11-25,Poland,Lodz,5.99
102823,391,2023-11-24,2023-11-29,2023-11-25,Germany,Berlin,13.08
102824,490,2023-11-24,2023-12-02,2023-11-27,USA,Seattle,8.96
102825,166,2023-11-24,2023-11-28,,USA,Seattle,44.73
102826,484,2023-11-24,2023-11-28,2023-12-05,Czech Republic,Brno,15.94
102827,110,2023-11-24,2023-12-03,2023-11-29,USA,Boston,30.0
102828,3,2023-11-24,2023-12-02,2023-11-27,Spain,Bilbao,23.28
102829,85,2023-11-24,2023-11-30,2023-11-29,United Kingdom,London,13.1
102830,117,2023-11-24,2023-11-30,,France,Nice,19.89
102831,99,2023-11-24,2023-12-04,2023-11-29,Canada,Vancouver,9.55
102832,363,2023-11-24,2023-11-29,2023-12-02,United Kingdom,Manchester,10.84
102833,149,2023-11-24,2023-12-06,,USA,Chicago,5.55
102834,258,2023-11-24,2023-12-06,2023-12-04,Netherlands,Eindhoven,19.02
102835,55,2023-11-24,2023-12-03,2023-11-30,USA,Seattle,21.84
102836,317,2023-11-24,2023-11-30,2023-12-04,Norway,Bergen,10.72
102837,314,2023-11-24,2023-12-03,2023-12-05,Sweden,Gothenburg,6.15
102838,394,2023-11-24,2023-11-27,2023-12-02,Canada,Calgary,10.65
102839,101,2023-11-24,2023-11-30,2023-12-04,Poland,Lodz,7.83
102840,182,2023-11-24,2023-12-01,2023-12-01,Canada,Ottawa,27.64
102841,187,2023-11-24,2023-11-29,2023-11-27,Germany,Berlin,9.15
102842,423,2023-11-24,2023-12-06,2023-11-29,Spain,Barcelona,13.78
102843,201,2023-11-24,2023-12-05,2023-11-28,United Kingdom,Manchester,12.63
102844,236,2023-11-24,2023-11-29,2023-12-03,Canada,Calgary,18.56
102845,117,2023-11-24,2023-12-05,,France,Nice,14.73
102846,99,2023-11-24,2023-11-30,2023-11-26,Canada,Vancouver,13.29
102847,432,2023-11-24,2023-12-03,2023-11-26,Poland,Wroclaw,5.95
102848,237,2023-11-24,2023-11-29,2023-12-01,Poland,Krakow,13.73
102849,90,2023-11-24,2023-12-07,2023-12-01,Italy,Naples,27.67
102850,164,2023-11-24,2023-11-30,,Netherlands,Eindhoven,37.43
102851,117,2023-11-25,2023-12-02,2023-12-02,France,Nice,20.69
102852,182,2023-11-25,2023-12-06,2023-11-27,Canada,Ottawa,14.22
102853,116,2023-11-25,2023-11-28,,Spain,Barcelona,19.42
102854,191,2023-11-25,2023-11-28,2023-11-29,USA,Seattle,35.23
102855,90,2023-11-25,2023-11-30,2023-12-01,Italy,Naples,11.03
102856,212,2023-11-25,2023-12-02,2023-12-04,France,Paris,12.78
102857,470,2023-11-25,2023-11-30,2023-12-02,USA,Chicago,17.03
102858,499,2023-11-25,2023-12-06,2023-11-28,Italy,Milan,14.52
102859,269,2023-11-25,2023-12-07,2023-11-26,Norway,Bergen,15.07
102860,183,2023-11-25,2023-12-07,2023-11-30,Austria,Salzburg,19.56
102861,425,2023-11-25,2023-12-01,2023-12-04,Czech Republic,Prague,16.5
102862,93,2023-11-25,2023-12-06,2023-12-04,Canada,Vancouver,12.04
102863,52,2023-11-25,2023-12-03,2023-11-29,Canada,Vancouver,32.18
102864,371,2023-11-25,2023-11-28,2023-12-01,France,Paris,13.17
102865,171,2023-11-25,2023-12-01,2023-11-30,Poland,Gdansk,55.45
102866,90,2023-11-25,2023-12-04,2023-11-30,Italy,Naples,19.62
102867,443,2023-11-25,2023-12-03,,Spain,Bilbao,16.73
102868,49,2023-11-25,2023-12-04,2023-11-30,Canada,Montreal,11.51
102869,196,2023-11-25,2023-12-04,2023-12-06,Germany,Hamburg,11.43
102870,276,2023-11-25,2023-12-05,2023-12-06,Italy,Florence,14.04
102871,131,2023-11-25,2023-12-05,2023-11-29,Spain,Seville,22.63
102872,352,2023-11-26,2023-11-29,2023-12-02,Poland,Krakow,16.46
102873,475,2023-11-26,2023-12-02,2023-12-05,Poland,Wroclaw,17.25
102874,338,2023-11-26,2023-12-08,2023-12-03,United Kingdom,Liverpool,16.67
102875,244,2023-11-26,2023-12-07,,Germany,Frankfurt,6.81
102876,99,2023-11-26,2023-12-04,2023-11-27,Canada,Vancouver,34.72
102877,87,2023-11-26,2023-12-07,2023-12-05,Austria,Graz,27.89
102878,76,2023-11-26,2023-11-30,2023-12-06,Spain,Bilbao,5.51
102879,198,2023-11-26,2023-12-06,2023-11-28,Poland,Gdansk,11.68
102880,26,2023-11-26,2023-12-07,2023-11-30,USA,Chicago,8.58
102881,369,2023-11-26,2023-12-01,,Czech Republic,Brno,14.71
102882,373,2023-11-26,2023-12-08,2023-12-02,United Kingdom,Bristol,16.56
102883,436,2023-11-27,2023-12-08,2023-11-29,Italy,Florence,28.23
102884,353,2023-11-27,2023-12-09,2023-12-07,Czech Republic,Pilsen,3.83
102885,319,2023-11-27,2023-12-07,2023-12-07,Italy,Milan,27.46
102886,472,2023-11-27,2023-12-04,2023-12-05,Czech Republic,Brno,11.17
102887,222,2023-11-27,2023-12-04,2023-12-01,USA,Seattle,12.92
102888,356,2023-11-27,2023-12-03,2023-12-03,Poland,Poznan,10.96
102889,250,2023-11-27,2023-12-04,2023-12-08,Czech Republic,Pilsen,9.93
102890,215,2023-11-27,2023-12-07,,Italy,Milan,7.64
102891,334,2023-11-27,2023-12-08,2023-12-01,USA,New York,18.67
102892,384,2023-11-27,2023-12-06,2023-12-03,Norway,Oslo,55.81
102893,453,2023-11-27,2023-12-05,2023-12-03,United Kingdom,Manchester,16.95
102894,471,2023-11-28,2023-12-05,2023-12-08,Norway,Bergen,17.14
102895,318,2023-11-28,2023-12-09,2023-12-09,Poland,Warsaw,16.41
102896,59,2023-11-28,2023-12-03,2023-12-06,Austria,Salzburg,38.74
102897,30,2023-11-28,2023-12-07,2023-12-06,Germany,Frankfurt,8.16
102898,263,2023-11-28,2023-12-01,2023-12-07,Germany,Cologne,21.31
102899,459,2023-11-28,2023-12-02,2023-12-03,Italy,Naples,15.84
102900,201,2023-11-28,2023-12-08,2023-12-02,United Kingdom,Manchester,14.79
102901,361,2023-11-28,2023-12-06,2023-12-02,United Kingdom,Leeds,7.39
102902,253,2023-11-28,2023-12-02,2023-11-30,Germany,Hamburg,8.99
102903,444,2023-11-28,2023-12-03,2023-12-08,Netherlands,Rotterdam,15.33
102904,406,2023-11-28,2023-12-02,2023-11-30,United Kingdom,Liverpool,10.69
102905,295,2023-11-28,2023-12-10,2023-12-05,USA,Chicago,7.79
102906,472,2023-11-29,2023-12-07,2023-12-06,Czech Republic,Brno,40.36
102907,461,2023-11-29,2023-12-02,2023-12-08,Italy,Turin,31.23
102908,396,2023-11-29,2023-12-04,2023-12-08,United Kingdom,Manchester,18.96
102909,209,2023-11-29,2023-12-03,2023-11-30,United Kingdom,Manchester,17.01
102910,380,2023-11-29,2023-12-07,2023-12-06,Netherlands,Rotterdam,16.14
102911,405,2023-11-29,2023-12-02,2023-12-03,Netherlands,Amsterdam,17.56
102912,299,2023-11-29,2023-12-03,,USA,Boston,16.25
102913,139,2023-11-29,2023-12-12,2023-12-05,Spain,Valencia,18.58
102914,222,2023-11-29,2023-12-08,,USA,Seattle,15.9
102915,53,2023-11-29,2023-12-12,2023-12-10,Czech Republic,Ostrava,26.72
102916,123,2023-11-29,2023-12-02,2023-12-01,Sweden,Uppsala,18.13
102917,57,2023-11-29,2023-12-06,2023-11-30,United Kingdom,Manchester,27.41
102918,339,2023-11-29,2023-12-04,2023-12-07,Spain,Valencia,12.88
102919,230,2023-11-29,2023-12-07,2023-12-07,Sweden,Malmo,27.11
102920,326,2023-11-29,2023-12-07,,Poland,Poznan,3.24
102921,315,2023-11-29,2023-12-11,,Canada,Ottawa,8.58
102922,90,2023-11-30,2023-12-10,2023-12-04,Italy,Naples,22.17
102923,159,2023-11-30,2023-12-06,2023-12-08,United Kingdom,Liverpool,14.02
102924,110,2023-11-30,2023-12-12,2023-12-08,USA,Boston,10.84
102925,251,2023-11-30,2023-12-06,2023-12-04,United Kingdom,Bristol,23.66
102926,293,2023-11-30,2023-12-03,2023-12-11,Poland,Poznan,57.57
102927,399,2023-11-30,2023-12-06,2023-12-11,Poland,Poznan,18.56
102928,359,2023-11-30,2023-12-11,2023-12-08,France,Paris,14.2
102929,222,2023-11-30,2023-12-04,2023-12-04,USA,Seattle,17.79
102930,94,2023-11-30,2023-12-05,2023-12-07,Czech Republic,Brno,9.72
102931,381,2023-11-30,2023-12-10,2023-12-08,Sweden,Malmo,11.84
102932,216,2023-12-01,2023-12-11,2023-12-06,Poland,Krakow,35.48
102933,153,2023-12-01,2023-12-12,2023-12-07,Norway,Bergen,18.28
102934,469,2023-12-01,2023-12-12,2023-12-08,Germany,Frankfurt,16.2
102935,90,2023-12-01,2023-12-10,2023-12-11,Italy,Naples,49.44
102936,22,2023-12-01,2023-12-06,2023-12-03,USA,New York,5.36
102937,283,2023-12-01,2023-12-06,2023-12-04,Poland,Lodz,16.82
102938,107,2023-12-01,2023-12-14,2023-12-04,Italy,Turin,18.46
102939,57,2023-12-01,2023-12-07,2023-12-11,United Kingdom,Manchester,9.42
102940,378,2023-12-01,2023-12-10,2023-12-11,Italy,Rome,31.11
102941,2,2023-12-01,2023-12-07,2023-12-11,United Kingdom,Bristol,16.54
102942,486,2023-12-02,2023-12-12,2023-12-05,Poland,Gdansk,24.61
102943,123,2023-12-02,2023-12-05,2023-12-12,Sweden,Uppsala,15.27
102944,59,2023-12-02,2023-12-12,2023-12-10,Austria,Salzburg,8.27
102945,73,2023-12-02,2023-12-07,2023-12-11,USA,Denver,18.39
102946,330,2023-12-02,2023-12-09,,Spain,Seville,12.71
102947,12,2023-12-02,2023-12-06,,Sweden,Stockholm,22.01
102948,347,2023-12-02,2023-12-10,2023-12-10,Canada,Ottawa,19.9
102949,326,2023-12-02,2023-12-11,2023-12-08,Poland,Poznan,13.3
102950,119,2023-12-03,2023-12-16,2023-12-06,Italy,Milan,28.06
102951,245,2023-12-03,2023-12-07,2023-12-10,Germany,Berlin,32.11
102952,68,2023-12-03,2023-12-11,2023-12-11,USA,Austin,10.86
102953,399,2023-12-03,2023-12-10,2023-12-10,Poland,Poznan,27.39
102954,357,2023-12-03,2023-12-06,2023-12-10,Italy,Turin,12.11
102955,490,2023-12-03,2023-12-16,2023-12-12,USA,Seattle,41.92
102956,254,2023-12-03,2023-12-07,2023-12-06,USA,Chicago,12.28
102957,165,2023-12-03,2023-12-12,2023-12-06,Netherlands,Eindhoven,17.94
102958,52,2023-12-04,2023-12-09,2023-12-10,Canada,Vancouver,18.41
102959,163,2023-12-04,2023-12-14,2023-12-06,Spain,Madrid,12.07
102960,397,2023-12-04,2023-12-11,2023-12-15,Poland,Warsaw,13.91
102961,19,2023-12-04,2023-12-12,2023-12-10,USA,Denver,12.86
102962,462,2023-12-04,2023-12-14,2023-12-14,Spain,Barcelona,25.19
102963,382,2023-12-04,2023-12-12,2023-12-15,Sweden,Stockholm,17.34
102964,177,2023-12-04,2023-12-11,2023-12-13,Germany,Hamburg,21.45
102965,33,2023-12-04,2023-12-16,2023-12-08,USA,Seattle,59.3
102966,238,2023-12-04,2023-12-17,2023-12-11,Germany,Hamburg,37.42
102967,73,2023-12-04,2023-12-08,2023-12-15,USA,Denver,42.48
102968,48,2023-12-04,2023-12-12,2023-12-06,USA,Denver,21.11
102969,464,2023-12-05,2023-12-09,2023-12-14,Spain,Barcelona,22.55
102970,313,2023-12-05,2023-12-11,2023-12-08,Czech Republic,Ostrava,14.64
102971,331,2023-12-05,2023-12-17,2023-12-15,Poland,Poznan,26.13
102972,426,2023-12-05,2023-12-15,2023-12-09,France,Marseille,10.17
102973,361,2023-12-05,2023-12-18,2023-12-06,United Kingdom,Leeds,36.37
102974,380,2023-12-05,2023-12-10,2023-12-15,Netherlands,Rotterdam,11.88
102975,394,2023-12-05,2023-12-14,2023-12-12,Canada,Calgary,20.09
102976,316,2023-12-05,2023-12-16,2023-12-13,Austria,Graz,19.8
102977,273,2023-12-05,2023-12-13,2023-12-13,Austria,Linz,12.95
102978,436,2023-12-05,2023-12-12,,Italy,Florence,10.11
102979,349,2023-12-05,2023-12-18,2023-12-07,Poland,Lodz,30.73
102980,372,2023-12-05,2023-12-15,2023-12-07,United Kingdom,Manchester,12.4
102981,216,2023-12-05,2023-12-10,2023-12-08,Poland,Krakow,19.52
102982,399,2023-12-05,2023-12-14,,Poland,Poznan,15.64
102983,320,2023-12-06,2023-12-14,2023-12-16,Italy,Florence,45.69
102984,37,2023-12-06,2023-12-15,2023-12-07,Spain,Valencia,17.08
102985,49,2023-12-06,2023-12-10,2023-12-07,Canada,Montreal,46.34
102986,355,2023-12-06,2023-12-15,2023-12-11,Germany,Hamburg,43.73
102987,252,2023-12-06,2023-12-13,2023-12-15,Netherlands,Amsterdam,12.0
102988,429,2023-12-06,2023-12-17,2023-12-07,Netherlands,Rotterdam,6.24
102989,423,2023-12-06,2023-12-14,2023-12-14,Spain,Barcelona,10.71
102990,177,2023-12-06,2023-12-18,2023-12-08,Germany,Hamburg,26.38
102991,390,2023-12-06,2023-12-14,2023-12-08,Czech Republic,Pilsen,14.6
102992,116,2023-12-06,2023-12-13,2023-12-13,Spain,Barcelona,18.27
102993,342,2023-12-06,2023-12-17,2023-12-12,United Kingdom,Manchester,11.24
102994,97,2023-12-06,2023-12-16,2023-12-10,Poland,Gdansk,7.86
102995,394,2023-12-06,2023-12-13,2023-12-17,Canada,Calgary,8.49
102996,267,2023-12-07,2023-12-15,2023-12-14,Germany,Munich,37.13
102997,351,2023-12-07,2023-12-20,2023-12-14,Italy,Florence,13.85
102998,22,2023-12-07,2023-12-13,2023-12-08,USA,New York,17.23
102999,70,2023-12-07,2023-12-20,2023-12-09,Spain,Madrid,16.73
103000,140,2023-12-07,2023-12-16,2023-12-18,Germany,Berlin,16.38
103001,318,2023-12-07,2023-12-11,2023-12-11,Poland,Warsaw,11.8
103002,280,2023-12-07,2023-12-10,,United Kingdom,Liverpool,19.05
103003,475,2023-12-07,2023-12-12,2023-12-08,Poland,Wroclaw,8.48
103004,225,2023-12-07,2023-12-18,2023-12-13,Czech Republic,Pilsen,38.25
103005,371,2023-12-07,2023-12-17,2023-12-08,France,Paris,17.98
103006,331,2023-12-07,2023-12-10,2023-12-16,Poland,Poznan,5.9
103007,90,2023-12-07,2023-12-16,2023-12-18,Italy,Naples,17.35
103008,192,2023-12-07,2023-12-17,2023-12-16,Poland,Gdansk,34.37
103009,245,2023-12-07,2023-12-16,2023-12-18,Germany,Berlin,6.08
103010,37,2023-12-07,2023-12-11,2023-12-11,Spain,Valencia,24.03
103011,237,2023-12-07,2023-12-14,2023-12-13,Poland,Krakow,6.53
103012,350,2023-12-07,2023-12-19,2023-12-09,Germany,Munich,40.15
103013,440,2023-12-07,2023-12-14,2023-12-13,Netherlands,Rotterdam,14.31
103014,235,2023-12-08,2023-12-16,2023-12-15,Italy,Turin,10.72
103015,276,2023-12-08,2023-12-14,2023-12-14,Italy,Florence,17.02
103016,83,2023-12-08,2023-12-20,2023-12-12,United Kingdom,Manchester,13.1
103017,341,2023-12-08,2023-12-21,2023-12-17,Italy,Rome,30.37
103018,276,2023-12-08,2023-12-20,2023-12-10,Italy,Florence,11.12
103019,403,2023-12-08,2023-12-20,2023-12-15,Poland,Gdansk,18.7
103020,248,2023-12-08,2023-12-15,2023-12-19,Poland,Wroclaw,26.45
103021,391,2023-12-08,2023-12-19,2023-12-19,Germany,Berlin,5.2
103022,390,2023-12-08,2023-12-11,2023-12-18,Czech Republic,Pilsen,38.37
103023,57,2023-12-08,2023-12-11,,United Kingdom,Manchester,6.31
103024,2,2023-12-08,2023-12-16,2023-12-17,United Kingdom,Bristol,8.91
103025,413,2023-12-08,2023-12-14,2023-12-13,Germany,Hamburg,38.34
103026,90,2023-12-08,2023-12-19,2023-12-19,Italy,Naples,6.37
103027,230,2023-12-09,2023-12-22,2023-12-13,Sweden,Malmo,6.41
103028,440,2023-12-09,2023-12-19,2023-12-14,Netherlands,Rotterdam,12.92
103029,173,2023-12-09,2023-12-19,2023-12-13,Germany,Hamburg,20.37
103030,19,2023-12-09,2023-12-13,2023-12-19,USA,Denver,12.95
103031,332,2023-12-09,2023-12-20,,Spain,Madrid,13.36
103032,135,2023-12-10,2023-12-23,2023-12-16,Netherlands,Amsterdam,21.95
103033,114,2023-12-10,2023-12-19,2023-12-18,Spain,Bilbao,15.28
103034,429,2023-12-10,2023-12-17,2023-12-18,Netherlands,Rotterdam,18.15
103035,316,2023-12-10,2023-12-19,2023-12-13,Austria,Graz,21.21
103036,318,2023-12-10,2023-12-23,2023-12-16,Poland,Warsaw,22.96
103037,87,2023-12-10,2023-12-13,2023-12-20,Austria,Graz,10.22
103038,255,2023-12-10,2023-12-14,2023-12-14,Austria,Graz,18.74
103039,430,2023-12-10,2023-12-15,,Germany,Hamburg,16.23
103040,190,2023-12-10,2023-12-17,2023-12-17,USA,Boston,11.49
103041,284,2023-12-11,2023-12-24,2023-12-20,United Kingdom,Liverpool,10.99
103042,430,2023-12-11,2023-12-20,2023-12-21,Germany,Hamburg,30.52
103043,210,2023-12-11,2023-12-24,2023-12-13,USA,Austin,18.15
103044,499,2023-12-11,2023-12-16,,Italy,Milan,7.22
103045,305,2023-12-11,2023-12-14,2023-12-14,France,Marseille,30.48
103046,142,2023-12-11,2023-12-23,2023-12-16,Czech Republic,Brno,18.98
103047,429,2023-12-11,2023-12-24,2023-12-22,Netherlands,Rotterdam,12.21
103048,276,2023-12-11,2023-12-24,2023-12-18,Italy,Florence,22.54
103049,359,2023-12-11,2023-12-22,2023-12-19,France,Paris,9.03
103050,48,2023-12-11,2023-12-16,2023-12-21,USA,Denver,11.91
103051,305,2023-12-11,2023-12-15,2023-12-21,France,Marseille,12.69
103052,111,2023-12-11,2023-12-17,2023-12-16,Spain,Bilbao,18.19
103053,363,2023-12-11,2023-12-24,2023-12-12,United Kingdom,Manchester,10.3
103054,396,2023-12-11,2023-12-17,2023-12-20,United Kingdom,Manchester,12.15
103055,436,2023-12-12,2023-12-16,2023-12-23,Italy,Florence,20.69
103056,445,2023-12-12,2023-12-21,2023-12-22,Canada,Calgary,23.8
103057,341,2023-12-12,2023-12-22,2023-12-20,Italy,Rome,12.99
103058,423,2023-12-12,2023-12-24,2023-12-15,Spain,Barcelona,6.51
103059,99,2023-12-12,2023-12-20,2023-12-14,Canada,Vancouver,6.63
103060,435,2023-12-12,2023-12-18,2023-12-21,USA,Denver,38.96
103061,201,2023-12-12,2023-12-25,2023-12-23,United Kingdom,Manchester,19.5
103062,470,2023-12-12,2023-12-24,2023-12-13,USA,Chicago,31.53
103063,244,2023-12-12,2023-12-22,,Germany,Frankfurt,13.72
103064,6,2023-12-13,2023-12-24,2023-12-15,Poland,Gdansk,14.48
103065,470,2023-12-13,2023-12-17,2023-12-20,USA,Chicago,25.43
103066,33,2023-12-13,2023-12-26,2023-12-20,USA,Seattle,22.79
103067,37,2023-12-13,2023-12-20,2023-12-21,Spain,Valencia,12.17
103068,468,2023-12-13,2023-12-26,2023-12-19,France,Nice,22.75
103069,313,2023-12-13,2023-12-17,2023-12-20,Czech Republic,Ostrava,38.75
103070,116,2023-12-13,2023-12-19,2023-12-15,Spain,Barcelona,17.16
103071,426,2023-12-13,2023-12-17,2023-12-20,France,Marseille,18.89
103072,295,2023-12-13,2023-12-16,2023-12-14,USA,Chicago,18.88
103073,472,2023-12-13,2023-12-23,2023-12-15,Czech Republic,Brno,7.66
103074,2,2023-12-13,2023-12-16,2023-12-19,United Kingdom,Bristol,7.81
103075,488,2023-12-13,2023-12-25,2023-12-23,Germany,Munich,29.28
103076,349,2023-12-13,2023-12-26,2023-12-14,Poland,Lodz,40.51
103077,437,2023-12-14,2023-12-21,2023-12-19,Poland,Lodz,10.49
103078,453,2023-12-14,2023-12-20,2023-12-21,United Kingdom,Manchester,19.71
103079,366,2023-12-14,2023-12-26,2023-12-24,Spain,Valencia,8.81
103080,224,2023-12-14,2023-12-18,,Spain,Barcelona,26.71
103081,115,2023-12-14,2023-12-18,2023-12-17,USA,Denver,11.58
103082,365,2023-12-14,2023-12-21,2023-12-21,Sweden,Uppsala,29.12
103083,166,2023-12-14,2023-12-19,2023-12-22,USA,Seattle,23.84
103084,255,2023-12-14,2023-12-20,2023-12-25,Austria,Graz,13.09
103085,172,2023-12-14,2023-12-19,2023-12-19,Norway,Trondheim,14.39
103086,350,2023-12-14,2023-12-23,2023-12-17,Germany,Munich,35.9
103087,452,2023-12-14,2023-12-22,2023-12-19,Italy,Florence,23.52
103088,391,2023-12-14,2023-12-22,2023-12-21,Germany,Berlin,16.54
103089,384,2023-12-15,2023-12-26,2023-12-23,Norway,Oslo,8.99
103090,251,2023-12-15,2023-12-24,2023-12-18,United Kingdom,Bristol,15.77
103091,308,2023-12-15,2023-12-27,2023-12-23,Canada,Toronto,10.23
103092,283,2023-12-15,2023-12-20,2023-12-23,Poland,Lodz,25.5
103093,487,2023-12-15,2023-12-18,2023-12-25,Poland,Gdansk,26.08
103094,355,2023-12-15,2023-12-21,2023-12-17,Germany,Hamburg,22.24
103095,359,2023-12-15,2023-12-26,2023-12-17,France,Paris,22.15
103096,399,2023-12-15,2023-12-21,2023-12-26,Poland,Poznan,42.22
103097,288,2023-12-15,2023-12-27,2023-12-19,Italy,Florence,15.69
103098,359,2023-12-15,2023-12-28,2023-12-17,France,Paris,14.79
103099,349,2023-12-16,2023-12-25,2023-12-26,Poland,Lodz,10.53
103100,155,2023-12-16,2023-12-26,2023-12-26,Spain,Madrid,17.3
103101,200,2023-12-16,2023-12-28,2023-12-17,Spain,Bilbao,16.85
103102,394,2023-12-16,2023-12-21,2023-12-18,Canada,Calgary,3.38
103103,235,2023-12-16,2023-12-22,2023-12-27,Italy,Turin,14.6
103104,140,2023-12-16,2023-12-27,2023-12-19,Germany,Berlin,18.62
103105,290,2023-12-16,2023-12-29,2023-12-17,Austria,Vienna,14.83
103106,465,2023-12-16,2023-12-29,2023-12-17,France,Paris,8.73
103107,396,2023-12-16,2023-12-20,2023-12-23,United Kingdom,Manchester,17.94
103108,254,2023-12-16,2023-12-25,2023-12-17,USA,Chicago,21.12
103109,453,2023-12-16,2023-12-24,2023-12-17,United Kingdom,Manchester,10.15
103110,149,2023-12-17,2023-12-27,2023-12-18,USA,Chicago,19.71
103111,59,2023-12-17,2023-12-20,2023-12-20,Austria,Salzburg,40.93
103112,464,2023-12-17,2023-12-24,2023-12-23,Spain,Barcelona,5.25
103113,421,2023-12-17,2023-12-20,2023-12-18,Poland,Warsaw,23.24
103114,1,2023-12-17,2023-12-27,,Germany,Frankfurt,11.82
103115,267,2023-12-17,2023-12-20,2023-12-25,Germany,Munich,9.74
103116,373,2023-12-17,2023-12-28,2023-12-24,United Kingdom,Bristol,15.54
103117,204,2023-12-17,2023-12-21,2023-12-27,Poland,Gdansk,24.49
103118,356,2023-12-17,2023-12-23,2023-12-23,Poland,Poznan,6.22
103119,96,2023-12-17,2023-12-20,2023-12-23,Germany,Cologne,55.82
103120,256,2023-12-17,2023-12-23,,USA,Chicago,31.7
103121,366,2023-12-17,2023-12-24,,Spain,Valencia,13.5
103122,108,2023-12-18,2023-12-22,2023-12-23,United Kingdom,Bristol,5.2
103123,260,2023-12-18,2023-12-26,2023-12-23,Norway,Oslo,6.91
103124,196,2023-12-18,2023-12-30,,Germany,Hamburg,11.93
103125,267,2023-12-18,2023-12-25,2023-12-26,Germany,Munich,17.53
103126,38,2023-12-18,2023-12-31,2023-12-22,Netherlands,Amsterdam,15.7
103127,115,2023-12-18,2023-12-22,2023-12-19,USA,Denver,12.44
103128,99,2023-12-18,2023-12-23,2023-12-20,Canada,Vancouver,10.77
103129,88,2023-12-18,2023-12-28,2023-12-26,Norway,Stavanger,25.87
103130,184,2023-12-18,2023-12-27,,Germany,Berlin,13.74
103131,46,2023-12-18,2023-12-25,2023-12-24,Germany,Hamburg,8.72
103132,90,2023-12-18,2023-12-22,2023-12-19,Italy,Naples,20.09
103133,115,2023-12-18,2023-12-26,2023-12-23,USA,Denver,18.16
103134,209,2023-12-18,2023-12-30,2023-12-26,United Kingdom,Manchester,16.56
103135,90,2023-12-18,2023-12-27,2023-12-23,Italy,Naples,12.55
103136,62,2023-12-18,2023-12-22,2023-12-20,Poland,Lodz,40.86
103137,211,2023-12-18,2023-12-24,2023-12-28,Poland,Poznan,27.38
103138,141,2023-12-19,2023-12-28,2023-12-28,Spain,Madrid,11.67
103139,231,2023-12-19,2023-12-26,2023-12-30,Sweden,Stockholm,20.17
103140,463,2023-12-19,2023-12-23,2023-12-22,Spain,Madrid,13.64
103141,391,2023-12-19,2023-12-28,2023-12-23,Germany,Berlin,5.83
103142,276,2023-12-19,2023-12-22,2023-12-26,Italy,Florence,29.7
103143,372,2023-12-19,2023-12-29,2023-12-30,United Kingdom,Manchester,15.16
103144,390,2023-12-19,2023-12-26,2023-12-21,Czech Republic,Pilsen,14.02
103145,270,2023-12-19,2023-12-23,2023-12-21,France,Lyon,16.59
103146,231,2023-12-19,2023-12-22,2023-12-21,Sweden,Stockholm,14.68
103147,19,2023-12-19,2023-12-24,2023-12-29,USA,Denver,12.76
103148,201,2023-12-19,2023-12-31,2023-12-24,United Kingdom,Manchester,20.21
103149,18,2023-12-19,2023-12-28,,Sweden,Malmo,8.77
103150,223,2023-12-19,2023-12-27,2023-12-26,Germany,Berlin,21.24
103151,22,2023-12-19,2024-01-01,2023-12-23,USA,New York,15.53
103152,307,2023-12-19,2024-01-01,2023-12-26,USA,Boston,15.22
103153,371,2023-12-20,2023-12-26,2023-12-24,France,Paris,12.43
103154,395,2023-12-20,2024-01-01,2023-12-21,Spain,Seville,11.11
103155,404,2023-12-20,2024-01-02,2023-12-28,Poland,Warsaw,23.21
103156,49,2023-12-20,2024-01-02,2023-12-21,Canada,Montreal,5.84
103157,275,2023-12-20,2023-12-24,2023-12-21,Germany,Berlin,17.15
103158,359,2023-12-20,2024-01-01,2023-12-30,France,Paris,15.58
103159,75,2023-12-20,2023-12-25,2023-12-31,Austria,Salzburg,7.93
103160,432,2023-12-20,2023-12-30,2023-12-28,Poland,Wroclaw,13.49
103161,178,2023-12-20,2023-12-31,2023-12-23,United Kingdom,Liverpool,14.68
103162,100,2023-12-20,2023-12-31,2023-12-23,Netherlands,Utrecht,41.24
103163,48,2023-12-20,2023-12-25,2023-12-28,USA,Denver,26.34
103164,90,2023-12-20,2023-12-24,2023-12-22,Italy,Naples,10.88
103165,7,2023-12-21,2023-12-30,2023-12-24,Germany,Cologne,10.83
103166,398,2023-12-21,2024-01-02,2023-12-22,Poland,Wroclaw,34.64
103167,90,2023-12-21,2023-12-29,2023-12-23,Italy,Naples,20.61
103168,109,2023-12-21,2023-12-29,2023-12-22,Spain,Bilbao,25.2
103169,352,2023-12-21,2024-01-02,2023-12-29,Poland,Krakow,7.62
103170,102,2023-12-21,2023-12-25,2024-01-01,Poland,Poznan,8.31
103171,297,2023-12-21,2024-01-02,,Czech Republic,Ostrava,44.82
103172,423,2023-12-21,2023-12-31,2023-12-28,Spain,Barcelona,16.96
103173,279,2023-12-21,2023-12-31,2023-12-28,Austria,Salzburg,64.33
103174,407,2023-12-21,2024-01-02,2023-12-27,Germany,Cologne,15.55
103175,59,2023-12-21,2024-01-03,2023-12-28,Austria,Salzburg,12.77
103176,59,2023-12-21,2024-01-01,2023-12-27,Austria,Salzburg,23.54
103177,455,2023-12-22,2023-12-25,2023-12-27,USA,Austin,11.09
103178,283,2023-12-22,2023-12-25,2023-12-23,Poland,Lodz,42.1
103179,357,2023-12-22,2023-12-25,2023-12-29,Italy,Turin,20.46
103180,352,2023-12-22,2024-01-02,2023-12-23,Poland,Krakow,31.33
103181,313,2023-12-22,2023-12-31,2023-12-26,Czech Republic,Ostrava,14.88
103182,140,2023-12-22,2023-12-25,2023-12-31,Germany,Berlin,14.69
103183,298,2023-12-22,2023-12-25,2023-12-25,USA,Boston,30.79
103184,59,2023-12-22,2023-12-30,2024-01-02,Austria,Salzburg,15.94
103185,212,2023-12-22,2023-12-29,2024-01-02,France,Paris,10.02
103186,22,2023-12-22,2024-01-01,,USA,New York,9.43
103187,100,2023-12-22,2023-12-29,2023-12-30,Netherlands,Utrecht,39.62
103188,13,2023-12-22,2024-01-04,2023-12-23,Italy,Florence,15.48
103189,459,2023-12-22,2023-12-27,2023-12-25,Italy,Naples,5.13
103190,17,2023-12-22,2023-12-25,2023-12-28,France,Lyon,19.94
103191,118,2023-12-22,2024-01-01,2023-12-27,Germany,Frankfurt,25.65
103192,351,2023-12-23,2023-12-29,2023-12-26,Italy,Florence,9.51
103193,224,2023-12-23,2024-01-04,2023-12-25,Spain,Barcelona,23.55
103194,126,2023-12-23,2024-01-02,2024-01-03,Spain,Barcelona,25.4
103195,496,2023-12-23,2024-01-01,2023-12-26,Austria,Salzburg,15.86
103196,391,2023-12-23,2023-12-30,2023-12-24,Germany,Berlin,23.8
103197,500,2023-12-23,2024-01-02,2023-12-29,United Kingdom,Bristol,9.99
103198,269,2023-12-23,2024-01-04,2023-12-26,Norway,Bergen,10.17
103199,286,2023-12-23,2023-12-30,2023-12-28,Spain,Bilbao,18.68
103200,372,2023-12-23,2024-01-01,2024-01-02,United Kingdom,Manchester,21.95
103201,162,2023-12-23,2023-12-28,2023-12-24,Poland,Lodz,19.71
103202,99,2023-12-23,2023-12-28,,Canada,Vancouver,10.87
103203,114,2023-12-24,2024-01-01,,Spain,Bilbao,33.85
103204,222,2023-12-24,2023-12-27,2023-12-31,USA,Seattle,28.4
103205,436,2023-12-24,2024-01-05,2024-01-03,Italy,Florence,10.92
103206,100,2023-12-24,2023-12-29,2024-01-04,Netherlands,Utrecht,20.96
103207,121,2023-12-24,2024-01-05,2023-12-30,Austria,Vienna,32.71
103208,121,2023-12-24,2024-01-02,2023-12-27,Austria,Vienna,40.08
103209,473,2023-12-24,2023-12-28,,United Kingdom,Leeds,33.64
103210,123,2023-12-24,2023-12-28,2023-12-26,Sweden,Uppsala,13.22
103211,421,2023-12-24,2024-01-06,2023-12-30,Poland,Warsaw,9.4
103212,201,2023-12-24,2023-12-31,2023-12-31,United Kingdom,Manchester,8.34
103213,338,2023-12-24,2023-12-28,2023-12-30,United Kingdom,Liverpool,22.61
103214,200,2023-12-25,2024-01-04,2024-01-05,Spain,Bilbao,23.33
103215,46,2023-12-25,2024-01-03,2023-12-28,Germany,Hamburg,21.02
103216,437,2023-12-25,2024-01-03,2024-01-05,Poland,Lodz,15.97
103217,473,2023-12-25,2024-01-06,2023-12-28,United Kingdom,Leeds,8.42
103218,339,2023-12-25,2023-12-30,2024-01-03,Spain,Valencia,22.76
103219,22,2023-12-25,2024-01-07,,USA,New York,13.73
103220,394,2023-12-25,2023-12-29,,Canada,Calgary,14.72
103221,280,2023-12-25,2024-01-05,2023-12-30,United Kingdom,Liverpool,19.69
103222,182,2023-12-25,2023-12-29,2023-12-28,Canada,Ottawa,6.22
103223,394,2023-12-25,2024-01-02,2024-01-01,Canada,Calgary,14.18
103224,425,2023-12-25,2024-01-07,2023-12-30,Czech Republic,Prague,17.44
103225,41,2023-12-25,2024-01-02,2023-12-31,Germany,Hamburg,9.35
103226,255,2023-12-25,2024-01-04,2023-12-27,Austria,Graz,11.96
103227,427,2023-12-25,2024-01-05,2024-01-03,Spain,Barcelona,19.44
103228,485,2023-12-25,2024-01-07,,United Kingdom,Manchester,24.36
103229,174,2023-12-25,2024-01-05,2024-01-04,United Kingdom,Bristol,31.94
103230,48,2023-12-26,2024-01-03,2024-01-02,USA,Denver,13.99
103231,234,2023-12-26,2024-01-02,2024-01-02,United Kingdom,Bristol,26.01
103232,351,2023-12-26,2024-01-04,2024-01-04,Italy,Florence,15.35
103233,234,2023-12-26,2024-01-01,2023-12-30,United Kingdom,Bristol,15.5
103234,492,2023-12-26,2024-01-02,2023-12-31,United Kingdom,Leeds,27.13
103235,363,2023-12-26,2024-01-04,2024-01-03,United Kingdom,Manchester,4.15
103236,66,2023-12-26,2024-01-08,2024-01-04,Spain,Valencia,12.31
103237,309,2023-12-26,2024-01-08,2023-12-27,France,Toulouse,23.56
103238,90,2023-12-26,2023-12-31,2024-01-06,Italy,Naples,8.91
103239,115,2023-12-26,2024-01-02,2023-12-27,USA,Denver,18.54
103240,22,2023-12-26,2023-12-30,2023-12-31,USA,New York,11.47
103241,37,2023-12-26,2024-01-02,2023-12-31,Spain,Valencia,19.51
103242,422,2023-12-26,2023-12-31,2023-12-30,Spain,Seville,8.52
103243,118,2023-12-26,2024-01-01,2024-01-06,Germany,Frankfurt,26.81
103244,60,2023-12-26,2024-01-01,2023-12-28,Netherlands,Eindhoven,10.28
103245,226,2023-12-26,2024-01-05,2024-01-04,France,Nice,16.47
103246,90,2023-12-26,2024-01-06,2024-01-04,Italy,Naples,17.93
103247,468,2023-12-27,2024-01-01,2023-12-28,France,Nice,7.38
103248,413,2023-12-27,2024-01-01,2024-01-05,Germany,Hamburg,13.82
103249,429,2023-12-27,2024-01-06,2024-01-04,Netherlands,Rotterdam,5.75
103250,171,2023-12-27,2024-01-08,2024-01-04,Poland,Gdansk,14.66
103251,90,2023-12-27,2024-01-04,2023-12-31,Italy,Naples,10.72
103252,148,2023-12-27,2024-01-02,2024-01-03,Germany,Berlin,29.92
103253,371,2023-12-27,2024-01-01,2024-01-05,France,Paris,28.73
103254,120,2023-12-27,2023-12-31,2024-01-05,Netherlands,Utrecht,7.74
103255,463,2023-12-27,2024-01-02,2023-12-31,Spain,Madrid,11.25
103256,252,2023-12-28,2024-01-04,2024-01-01,Netherlands,Amsterdam,20.41
103257,265,2023-12-28,2024-01-02,2024-01-02,Poland,Krakow,17.48
103258,428,2023-12-28,2024-01-06,2023-12-30,Poland,Gdansk,22.44
103259,58,2023-12-28,2024-01-04,2023-12-31,Czech Republic,Ostrava,30.51
103260,116,2023-12-28,2023-12-31,2024-01-04,Spain,Barcelona,13.67
103261,122,2023-12-28,2024-01-07,2024-01-01,Poland,Krakow,19.2
103262,22,2023-12-28,2024-01-08,2024-01-01,USA,New York,14.66
103263,409,2023-12-29,2024-01-08,2024-01-08,USA,Austin,10.8
103264,123,2023-12-29,2024-01-09,2024-01-07,Sweden,Uppsala,10.15
103265,247,2023-12-29,2024-01-11,2024-01-05,Germany,Hamburg,10.19
103266,42,2023-12-29,2024-01-10,2024-01-04,Poland,Lodz,19.6
103267,398,2023-12-29,2024-01-02,2024-01-05,Poland,Wroclaw,56.09
103268,283,2023-12-29,2024-01-10,2024-01-05,Poland,Lodz,8.76
103269,394,2023-12-29,2024-01-04,2024-01-01,Canada,Calgary,35.8
103270,414,2023-12-29,2024-01-01,2023-12-31,United Kingdom,Leeds,21.19
103271,475,2023-12-30,2024-01-12,,Poland,Wroclaw,8.95
103272,345,2023-12-30,2024-01-12,2024-01-06,Poland,Gdansk,18.87
103273,376,2023-12-30,2024-01-02,2024-01-01,USA,Boston,18.67
103274,55,2023-12-30,2024-01-12,2024-01-03,USA,Seattle,27.56
103275,201,2023-12-30,2024-01-05,2024-01-10,United Kingdom,Manchester,22.9
103276,340,2023-12-30,2024-01-04,2023-12-31,Austria,Vienna,32.19
103277,97,2023-12-30,2024-01-05,2024-01-08,Poland,Gdansk,14.58
103278,145,2023-12-30,2024-01-11,2024-01-06,Poland,Lodz,31.38
103279,365,2023-12-30,2024-01-12,2024-01-09,Sweden,Uppsala,16.45
103280,162,2023-12-30,2024-01-10,2024-01-07,Poland,Lodz,10.05
103281,14,2023-12-30,2024-01-05,2024-01-05,Netherlands,Eindhoven,14.67
103282,497,2023-12-30,2024-01-09,2024-01-07,Germany,Cologne,11.1
103283,205,2023-12-30,2024-01-09,2024-01-06,Poland,Wroclaw,10.68
103284,484,2023-12-30,2024-01-08,2024-01-09,Czech Republic,Brno,9.07
103285,182,2023-12-31,2024-01-03,2024-01-07,Canada,Ottawa,16.01
103286,325,2023-12-31,2024-01-12,2024-01-08,Netherlands,Eindhoven,21.75
103287,40,2023-12-31,2024-01-10,,Italy,Florence,7.5
103288,259,2023-12-31,2024-01-13,2024-01-01,USA,Boston,6.39
103289,118,2023-12-31,2024-01-08,2024-01-05,Germany,Frankfurt,19.73
103290,309,2023-12-31,2024-01-12,2024-01-03,France,Toulouse,60.72
103291,22,2023-12-31,2024-01-04,,USA,New York,16.79
103292,392,2023-12-31,2024-01-03,2024-01-01,United Kingdom,Bristol,13.81
103293,359,2023-12-31,2024-01-12,2024-01-07,France,Paris,24.74
103294,59,2023-12-31,2024-01-09,2024-01-07,Austria,Salzburg,22.42
103295,258,2023-12-31,2024-01-10,2024-01-11,Netherlands,Eindhoven,11.04
103296,497,2023-12-31,2024-01-09,,Germany,Cologne,43.48
103297,411,2023-12-31,2024-01-08,2024-01-01,France,Lyon,29.33
103298,423,2023-12-31,2024-01-10,2024-01-04,Spain,Barcelona,8.82
103299,22,2024-01-01,2024-01-12,2024-01-12,USA,New York,25.28
103300,391,2024-01-01,2024-01-05,2024-01-11,Germany,Berlin,25.24
103301,440,2024-01-01,2024-01-04,2024-01-07,Netherlands,Rotterdam,22.73
103302,325,2024-01-01,2024-01-06,2024-01-07,Netherlands,Eindhoven,16.06
103303,121,2024-01-01,2024-01-05,2024-01-08,Austria,Vienna,26.91
103304,341,2024-01-01,2024-01-05,2024-01-09,Italy,Rome,45.71
103305,349,2024-01-01,2024-01-14,2024-01-03,Poland,Lodz,10.67
103306,303,2024-01-01,2024-01-12,2024-01-09,Italy,Turin,10.39
103307,234,2024-01-02,2024-01-06,2024-01-08,United Kingdom,Bristol,14.38
103308,394,2024-01-02,2024-01-11,2024-01-04,Canada,Calgary,12.97
103309,443,2024-01-02,2024-01-05,2024-01-13,Spain,Bilbao,13.01
103310,89,2024-01-02,2024-01-12,2024-01-03,Italy,Florence,15.63
103311,307,2024-01-02,2024-01-12,2024-01-05,USA,Boston,47.72
103312,246,2024-01-02,2024-01-06,2024-01-09,United Kingdom,Leeds,20.74
103313,348,2024-01-02,2024-01-11,2024-01-10,United Kingdom,Manchester,21.4
103314,475,2024-01-03,2024-01-14,2024-01-06,Poland,Wroclaw,10.17
103315,22,2024-01-03,2024-01-11,2024-01-13,USA,New York,15.5
103316,190,2024-01-03,2024-01-06,,USA,Boston,28.17
103317,103,2024-01-03,2024-01-10,,Poland,Gdansk,11.69
103318,326,2024-01-03,2024-01-12,2024-01-09,Poland,Poznan,15.28
103319,112,2024-01-03,2024-01-08,2024-01-09,USA,Chicago,17.04
103320,81,2024-01-03,2024-01-11,2024-01-14,Germany,Munich,40.78
103321,351,2024-01-03,2024-01-08,2024-01-08,Italy,Florence,13.13
103322,384,2024-01-03,2024-01-15,2024-01-12,Norway,Oslo,31.21
103323,140,2024-01-04,2024-01-12,2024-01-09,Germany,Berlin,16.02
103324,330,2024-01-04,2024-01-17,2024-01-15,Spain,Seville,16.37
103325,166,2024-01-04,2024-01-13,2024-01-09,USA,Seattle,8.74
103326,307,2024-01-04,2024-01-09,2024-01-14,USA,Boston,8.39
103327,120,2024-01-04,2024-01-07,2024-01-10,Netherlands,Utrecht,25.46
103328,461,2024-01-04,2024-01-14,2024-01-06,Italy,Turin,32.21
103329,356,2024-01-04,2024-01-09,2024-01-10,Poland,Poznan,14.41
103330,161,2024-01-04,2024-01-14,2024-01-11,Netherlands,Eindhoven,15.07
103331,403,2024-01-04,2024-01-15,2024-01-07,Poland,Gdansk,6.92
103332,23,2024-01-04,2024-01-16,2024-01-07,USA,Chicago,25.28
103333,5,2024-01-04,2024-01-14,2024-01-07,Poland,Wroclaw,13.54
103334,470,2024-01-04,2024-01-16,2024-01-14,USA,Chicago,6.63
103335,253,2024-01-04,2024-01-16,2024-01-11,Germany,Hamburg,43.3
103336,413,2024-01-04,2024-01-14,2024-01-07,Germany,Hamburg,10.8
103337,409,2024-01-05,2024-01-11,2024-01-16,USA,Austin,24.17
103338,231,2024-01-05,2024-01-18,2024-01-11,Sweden,Stockholm,14.78
103339,208,2024-01-05,2024-01-18,2024-01-09,Norway,Trondheim,28.78
103340,403,2024-01-05,2024-01-14,2024-01-12,Poland,Gdansk,20.56
103341,457,2024-01-05,2024-01-11,2024-01-14,United Kingdom,London,17.79
103342,118,2024-01-05,2024-01-13,,Germany,Frankfurt,6.02
103343,307,2024-01-05,2024-01-11,2024-01-13,USA,Boston,12.65
103344,205,2024-01-05,2024-01-15,2024-01-07,Poland,Wroclaw,6.56
103345,200,2024-01-05,2024-01-10,2024-01-16,Spain,Bilbao,11.96
103346,117,2024-01-05,2024-01-13,2024-01-09,France,Nice,12.61
103347,397,2024-01-05,2024-01-18,2024-01-06,Poland,Warsaw,42.54
103348,225,2024-01-05,2024-01-11,2024-01-14,Czech Republic,Pilsen,12.6
103349,166,2024-01-05,2024-01-10,2024-01-07,USA,Seattle,39.29
103350,338,2024-01-06,2024-01-16,2024-01-08,United Kingdom,Liverpool,15.15
103351,166,2024-01-06,2024-01-13,2024-01-13,USA,Seattle,22.93
103352,118,2024-01-06,2024-01-09,2024-01-14,Germany,Frankfurt,19.34
103353,445,2024-01-06,2024-01-15,2024-01-12,Canada,Calgary,28.01
103354,99,2024-01-06,2024-01-16,2024-01-15,Canada,Vancouver,17.75
103355,146,2024-01-06,2024-01-15,2024-01-08,Germany,Hamburg,9.33
103356,283,2024-01-06,2024-01-15,2024-01-14,Poland,Lodz,4.94
103357,353,2024-01-06,2024-01-14,2024-01-15,Czech Republic,Pilsen,16.41
103358,201,2024-01-06,2024-01-15,2024-01-09,United Kingdom,Manchester,8.49
103359,237,2024-01-07,2024-01-10,2024-01-09,Poland,Krakow,11.68
103360,69,2024-01-07,2024-01-15,2024-01-11,United Kingdom,Bristol,27.81
103361,475,2024-01-07,2024-01-11,2024-01-17,Poland,Wroclaw,25.62
103362,423,2024-01-07,2024-01-18,2024-01-14,Spain,Barcelona,19.82
103363,305,2024-01-07,2024-01-18,2024-01-16,France,Marseille,6.58
103364,64,2024-01-07,2024-01-15,2024-01-13,Poland,Wroclaw,11.36
103365,443,2024-01-08,2024-01-21,2024-01-10,Spain,Bilbao,6.68
103366,247,2024-01-08,2024-01-15,2024-01-16,Germany,Hamburg,6.88
103367,423,2024-01-08,2024-01-20,2024-01-10,Spain,Barcelona,17.63
103368,23,2024-01-08,2024-01-15,2024-01-09,USA,Chicago,11.72
103369,260,2024-01-08,2024-01-20,2024-01-12,Norway,Oslo,11.62
103370,413,2024-01-08,2024-01-15,2024-01-17,Germany,Hamburg,11.63
103371,102,2024-01-08,2024-01-20,2024-01-10,Poland,Poznan,11.76
103372,115,2024-01-09,2024-01-22,,USA,Denver,32.05
103373,206,2024-01-09,2024-01-20,2024-01-16,Germany,Hamburg,7.9
103374,399,2024-01-09,2024-01-22,2024-01-13,Poland,Poznan,12.8
103375,50,2024-01-09,2024-01-21,2024-01-11,Poland,Wroclaw,9.34
103376,338,2024-01-09,2024-01-22,2024-01-20,United Kingdom,Liverpool,27.71
103377,226,2024-01-09,2024-01-17,2024-01-20,France,Nice,18.15
103378,234,2024-01-09,2024-01-15,2024-01-20,United Kingdom,Bristol,14.26
103379,432,2024-01-09,2024-01-14,2024-01-11,Poland,Wroclaw,33.68
103380,484,2024-01-10,2024-01-13,2024-01-14,Czech Republic,Brno,9.66
103381,160,2024-01-10,2024-01-16,2024-01-21,United Kingdom,Manchester,17.63
103382,119,2024-01-10,2024-01-21,2024-01-18,Italy,Milan,14.7
103383,180,2024-01-10,2024-01-20,2024-01-19,Sweden,Uppsala,19.18
103384,349,2024-01-10,2024-01-18,2024-01-18,Poland,Lodz,18.9
103385,369,2024-01-10,2024-01-18,2024-01-15,Czech Republic,Brno,15.79
103386,160,2024-01-10,2024-01-20,2024-01-14,United Kingdom,Manchester,9.14
103387,153,2024-01-10,2024-01-22,2024-01-21,Norway,Bergen,17.69
103388,476,2024-01-10,2024-01-15,2024-01-20,Germany,Frankfurt,9.44
103389,237,2024-01-10,2024-01-21,2024-01-20,Poland,Krakow,29.07
103390,12,2024-01-10,2024-01-17,2024-01-16,Sweden,Stockholm,9.89
103391,269,2024-01-10,2024-01-14,2024-01-20,Norway,Bergen,10.27
103392,33,2024-01-11,2024-01-20,2024-01-22,USA,Seattle,5.98
103393,425,2024-01-11,2024-01-16,2024-01-21,Czech Republic,Prague,31.47
103394,465,2024-01-12,2024-01-25,2024-01-19,France,Paris,11.4
103395,447,2024-01-12,2024-01-20,2024-01-19,United Kingdom,Bristol,22.53
103396,10,2024-01-12,2024-01-20,2024-01-20,Poland,Gdansk,15.48
103397,48,2024-01-12,2024-01-25,2024-01-18,USA,Denver,10.18
103398,470,2024-01-12,2024-01-21,2024-01-15,USA,Chicago,16.27
103399,423,2024-01-12,2024-01-18,2024-01-21,Spain,Barcelona,13.98
103400,32,2024-01-12,2024-01-18,2024-01-14,United Kingdom,Manchester,8.91
103401,279,2024-01-13,2024-01-20,,Austria,Salzburg,8.0
103402,226,2024-01-13,2024-01-24,2024-01-18,France,Nice,8.33
103403,315,2024-01-13,2024-01-26,2024-01-21,Canada,Ottawa,11.53
103404,338,2024-01-13,2024-01-22,2024-01-16,United Kingdom,Liverpool,36.3
103405,110,2024-01-14,2024-01-18,2024-01-20,USA,Boston,28.43
103406,179,2024-01-14,2024-01-19,2024-01-16,USA,Denver,13.19
103407,59,2024-01-14,2024-01-25,2024-01-20,Austria,Salzburg,8.2
103408,90,2024-01-14,2024-01-25,,Italy,Naples,20.17
103409,153,2024-01-14,2024-01-23,2024-01-23,Norway,Bergen,22.68
103410,99,2024-01-14,2024-01-25,2024-01-25,Canada,Vancouver,20.06
103411,99,2024-01-14,2024-01-21,2024-01-25,Canada,Vancouver,8.17
103412,351,2024-01-15,2024-01-25,2024-01-21,Italy,Florence,16.43
103413,284,2024-01-15,2024-01-21,2024-01-22,United Kingdom,Liverpool,13.84
103414,328,2024-01-15,2024-01-23,2024-01-25,United Kingdom,Liverpool,7.39
103415,235,2024-01-15,2024-01-19,,Italy,Turin,12.82
103416,171,2024-01-15,2024-01-27,2024-01-23,Poland,Gdansk,13.75
103417,459,2024-01-15,2024-01-24,2024-01-23,Italy,Naples,6.14
103418,100,2024-01-15,2024-01-26,,Netherlands,Utrecht,7.27
103419,394,2024-01-15,2024-01-20,2024-01-24,Canada,Calgary,4.6
103420,26,2024-01-15,2024-01-20,2024-01-26,USA,Chicago,23.8
103421,465,2024-01-15,2024-01-24,2024-01-18,France,Paris,8.42
103422,30,2024-01-15,2024-01-27,2024-01-24,Germany,Frankfurt,23.94
103423,320,2024-01-15,2024-01-27,2024-01-16,Italy,Florence,11.96
103424,326,2024-01-16,2024-01-22,2024-01-23,Poland,Poznan,17.67
103425,454,2024-01-16,2024-01-22,2024-01-21,Poland,Warsaw,42.95
103426,284,2024-01-16,2024-01-20,2024-01-24,United Kingdom,Liverpool,11.57
103427,452,2024-01-16,2024-01-21,2024-01-23,Italy,Florence,12.93
103428,463,2024-01-16,2024-01-28,2024-01-23,Spain,Madrid,16.0
103429,472,2024-01-16,2024-01-26,2024-01-19,Czech Republic,Brno,6.98
103430,87,2024-01-17,2024-01-29,2024-01-19,Austria,Graz,18.9
103431,394,2024-01-17,2024-01-30,2024-01-28,Canada,Calgary,8.96
103432,452,2024-01-17,2024-01-25,2024-01-27,Italy,Florence,25.57
103433,83,2024-01-17,2024-01-23,2024-01-25,United Kingdom,Manchester,9.29
103434,315,2024-01-17,2024-01-29,,Canada,Ottawa,17.41
103435,231,2024-01-17,2024-01-21,2024-01-24,Sweden,Stockholm,11.07
103436,443,2024-01-17,2024-01-25,2024-01-23,Spain,Bilbao,7.55
103437,479,2024-01-17,2024-01-20,2024-01-23,Poland,Wroclaw,14.13
103438,307,2024-01-17,2024-01-22,2024-01-27,USA,Boston,11.82
103439,371,2024-01-18,2024-01-23,2024-01-26,France,Paris,23.75
103440,92,2024-01-18,2024-01-25,,Austria,Vienna,12.22
103441,17,2024-01-18,2024-01-22,2024-01-21,France,Lyon,12.97
103442,273,2024-01-18,2024-01-23,2024-01-26,Austria,Linz,32.91
103443,425,2024-01-18,2024-01-24,2024-01-25,Czech Republic,Prague,34.04
103444,61,2024-01-18,2024-01-25,2024-01-19,Poland,Wroclaw,7.46
103445,276,2024-01-18,2024-01-22,2024-01-19,Italy,Florence,5.72
103446,149,2024-01-18,2024-01-29,2024-01-28,USA,Chicago,8.72
103447,80,2024-01-18,2024-01-30,2024-01-24,USA,Austin,27.96
103448,229,2024-01-19,2024-02-01,2024-01-29,Spain,Madrid,8.53
103449,461,2024-01-19,2024-01-28,2024-01-25,Italy,Turin,7.8
103450,212,2024-01-19,2024-01-25,2024-01-21,France,Paris,15.46
103451,172,2024-01-19,2024-01-31,2024-01-28,Norway,Trondheim,19.47
103452,97,2024-01-19,2024-01-26,2024-01-24,Poland,Gdansk,16.03
103453,100,2024-01-19,2024-01-31,,Netherlands,Utrecht,11.71
103454,412,2024-01-19,2024-01-28,2024-01-25,Germany,Cologne,10.83
103455,440,2024-01-19,2024-01-23,2024-01-23,Netherlands,Rotterdam,8.14
103456,153,2024-01-19,2024-01-26,2024-01-30,Norway,Bergen,15.05
103457,196,2024-01-19,2024-01-23,2024-01-29,Germany,Hamburg,12.53
103458,22,2024-01-19,2024-01-27,,USA,New York,7.22
103459,60,2024-01-19,2024-01-30,2024-01-23,Netherlands,Eindhoven,18.94
103460,472,2024-01-20,2024-02-01,2024-01-24,Czech Republic,Brno,19.13
103461,37,2024-01-20,2024-01-30,2024-01-31,Spain,Valencia,21.82
103462,437,2024-01-21,2024-01-29,2024-01-29,Poland,Lodz,23.15
103463,301,2024-01-21,2024-01-29,,France,Paris,9.82
103464,405,2024-01-22,2024-01-25,2024-01-25,Netherlands,Amsterdam,34.83
103465,151,2024-01-22,2024-01-29,2024-01-25,Germany,Hamburg,18.92
103466,160,2024-01-22,2024-01-30,2024-01-24,United Kingdom,Manchester,9.7
103467,324,2024-01-22,2024-01-27,2024-02-02,Czech Republic,Ostrava,11.92
103468,258,2024-01-22,2024-01-27,2024-02-02,Netherlands,Eindhoven,18.17
103469,276,2024-01-22,2024-01-27,2024-01-29,Italy,Florence,30.43
103470,109,2024-01-22,2024-01-25,2024-01-23,Spain,Bilbao,12.19
103471,146,2024-01-23,2024-02-04,,Germany,Hamburg,39.14
103472,307,2024-01-23,2024-01-31,2024-01-28,USA,Boston,13.51
103473,443,2024-01-23,2024-01-26,2024-01-30,Spain,Bilbao,33.8
103474,341,2024-01-24,2024-02-05,2024-02-02,Italy,Rome,19.48
103475,217,2024-01-24,2024-01-28,2024-01-27,Germany,Munich,24.44
103476,340,2024-01-24,2024-02-04,2024-01-25,Austria,Vienna,17.34
103477,315,2024-01-24,2024-02-06,2024-01-30,Canada,Ottawa,10.78
103478,154,2024-01-24,2024-01-27,2024-02-03,France,Marseille,14.01
103479,359,2024-01-24,2024-01-28,2024-01-27,France,Paris,10.94
103480,48,2024-01-24,2024-02-03,2024-01-26,USA,Denver,13.89
103481,425,2024-01-24,2024-02-02,2024-01-25,Czech Republic,Prague,26.02
103482,241,2024-01-24,2024-01-28,2024-01-27,USA,New York,10.43
103483,258,2024-01-24,2024-01-27,2024-01-28,Netherlands,Eindhoven,18.34
103484,93,2024-01-25,2024-01-31,2024-02-04,Canada,Vancouver,14.9
103485,160,2024-01-25,2024-01-29,2024-01-31,United Kingdom,Manchester,21.22
103486,332,2024-01-25,2024-01-30,2024-01-31,Spain,Madrid,16.8
103487,104,2024-01-25,2024-02-05,2024-02-02,United Kingdom,London,20.73
103488,110,2024-01-25,2024-02-04,2024-02-04,USA,Boston,25.71
103489,151,2024-01-25,2024-02-04,2024-01-27,Germany,Hamburg,35.43
103490,313,2024-01-25,2024-02-04,2024-01-26,Czech Republic,Ostrava,13.41
103491,101,2024-01-25,2024-02-04,2024-01-29,Poland,Lodz,13.47
103492,55,2024-01-26,2024-02-07,2024-02-02,USA,Seattle,18.35
103493,331,2024-01-26,2024-02-06,2024-02-06,Poland,Poznan,27.3
103494,496,2024-01-26,2024-02-06,2024-02-03,Austria,Salzburg,21.63
103495,10,2024-01-26,2024-02-06,2024-02-01,Poland,Gdansk,8.1
103496,466,2024-01-26,2024-02-05,2024-02-05,United Kingdom,Bristol,11.9
103497,453,2024-01-26,2024-02-03,2024-01-30,United Kingdom,Manchester,11.21
103498,307,2024-01-26,2024-02-07,2024-01-29,USA,Boston,11.95
103499,153,2024-01-26,2024-02-06,2024-02-04,Norway,Bergen,9.32
103500,239,2024-01-26,2024-02-08,2024-01-31,Canada,Toronto,25.01
103501,142,2024-01-26,2024-02-04,2024-02-02,Czech Republic,Brno,17.08
103502,251,2024-01-26,2024-02-03,2024-02-05,United Kingdom,Bristol,17.52
103503,452,2024-01-26,2024-02-03,2024-02-01,Italy,Florence,32.2
103504,494,2024-01-26,2024-02-08,2024-01-30,Italy,Florence,34.85
103505,3,2024-01-26,2024-02-07,2024-01-29,Spain,Bilbao,16.44
103506,89,2024-01-27,2024-02-06,2024-02-04,Italy,Florence,11.84
103507,191,2024-01-27,2024-02-05,2024-01-31,USA,Seattle,20.0
103508,200,2024-01-27,2024-01-30,2024-01-29,Spain,Bilbao,6.88
103509,99,2024-01-27,2024-02-05,2024-02-06,Canada,Vancouver,18.76
103510,114,2024-01-27,2024-01-31,2024-01-30,Spain,Bilbao,10.83
103511,241,2024-01-27,2024-02-04,2024-02-07,USA,New York,16.8
103512,326,2024-01-27,2024-02-09,2024-02-02,Poland,Poznan,5.03
103513,198,2024-01-27,2024-01-30,2024-02-03,Poland,Gdansk,23.42
103514,124,2024-01-27,2024-02-07,2024-01-30,United Kingdom,Liverpool,13.63
103515,104,2024-01-27,2024-02-04,2024-01-28,United Kingdom,London,7.86
103516,475,2024-01-27,2024-02-01,2024-02-03,Poland,Wroclaw,21.88
103517,343,2024-01-28,2024-02-02,2024-02-03,Poland,Gdansk,8.23
103518,286,2024-01-28,2024-02-04,2024-02-02,Spain,Bilbao,18.43
103519,167,2024-01-28,2024-02-02,2024-02-04,USA,Chicago,15.46
103520,62,2024-01-28,2024-02-03,2024-01-30,Poland,Lodz,12.84
103521,306,2024-01-28,2024-02-03,2024-02-03,Czech Republic,Ostrava,36.39
103522,107,2024-01-28,2024-02-10,2024-02-01,Italy,Turin,27.49
103523,48,2024-01-28,2024-02-03,2024-02-01,USA,Denver,22.25
103524,140,2024-01-28,2024-02-05,,Germany,Berlin,19.38
103525,1,2024-01-28,2024-02-08,2024-01-29,Germany,Frankfurt,17.49
103526,371,2024-01-28,2024-02-10,2024-02-06,France,Paris,21.4
103527,201,2024-01-29,2024-02-04,2024-02-07,United Kingdom,Manchester,28.39
103528,449,2024-01-29,2024-02-07,2024-02-07,Poland,Krakow,8.54
103529,305,2024-01-29,2024-02-10,2024-02-05,France,Marseille,9.65
103530,420,2024-01-29,2024-02-11,,Poland,Krakow,21.92
103531,386,2024-01-29,2024-02-06,2024-02-05,France,Marseille,22.85
103532,59,2024-01-29,2024-02-11,2024-02-01,Austria,Salzburg,9.65
103533,224,2024-01-29,2024-02-02,2024-02-08,Spain,Barcelona,17.89
103534,411,2024-01-29,2024-02-01,2024-02-01,France,Lyon,15.5
103535,422,2024-01-29,2024-02-11,2024-02-08,Spain,Seville,13.06
103536,307,2024-01-29,2024-02-08,2024-02-04,USA,Boston,15.65
103537,391,2024-01-30,2024-02-11,2024-02-08,Germany,Berlin,20.83
103538,115,2024-01-30,2024-02-06,2024-02-04,USA,Denver,13.71
103539,27,2024-01-30,2024-02-11,2024-02-06,Poland,Krakow,12.77
103540,224,2024-01-30,2024-02-03,2024-02-04,Spain,Barcelona,13.8
103541,37,2024-01-30,2024-02-04,,Spain,Valencia,24.94
103542,488,2024-01-30,2024-02-11,2024-02-02,Germany,Munich,19.86
103543,22,2024-01-30,2024-02-11,2024-02-02,USA,New York,18.02
103544,180,2024-01-30,2024-02-07,2024-02-09,Sweden,Uppsala,27.07
103545,99,2024-01-30,2024-02-12,2024-02-05,Canada,Vancouver,15.35
103546,276,2024-01-30,2024-02-08,2024-02-09,Italy,Florence,7.38
103547,280,2024-01-30,2024-02-06,2024-01-31,United Kingdom,Liverpool,16.04
103548,206,2024-01-30,2024-02-04,2024-02-03,Germany,Hamburg,17.37
103549,451,2024-01-30,2024-02-11,2024-02-01,Italy,Naples,14.03
103550,76,2024-01-31,2024-02-06,2024-02-09,Spain,Bilbao,11.93
103551,159,2024-01-31,2024-02-08,2024-02-07,United Kingdom,Liverpool,16.42
103552,421,2024-01-31,2024-02-05,2024-02-04,Poland,Warsaw,17.82
103553,310,2024-01-31,2024-02-12,2024-02-03,Poland,Lodz,13.99
103554,59,2024-02-01,2024-02-05,2024-02-08,Austria,Salzburg,32.02
103555,290,2024-02-01,2024-02-08,2024-02-02,Austria,Vienna,23.63
103556,487,2024-02-01,2024-02-13,2024-02-10,Poland,Gdansk,3.8
103557,13,2024-02-02,2024-02-08,,Italy,Florence,21.69
103558,424,2024-02-02,2024-02-09,2024-02-12,United Kingdom,Bristol,46.98
103559,99,2024-02-02,2024-02-12,,Canada,Vancouver,8.56
103560,44,2024-02-02,2024-02-07,2024-02-13,Spain,Madrid,12.67
103561,255,2024-02-02,2024-02-07,2024-02-13,Austria,Graz,48.03
103562,481,2024-02-02,2024-02-09,2024-02-06,Germany,Frankfurt,15.36
103563,352,2024-02-02,2024-02-14,2024-02-13,Poland,Krakow,14.7
103564,307,2024-02-02,2024-02-09,2024-02-11,USA,Boston,16.61
103565,201,2024-02-02,2024-02-05,2024-02-05,United Kingdom,Manchester,6.53
103566,305,2024-02-03,2024-02-08,2024-02-08,France,Marseille,7.51
103567,351,2024-02-03,2024-02-14,2024-02-11,Italy,Florence,30.59
103568,26,2024-02-03,2024-02-13,2024-02-12,USA,Chicago,15.74
103569,61,2024-02-03,2024-02-09,2024-02-04,Poland,Wroclaw,9.56
103570,160,2024-02-03,2024-02-08,2024-02-04,United Kingdom,Manchester,18.81
103571,353,2024-02-03,2024-02-09,2024-02-09,Czech Republic,Pilsen,14.04
103572,414,2024-02-03,2024-02-06,2024-02-09,United Kingdom,Leeds,17.05
103573,273,2024-02-04,2024-02-15,2024-02-10,Austria,Linz,10.8
103574,109,2024-02-04,2024-02-13,2024-02-09,Spain,Bilbao,8.88
103575,457,2024-02-04,2024-02-07,2024-02-08,United Kingdom,London,5.33
103576,16,2024-02-04,2024-02-15,2024-02-13,Sweden,Uppsala,32.85
103577,30,2024-02-04,2024-02-09,2024-02-14,Germany,Frankfurt,12.79
103578,104,2024-02-04,2024-02-12,2024-02-14,United Kingdom,London,17.64
103579,330,2024-02-04,2024-02-15,2024-02-05,Spain,Seville,15.71
103580,252,2024-02-04,2024-02-08,2024-02-05,Netherlands,Amsterdam,17.57
103581,396,2024-02-05,2024-02-14,2024-02-16,United Kingdom,Manchester,16.3
103582,129,2024-02-05,2024-02-18,2024-02-12,Sweden,Stockholm,25.47
103583,267,2024-02-05,2024-02-16,2024-02-09,Germany,Munich,8.08
103584,204,2024-02-05,2024-02-13,2024-02-14,Poland,Gdansk,46.11
103585,7,2024-02-05,2024-02-15,2024-02-14,Germany,Cologne,13.04
103586,19,2024-02-05,2024-02-11,2024-02-16,USA,Denver,6.68
103587,26,2024-02-05,2024-02-13,2024-02-10,USA,Chicago,28.14
103588,61,2024-02-05,2024-02-10,2024-02-14,Poland,Wroclaw,17.39
103589,342,2024-02-05,2024-02-17,2024-02-07,United Kingdom,Manchester,10.4
103590,66,2024-02-06,2024-02-10,2024-02-10,Spain,Valencia,22.96
103591,154,2024-02-06,2024-02-11,2024-02-16,France,Marseille,10.88
103592,423,2024-02-06,2024-02-16,2024-02-15,Spain,Barcelona,17.75
103593,420,2024-02-06,2024-02-11,2024-02-16,Poland,Krakow,24.04
103594,307,2024-02-06,2024-02-15,2024-02-17,USA,Boston,13.08
103595,91,2024-02-06,2024-02-11,2024-02-10,Poland,Lodz,21.21
103596,331,2024-02-07,2024-02-14,2024-02-09,Poland,Poznan,14.74
103597,121,2024-02-07,2024-02-18,2024-02-17,Austria,Vienna,25.74
103598,307,2024-02-07,2024-02-17,2024-02-09,USA,Boston,22.42
103599,350,2024-02-07,2024-02-17,2024-02-09,Germany,Munich,18.86
103600,416,2024-02-07,2024-02-17,2024-02-10,Germany,Hamburg,24.61
103601,59,2024-02-07,2024-02-12,2024-02-12,Austria,Salzburg,4.55
103602,76,2024-02-07,2024-02-17,2024-02-14,Spain,Bilbao,9.8
103603,269,2024-02-07,2024-02-18,2024-02-17,Norway,Bergen,36.28
103604,76,2024-02-07,2024-02-15,2024-02-09,Spain,Bilbao,23.95
103605,253,2024-02-07,2024-02-18,2024-02-15,Germany,Hamburg,20.05
103606,269,2024-02-07,2024-02-18,2024-02-12,Norway,Bergen,8.51
103607,198,2024-02-08,2024-02-14,2024-02-12,Poland,Gdansk,30.52
103608,26,2024-02-08,2024-02-14,2024-02-14,USA,Chicago,16.34
103609,286,2024-02-08,2024-02-11,2024-02-09,Spain,Bilbao,9.6
103610,162,2024-02-08,2024-02-20,2024-02-11,Poland,Lodz,9.65
103611,484,2024-02-08,2024-02-20,2024-02-13,Czech Republic,Brno,21.23
103612,451,2024-02-08,2024-02-14,2024-02-19,Italy,Naples,9.08
103613,440,2024-02-08,2024-02-14,,Netherlands,Rotterdam,12.47
103614,53,2024-02-09,2024-02-18,2024-02-20,Czech Republic,Ostrava,13.49
103615,102,2024-02-09,2024-02-22,2024-02-16,Poland,Poznan,31.68
103616,425,2024-02-09,2024-02-15,2024-02-11,Czech Republic,Prague,12.39
103617,90,2024-02-09,2024-02-14,2024-02-12,Italy,Naples,16.78
103618,200,2024-02-09,2024-02-22,,Spain,Bilbao,11.95
103619,30,2024-02-09,2024-02-13,2024-02-12,Germany,Frankfurt,35.43
103620,406,2024-02-09,2024-02-17,2024-02-20,United Kingdom,Liverpool,24.15
103621,422,2024-02-09,2024-02-21,2024-02-11,Spain,Seville,12.64
103622,99,2024-02-09,2024-02-22,2024-02-15,Canada,Vancouver,6.24
103623,120,2024-02-09,2024-02-12,2024-02-19,Netherlands,Utrecht,40.61
103624,242,2024-02-09,2024-02-14,2024-02-16,Norway,Oslo,36.96
103625,142,2024-02-10,2024-02-20,2024-02-19,Czech Republic,Brno,21.53
103626,26,2024-02-10,2024-02-17,2024-02-18,USA,Chicago,5.52
103627,307,2024-02-10,2024-02-21,2024-02-14,USA,Boston,6.9
103628,266,2024-02-10,2024-02-18,2024-02-17,Norway,Oslo,8.87
103629,295,2024-02-10,2024-02-18,2024-02-15,USA,Chicago,16.19
103630,405,2024-02-10,2024-02-19,2024-02-12,Netherlands,Amsterdam,8.7
103631,54,2024-02-10,2024-02-17,2024-02-14,France,Marseille,8.16
103632,124,2024-02-11,2024-02-19,2024-02-20,United Kingdom,Liverpool,32.89
103633,23,2024-02-11,2024-02-18,2024-02-19,USA,Chicago,43.98
103634,305,2024-02-11,2024-02-18,2024-02-18,France,Marseille,24.99
103635,118,2024-02-11,2024-02-24,2024-02-19,Germany,Frankfurt,17.03
103636,93,2024-02-11,2024-02-18,2024-02-19,Canada,Vancouver,31.86
103637,276,2024-02-11,2024-02-17,2024-02-12,Italy,Florence,22.38
103638,258,2024-02-12,2024-02-22,2024-02-23,Netherlands,Eindhoven,16.97
103639,31,2024-02-12,2024-02-20,2024-02-13,Canada,Montreal,17.81
103640,423,2024-02-12,2024-02-24,2024-02-19,Spain,Barcelona,19.66
103641,251,2024-02-12,2024-02-25,2024-02-19,United Kingdom,Bristol,7.12
103642,89,2024-02-12,2024-02-15,2024-02-15,Italy,Florence,26.07
103643,140,2024-02-12,2024-02-24,2024-02-15,Germany,Berlin,25.67
103644,328,2024-02-12,2024-02-17,2024-02-14,United Kingdom,Liverpool,20.03
103645,423,2024-02-13,2024-02-26,2024-02-21,Spain,Barcelona,14.1
103646,7,2024-02-13,2024-02-22,2024-02-14,Germany,Cologne,33.06
103647,474,2024-02-13,2024-02-22,2024-02-19,Czech Republic,Pilsen,23.89
103648,60,2024-02-13,2024-02-16,2024-02-17,Netherlands,Eindhoven,11.76
103649,204,2024-02-13,2024-02-22,2024-02-16,Poland,Gdansk,27.71
103650,87,2024-02-13,2024-02-16,2024-02-24,Austria,Graz,15.9
103651,62,2024-02-13,2024-02-21,2024-02-21,Poland,Lodz,3.92
103652,419,2024-02-13,2024-02-19,2024-02-18,Germany,Cologne,10.5
103653,71,2024-02-14,2024-02-18,2024-02-24,Canada,Vancouver,38.35
103654,399,2024-02-14,2024-02-25,2024-02-18,Poland,Poznan,31.09
103655,118,2024-02-14,2024-02-18,2024-02-18,Germany,Frankfurt,22.61
103656,253,2024-02-14,2024-02-25,2024-02-16,Germany,Hamburg,8.03
103657,476,2024-02-14,2024-02-20,2024-02-22,Germany,Frankfurt,5.89
103658,331,2024-02-14,2024-02-24,2024-02-17,Poland,Poznan,25.08
103659,148,2024-02-15,2024-02-25,2024-02-16,Germany,Berlin,49.76
103660,201,2024-02-15,2024-02-24,2024-02-16,United Kingdom,Manchester,6.97
103661,432,2024-02-16,2024-02-25,2024-02-19,Poland,Wroclaw,16.48
103662,466,2024-02-16,2024-02-24,2024-02-22,United Kingdom,Bristol,17.12
103663,371,2024-02-16,2024-02-19,2024-02-25,France,Paris,26.11
103664,165,2024-02-16,2024-02-22,2024-02-21,Netherlands,Eindhoven,11.96
103665,37,2024-02-16,2024-02-24,2024-02-27,Spain,Valencia,25.31
103666,426,2024-02-16,2024-02-24,2024-02-18,France,Marseille,9.26
103667,110,2024-02-16,2024-02-26,2024-02-19,USA,Boston,6.28
103668,452,2024-02-16,2024-02-28,2024-02-20,Italy,Florence,26.14
103669,23,2024-02-16,2024-02-25,,USA,Chicago,16.83
103670,384,2024-02-17,2024-03-01,2024-02-19,Norway,Oslo,12.32
103671,483,2024-02-17,2024-02-23,2024-02-28,Sweden,Gothenburg,11.43
103672,55,2024-02-17,2024-02-20,2024-02-20,USA,Seattle,25.12
103673,321,2024-02-17,2024-02-25,2024-02-18,France,Paris,6.97
103674,78,2024-02-17,2024-02-28,2024-02-22,United Kingdom,London,23.2
103675,98,2024-02-17,2024-02-21,2024-02-23,France,Paris,28.58
103676,64,2024-02-18,2024-02-22,2024-02-24,Poland,Wroclaw,29.76
103677,167,2024-02-18,2024-02-23,2024-02-22,USA,Chicago,11.53
103678,488,2024-02-18,2024-02-24,2024-02-23,Germany,Munich,10.41
103679,238,2024-02-18,2024-03-02,2024-02-27,Germany,Hamburg,19.43
103680,256,2024-02-18,2024-03-02,2024-02-22,USA,Chicago,17.79
103681,60,2024-02-18,2024-02-28,2024-02-23,Netherlands,Eindhoven,11.17
103682,284,2024-02-18,2024-03-01,2024-02-28,United Kingdom,Liverpool,11.11
103683,110,2024-02-19,2024-02-28,2024-03-01,USA,Boston,5.14
103684,346,2024-02-19,2024-03-03,2024-02-21,Italy,Milan,29.74
103685,162,2024-02-19,2024-02-27,2024-02-27,Poland,Lodz,21.6
103686,129,2024-02-19,2024-02-26,2024-02-21,Sweden,Stockholm,9.57
103687,23,2024-02-19,2024-03-03,2024-02-25,USA,Chicago,9.53
103688,374,2024-02-20,2024-02-27,2024-02-24,USA,New York,18.25
103689,252,2024-02-20,2024-02-29,2024-03-02,Netherlands,Amsterdam,14.28
103690,33,2024-02-20,2024-03-02,2024-03-01,USA,Seattle,23.18
103691,90,2024-02-20,2024-02-24,2024-02-28,Italy,Naples,17.59
103692,484,2024-02-20,2024-02-27,2024-02-28,Czech Republic,Brno,13.91
103693,97,2024-02-20,2024-02-24,2024-02-24,Poland,Gdansk,7.88
103694,48,2024-02-20,2024-03-03,,USA,Denver,21.41
103695,99,2024-02-21,2024-02-25,2024-02-27,Canada,Vancouver,28.09
103696,429,2024-02-21,2024-02-24,2024-03-01,Netherlands,Rotterdam,5.72
103697,305,2024-02-21,2024-02-24,2024-03-01,France,Marseille,9.91
103698,466,2024-02-21,2024-03-04,2024-02-28,United Kingdom,Bristol,17.82
103699,436,2024-02-21,2024-02-25,2024-03-02,Italy,Florence,15.51
103700,258,2024-02-21,2024-03-02,2024-02-27,Netherlands,Eindhoven,6.44
103701,319,2024-02-21,2024-02-27,2024-03-01,Italy,Milan,7.79
103702,228,2024-02-21,2024-02-24,2024-03-03,Austria,Linz,9.73
103703,226,2024-02-21,2024-02-26,2024-02-23,France,Nice,7.45
103704,373,2024-02-22,2024-03-05,2024-03-03,United Kingdom,Bristol,26.83
103705,307,2024-02-22,2024-03-06,2024-02-28,USA,Boston,10.01
103706,188,2024-02-22,2024-02-27,2024-02-23,Poland,Gdansk,5.93
103707,2,2024-02-22,2024-02-29,2024-02-28,United Kingdom,Bristol,14.1
103708,351,2024-02-22,2024-03-04,2024-02-29,Italy,Florence,8.83
103709,394,2024-02-22,2024-03-01,2024-02-25,Canada,Calgary,8.7
103710,406,2024-02-22,2024-02-27,2024-02-26,United Kingdom,Liverpool,13.72
103711,227,2024-02-22,2024-03-04,2024-02-28,Germany,Frankfurt,7.25
103712,246,2024-02-22,2024-02-29,2024-03-03,United Kingdom,Leeds,7.23
103713,295,2024-02-23,2024-03-07,2024-03-01,USA,Chicago,15.02
103714,394,2024-02-23,2024-03-06,2024-02-26,Canada,Calgary,11.69
103715,496,2024-02-23,2024-03-02,2024-02-24,Austria,Salzburg,9.96
103716,253,2024-02-23,2024-03-05,2024-03-04,Germany,Hamburg,29.21
103717,373,2024-02-23,2024-02-27,2024-03-02,United Kingdom,Bristol,11.34
103718,394,2024-02-23,2024-02-27,2024-03-03,Canada,Calgary,17.17
103719,319,2024-02-24,2024-03-08,2024-02-29,Italy,Milan,25.76
103720,123,2024-02-24,2024-03-05,2024-03-06,Sweden,Uppsala,9.35
103721,436,2024-02-24,2024-03-04,2024-03-01,Italy,Florence,5.77
103722,201,2024-02-24,2024-02-27,2024-02-25,United Kingdom,Manchester,16.21
103723,404,2024-02-25,2024-03-01,2024-02-29,Poland,Warsaw,18.91
103724,211,2024-02-25,2024-03-08,2024-02-26,Poland,Poznan,15.0
103725,62,2024-02-25,2024-03-05,2024-03-02,Poland,Lodz,9.03
103726,48,2024-02-25,2024-03-01,2024-03-06,USA,Denver,19.83
103727,2,2024-02-25,2024-03-06,,United Kingdom,Bristol,9.7
103728,115,2024-02-25,2024-03-02,2024-02-27,USA,Denver,16.27
103729,73,2024-02-25,2024-03-03,2024-03-02,USA,Denver,22.81
103730,472,2024-02-25,2024-03-02,2024-02-26,Czech Republic,Brno,30.44
103731,184,2024-02-26,2024-03-07,2024-03-08,Germany,Berlin,32.19
103732,405,2024-02-26,2024-03-03,2024-03-03,Netherlands,Amsterdam,6.6
103733,202,2024-02-26,2024-03-07,2024-03-01,Poland,Gdansk,16.93
103734,90,2024-02-26,2024-03-06,2024-02-29,Italy,Naples,29.16
103735,114,2024-02-26,2024-03-01,2024-03-05,Spain,Bilbao,17.33
103736,304,2024-02-26,2024-02-29,2024-03-01,USA,Austin,24.09
103737,115,2024-02-26,2024-03-05,2024-02-29,USA,Denver,22.78
103738,22,2024-02-26,2024-03-07,2024-03-06,USA,New York,11.69
103739,22,2024-02-26,2024-02-29,2024-02-27,USA,New York,9.94
103740,216,2024-02-26,2024-03-03,,Poland,Krakow,11.21
103741,110,2024-02-26,2024-03-07,2024-03-08,USA,Boston,19.34
103742,315,2024-02-26,2024-03-04,2024-03-02,Canada,Ottawa,9.79
103743,22,2024-02-26,2024-02-29,2024-03-01,USA,New York,32.74
103744,164,2024-02-26,2024-03-04,2024-03-08,Netherlands,Eindhoven,49.48
103745,138,2024-02-26,2024-03-02,2024-03-04,Italy,Florence,26.6
103746,162,2024-02-26,2024-03-10,2024-03-06,Poland,Lodz,26.31
103747,276,2024-02-27,2024-03-08,2024-03-07,Italy,Florence,12.91
103748,3,2024-02-27,2024-03-07,2024-03-06,Spain,Bilbao,33.43
103749,306,2024-02-27,2024-03-07,2024-03-01,Czech Republic,Ostrava,10.38
103750,62,2024-02-27,2024-03-09,2024-03-03,Poland,Lodz,29.83
103751,235,2024-02-27,2024-03-06,2024-03-07,Italy,Turin,13.0
103752,38,2024-02-27,2024-03-07,2024-03-09,Netherlands,Amsterdam,26.91
103753,175,2024-02-28,2024-03-09,2024-03-05,Austria,Salzburg,27.98
103754,60,2024-02-28,2024-03-05,,Netherlands,Eindhoven,17.19
103755,266,2024-02-28,2024-03-06,2024-03-10,Norway,Oslo,14.18
103756,48,2024-02-28,2024-03-11,2024-03-01,USA,Denver,11.76
103757,61,2024-02-28,2024-03-03,2024-03-02,Poland,Wroclaw,34.12
103758,426,2024-02-28,2024-03-04,2024-03-04,France,Marseille,13.57
103759,328,2024-02-28,2024-03-06,2024-03-08,United Kingdom,Liverpool,10.09
103760,234,2024-02-28,2024-03-06,2024-03-01,United Kingdom,Bristol,10.46
103761,358,2024-02-28,2024-03-05,2024-03-02,Italy,Rome,5.81
103762,403,2024-02-29,2024-03-03,2024-03-03,Poland,Gdansk,4.92
103763,60,2024-02-29,2024-03-08,2024-03-02,Netherlands,Eindhoven,13.2
103764,183,2024-02-29,2024-03-06,2024-03-05,Austria,Salzburg,10.68
103765,38,2024-02-29,2024-03-07,2024-03-10,Netherlands,Amsterdam,16.77
103766,236,2024-02-29,2024-03-05,,Canada,Calgary,8.06
103767,153,2024-02-29,2024-03-05,2024-03-10,Norway,Bergen,8.85
103768,93,2024-02-29,2024-03-10,2024-03-01,Canada,Vancouver,8.15
103769,450,2024-03-01,2024-03-05,2024-03-08,Poland,Wroclaw,27.69
103770,337,2024-03-01,2024-03-08,2024-03-07,Canada,Toronto,6.27
103771,159,2024-03-01,2024-03-04,2024-03-05,United Kingdom,Liverpool,7.43
103772,309,2024-03-01,2024-03-12,2024-03-10,France,Toulouse,22.13
103773,492,2024-03-01,2024-03-08,2024-03-04,United Kingdom,Leeds,19.28
103774,318,2024-03-01,2024-03-10,2024-03-04,Poland,Warsaw,12.24
103775,426,2024-03-01,2024-03-06,2024-03-03,France,Marseille,13.07
103776,298,2024-03-01,2024-03-08,2024-03-04,USA,Boston,11.88
103777,315,2024-03-02,2024-03-11,2024-03-06,Canada,Ottawa,16.75
103778,3,2024-03-02,2024-03-10,2024-03-04,Spain,Bilbao,5.45
103779,75,2024-03-03,2024-03-15,2024-03-13,Austria,Salzburg,10.09
103780,406,2024-03-03,2024-03-09,2024-03-07,United Kingdom,Liverpool,17.74
103781,362,2024-03-03,2024-03-09,2024-03-05,United Kingdom,Leeds,7.13
103782,33,2024-03-03,2024-03-10,2024-03-07,USA,Seattle,35.41
103783,368,2024-03-03,2024-03-06,2024-03-10,Poland,Gdansk,4.34
103784,120,2024-03-03,2024-03-11,2024-03-11,Netherlands,Utrecht,6.9
103785,26,2024-03-03,2024-03-11,2024-03-04,USA,Chicago,9.93
103786,39,2024-03-04,2024-03-07,2024-03-05,Poland,Wroclaw,19.67
103787,370,2024-03-04,2024-03-08,2024-03-11,Germany,Munich,11.55
103788,69,2024-03-04,2024-03-10,2024-03-06,United Kingdom,Bristol,9.86
103789,267,2024-03-04,2024-03-14,2024-03-05,Germany,Munich,11.34
103790,16,2024-03-04,2024-03-11,2024-03-15,Sweden,Uppsala,29.95
103791,107,2024-03-04,2024-03-15,2024-03-07,Italy,Turin,29.13
103792,422,2024-03-04,2024-03-11,2024-03-09,Spain,Seville,23.96
103793,259,2024-03-04,2024-03-08,2024-03-07,USA,Boston,29.8
103794,49,2024-03-04,2024-03-16,2024-03-11,Canada,Montreal,9.77
103795,120,2024-03-04,2024-03-15,2024-03-14,Netherlands,Utrecht,15.6
103796,77,2024-03-04,2024-03-10,2024-03-11,Spain,Madrid,36.55
103797,54,2024-03-04,2024-03-14,2024-03-10,France,Marseille,25.51
103798,443,2024-03-04,2024-03-07,2024-03-05,Spain,Bilbao,21.08
103799,357,2024-03-04,2024-03-11,2024-03-12,Italy,Turin,30.7
103800,442,2024-03-05,2024-03-18,2024-03-15,USA,Denver,4.67
103801,407,2024-03-05,2024-03-11,2024-03-06,Germany,Cologne,21.62
103802,177,2024-03-05,2024-03-10,2024-03-14,Germany,Hamburg,24.19
103803,487,2024-03-05,2024-03-08,2024-03-08,Poland,Gdansk,15.11
103804,481,2024-03-05,2024-03-08,2024-03-14,Germany,Frankfurt,16.05
103805,371,2024-03-06,2024-03-13,2024-03-08,France,Paris,33.34
103806,410,2024-03-06,2024-03-10,2024-03-08,Netherlands,Rotterdam,34.87
103807,90,2024-03-06,2024-03-09,2024-03-10,Italy,Naples,10.26
103808,197,2024-03-06,2024-03-14,2024-03-14,Germany,Munich,16.7
103809,365,2024-03-06,2024-03-12,2024-03-07,Sweden,Uppsala,8.44
103810,3,2024-03-06,2024-03-17,2024-03-08,Spain,Bilbao,25.96
103811,236,2024-03-06,2024-03-16,2024-03-07,Canada,Calgary,14.03
103812,155,2024-03-06,2024-03-12,2024-03-10,Spain,Madrid,14.43
103813,492,2024-03-06,2024-03-15,2024-03-09,United Kingdom,Leeds,10.8
103814,307,2024-03-06,2024-03-13,2024-03-10,USA,Boston,18.41
103815,58,2024-03-06,2024-03-15,2024-03-17,Czech Republic,Ostrava,12.62
103816,58,2024-03-07,2024-03-14,2024-03-09,Czech Republic,Ostrava,17.76
103817,131,2024-03-07,2024-03-13,2024-03-10,Spain,Seville,20.03
103818,405,2024-03-07,2024-03-17,2024-03-15,Netherlands,Amsterdam,21.42
103819,101,2024-03-07,2024-03-14,2024-03-11,Poland,Lodz,33.33
103820,61,2024-03-07,2024-03-18,2024-03-09,Poland,Wroclaw,8.73
103821,269,2024-03-07,2024-03-16,2024-03-17,Norway,Bergen,33.32
103822,85,2024-03-07,2024-03-13,2024-03-18,United Kingdom,London,18.89
103823,324,2024-03-08,2024-03-16,2024-03-13,Czech Republic,Ostrava,70.08
103824,237,2024-03-08,2024-03-19,2024-03-09,Poland,Krakow,17.17
103825,104,2024-03-08,2024-03-17,2024-03-10,United Kingdom,London,17.19
103826,276,2024-03-08,2024-03-14,2024-03-19,Italy,Florence,9.33
103827,153,2024-03-08,2024-03-16,2024-03-17,Norway,Bergen,17.7
103828,487,2024-03-08,2024-03-15,2024-03-18,Poland,Gdansk,20.54
103829,201,2024-03-08,2024-03-13,2024-03-09,United Kingdom,Manchester,10.28
103830,318,2024-03-09,2024-03-14,2024-03-13,Poland,Warsaw,26.6
103831,356,2024-03-09,2024-03-17,2024-03-12,Poland,Poznan,20.83
103832,395,2024-03-09,2024-03-17,2024-03-11,Spain,Seville,11.29
103833,90,2024-03-09,2024-03-18,2024-03-12,Italy,Naples,18.07
103834,210,2024-03-09,2024-03-17,2024-03-14,USA,Austin,13.08
103835,36,2024-03-10,2024-03-22,2024-03-18,Germany,Cologne,20.12
103836,365,2024-03-10,2024-03-22,2024-03-21,Sweden,Uppsala,21.7
103837,22,2024-03-10,2024-03-22,2024-03-13,USA,New York,17.68
103838,294,2024-03-10,2024-03-14,2024-03-19,Germany,Berlin,15.98
103839,89,2024-03-10,2024-03-15,2024-03-12,Italy,Florence,25.65
103840,438,2024-03-10,2024-03-23,2024-03-19,Germany,Munich,8.49
103841,195,2024-03-11,2024-03-23,2024-03-17,Canada,Ottawa,14.72
103842,127,2024-03-11,2024-03-22,2024-03-14,France,Paris,7.73
103843,426,2024-03-11,2024-03-17,2024-03-13,France,Marseille,11.22
103844,425,2024-03-11,2024-03-20,2024-03-16,Czech Republic,Prague,14.96
103845,119,2024-03-11,2024-03-17,2024-03-21,Italy,Milan,6.84
103846,371,2024-03-11,2024-03-18,2024-03-21,France,Paris,15.42
103847,352,2024-03-11,2024-03-17,2024-03-15,Poland,Krakow,44.13
103848,376,2024-03-11,2024-03-14,2024-03-20,USA,Boston,12.18
103849,162,2024-03-11,2024-03-14,2024-03-20,Poland,Lodz,10.34
103850,121,2024-03-11,2024-03-15,2024-03-20,Austria,Vienna,39.58
103851,23,2024-03-12,2024-03-23,2024-03-22,USA,Chicago,38.12
103852,409,2024-03-12,2024-03-25,,USA,Austin,20.18
103853,443,2024-03-12,2024-03-15,2024-03-16,Spain,Bilbao,5.67
103854,472,2024-03-12,2024-03-18,2024-03-13,Czech Republic,Brno,16.89
103855,318,2024-03-12,2024-03-20,2024-03-19,Poland,Warsaw,32.48
103856,205,2024-03-12,2024-03-20,2024-03-13,Poland,Wroclaw,10.92
103857,294,2024-03-13,2024-03-20,2024-03-14,Germany,Berlin,32.83
103858,42,2024-03-13,2024-03-21,2024-03-14,Poland,Lodz,18.78
103859,7,2024-03-13,2024-03-18,2024-03-18,Germany,Cologne,17.62
103860,326,2024-03-13,2024-03-26,2024-03-14,Poland,Poznan,18.37
103861,293,2024-03-13,2024-03-26,2024-03-19,Poland,Poznan,17.05
103862,99,2024-03-13,2024-03-26,2024-03-18,Canada,Vancouver,44.84
103863,343,2024-03-13,2024-03-24,2024-03-20,Poland,Gdansk,46.64
103864,110,2024-03-13,2024-03-26,2024-03-22,USA,Boston,39.45
103865,418,2024-03-13,2024-03-17,2024-03-19,United Kingdom,Liverpool,13.14
103866,366,2024-03-13,2024-03-22,2024-03-18,Spain,Valencia,9.69
103867,119,2024-03-13,2024-03-26,2024-03-21,Italy,Milan,17.13
103868,325,2024-03-13,2024-03-24,2024-03-14,Netherlands,Eindhoven,22.32
103869,206,2024-03-13,2024-03-23,2024-03-23,Germany,Hamburg,39.86
103870,398,2024-03-14,2024-03-25,2024-03-25,Poland,Wroclaw,14.37
103871,375,2024-03-14,2024-03-21,2024-03-24,Germany,Hamburg,14.88
103872,59,2024-03-14,2024-03-22,2024-03-15,Austria,Salzburg,10.54
103873,357,2024-03-14,2024-03-17,2024-03-25,Italy,Turin,18.08
103874,147,2024-03-14,2024-03-20,2024-03-24,Austria,Linz,15.88
103875,2,2024-03-14,2024-03-18,2024-03-19,United Kingdom,Bristol,9.94
103876,81,2024-03-15,2024-03-19,2024-03-18,Germany,Munich,27.84
103877,463,2024-03-15,2024-03-18,2024-03-22,Spain,Madrid,4.37
103878,429,2024-03-15,2024-03-27,,Netherlands,Rotterdam,18.6
103879,68,2024-03-15,2024-03-19,2024-03-20,USA,Austin,13.83
103880,352,2024-03-15,2024-03-18,2024-03-18,Poland,Krakow,25.93
103881,307,2024-03-15,2024-03-27,2024-03-20,USA,Boston,26.42
103882,166,2024-03-15,2024-03-18,2024-03-20,USA,Seattle,33.78
103883,93,2024-03-16,2024-03-22,2024-03-25,Canada,Vancouver,13.78
103884,475,2024-03-16,2024-03-24,2024-03-24,Poland,Wroclaw,6.51
103885,426,2024-03-16,2024-03-20,2024-03-21,France,Marseille,7.29
103886,115,2024-03-16,2024-03-27,2024-03-27,USA,Denver,23.27
103887,483,2024-03-16,2024-03-20,,Sweden,Gothenburg,9.49
103888,363,2024-03-16,2024-03-28,2024-03-19,United Kingdom,Manchester,18.91
103889,250,2024-03-16,2024-03-27,2024-03-24,Czech Republic,Pilsen,10.92
103890,447,2024-03-16,2024-03-25,2024-03-20,United Kingdom,Bristol,13.85
103891,394,2024-03-16,2024-03-29,2024-03-20,Canada,Calgary,28.49
103892,110,2024-03-16,2024-03-21,2024-03-27,USA,Boston,23.37
103893,12,2024-03-16,2024-03-19,2024-03-21,Sweden,Stockholm,9.95
103894,68,2024-03-16,2024-03-28,,USA,Austin,17.66
103895,60,2024-03-16,2024-03-22,2024-03-20,Netherlands,Eindhoven,30.79
103896,184,2024-03-16,2024-03-25,2024-03-19,Germany,Berlin,8.94
103897,93,2024-03-16,2024-03-29,2024-03-18,Canada,Vancouver,7.1
103898,81,2024-03-17,2024-03-27,2024-03-25,Germany,Munich,6.46
103899,163,2024-03-17,2024-03-26,2024-03-19,Spain,Madrid,18.94
103900,443,2024-03-17,2024-03-24,2024-03-20,Spain,Bilbao,13.91
103901,436,2024-03-17,2024-03-27,2024-03-18,Italy,Florence,64.05
103902,49,2024-03-18,2024-03-29,2024-03-22,Canada,Montreal,22.52
103903,62,2024-03-18,2024-03-21,2024-03-21,Poland,Lodz,23.72
103904,323,2024-03-18,2024-03-31,2024-03-28,Czech Republic,Ostrava,11.97
103905,212,2024-03-18,2024-03-30,2024-03-19,France,Paris,11.62
103906,162,2024-03-18,2024-03-28,2024-03-20,Poland,Lodz,26.02
103907,310,2024-03-18,2024-03-28,2024-03-27,Poland,Lodz,8.67
103908,162,2024-03-18,2024-03-28,2024-03-28,Poland,Lodz,10.91
103909,319,2024-03-19,2024-03-22,2024-03-20,Italy,Milan,18.9
103910,295,2024-03-19,2024-03-28,2024-03-29,USA,Chicago,10.01
103911,153,2024-03-19,2024-03-25,2024-03-26,Norway,Bergen,11.57
103912,426,2024-03-19,2024-03-30,2024-03-30,France,Marseille,15.15
103913,319,2024-03-19,2024-03-31,2024-03-29,Italy,Milan,7.15
103914,320,2024-03-19,2024-03-25,2024-03-29,Italy,Florence,28.75
103915,161,2024-03-19,2024-03-25,2024-03-21,Netherlands,Eindhoven,8.59
103916,311,2024-03-19,2024-03-31,2024-03-23,Germany,Berlin,6.3
103917,258,2024-03-19,2024-03-31,2024-03-22,Netherlands,Eindhoven,20.61
103918,355,2024-03-20,2024-03-26,2024-03-24,Germany,Hamburg,22.54
103919,208,2024-03-20,2024-03-23,2024-03-21,Norway,Trondheim,11.48
103920,46,2024-03-20,2024-03-27,2024-03-31,Germany,Hamburg,7.38
103921,449,2024-03-20,2024-03-27,2024-03-21,Poland,Krakow,23.66
103922,6,2024-03-20,2024-04-01,2024-03-31,Poland,Gdansk,10.86
103923,79,2024-03-20,2024-03-29,2024-03-25,Italy,Naples,14.1
103924,254,2024-03-20,2024-03-28,2024-03-30,USA,Chicago,4.51
103925,423,2024-03-20,2024-03-30,2024-03-26,Spain,Barcelona,16.03
103926,500,2024-03-21,2024-03-24,2024-03-22,United Kingdom,Bristol,37.59
103927,83,2024-03-21,2024-03-31,2024-03-29,United Kingdom,Manchester,17.19
103928,332,2024-03-21,2024-03-31,2024-03-26,Spain,Madrid,12.86
103929,238,2024-03-21,2024-04-03,2024-03-23,Germany,Hamburg,40.38
103930,236,2024-03-21,2024-03-28,2024-03-25,Canada,Calgary,13.12
103931,369,2024-03-21,2024-04-02,,Czech Republic,Brno,20.48
103932,425,2024-03-21,2024-03-24,2024-03-24,Czech Republic,Prague,14.0
103933,394,2024-03-22,2024-03-26,2024-04-01,Canada,Calgary,9.48
103934,89,2024-03-22,2024-03-27,2024-03-30,Italy,Florence,20.2
103935,70,2024-03-22,2024-03-28,2024-04-02,Spain,Madrid,26.03
103936,140,2024-03-22,2024-04-03,2024-03-30,Germany,Berlin,11.47
103937,436,2024-03-22,2024-03-29,2024-03-28,Italy,Florence,5.57
103938,350,2024-03-22,2024-03-30,2024-03-30,Germany,Munich,20.65
103939,484,2024-03-23,2024-04-02,2024-03-28,Czech Republic,Brno,18.28
103940,260,2024-03-23,2024-03-30,2024-04-03,Norway,Oslo,6.01
103941,319,2024-03-23,2024-03-28,2024-03-27,Italy,Milan,15.18
103942,487,2024-03-23,2024-03-31,2024-03-24,Poland,Gdansk,55.99
103943,284,2024-03-23,2024-04-01,2024-03-30,United Kingdom,Liverpool,6.56
103944,425,2024-03-23,2024-04-03,2024-04-03,Czech Republic,Prague,7.47
103945,362,2024-03-23,2024-04-04,2024-03-25,United Kingdom,Leeds,16.39
103946,226,2024-03-23,2024-04-04,2024-03-28,France,Nice,26.22
103947,420,2024-03-23,2024-03-28,2024-04-03,Poland,Krakow,11.54
103948,475,2024-03-23,2024-03-28,2024-03-29,Poland,Wroclaw,12.2
103949,398,2024-03-23,2024-03-31,,Poland,Wroclaw,15.9
103950,38,2024-03-24,2024-04-05,2024-03-27,Netherlands,Amsterdam,15.54
103951,162,2024-03-24,2024-03-30,2024-03-25,Poland,Lodz,11.28
103952,320,2024-03-24,2024-04-03,2024-03-26,Italy,Florence,12.1
103953,141,2024-03-24,2024-04-03,2024-03-28,Spain,Madrid,18.35
103954,351,2024-03-24,2024-03-27,2024-03-27,Italy,Florence,45.0
103955,139,2024-03-24,2024-03-31,2024-03-25,Spain,Valencia,7.57
103956,286,2024-03-24,2024-03-31,2024-04-01,Spain,Bilbao,8.06
103957,481,2024-03-24,2024-03-30,,Germany,Frankfurt,7.88
103958,256,2024-03-25,2024-04-04,2024-03-31,USA,Chicago,25.07
103959,153,2024-03-25,2024-03-28,2024-04-04,Norway,Bergen,42.61
103960,309,2024-03-25,2024-04-01,,France,Toulouse,17.47
103961,254,2024-03-25,2024-04-01,2024-03-30,USA,Chicago,16.51
103962,235,2024-03-25,2024-04-01,2024-04-02,Italy,Turin,20.1
103963,358,2024-03-25,2024-03-29,2024-03-29,Italy,Rome,50.24
103964,201,2024-03-25,2024-03-28,2024-04-03,United Kingdom,Manchester,19.13
103965,77,2024-03-25,2024-04-06,,Spain,Madrid,5.92
103966,205,2024-03-25,2024-04-02,2024-04-03,Poland,Wroclaw,18.37
103967,307,2024-03-25,2024-03-29,2024-03-29,USA,Boston,7.05
103968,289,2024-03-26,2024-03-29,2024-04-04,United Kingdom,Liverpool,20.31
103969,424,2024-03-26,2024-04-01,2024-04-01,United Kingdom,Bristol,44.97
103970,331,2024-03-26,2024-03-29,,Poland,Poznan,26.64
103971,26,2024-03-26,2024-04-01,2024-03-28,USA,Chicago,19.63
103972,348,2024-03-27,2024-04-04,2024-04-02,United Kingdom,Manchester,8.97
103973,319,2024-03-27,2024-04-04,2024-03-30,Italy,Milan,11.96
103974,271,2024-03-27,2024-04-01,2024-03-29,USA,Chicago,42.27
103975,269,2024-03-27,2024-03-31,2024-03-28,Norway,Bergen,6.17
103976,340,2024-03-27,2024-04-01,2024-03-30,Austria,Vienna,20.87
103977,336,2024-03-27,2024-04-04,2024-04-07,Poland,Poznan,30.6
103978,44,2024-03-27,2024-04-07,2024-04-01,Spain,Madrid,14.35
103979,179,2024-03-28,2024-04-07,2024-04-06,USA,Denver,30.49
103980,451,2024-03-28,2024-04-08,2024-04-06,Italy,Naples,28.79
103981,364,2024-03-28,2024-04-05,2024-03-30,Sweden,Uppsala,16.85
103982,13,2024-03-28,2024-03-31,2024-04-02,Italy,Florence,12.22
103983,19,2024-03-28,2024-04-05,2024-04-05,USA,Denver,18.88
103984,372,2024-03-28,2024-04-04,2024-04-04,United Kingdom,Manchester,37.27
103985,381,2024-03-28,2024-04-09,2024-04-01,Sweden,Malmo,6.24
103986,24,2024-03-28,2024-04-06,,Poland,Warsaw,11.11
103987,306,2024-03-28,2024-04-06,2024-04-06,Czech Republic,Ostrava,15.15
103988,369,2024-03-28,2024-04-08,2024-04-03,Czech Republic,Brno,9.87
103989,106,2024-03-29,2024-04-01,2024-04-05,Spain,Bilbao,20.11
103990,70,2024-03-29,2024-04-09,2024-04-08,Spain,Madrid,9.98
103991,165,2024-03-29,2024-04-05,2024-04-05,Netherlands,Eindhoven,14.63
103992,472,2024-03-29,2024-04-11,2024-04-09,Czech Republic,Brno,17.16
103993,436,2024-03-29,2024-04-05,2024-04-01,Italy,Florence,18.66
103994,93,2024-03-29,2024-04-01,,Canada,Vancouver,13.35
103995,140,2024-03-29,2024-04-06,2024-04-05,Germany,Berlin,10.61
103996,469,2024-03-29,2024-04-08,2024-04-05,Germany,Frankfurt,36.88
103997,26,2024-03-30,2024-04-02,2024-04-01,USA,Chicago,11.2
103998,42,2024-03-30,2024-04-06,2024-04-03,Poland,Lodz,17.58
103999,186,2024-03-30,2024-04-07,2024-04-08,Netherlands,Eindhoven,23.13
104000,399,2024-03-30,2024-04-08,2024-03-31,Poland,Poznan,25.65
104001,251,2024-03-30,2024-04-02,2024-03-31,United Kingdom,Bristol,6.33
104002,450,2024-03-31,2024-04-07,2024-04-09,Poland,Wroclaw,20.41
104003,99,2024-03-31,2024-04-11,2024-04-09,Canada,Vancouver,27.24
104004,342,2024-03-31,2024-04-08,2024-04-05,United Kingdom,Manchester,44.22
104005,63,2024-03-31,2024-04-03,2024-04-11,Netherlands,Eindhoven,5.47
104006,101,2024-03-31,2024-04-04,2024-04-03,Poland,Lodz,16.93
104007,14,2024-03-31,2024-04-09,2024-04-02,Netherlands,Eindhoven,17.66
104008,148,2024-03-31,2024-04-08,2024-04-01,Germany,Berlin,11.95
104009,216,2024-04-01,2024-04-13,2024-04-02,Poland,Krakow,23.33
104010,13,2024-04-01,2024-04-13,2024-04-10,Italy,Florence,22.35
104011,391,2024-04-01,2024-04-07,2024-04-02,Germany,Berlin,16.33
104012,37,2024-04-01,2024-04-08,2024-04-09,Spain,Valencia,20.27
104013,371,2024-04-01,2024-04-04,2024-04-03,France,Paris,11.12
104014,380,2024-04-01,2024-04-11,2024-04-02,Netherlands,Rotterdam,18.18
104015,77,2024-04-01,2024-04-12,2024-04-02,Spain,Madrid,11.05
104016,115,2024-04-01,2024-04-07,2024-04-10,USA,Denver,31.13
104017,356,2024-04-01,2024-04-06,2024-04-06,Poland,Poznan,16.68
104018,420,2024-04-01,2024-04-09,2024-04-11,Poland,Krakow,27.76
104019,50,2024-04-02,2024-04-08,2024-04-03,Poland,Wroclaw,26.89
104020,382,2024-04-02,2024-04-08,,Sweden,Stockholm,5.3
104021,25,2024-04-02,2024-04-11,2024-04-05,Netherlands,Amsterdam,18.66
104022,259,2024-04-02,2024-04-08,2024-04-10,USA,Boston,8.44
104023,121,2024-04-02,2024-04-09,2024-04-03,Austria,Vienna,27.95
104024,63,2024-04-02,2024-04-08,2024-04-06,Netherlands,Eindhoven,16.67
104025,308,2024-04-02,2024-04-06,2024-04-11,Canada,Toronto,8.02
104026,323,2024-04-02,2024-04-08,2024-04-11,Czech Republic,Ostrava,22.11
104027,280,2024-04-03,2024-04-15,2024-04-12,United Kingdom,Liverpool,10.82
104028,34,2024-04-03,2024-04-09,2024-04-13,Canada,Vancouver,17.56
104029,84,2024-04-03,2024-04-14,2024-04-04,USA,Seattle,10.4
104030,319,2024-04-03,2024-04-11,2024-04-10,Italy,Milan,8.21
104031,25,2024-04-03,2024-04-12,2024-04-08,Netherlands,Amsterdam,18.15
104032,289,2024-04-03,2024-04-14,2024-04-09,United Kingdom,Liverpool,13.85
104033,436,2024-04-03,2024-04-07,2024-04-04,Italy,Florence,12.42
104034,259,2024-04-03,2024-04-13,2024-04-11,USA,Boston,17.99
104035,167,2024-04-03,2024-04-12,2024-04-05,USA,Chicago,55.9
104036,466,2024-04-03,2024-04-16,2024-04-13,United Kingdom,Bristol,10.88
104037,331,2024-04-04,2024-04-11,2024-04-15,Poland,Poznan,35.38
104038,475,2024-04-04,2024-04-14,2024-04-08,Poland,Wroclaw,15.04
104039,76,2024-04-04,2024-04-16,2024-04-06,Spain,Bilbao,12.02
104040,431,2024-04-04,2024-04-14,,USA,Boston,10.59
104041,272,2024-04-04,2024-04-16,2024-04-10,Germany,Munich,26.39
104042,422,2024-04-04,2024-04-13,2024-04-09,Spain,Seville,29.28
104043,412,2024-04-04,2024-04-17,2024-04-15,Germany,Cologne,10.3
104044,250,2024-04-04,2024-04-10,,Czech Republic,Pilsen,6.26
104045,284,2024-04-04,2024-04-16,2024-04-14,United Kingdom,Liverpool,8.86
104046,76,2024-04-04,2024-04-14,2024-04-13,Spain,Bilbao,18.81
104047,499,2024-04-05,2024-04-17,2024-04-16,Italy,Milan,23.79
104048,204,2024-04-05,2024-04-10,2024-04-16,Poland,Gdansk,20.81
104049,487,2024-04-05,2024-04-17,2024-04-16,Poland,Gdansk,3.82
104050,122,2024-04-05,2024-04-13,2024-04-06,Poland,Krakow,28.3
104051,319,2024-04-05,2024-04-15,2024-04-07,Italy,Milan,16.13
104052,52,2024-04-06,2024-04-10,2024-04-09,Canada,Vancouver,17.32
104053,499,2024-04-06,2024-04-16,2024-04-15,Italy,Milan,38.2
104054,14,2024-04-06,2024-04-11,2024-04-14,Netherlands,Eindhoven,20.47
104055,335,2024-04-06,2024-04-13,2024-04-14,Italy,Milan,35.4
104056,325,2024-04-06,2024-04-13,2024-04-08,Netherlands,Eindhoven,30.22
104057,237,2024-04-06,2024-04-18,2024-04-15,Poland,Krakow,9.18
104058,19,2024-04-06,2024-04-14,2024-04-09,USA,Denver,14.55
104059,92,2024-04-06,2024-04-11,2024-04-16,Austria,Vienna,24.66
104060,461,2024-04-07,2024-04-17,2024-04-16,Italy,Turin,11.72
104061,109,2024-04-07,2024-04-19,2024-04-16,Spain,Bilbao,6.89
104062,14,2024-04-07,2024-04-19,2024-04-15,Netherlands,Eindhoven,16.69
104063,196,2024-04-07,2024-04-15,2024-04-18,Germany,Hamburg,10.59
104064,230,2024-04-07,2024-04-17,2024-04-08,Sweden,Malmo,16.39
104065,254,2024-04-08,2024-04-21,2024-04-19,USA,Chicago,17.3
104066,369,2024-04-08,2024-04-16,2024-04-11,Czech Republic,Brno,5.71
104067,305,2024-04-08,2024-04-12,2024-04-09,France,Marseille,20.64
104068,254,2024-04-08,2024-04-17,2024-04-19,USA,Chicago,30.75
104069,13,2024-04-08,2024-04-17,2024-04-14,Italy,Florence,18.05
104070,22,2024-04-08,2024-04-20,2024-04-13,USA,New York,14.6
104071,450,2024-04-08,2024-04-14,2024-04-16,Poland,Wroclaw,25.44
104072,22,2024-04-08,2024-04-21,2024-04-16,USA,New York,19.55
104073,220,2024-04-08,2024-04-14,2024-04-18,United Kingdom,Leeds,7.06
104074,189,2024-04-09,2024-04-16,2024-04-13,France,Lyon,11.25
104075,326,2024-04-09,2024-04-18,2024-04-20,Poland,Poznan,17.72
104076,409,2024-04-09,2024-04-14,2024-04-12,USA,Austin,9.56
104077,162,2024-04-09,2024-04-19,2024-04-13,Poland,Lodz,20.15
104078,142,2024-04-09,2024-04-20,2024-04-13,Czech Republic,Brno,7.92
104079,93,2024-04-10,2024-04-21,2024-04-14,Canada,Vancouver,14.37
104080,104,2024-04-10,2024-04-21,2024-04-18,United Kingdom,London,20.04
104081,334,2024-04-10,2024-04-19,2024-04-17,USA,New York,19.53
104082,224,2024-04-10,2024-04-14,2024-04-21,Spain,Barcelona,7.38
104083,68,2024-04-10,2024-04-17,2024-04-15,USA,Austin,8.49
104084,18,2024-04-10,2024-04-17,2024-04-11,Sweden,Malmo,11.06
104085,237,2024-04-11,2024-04-15,,Poland,Krakow,24.13
104086,50,2024-04-11,2024-04-20,2024-04-18,Poland,Wroclaw,27.55
104087,165,2024-04-11,2024-04-19,2024-04-22,Netherlands,Eindhoven,46.4
104088,351,2024-04-11,2024-04-14,2024-04-22,Italy,Florence,24.52
104089,345,2024-04-11,2024-04-18,2024-04-19,Poland,Gdansk,13.9
104090,33,2024-04-12,2024-04-24,2024-04-23,USA,Seattle,6.46
104091,26,2024-04-12,2024-04-17,2024-04-21,USA,Chicago,6.0
104092,465,2024-04-12,2024-04-18,,France,Paris,38.43
104093,345,2024-04-12,2024-04-24,2024-04-18,Poland,Gdansk,19.33
104094,392,2024-04-12,2024-04-23,2024-04-13,United Kingdom,Bristol,9.67
104095,78,2024-04-12,2024-04-15,2024-04-21,United Kingdom,London,16.41
104096,62,2024-04-12,2024-04-23,2024-04-17,Poland,Lodz,11.24
104097,184,2024-04-12,2024-04-24,2024-04-23,Germany,Berlin,5.71
104098,443,2024-04-12,2024-04-17,2024-04-19,Spain,Bilbao,26.85
104099,205,2024-04-12,2024-04-15,2024-04-21,Poland,Wroclaw,14.03
104100,394,2024-04-13,2024-04-23,2024-04-24,Canada,Calgary,10.4
104101,93,2024-04-13,2024-04-16,2024-04-21,Canada,Vancouver,18.31
104102,441,2024-04-13,2024-04-26,2024-04-20,France,Nice,22.0
104103,3,2024-04-13,2024-04-16,2024-04-24,Spain,Bilbao,22.42
104104,258,2024-04-13,2024-04-23,2024-04-14,Netherlands,Eindhoven,6.3
104105,181,2024-04-13,2024-04-25,,Germany,Munich,13.56
104106,472,2024-04-13,2024-04-23,2024-04-23,Czech Republic,Brno,19.28
104107,15,2024-04-13,2024-04-18,2024-04-19,Spain,Seville,17.62
104108,296,2024-04-13,2024-04-20,2024-04-24,United Kingdom,Bristol,9.25
104109,186,2024-04-13,2024-04-25,2024-04-17,Netherlands,Eindhoven,8.64
104110,37,2024-04-14,2024-04-23,2024-04-15,Spain,Valencia,27.51
104111,404,2024-04-14,2024-04-17,2024-04-15,Poland,Warsaw,20.38
104112,338,2024-04-14,2024-04-19,2024-04-22,United Kingdom,Liverpool,25.93
104113,403,2024-04-14,2024-04-17,2024-04-17,Poland,Gdansk,7.58
104114,280,2024-04-15,2024-04-20,2024-04-17,United Kingdom,Liverpool,15.86
104115,381,2024-04-15,2024-04-18,2024-04-24,Sweden,Malmo,29.91
104116,44,2024-04-15,2024-04-19,2024-04-22,Spain,Madrid,44.71
104117,350,2024-04-15,2024-04-26,2024-04-19,Germany,Munich,17.0
104118,4,2024-04-15,2024-04-23,2024-04-25,Italy,Turin,13.26
104119,331,2024-04-15,2024-04-22,2024-04-20,Poland,Poznan,14.04
104120,327,2024-04-15,2024-04-27,2024-04-19,Italy,Turin,38.9
104121,453,2024-04-15,2024-04-18,2024-04-16,United Kingdom,Manchester,5.95
104122,351,2024-04-16,2024-04-27,2024-04-27,Italy,Florence,10.61
104123,254,2024-04-16,2024-04-24,2024-04-18,USA,Chicago,17.39
104124,447,2024-04-16,2024-04-19,2024-04-18,United Kingdom,Bristol,5.92
104125,422,2024-04-16,2024-04-29,2024-04-17,Spain,Seville,13.83
104126,205,2024-04-16,2024-04-28,2024-04-20,Poland,Wroclaw,8.52
104127,436,2024-04-16,2024-04-21,2024-04-24,Italy,Florence,12.05
104128,151,2024-04-17,2024-04-23,2024-04-21,Germany,Hamburg,21.24
104129,349,2024-04-17,2024-04-27,,Poland,Lodz,16.11
104130,90,2024-04-17,2024-04-23,,Italy,Naples,19.18
104131,310,2024-04-17,2024-04-29,2024-04-22,Poland,Lodz,10.41
104132,464,2024-04-17,2024-04-24,2024-04-26,Spain,Barcelona,36.78
104133,162,2024-04-17,2024-04-24,2024-04-18,Poland,Lodz,16.99
104134,54,2024-04-17,2024-04-22,2024-04-28,France,Marseille,34.6
104135,200,2024-04-17,2024-04-21,2024-04-28,Spain,Bilbao,12.85
104136,140,2024-04-17,2024-04-25,2024-04-18,Germany,Berlin,13.52
104137,22,2024-04-18,2024-04-21,2024-04-20,USA,New York,27.83
104138,252,2024-04-18,2024-04-28,2024-04-19,Netherlands,Amsterdam,22.98
104139,83,2024-04-18,2024-04-22,2024-04-22,United Kingdom,Manchester,9.9
104140,337,2024-04-18,2024-04-29,2024-04-20,Canada,Toronto,18.29
104141,112,2024-04-18,2024-04-23,2024-04-29,USA,Chicago,20.72
104142,422,2024-04-18,2024-05-01,2024-04-26,Spain,Seville,24.23
104143,430,2024-04-18,2024-04-25,,Germany,Hamburg,12.59
104144,181,2024-04-18,2024-04-21,2024-04-24,Germany,Munich,54.64
104145,475,2024-04-18,2024-04-22,2024-04-26,Poland,Wroclaw,8.76
104146,310,2024-04-19,2024-04-25,,Poland,Lodz,6.07
104147,109,2024-04-19,2024-04-26,2024-04-29,Spain,Bilbao,35.51
104148,429,2024-04-19,2024-04-30,2024-04-29,Netherlands,Rotterdam,21.23
104149,233,2024-04-19,2024-04-28,2024-04-22,Poland,Gdansk,22.19
104150,394,2024-04-20,2024-04-27,,Canada,Calgary,10.03
104151,139,2024-04-20,2024-04-27,2024-04-23,Spain,Valencia,29.83
104152,403,2024-04-20,2024-04-30,2024-04-22,Poland,Gdansk,9.25
104153,192,2024-04-20,2024-04-26,2024-04-25,Poland,Gdansk,12.02
104154,331,2024-04-20,2024-04-24,,Poland,Poznan,10.58
104155,165,2024-04-20,2024-04-29,2024-04-23,Netherlands,Eindhoven,26.94
104156,17,2024-04-20,2024-04-26,2024-04-30,France,Lyon,11.26
104157,48,2024-04-21,2024-05-03,2024-04-24,USA,Denver,5.43
104158,164,2024-04-21,2024-04-24,2024-04-30,Netherlands,Eindhoven,27.03
104159,256,2024-04-21,2024-05-02,2024-04-27,USA,Chicago,16.31
104160,315,2024-04-21,2024-04-30,2024-05-02,Canada,Ottawa,11.37
104161,443,2024-04-21,2024-05-04,2024-04-28,Spain,Bilbao,12.98
104162,463,2024-04-21,2024-05-04,2024-04-29,Spain,Madrid,21.83
104163,269,2024-04-21,2024-05-01,2024-05-01,Norway,Bergen,10.65
104164,351,2024-04-21,2024-04-27,2024-04-22,Italy,Florence,19.88
104165,120,2024-04-21,2024-04-27,2024-04-27,Netherlands,Utrecht,20.07
104166,463,2024-04-22,2024-05-02,2024-04-24,Spain,Madrid,31.1
104167,134,2024-04-22,2024-05-02,2024-05-03,Germany,Cologne,9.58
104168,224,2024-04-22,2024-04-27,2024-04-29,Spain,Barcelona,14.54
104169,105,2024-04-22,2024-04-30,2024-04-26,Czech Republic,Pilsen,8.5
104170,311,2024-04-22,2024-04-29,2024-04-30,Germany,Berlin,13.04
104171,78,2024-04-22,2024-05-01,2024-05-03,United Kingdom,London,30.99
104172,380,2024-04-22,2024-05-04,2024-05-01,Netherlands,Rotterdam,17.47
104173,237,2024-04-22,2024-04-27,2024-05-01,Poland,Krakow,9.11
104174,273,2024-04-22,2024-04-30,2024-04-24,Austria,Linz,14.07
104175,328,2024-04-22,2024-04-28,2024-05-03,United Kingdom,Liverpool,4.43
104176,347,2024-04-22,2024-04-30,2024-05-01,Canada,Ottawa,23.56
104177,492,2024-04-23,2024-04-28,,United Kingdom,Leeds,3.58
104178,254,2024-04-23,2024-05-05,2024-04-27,USA,Chicago,19.34
104179,351,2024-04-23,2024-04-28,2024-04-29,Italy,Florence,14.74
104180,22,2024-04-23,2024-05-01,2024-04-25,USA,New York,11.38
104181,59,2024-04-23,2024-05-04,2024-04-24,Austria,Salzburg,26.89
104182,48,2024-04-23,2024-05-06,2024-04-27,USA,Denver,9.74
104183,289,2024-04-23,2024-05-06,2024-04-30,United Kingdom,Liverpool,12.68
104184,405,2024-04-24,2024-04-30,2024-04-27,Netherlands,Amsterdam,13.74
104185,224,2024-04-24,2024-04-28,2024-04-30,Spain,Barcelona,22.14
104186,26,2024-04-24,2024-05-06,2024-04-27,USA,Chicago,14.42
104187,22,2024-04-24,2024-04-27,2024-05-03,USA,New York,20.97
104188,5,2024-04-24,2024-05-03,2024-05-01,Poland,Wroclaw,26.36
104189,313,2024-04-24,2024-04-29,2024-05-01,Czech Republic,Ostrava,12.92
104190,497,2024-04-24,2024-04-30,2024-04-27,Germany,Cologne,12.23
104191,353,2024-04-24,2024-05-02,2024-04-29,Czech Republic,Pilsen,9.03
104192,404,2024-04-24,2024-05-06,2024-05-04,Poland,Warsaw,41.32
104193,420,2024-04-25,2024-05-01,2024-04-30,Poland,Krakow,19.04
104194,444,2024-04-25,2024-05-03,,Netherlands,Rotterdam,13.19
104195,371,2024-04-25,2024-05-06,2024-05-05,France,Paris,19.0
104196,285,2024-04-25,2024-05-06,2024-05-06,Austria,Linz,14.39
104197,412,2024-04-25,2024-05-01,2024-05-04,Germany,Cologne,13.52
104198,353,2024-04-25,2024-04-29,2024-05-04,Czech Republic,Pilsen,44.31
104199,99,2024-04-26,2024-05-07,2024-05-05,Canada,Vancouver,4.1
104200,42,2024-04-26,2024-04-29,2024-05-04,Poland,Lodz,23.13
104201,146,2024-04-26,2024-05-07,2024-05-06,Germany,Hamburg,8.1
104202,22,2024-04-26,2024-05-01,2024-05-06,USA,New York,18.28
104203,492,2024-04-26,2024-05-08,2024-04-30,United Kingdom,Leeds,27.74
104204,218,2024-04-26,2024-04-29,2024-04-28,Poland,Gdansk,21.81
104205,148,2024-04-26,2024-04-30,2024-04-29,Germany,Berlin,11.47
104206,331,2024-04-26,2024-05-02,2024-04-27,Poland,Poznan,10.77
104207,491,2024-04-27,2024-05-05,,Canada,Ottawa,8.02
104208,147,2024-04-27,2024-05-06,2024-05-08,Austria,Linz,14.99
104209,159,2024-04-27,2024-05-03,2024-05-08,United Kingdom,Liverpool,13.13
104210,254,2024-04-27,2024-05-01,2024-04-29,USA,Chicago,12.24
104211,350,2024-04-27,2024-05-06,2024-05-06,Germany,Munich,18.67
104212,413,2024-04-27,2024-05-01,2024-05-06,Germany,Hamburg,10.58
104213,420,2024-04-27,2024-05-09,2024-05-04,Poland,Krakow,21.57
104214,24,2024-04-27,2024-05-09,2024-04-30,Poland,Warsaw,43.95
104215,401,2024-04-27,2024-05-01,2024-05-05,France,Toulouse,52.17
104216,450,2024-04-27,2024-05-06,2024-05-03,Poland,Wroclaw,7.53
104217,451,2024-04-28,2024-05-11,2024-05-08,Italy,Naples,98.73
104218,276,2024-04-28,2024-05-11,2024-05-09,Italy,Florence,9.35
104219,488,2024-04-28,2024-05-11,2024-05-01,Germany,Munich,25.46
104220,450,2024-04-28,2024-05-05,2024-05-06,Poland,Wroclaw,13.47
104221,54,2024-04-28,2024-05-03,2024-05-07,France,Marseille,22.06
104222,413,2024-04-28,2024-05-04,2024-05-09,Germany,Hamburg,7.91
104223,258,2024-04-29,2024-05-10,2024-05-01,Netherlands,Eindhoven,14.6
104224,171,2024-04-29,2024-05-05,2024-05-01,Poland,Gdansk,40.11
104225,423,2024-04-29,2024-05-09,2024-05-09,Spain,Barcelona,26.27
104226,164,2024-04-29,2024-05-08,2024-05-09,Netherlands,Eindhoven,18.13
104227,311,2024-04-29,2024-05-07,2024-05-01,Germany,Berlin,13.44
104228,470,2024-04-29,2024-05-11,2024-05-03,USA,Chicago,19.07
104229,465,2024-04-29,2024-05-05,2024-05-04,France,Paris,12.72
104230,328,2024-04-29,2024-05-03,2024-05-06,United Kingdom,Liverpool,38.48
104231,131,2024-04-29,2024-05-08,,Spain,Seville,7.83
104232,433,2024-04-29,2024-05-06,2024-05-03,Sweden,Gothenburg,12.55
104233,89,2024-04-29,2024-05-12,2024-05-04,Italy,Florence,18.65
104234,300,2024-04-30,2024-05-08,2024-05-07,Netherlands,Eindhoven,27.34
104235,329,2024-04-30,2024-05-09,2024-05-03,Poland,Wroclaw,13.39
104236,201,2024-04-30,2024-05-06,2024-05-01,United Kingdom,Manchester,11.21
104237,398,2024-04-30,2024-05-03,2024-05-03,Poland,Wroclaw,14.64
104238,141,2024-04-30,2024-05-05,2024-05-08,Spain,Madrid,17.37
104239,307,2024-04-30,2024-05-07,2024-05-04,USA,Boston,14.97
104240,61,2024-04-30,2024-05-13,2024-05-05,Poland,Wroclaw,9.13
104241,96,2024-05-01,2024-05-07,2024-05-03,Germany,Cologne,30.91
104242,24,2024-05-01,2024-05-10,2024-05-03,Poland,Warsaw,46.16
104243,200,2024-05-01,2024-05-04,2024-05-03,Spain,Bilbao,33.92
104244,394,2024-05-01,2024-05-06,2024-05-08,Canada,Calgary,8.99
104245,397,2024-05-01,2024-05-10,2024-05-02,Poland,Warsaw,19.96
104246,14,2024-05-01,2024-05-12,,Netherlands,Eindhoven,48.47
104247,429,2024-05-01,2024-05-06,2024-05-07,Netherlands,Rotterdam,33.74
104248,37,2024-05-01,2024-05-13,2024-05-03,Spain,Valencia,27.92
104249,340,2024-05-02,2024-05-06,2024-05-10,Austria,Vienna,17.77
104250,339,2024-05-02,2024-05-13,2024-05-03,Spain,Valencia,24.7
104251,244,2024-05-02,2024-05-13,2024-05-12,Germany,Frankfurt,14.44
104252,77,2024-05-02,2024-05-12,2024-05-06,Spain,Madrid,24.3
104253,162,2024-05-02,2024-05-07,,Poland,Lodz,7.58
104254,113,2024-05-02,2024-05-06,2024-05-05,Germany,Frankfurt,11.45
104255,65,2024-05-03,2024-05-08,2024-05-05,Austria,Salzburg,15.52
104256,22,2024-05-03,2024-05-07,2024-05-13,USA,New York,9.6
104257,472,2024-05-03,2024-05-14,2024-05-08,Czech Republic,Brno,4.96
104258,362,2024-05-03,2024-05-11,2024-05-14,United Kingdom,Leeds,15.78
104259,466,2024-05-03,2024-05-12,2024-05-04,United Kingdom,Bristol,29.66
104260,398,2024-05-03,2024-05-07,2024-05-06,Poland,Wroclaw,44.47
104261,380,2024-05-03,2024-05-14,2024-05-13,Netherlands,Rotterdam,33.57
104262,186,2024-05-03,2024-05-07,2024-05-04,Netherlands,Eindhoven,12.07
104263,32,2024-05-04,2024-05-17,2024-05-05,United Kingdom,Manchester,10.3
104264,226,2024-05-04,2024-05-12,2024-05-05,France,Nice,14.38
104265,98,2024-05-04,2024-05-11,2024-05-12,France,Paris,11.9
104266,83,2024-05-04,2024-05-09,2024-05-11,United Kingdom,Manchester,12.19
104267,310,2024-05-04,2024-05-13,2024-05-10,Poland,Lodz,15.07
104268,413,2024-05-04,2024-05-07,2024-05-14,Germany,Hamburg,17.15
104269,236,2024-05-04,2024-05-15,2024-05-09,Canada,Calgary,27.18
104270,342,2024-05-04,2024-05-07,2024-05-10,United Kingdom,Manchester,7.98
104271,426,2024-05-04,2024-05-13,2024-05-05,France,Marseille,12.84
104272,136,2024-05-04,2024-05-17,2024-05-12,Netherlands,Amsterdam,15.7
104273,366,2024-05-05,2024-05-08,2024-05-11,Spain,Valencia,28.69
104274,472,2024-05-05,2024-05-08,2024-05-14,Czech Republic,Brno,24.5
104275,22,2024-05-05,2024-05-08,2024-05-12,USA,New York,7.47
104276,386,2024-05-05,2024-05-08,2024-05-07,France,Marseille,27.97
104277,1,2024-05-05,2024-05-09,2024-05-08,Germany,Frankfurt,19.32
104278,314,2024-05-05,2024-05-13,2024-05-07,Sweden,Gothenburg,5.59
104279,123,2024-05-05,2024-05-18,2024-05-13,Sweden,Uppsala,15.13
104280,326,2024-05-06,2024-05-11,2024-05-11,Poland,Poznan,35.72
104281,326,2024-05-06,2024-05-19,2024-05-15,Poland,Poznan,12.37
104282,206,2024-05-06,2024-05-12,2024-05-12,Germany,Hamburg,14.5
104283,51,2024-05-06,2024-05-15,2024-05-17,Austria,Graz,9.43
104284,470,2024-05-06,2024-05-18,2024-05-09,USA,Chicago,18.94
104285,36,2024-05-06,2024-05-10,2024-05-11,Germany,Cologne,21.14
104286,318,2024-05-06,2024-05-12,2024-05-13,Poland,Warsaw,37.58
104287,146,2024-05-06,2024-05-18,2024-05-14,Germany,Hamburg,52.32
104288,116,2024-05-06,2024-05-14,2024-05-13,Spain,Barcelona,39.39
104289,349,2024-05-06,2024-05-16,2024-05-11,Poland,Lodz,14.75
104290,210,2024-05-06,2024-05-18,2024-05-15,USA,Austin,27.66
104291,57,2024-05-07,2024-05-17,2024-05-09,United Kingdom,Manchester,31.79
104292,6,2024-05-07,2024-05-20,2024-05-15,Poland,Gdansk,11.81
104293,206,2024-05-07,2024-05-13,2024-05-12,Germany,Hamburg,20.14
104294,205,2024-05-07,2024-05-14,2024-05-09,Poland,Wroclaw,10.61
104295,356,2024-05-07,2024-05-15,,Poland,Poznan,15.0
104296,73,2024-05-07,2024-05-20,2024-05-14,USA,Denver,22.04
104297,209,2024-05-07,2024-05-14,,United Kingdom,Manchester,15.89
104298,308,2024-05-07,2024-05-16,2024-05-11,Canada,Toronto,21.11
104299,440,2024-05-07,2024-05-17,2024-05-10,Netherlands,Rotterdam,11.1
104300,477,2024-05-07,2024-05-14,2024-05-15,Germany,Cologne,5.86
104301,387,2024-05-07,2024-05-12,2024-05-15,Spain,Bilbao,6.19
104302,326,2024-05-08,2024-05-16,2024-05-16,Poland,Poznan,21.13
104303,3,2024-05-08,2024-05-17,2024-05-14,Spain,Bilbao,25.28
104304,397,2024-05-08,2024-05-20,2024-05-14,Poland,Warsaw,19.65
104305,107,2024-05-08,2024-05-13,2024-05-09,Italy,Turin,12.43
104306,437,2024-05-08,2024-05-19,2024-05-19,Poland,Lodz,14.28
104307,81,2024-05-08,2024-05-11,2024-05-11,Germany,Munich,7.05
104308,34,2024-05-08,2024-05-18,2024-05-13,Canada,Vancouver,24.66
104309,314,2024-05-08,2024-05-15,2024-05-14,Sweden,Gothenburg,9.48
104310,347,2024-05-08,2024-05-15,2024-05-13,Canada,Ottawa,14.94
104311,418,2024-05-09,2024-05-22,,United Kingdom,Liverpool,47.87
104312,436,2024-05-09,2024-05-22,2024-05-13,Italy,Florence,24.51
104313,461,2024-05-09,2024-05-13,2024-05-13,Italy,Turin,17.92
104314,254,2024-05-09,2024-05-14,2024-05-11,USA,Chicago,6.52
104315,248,2024-05-09,2024-05-17,,Poland,Wroclaw,31.05
104316,351,2024-05-09,2024-05-12,2024-05-16,Italy,Florence,7.38
104317,382,2024-05-09,2024-05-22,2024-05-15,Sweden,Stockholm,10.31
104318,148,2024-05-10,2024-05-14,2024-05-21,Germany,Berlin,22.87
104319,114,2024-05-10,2024-05-20,2024-05-18,Spain,Bilbao,26.56
104320,254,2024-05-10,2024-05-21,2024-05-21,USA,Chicago,4.91
104321,13,2024-05-10,2024-05-13,2024-05-16,Italy,Florence,16.46
104322,167,2024-05-10,2024-05-13,2024-05-14,USA,Chicago,21.76
104323,359,2024-05-10,2024-05-14,2024-05-12,France,Paris,23.06
104324,183,2024-05-10,2024-05-17,2024-05-18,Austria,Salzburg,7.58
104325,204,2024-05-10,2024-05-15,2024-05-16,Poland,Gdansk,8.87
104326,460,2024-05-10,2024-05-16,2024-05-18,USA,Denver,14.49
104327,269,2024-05-11,2024-05-18,2024-05-14,Norway,Bergen,28.28
104328,89,2024-05-11,2024-05-18,,Italy,Florence,5.17
104329,90,2024-05-11,2024-05-18,2024-05-17,Italy,Naples,7.17
104330,269,2024-05-11,2024-05-14,2024-05-16,Norway,Bergen,9.38
104331,224,2024-05-11,2024-05-23,2024-05-12,Spain,Barcelona,23.77
104332,411,2024-05-11,2024-05-24,,France,Lyon,8.62
104333,340,2024-05-12,2024-05-16,2024-05-21,Austria,Vienna,18.4
104334,469,2024-05-12,2024-05-20,2024-05-17,Germany,Frankfurt,33.64
104335,180,2024-05-13,2024-05-20,2024-05-23,Sweden,Uppsala,16.27
104336,120,2024-05-13,2024-05-19,2024-05-18,Netherlands,Utrecht,28.09
104337,2,2024-05-13,2024-05-23,2024-05-18,United Kingdom,Bristol,22.92
104338,171,2024-05-13,2024-05-24,,Poland,Gdansk,6.7
104339,14,2024-05-13,2024-05-23,2024-05-17,Netherlands,Eindhoven,14.68
104340,87,2024-05-13,2024-05-23,2024-05-19,Austria,Graz,19.22
104341,476,2024-05-13,2024-05-20,2024-05-15,Germany,Frankfurt,52.22
104342,258,2024-05-14,2024-05-20,2024-05-17,Netherlands,Eindhoven,7.63
104343,177,2024-05-14,2024-05-19,2024-05-25,Germany,Hamburg,16.94
104344,184,2024-05-14,2024-05-18,2024-05-18,Germany,Berlin,44.1
104345,93,2024-05-14,2024-05-25,2024-05-18,Canada,Vancouver,12.26
104346,117,2024-05-14,2024-05-24,2024-05-16,France,Nice,32.07
104347,475,2024-05-14,2024-05-23,2024-05-25,Poland,Wroclaw,33.46
104348,305,2024-05-14,2024-05-26,2024-05-24,France,Marseille,24.96
104349,93,2024-05-14,2024-05-27,2024-05-16,Canada,Vancouver,19.83
104350,51,2024-05-14,2024-05-25,2024-05-20,Austria,Graz,14.54
104351,402,2024-05-15,2024-05-21,,Spain,Barcelona,23.64
104352,231,2024-05-15,2024-05-22,2024-05-21,Sweden,Stockholm,11.77
104353,117,2024-05-15,2024-05-27,2024-05-20,France,Nice,12.39
104354,319,2024-05-15,2024-05-26,2024-05-26,Italy,Milan,13.52
104355,160,2024-05-15,2024-05-21,2024-05-23,United Kingdom,Manchester,21.38
104356,283,2024-05-16,2024-05-29,2024-05-22,Poland,Lodz,14.93
104357,226,2024-05-16,2024-05-22,2024-05-23,France,Nice,32.11
104358,254,2024-05-16,2024-05-19,,USA,Chicago,31.11
104359,361,2024-05-16,2024-05-25,2024-05-17,United Kingdom,Leeds,24.41
104360,139,2024-05-16,2024-05-24,2024-05-22,Spain,Valencia,14.98
104361,76,2024-05-16,2024-05-27,2024-05-21,Spain,Bilbao,15.04
104362,110,2024-05-16,2024-05-21,2024-05-26,USA,Boston,14.76
104363,84,2024-05-16,2024-05-21,2024-05-23,USA,Seattle,7.54
104364,369,2024-05-17,2024-05-24,2024-05-28,Czech Republic,Brno,22.18
104365,391,2024-05-17,2024-05-23,,Germany,Berlin,15.51
104366,452,2024-05-17,2024-05-26,,Italy,Florence,8.39
104367,422,2024-05-17,2024-05-21,2024-05-26,Spain,Seville,11.45
104368,254,2024-05-17,2024-05-21,2024-05-23,USA,Chicago,4.93
104369,181,2024-05-17,2024-05-30,,Germany,Munich,19.5
104370,403,2024-05-17,2024-05-25,,Poland,Gdansk,24.29
104371,60,2024-05-17,2024-05-21,2024-05-21,Netherlands,Eindhoven,15.61
104372,330,2024-05-17,2024-05-22,,Spain,Seville,16.58
104373,463,2024-05-17,2024-05-24,2024-05-18,Spain,Madrid,14.28
104374,19,2024-05-17,2024-05-25,2024-05-22,USA,Denver,21.16
104375,371,2024-05-17,2024-05-22,2024-05-22,France,Paris,10.97
104376,335,2024-05-18,2024-05-23,2024-05-22,Italy,Milan,30.0
104377,183,2024-05-18,2024-05-24,2024-05-20,Austria,Salzburg,24.45
104378,59,2024-05-18,2024-05-27,2024-05-27,Austria,Salzburg,16.72
104379,83,2024-05-18,2024-05-27,2024-05-23,United Kingdom,Manchester,9.05
104380,254,2024-05-18,2024-05-31,2024-05-28,USA,Chicago,7.95
104381,101,2024-05-18,2024-05-24,2024-05-26,Poland,Lodz,14.04
104382,433,2024-05-18,2024-05-30,2024-05-20,Sweden,Gothenburg,8.33
104383,13,2024-05-18,2024-05-26,2024-05-26,Italy,Florence,23.04
104384,331,2024-05-19,2024-06-01,2024-05-26,Poland,Poznan,20.67
104385,37,2024-05-19,2024-05-26,2024-05-22,Spain,Valencia,15.08
104386,319,2024-05-19,2024-05-24,2024-05-29,Italy,Milan,9.02
104387,55,2024-05-19,2024-05-25,2024-05-27,USA,Seattle,7.6
104388,452,2024-05-19,2024-05-31,2024-05-29,Italy,Florence,7.41
104389,99,2024-05-19,2024-05-22,2024-05-21,Canada,Vancouver,17.84
104390,223,2024-05-19,2024-05-30,2024-05-29,Germany,Berlin,10.99
104391,387,2024-05-20,2024-05-26,2024-05-31,Spain,Bilbao,21.94
104392,155,2024-05-20,2024-05-25,2024-05-30,Spain,Madrid,11.37
104393,234,2024-05-20,2024-05-24,,United Kingdom,Bristol,38.27
104394,176,2024-05-20,2024-05-25,2024-05-25,Germany,Cologne,39.02
104395,99,2024-05-20,2024-06-01,2024-05-22,Canada,Vancouver,12.64
104396,330,2024-05-20,2024-05-30,2024-05-25,Spain,Seville,23.8
104397,429,2024-05-21,2024-06-03,2024-05-29,Netherlands,Rotterdam,17.49
104398,420,2024-05-21,2024-06-03,2024-05-24,Poland,Krakow,11.74
104399,307,2024-05-21,2024-06-02,2024-05-30,USA,Boston,8.28
104400,155,2024-05-21,2024-05-29,2024-05-24,Spain,Madrid,51.87
104401,343,2024-05-21,2024-05-24,2024-05-24,Poland,Gdansk,10.51
104402,46,2024-05-21,2024-05-27,2024-05-30,Germany,Hamburg,13.98
104403,272,2024-05-21,2024-06-03,2024-05-31,Germany,Munich,31.47
104404,206,2024-05-21,2024-06-01,2024-05-29,Germany,Hamburg,14.4
104405,76,2024-05-22,2024-05-29,,Spain,Bilbao,21.75
104406,237,2024-05-22,2024-06-01,2024-05-30,Poland,Krakow,21.79
104407,356,2024-05-22,2024-06-02,2024-06-01,Poland,Poznan,10.0
104408,472,2024-05-22,2024-05-29,2024-05-24,Czech Republic,Brno,22.08
104409,258,2024-05-22,2024-06-03,2024-06-02,Netherlands,Eindhoven,12.64
104410,267,2024-05-22,2024-05-25,2024-05-26,Germany,Munich,58.99
104411,59,2024-05-22,2024-05-27,2024-05-29,Austria,Salzburg,5.41
104412,132,2024-05-22,2024-06-03,2024-05-28,Netherlands,Utrecht,12.8
104413,54,2024-05-23,2024-06-04,2024-06-02,France,Marseille,44.56
104414,283,2024-05-23,2024-06-04,2024-06-02,Poland,Lodz,18.47
104415,421,2024-05-23,2024-05-29,2024-05-28,Poland,Warsaw,27.28
104416,463,2024-05-23,2024-05-29,2024-05-30,Spain,Madrid,19.92
104417,435,2024-05-23,2024-06-04,2024-05-24,USA,Denver,16.15
104418,410,2024-05-23,2024-05-26,2024-05-27,Netherlands,Rotterdam,7.12
104419,13,2024-05-23,2024-06-01,2024-05-25,Italy,Florence,9.15
104420,126,2024-05-23,2024-06-04,2024-05-25,Spain,Barcelona,20.32
104421,70,2024-05-23,2024-05-26,,Spain,Madrid,23.36
104422,22,2024-05-24,2024-06-05,,USA,New York,5.87
104423,405,2024-05-24,2024-06-04,2024-05-26,Netherlands,Amsterdam,18.51
104424,165,2024-05-24,2024-05-31,2024-06-04,Netherlands,Eindhoven,30.43
104425,279,2024-05-24,2024-06-05,2024-06-04,Austria,Salzburg,31.25
104426,73,2024-05-24,2024-05-31,2024-06-02,USA,Denver,12.46
104427,329,2024-05-25,2024-05-30,2024-06-04,Poland,Wroclaw,10.1
104428,402,2024-05-25,2024-06-02,2024-06-01,Spain,Barcelona,20.55
104429,443,2024-05-25,2024-06-02,2024-06-03,Spain,Bilbao,17.4
104430,201,2024-05-25,2024-06-04,2024-05-29,United Kingdom,Manchester,16.73
104431,71,2024-05-25,2024-06-04,2024-05-29,Canada,Vancouver,5.41
104432,267,2024-05-25,2024-05-30,,Germany,Munich,12.22
104433,57,2024-05-25,2024-06-07,2024-05-30,United Kingdom,Manchester,7.58
104434,289,2024-05-25,2024-06-01,2024-05-29,United Kingdom,Liverpool,33.29
104435,295,2024-05-25,2024-06-04,2024-06-03,USA,Chicago,16.11
104436,331,2024-05-25,2024-05-31,2024-06-02,Poland,Poznan,16.9
104437,78,2024-05-25,2024-06-04,2024-05-30,United Kingdom,London,17.08
104438,63,2024-05-25,2024-05-30,2024-06-02,Netherlands,Eindhoven,9.75
104439,103,2024-05-25,2024-06-06,2024-05-29,Poland,Gdansk,19.7
104440,181,2024-05-26,2024-06-06,2024-05-27,Germany,Munich,9.26
104441,472,2024-05-26,2024-06-06,2024-05-31,Czech Republic,Brno,13.99
104442,32,2024-05-26,2024-06-05,,United Kingdom,Manchester,15.51
104443,44,2024-05-26,2024-06-01,2024-06-02,Spain,Madrid,20.18
104444,391,2024-05-26,2024-05-29,2024-05-30,Germany,Berlin,16.28
104445,351,2024-05-26,2024-05-30,2024-05-29,Italy,Florence,15.12
104446,57,2024-05-26,2024-06-04,2024-05-29,United Kingdom,Manchester,14.1
104447,118,2024-05-26,2024-06-03,2024-06-02,Germany,Frankfurt,5.84
104448,500,2024-05-27,2024-06-04,2024-06-05,United Kingdom,Bristol,21.13
104449,119,2024-05-27,2024-06-05,2024-06-06,Italy,Milan,9.05
104450,413,2024-05-27,2024-06-09,2024-05-29,Germany,Hamburg,22.24
104451,22,2024-05-27,2024-05-31,2024-05-30,USA,New York,26.1
104452,497,2024-05-27,2024-06-09,2024-06-02,Germany,Cologne,15.46
104453,183,2024-05-27,2024-06-01,2024-05-29,Austria,Salzburg,12.1
104454,22,2024-05-27,2024-06-08,,USA,New York,13.63
104455,160,2024-05-27,2024-06-07,2024-05-30,United Kingdom,Manchester,24.9
104456,196,2024-05-27,2024-06-07,2024-06-03,Germany,Hamburg,16.05
104457,107,2024-05-27,2024-05-31,2024-06-06,Italy,Turin,29.42
104458,22,2024-05-27,2024-06-02,2024-06-02,USA,New York,11.91
104459,290,2024-05-28,2024-06-06,2024-06-03,Austria,Vienna,28.51
104460,264,2024-05-28,2024-06-05,,United Kingdom,London,23.94
104461,474,2024-05-28,2024-06-08,2024-06-04,Czech Republic,Pilsen,27.0
104462,179,2024-05-28,2024-06-04,2024-06-06,USA,Denver,15.75
104463,363,2024-05-29,2024-06-09,2024-06-08,United Kingdom,Manchester,7.71
104464,225,2024-05-29,2024-06-01,2024-06-02,Czech Republic,Pilsen,37.7
104465,321,2024-05-29,2024-06-02,2024-05-30,France,Paris,14.84
104466,12,2024-05-29,2024-06-11,2024-06-02,Sweden,Stockholm,21.29
104467,326,2024-05-29,2024-06-04,2024-06-04,Poland,Poznan,3.78
104468,22,2024-05-29,2024-06-01,2024-05-31,USA,New York,4.99
104469,394,2024-05-29,2024-06-11,2024-06-02,Canada,Calgary,12.09
104470,420,2024-05-30,2024-06-06,2024-06-04,Poland,Krakow,11.01
104471,153,2024-05-30,2024-06-04,2024-05-31,Norway,Bergen,9.92
104472,250,2024-05-30,2024-06-10,2024-06-07,Czech Republic,Pilsen,10.08
104473,305,2024-05-30,2024-06-03,2024-06-03,France,Marseille,23.08
104474,436,2024-05-30,2024-06-08,2024-06-09,Italy,Florence,5.48
104475,366,2024-05-30,2024-06-07,,Spain,Valencia,31.46
104476,347,2024-05-30,2024-06-07,2024-06-03,Canada,Ottawa,17.33
104477,286,2024-05-30,2024-06-06,2024-06-04,Spain,Bilbao,22.98
104478,224,2024-05-30,2024-06-07,2024-06-10,Spain,Barcelona,25.18
104479,476,2024-05-30,2024-06-12,2024-06-07,Germany,Frankfurt,8.59
104480,46,2024-05-30,2024-06-10,2024-06-10,Germany,Hamburg,4.38
104481,4,2024-05-30,2024-06-07,2024-06-08,Italy,Turin,11.97
104482,29,2024-05-31,2024-06-07,2024-06-02,USA,Chicago,26.98
104483,22,2024-05-31,2024-06-07,2024-06-01,USA,New York,17.5
104484,411,2024-05-31,2024-06-10,2024-06-04,France,Lyon,17.68
104485,76,2024-05-31,2024-06-13,2024-06-08,Spain,Bilbao,16.78
104486,153,2024-05-31,2024-06-13,2024-06-03,Norway,Bergen,26.62
104487,463,2024-05-31,2024-06-04,2024-06-06,Spain,Madrid,26.24
104488,90,2024-05-31,2024-06-10,2024-06-11,Italy,Naples,16.03
104489,468,2024-06-01,2024-06-13,2024-06-07,France,Nice,10.72
104490,164,2024-06-01,2024-06-05,2024-06-11,Netherlands,Eindhoven,9.6
104491,453,2024-06-01,2024-06-12,2024-06-10,United Kingdom,Manchester,17.34
104492,5,2024-06-01,2024-06-11,2024-06-03,Poland,Wroclaw,22.03
104493,315,2024-06-01,2024-06-08,2024-06-08,Canada,Ottawa,4.17
104494,250,2024-06-01,2024-06-12,2024-06-06,Czech Republic,Pilsen,7.27
104495,55,2024-06-01,2024-06-05,2024-06-12,USA,Seattle,17.05
104496,213,2024-06-02,2024-06-15,2024-06-09,USA,Chicago,22.68
104497,260,2024-06-02,2024-06-09,2024-06-13,Norway,Oslo,11.96
104498,369,2024-06-02,2024-06-09,2024-06-10,Czech Republic,Brno,8.75
104499,250,2024-06-02,2024-06-13,2024-06-12,Czech Republic,Pilsen,40.78
104500,338,2024-06-02,2024-06-10,,United Kingdom,Liverpool,19.39
104501,48,2024-06-02,2024-06-13,2024-06-13,USA,Denver,18.71
104502,394,2024-06-02,2024-06-06,2024-06-11,Canada,Calgary,3.5
104503,429,2024-06-02,2024-06-15,2024-06-06,Netherlands,Rotterdam,16.62
104504,141,2024-06-02,2024-06-15,2024-06-12,Spain,Madrid,13.15
104505,425,2024-06-02,2024-06-07,2024-06-09,Czech Republic,Prague,28.24
104506,99,2024-06-02,2024-06-13,,Canada,Vancouver,11.11
104507,49,2024-06-02,2024-06-06,,Canada,Montreal,10.34
104508,463,2024-06-02,2024-06-11,2024-06-09,Spain,Madrid,7.9
104509,146,2024-06-02,2024-06-12,2024-06-09,Germany,Hamburg,16.99
104510,438,2024-06-02,2024-06-13,2024-06-03,Germany,Munich,12.57
104511,59,2024-06-02,2024-06-13,2024-06-12,Austria,Salzburg,15.93
104512,263,2024-06-02,2024-06-06,2024-06-11,Germany,Cologne,15.35
104513,184,2024-06-02,2024-06-14,2024-06-07,Germany,Berlin,19.47
104514,31,2024-06-02,2024-06-08,2024-06-06,Canada,Montreal,34.2
104515,131,2024-06-02,2024-06-13,2024-06-09,Spain,Seville,10.76
104516,201,2024-06-02,2024-06-14,2024-06-09,United Kingdom,Manchester,23.53
104517,443,2024-06-02,2024-06-06,2024-06-07,Spain,Bilbao,20.48
104518,436,2024-06-02,2024-06-07,2024-06-06,Italy,Florence,11.72
104519,37,2024-06-02,2024-06-06,2024-06-10,Spain,Valencia,17.03
104520,369,2024-06-03,2024-06-07,2024-06-10,Czech Republic,Brno,41.25
104521,48,2024-06-03,2024-06-16,2024-06-06,USA,Denver,13.93
104522,90,2024-06-03,2024-06-15,,Italy,Naples,6.81
104523,472,2024-06-03,2024-06-06,2024-06-11,Czech Republic,Brno,31.37
104524,487,2024-06-03,2024-06-11,2024-06-09,Poland,Gdansk,20.29
104525,265,2024-06-03,2024-06-06,2024-06-05,Poland,Krakow,14.56
104526,115,2024-06-03,2024-06-13,,USA,Denver,11.96
104527,22,2024-06-03,2024-06-08,2024-06-11,USA,New York,9.39
104528,44,2024-06-03,2024-06-16,2024-06-10,Spain,Madrid,29.71
104529,384,2024-06-03,2024-06-12,2024-06-05,Norway,Oslo,11.36
104530,387,2024-06-03,2024-06-16,2024-06-06,Spain,Bilbao,12.1
104531,298,2024-06-03,2024-06-07,2024-06-04,USA,Boston,9.14
104532,345,2024-06-03,2024-06-13,2024-06-11,Poland,Gdansk,22.02
104533,96,2024-06-03,2024-06-14,2024-06-11,Germany,Cologne,7.87
104534,316,2024-06-03,2024-06-08,2024-06-13,Austria,Graz,12.41
104535,83,2024-06-03,2024-06-15,2024-06-10,United Kingdom,Manchester,8.68
104536,391,2024-06-03,2024-06-07,2024-06-07,Germany,Berlin,39.96
104537,486,2024-06-03,2024-06-14,2024-06-10,Poland,Gdansk,47.73
104538,208,2024-06-03,2024-06-09,2024-06-12,Norway,Trondheim,4.78
104539,353,2024-06-03,2024-06-08,,Czech Republic,Pilsen,10.03
104540,291,2024-06-03,2024-06-16,2024-06-11,United Kingdom,Bristol,9.27
104541,49,2024-06-03,2024-06-07,2024-06-14,Canada,Montreal,16.19
104542,307,2024-06-03,2024-06-06,2024-06-11,USA,Boston,15.58
104543,250,2024-06-03,2024-06-10,2024-06-09,Czech Republic,Pilsen,23.91
104544,387,2024-06-03,2024-06-14,,Spain,Bilbao,7.52
104545,365,2024-06-03,2024-06-09,2024-06-11,Sweden,Uppsala,13.14
104546,151,2024-06-03,2024-06-16,2024-06-12,Germany,Hamburg,15.24
104547,89,2024-06-03,2024-06-07,2024-06-09,Italy,Florence,11.42
104548,171,2024-06-03,2024-06-07,,Poland,Gdansk,23.56
104549,140,2024-06-03,2024-06-16,2024-06-08,Germany,Berlin,24.85
104550,351,2024-06-03,2024-06-06,,Italy,Florence,12.11
104551,298,2024-06-03,2024-06-15,2024-06-04,USA,Boston,13.14
104552,39,2024-06-03,2024-06-09,2024-06-08,Poland,Wroclaw,30.22
104553,116,2024-06-03,2024-06-13,2024-06-08,Spain,Barcelona,15.15
104554,90,2024-06-03,2024-06-10,2024-06-06,Italy,Naples,15.52
104555,368,2024-06-03,2024-06-11,2024-06-10,Poland,Gdansk,28.87
104556,114,2024-06-03,2024-06-14,2024-06-08,Spain,Bilbao,18.56
104557,368,2024-06-03,2024-06-10,2024-06-08,Poland,Gdansk,23.47
104558,328,2024-06-03,2024-06-10,2024-06-10,United Kingdom,Liverpool,40.94
104559,309,2024-06-03,2024-06-16,2024-06-09,France,Toulouse,8.27
104560,352,2024-06-03,2024-06-13,2024-06-04,Poland,Krakow,15.74
104561,83,2024-06-03,2024-06-07,2024-06-04,United Kingdom,Manchester,17.48
104562,421,2024-06-03,2024-06-08,2024-06-14,Poland,Warsaw,17.95
104563,442,2024-06-03,2024-06-10,2024-06-13,USA,Denver,11.51
104564,320,2024-06-03,2024-06-12,2024-06-06,Italy,Florence,16.99
104565,146,2024-06-03,2024-06-13,2024-06-13,Germany,Hamburg,67.3
104566,311,2024-06-03,2024-06-07,,Germany,Berlin,12.4
104567,62,2024-06-03,2024-06-06,2024-06-04,Poland,Lodz,21.69
104568,103,2024-06-03,2024-06-08,2024-06-11,Poland,Gdansk,7.28
104569,309,2024-06-03,2024-06-13,2024-06-05,France,Toulouse,16.39
104570,3,2024-06-03,2024-06-13,2024-06-12,Spain,Bilbao,10.59
104571,350,2024-06-03,2024-06-15,2024-06-08,Germany,Munich,19.46
104572,216,2024-06-04,2024-06-15,2024-06-08,Poland,Krakow,19.76
104573,112,2024-06-04,2024-06-09,2024-06-05,USA,Chicago,22.04
104574,159,2024-06-04,2024-06-11,,United Kingdom,Liverpool,17.38
104575,19,2024-06-04,2024-06-09,2024-06-06,USA,Denver,8.04
104576,465,2024-06-04,2024-06-13,,France,Paris,12.45
104577,414,2024-06-04,2024-06-08,2024-06-12,United Kingdom,Leeds,16.74
104578,255,2024-06-04,2024-06-17,2024-06-12,Austria,Graz,39.84
104579,171,2024-06-04,2024-06-16,2024-06-11,Poland,Gdansk,24.49
104580,81,2024-06-04,2024-06-09,2024-06-11,Germany,Munich,8.0
104581,215,2024-06-04,2024-06-08,2024-06-10,Italy,Milan,10.6
104582,214,2024-06-04,2024-06-17,2024-06-06,Austria,Linz,12.09
104583,66,2024-06-04,2024-06-12,2024-06-13,Spain,Valencia,7.8
104584,171,2024-06-04,2024-06-15,2024-06-13,Poland,Gdansk,19.95
104585,204,2024-06-04,2024-06-16,2024-06-06,Poland,Gdansk,8.26
104586,258,2024-06-04,2024-06-11,2024-06-11,Netherlands,Eindhoven,12.57
104587,371,2024-06-04,2024-06-14,2024-06-10,France,Paris,23.58
104588,22,2024-06-04,2024-06-07,2024-06-06,USA,New York,26.44
104589,476,2024-06-04,2024-06-12,2024-06-11,Germany,Frankfurt,11.97
104590,315,2024-06-04,2024-06-14,2024-06-08,Canada,Ottawa,19.71
104591,248,2024-06-04,2024-06-15,,Poland,Wroclaw,6.62
104592,159,2024-06-05,2024-06-15,2024-06-08,United Kingdom,Liverpool,17.0
104593,59,2024-06-05,2024-06-14,2024-06-13,Austria,Salzburg,15.46
104594,204,2024-06-05,2024-06-12,2024-06-14,Poland,Gdansk,16.13
104595,140,2024-06-05,2024-06-11,2024-06-14,Germany,Berlin,26.71
104596,276,2024-06-05,2024-06-18,2024-06-07,Italy,Florence,7.09
104597,83,2024-06-05,2024-06-09,2024-06-16,United Kingdom,Manchester,7.24
104598,371,2024-06-05,2024-06-12,2024-06-11,France,Paris,36.45
104599,432,2024-06-06,2024-06-13,2024-06-15,Poland,Wroclaw,14.21
104600,32,2024-06-06,2024-06-12,,United Kingdom,Manchester,5.98
104601,130,2024-06-06,2024-06-10,2024-06-15,Poland,Wroclaw,29.26
104602,116,2024-06-06,2024-06-13,2024-06-09,Spain,Barcelona,18.71
104603,482,2024-06-06,2024-06-17,2024-06-14,Spain,Seville,10.1
104604,282,2024-06-06,2024-06-19,2024-06-15,Germany,Cologne,16.86
104605,140,2024-06-07,2024-06-20,2024-06-16,Germany,Berlin,20.82
104606,331,2024-06-07,2024-06-16,2024-06-14,Poland,Poznan,23.89
104607,298,2024-06-07,2024-06-14,,USA,Boston,23.61
104608,283,2024-06-07,2024-06-18,2024-06-14,Poland,Lodz,5.51
104609,410,2024-06-07,2024-06-13,2024-06-15,Netherlands,Rotterdam,26.94
104610,493,2024-06-07,2024-06-16,2024-06-08,Spain,Bilbao,15.12
104611,13,2024-06-07,2024-06-10,2024-06-17,Italy,Florence,20.5
104612,204,2024-06-07,2024-06-15,2024-06-18,Poland,Gdansk,18.18
104613,81,2024-06-07,2024-06-13,2024-06-13,Germany,Munich,12.61
104614,360,2024-06-08,2024-06-21,2024-06-18,United Kingdom,Bristol,15.43
104615,224,2024-06-08,2024-06-12,2024-06-13,Spain,Barcelona,7.12
104616,414,2024-06-08,2024-06-18,2024-06-16,United Kingdom,Leeds,10.26
104617,26,2024-06-08,2024-06-12,2024-06-17,USA,Chicago,7.42
104618,265,2024-06-08,2024-06-12,2024-06-13,Poland,Krakow,44.39
104619,399,2024-06-08,2024-06-17,2024-06-09,Poland,Poznan,30.03
104620,208,2024-06-08,2024-06-20,2024-06-19,Norway,Trondheim,20.51
104621,110,2024-06-08,2024-06-14,,USA,Boston,17.35
104622,469,2024-06-09,2024-06-22,2024-06-19,Germany,Frankfurt,30.37
104623,123,2024-06-09,2024-06-22,,Sweden,Uppsala,17.92
104624,280,2024-06-09,2024-06-14,2024-06-11,United Kingdom,Liverpool,15.15
104625,70,2024-06-09,2024-06-21,2024-06-13,Spain,Madrid,5.22
104626,326,2024-06-09,2024-06-15,2024-06-16,Poland,Poznan,14.65
104627,126,2024-06-09,2024-06-22,2024-06-16,Spain,Barcelona,16.21
104628,451,2024-06-10,2024-06-20,2024-06-11,Italy,Naples,35.39
104629,122,2024-06-10,2024-06-14,2024-06-16,Poland,Krakow,13.43
104630,210,2024-06-10,2024-06-22,2024-06-14,USA,Austin,35.0
104631,412,2024-06-10,2024-06-16,,Germany,Cologne,6.88
104632,22,2024-06-10,2024-06-13,2024-06-16,USA,New York,19.07
104633,87,2024-06-11,2024-06-20,,Austria,Graz,33.97
104634,22,2024-06-11,2024-06-16,2024-06-15,USA,New York,14.03
104635,438,2024-06-11,2024-06-19,2024-06-19,Germany,Munich,31.35
104636,206,2024-06-11,2024-06-21,2024-06-17,Germany,Hamburg,12.46
104637,475,2024-06-11,2024-06-20,2024-06-15,Poland,Wroclaw,7.73
104638,269,2024-06-11,2024-06-15,,Norway,Bergen,14.49
104639,452,2024-06-11,2024-06-18,2024-06-22,Italy,Florence,10.05
104640,33,2024-06-11,2024-06-19,2024-06-15,USA,Seattle,22.81
104641,340,2024-06-11,2024-06-14,2024-06-16,Austria,Vienna,12.34
104642,37,2024-06-12,2024-06-19,2024-06-20,Spain,Valencia,7.34
104643,476,2024-06-12,2024-06-16,2024-06-17,Germany,Frankfurt,27.5
104644,332,2024-06-12,2024-06-25,,Spain,Madrid,31.9
104645,371,2024-06-12,2024-06-25,2024-06-14,France,Paris,13.54
104646,286,2024-06-12,2024-06-17,2024-06-14,Spain,Bilbao,16.65
104647,102,2024-06-12,2024-06-20,2024-06-19,Poland,Poznan,4.57
104648,148,2024-06-13,2024-06-18,2024-06-20,Germany,Berlin,6.17
104649,55,2024-06-13,2024-06-24,2024-06-15,USA,Seattle,20.67
104650,443,2024-06-13,2024-06-16,2024-06-19,Spain,Bilbao,13.37
104651,114,2024-06-13,2024-06-24,2024-06-22,Spain,Bilbao,11.33
104652,331,2024-06-14,2024-06-20,2024-06-21,Poland,Poznan,11.06
104653,497,2024-06-14,2024-06-24,2024-06-18,Germany,Cologne,28.01
104654,381,2024-06-14,2024-06-26,,Sweden,Malmo,17.95
104655,26,2024-06-14,2024-06-23,2024-06-21,USA,Chicago,21.26
104656,167,2024-06-14,2024-06-27,2024-06-15,USA,Chicago,12.31
104657,146,2024-06-14,2024-06-27,2024-06-17,Germany,Hamburg,25.91
104658,13,2024-06-14,2024-06-21,2024-06-18,Italy,Florence,18.48
104659,83,2024-06-14,2024-06-25,2024-06-25,United Kingdom,Manchester,29.93
104660,276,2024-06-14,2024-06-21,2024-06-21,Italy,Florence,36.69
104661,365,2024-06-14,2024-06-18,2024-06-25,Sweden,Uppsala,36.61
104662,188,2024-06-14,2024-06-20,2024-06-25,Poland,Gdansk,11.59
104663,57,2024-06-14,2024-06-18,,United Kingdom,Manchester,27.39
104664,309,2024-06-15,2024-06-20,2024-06-19,France,Toulouse,18.0
104665,205,2024-06-15,2024-06-27,2024-06-21,Poland,Wroclaw,33.29
104666,141,2024-06-15,2024-06-23,2024-06-19,Spain,Madrid,16.28
104667,368,2024-06-15,2024-06-25,2024-06-24,Poland,Gdansk,23.77
104668,419,2024-06-15,2024-06-26,2024-06-16,Germany,Cologne,13.09
104669,452,2024-06-15,2024-06-22,2024-06-17,Italy,Florence,8.29
104670,423,2024-06-15,2024-06-19,2024-06-23,Spain,Barcelona,20.23
104671,391,2024-06-15,2024-06-22,2024-06-18,Germany,Berlin,3.72
104672,178,2024-06-15,2024-06-23,2024-06-21,United Kingdom,Liverpool,18.44
104673,468,2024-06-16,2024-06-27,2024-06-27,France,Nice,13.75
104674,34,2024-06-16,2024-06-22,2024-06-23,Canada,Vancouver,7.44
104675,429,2024-06-16,2024-06-27,2024-06-25,Netherlands,Rotterdam,11.76
104676,249,2024-06-16,2024-06-27,2024-06-22,Poland,Lodz,27.16
104677,97,2024-06-16,2024-06-21,2024-06-18,Poland,Gdansk,21.36
104678,436,2024-06-16,2024-06-20,2024-06-26,Italy,Florence,20.24
104679,49,2024-06-16,2024-06-25,,Canada,Montreal,21.49
104680,178,2024-06-16,2024-06-22,2024-06-26,United Kingdom,Liverpool,22.26
104681,286,2024-06-16,2024-06-26,2024-06-21,Spain,Bilbao,11.98
104682,355,2024-06-17,2024-06-24,2024-06-28,Germany,Hamburg,25.08
104683,391,2024-06-17,2024-06-20,2024-06-21,Germany,Berlin,5.24
104684,201,2024-06-17,2024-06-21,2024-06-18,United Kingdom,Manchester,20.64
104685,361,2024-06-17,2024-06-27,2024-06-27,United Kingdom,Leeds,17.36
104686,83,2024-06-18,2024-06-23,2024-06-28,United Kingdom,Manchester,22.36
104687,33,2024-06-18,2024-06-27,2024-06-27,USA,Seattle,12.0
104688,142,2024-06-18,2024-06-30,2024-06-19,Czech Republic,Brno,22.6
104689,151,2024-06-18,2024-06-24,2024-06-24,Germany,Hamburg,6.38
104690,326,2024-06-18,2024-07-01,2024-06-24,Poland,Poznan,12.12
104691,274,2024-06-18,2024-06-29,2024-06-21,United Kingdom,London,11.64
104692,284,2024-06-19,2024-06-26,,United Kingdom,Liverpool,23.04
104693,351,2024-06-19,2024-06-22,2024-06-25,Italy,Florence,21.46
104694,90,2024-06-19,2024-06-30,2024-06-28,Italy,Naples,8.27
104695,13,2024-06-19,2024-06-27,2024-06-26,Italy,Florence,4.91
104696,141,2024-06-19,2024-06-30,2024-06-27,Spain,Madrid,35.83
104697,30,2024-06-20,2024-07-03,2024-06-21,Germany,Frankfurt,26.58
104698,451,2024-06-20,2024-06-30,2024-06-26,Italy,Naples,27.95
104699,107,2024-06-20,2024-06-23,2024-06-29,Italy,Turin,23.94
104700,426,2024-06-20,2024-07-02,2024-06-26,France,Marseille,7.43
104701,110,2024-06-20,2024-06-24,2024-06-24,USA,Boston,19.41
104702,22,2024-06-20,2024-06-25,2024-06-22,USA,New York,5.66
104703,120,2024-06-21,2024-06-27,2024-06-23,Netherlands,Utrecht,21.6
104704,93,2024-06-21,2024-06-28,2024-06-29,Canada,Vancouver,10.08
104705,265,2024-06-21,2024-06-27,2024-06-27,Poland,Krakow,8.89
104706,472,2024-06-21,2024-06-25,2024-06-29,Czech Republic,Brno,7.02
104707,365,2024-06-21,2024-06-27,,Sweden,Uppsala,15.31
104708,144,2024-06-21,2024-06-27,2024-07-02,Spain,Barcelona,13.97
104709,355,2024-06-21,2024-06-24,2024-06-28,Germany,Hamburg,21.46
104710,463,2024-06-21,2024-07-02,2024-07-02,Spain,Madrid,19.36
104711,110,2024-06-21,2024-06-27,2024-06-27,USA,Boston,7.49
104712,83,2024-06-21,2024-06-24,2024-07-01,United Kingdom,Manchester,15.73
104713,186,2024-06-21,2024-06-27,2024-06-23,Netherlands,Eindhoven,20.52
104714,240,2024-06-22,2024-06-30,2024-06-28,France,Lyon,8.96
104715,443,2024-06-22,2024-06-25,2024-06-26,Spain,Bilbao,24.16
104716,248,2024-06-22,2024-06-26,2024-06-26,Poland,Wroclaw,8.03
104717,231,2024-06-22,2024-07-03,2024-07-03,Sweden,Stockholm,33.13
104718,371,2024-06-22,2024-07-03,2024-07-03,France,Paris,10.99
104719,37,2024-06-22,2024-06-25,2024-06-27,Spain,Valencia,23.6
104720,321,2024-06-22,2024-07-02,2024-06-27,France,Paris,8.7
104721,294,2024-06-22,2024-06-27,2024-06-23,Germany,Berlin,19.26
104722,236,2024-06-23,2024-07-05,2024-06-30,Canada,Calgary,22.93
104723,435,2024-06-23,2024-06-28,2024-06-29,USA,Denver,16.58
104724,372,2024-06-23,2024-07-01,2024-06-28,United Kingdom,Manchester,16.77
104725,44,2024-06-23,2024-06-27,2024-06-26,Spain,Madrid,11.07
104726,22,2024-06-23,2024-06-29,2024-06-29,USA,New York,37.33
104727,463,2024-06-23,2024-06-28,2024-07-03,Spain,Madrid,7.4
104728,2,2024-06-23,2024-06-27,2024-06-30,United Kingdom,Bristol,22.17
104729,260,2024-06-24,2024-07-07,2024-07-01,Norway,Oslo,19.01
104730,119,2024-06-24,2024-07-06,2024-07-02,Italy,Milan,14.0
104731,387,2024-06-24,2024-07-01,2024-07-02,Spain,Bilbao,31.94
104732,2,2024-06-24,2024-06-29,2024-06-28,United Kingdom,Bristol,6.23
104733,181,2024-06-24,2024-07-07,2024-07-02,Germany,Munich,31.67
104734,438,2024-06-24,2024-06-28,2024-06-26,Germany,Munich,35.24
104735,60,2024-06-24,2024-07-01,2024-07-04,Netherlands,Eindhoven,12.72
104736,300,2024-06-25,2024-06-28,,Netherlands,Eindhoven,23.22
104737,24,2024-06-25,2024-07-02,2024-06-30,Poland,Warsaw,12.93
104738,403,2024-06-25,2024-07-01,2024-06-28,Poland,Gdansk,12.53
104739,115,2024-06-25,2024-07-01,,USA,Denver,18.9
104740,266,2024-06-25,2024-07-05,2024-07-05,Norway,Oslo,21.45
104741,307,2024-06-26,2024-06-29,,USA,Boston,15.35
104742,92,2024-06-26,2024-07-06,2024-07-03,Austria,Vienna,9.45
104743,437,2024-06-26,2024-06-29,2024-06-28,Poland,Lodz,16.45
104744,426,2024-06-26,2024-07-01,2024-06-30,France,Marseille,26.58
104745,140,2024-06-26,2024-07-02,2024-07-02,Germany,Berlin,5.62
104746,153,2024-06-26,2024-07-07,2024-07-04,Norway,Bergen,8.83
104747,22,2024-06-26,2024-07-04,2024-07-02,USA,New York,21.18
104748,304,2024-06-27,2024-07-10,2024-07-01,USA,Austin,29.24
104749,411,2024-06-27,2024-07-06,2024-07-05,France,Lyon,18.84
104750,120,2024-06-27,2024-07-01,2024-07-05,Netherlands,Utrecht,23.52
104751,397,2024-06-27,2024-07-10,2024-07-01,Poland,Warsaw,21.79
104752,142,2024-06-27,2024-07-07,2024-07-06,Czech Republic,Brno,38.29
104753,394,2024-06-27,2024-07-06,2024-07-02,Canada,Calgary,9.39
104754,146,2024-06-27,2024-07-05,2024-07-04,Germany,Hamburg,8.28
104755,26,2024-06-28,2024-07-04,2024-07-09,USA,Chicago,23.67
104756,99,2024-06-28,2024-07-05,2024-07-08,Canada,Vancouver,15.64
104757,392,2024-06-28,2024-07-10,2024-06-29,United Kingdom,Bristol,15.77
104758,49,2024-06-28,2024-07-10,2024-07-03,Canada,Montreal,12.96
104759,231,2024-06-28,2024-07-06,2024-07-05,Sweden,Stockholm,27.42
104760,371,2024-06-28,2024-07-04,2024-07-06,France,Paris,13.17
104761,117,2024-06-28,2024-07-07,2024-07-07,France,Nice,10.74
104762,30,2024-06-28,2024-07-03,2024-07-06,Germany,Frankfurt,33.25
104763,381,2024-06-28,2024-07-07,2024-07-02,Sweden,Malmo,8.54
104764,385,2024-06-28,2024-07-04,2024-07-02,Poland,Poznan,7.23
104765,357,2024-06-28,2024-07-08,2024-07-07,Italy,Turin,29.17
104766,269,2024-06-28,2024-07-09,2024-07-02,Norway,Bergen,40.61
104767,341,2024-06-29,2024-07-09,2024-06-30,Italy,Rome,32.87
104768,269,2024-06-29,2024-07-09,2024-07-07,Norway,Bergen,29.49
104769,247,2024-06-29,2024-07-04,2024-07-10,Germany,Hamburg,34.39
104770,258,2024-06-29,2024-07-12,2024-07-07,Netherlands,Eindhoven,11.93
104771,20,2024-06-29,2024-07-12,2024-07-07,Netherlands,Rotterdam,23.97
104772,90,2024-06-29,2024-07-03,2024-07-03,Italy,Naples,23.29
104773,15,2024-06-29,2024-07-10,2024-07-01,Spain,Seville,23.93
104774,471,2024-06-29,2024-07-03,2024-07-09,Norway,Bergen,22.73
104775,474,2024-06-29,2024-07-07,2024-07-07,Czech Republic,Pilsen,43.95
104776,276,2024-06-29,2024-07-11,2024-06-30,Italy,Florence,7.82
104777,37,2024-06-29,2024-07-06,2024-07-09,Spain,Valencia,23.95
104778,498,2024-06-29,2024-07-07,2024-07-01,France,Nice,15.74
104779,92,2024-06-30,2024-07-09,2024-07-01,Austria,Vienna,21.65
104780,108,2024-06-30,2024-07-10,2024-07-07,United Kingdom,Bristol,7.77
104781,356,2024-06-30,2024-07-13,2024-07-03,Poland,Poznan,7.29
104782,369,2024-06-30,2024-07-07,2024-07-11,Czech Republic,Brno,13.2
104783,334,2024-06-30,2024-07-07,2024-07-05,USA,New York,12.71
104784,355,2024-07-01,2024-07-10,2024-07-10,Germany,Hamburg,18.57
104785,463,2024-07-01,2024-07-10,2024-07-04,Spain,Madrid,16.77
104786,186,2024-07-01,2024-07-06,2024-07-08,Netherlands,Eindhoven,28.21
104787,55,2024-07-01,2024-07-14,2024-07-04,USA,Seattle,8.07
104788,345,2024-07-01,2024-07-11,2024-07-10,Poland,Gdansk,10.13
104789,361,2024-07-01,2024-07-12,2024-07-06,United Kingdom,Leeds,5.41
104790,215,2024-07-01,2024-07-13,2024-07-05,Italy,Milan,20.46
104791,289,2024-07-01,2024-07-13,2024-07-03,United Kingdom,Liverpool,12.39
104792,317,2024-07-01,2024-07-07,2024-07-02,Norway,Bergen,7.93
104793,122,2024-07-01,2024-07-04,2024-07-04,Poland,Krakow,8.23
104794,192,2024-07-01,2024-07-14,2024-07-02,Poland,Gdansk,7.8
104795,329,2024-07-02,2024-07-06,2024-07-11,Poland,Wroclaw,14.03
104796,318,2024-07-02,2024-07-13,,Poland,Warsaw,12.12
104797,187,2024-07-02,2024-07-12,2024-07-13,Germany,Berlin,25.95
104798,258,2024-07-02,2024-07-15,2024-07-05,Netherlands,Eindhoven,6.29
104799,51,2024-07-02,2024-07-07,2024-07-10,Austria,Graz,32.06
104800,249,2024-07-02,2024-07-09,2024-07-06,Poland,Lodz,17.01
104801,223,2024-07-02,2024-07-13,,Germany,Berlin,19.56
104802,142,2024-07-03,2024-07-15,,Czech Republic,Brno,11.36
104803,68,2024-07-03,2024-07-08,2024-07-07,USA,Austin,28.04
104804,403,2024-07-03,2024-07-07,2024-07-08,Poland,Gdansk,15.73
104805,99,2024-07-03,2024-07-12,2024-07-14,Canada,Vancouver,4.99
104806,324,2024-07-03,2024-07-06,2024-07-09,Czech Republic,Ostrava,31.73
104807,353,2024-07-03,2024-07-06,2024-07-12,Czech Republic,Pilsen,18.71
104808,380,2024-07-03,2024-07-14,2024-07-05,Netherlands,Rotterdam,24.92
104809,68,2024-07-03,2024-07-11,2024-07-09,USA,Austin,31.85
104810,295,2024-07-04,2024-07-10,2024-07-12,USA,Chicago,55.39
104811,19,2024-07-04,2024-07-16,2024-07-06,USA,Denver,21.28
104812,130,2024-07-04,2024-07-12,2024-07-10,Poland,Wroclaw,9.8
104813,500,2024-07-04,2024-07-08,2024-07-07,United Kingdom,Bristol,9.41
104814,187,2024-07-04,2024-07-08,2024-07-15,Germany,Berlin,23.72
104815,472,2024-07-04,2024-07-10,,Czech Republic,Brno,14.73
104816,404,2024-07-04,2024-07-08,2024-07-14,Poland,Warsaw,19.48
104817,37,2024-07-05,2024-07-13,2024-07-13,Spain,Valencia,13.58
104818,332,2024-07-05,2024-07-17,2024-07-16,Spain,Madrid,20.91
104819,429,2024-07-05,2024-07-18,2024-07-14,Netherlands,Rotterdam,5.21
104820,269,2024-07-05,2024-07-15,2024-07-08,Norway,Bergen,9.96
104821,46,2024-07-05,2024-07-09,2024-07-10,Germany,Hamburg,7.81
104822,410,2024-07-05,2024-07-08,2024-07-07,Netherlands,Rotterdam,6.91
104823,90,2024-07-05,2024-07-18,2024-07-15,Italy,Naples,10.35
104824,12,2024-07-05,2024-07-17,2024-07-06,Sweden,Stockholm,19.52
104825,426,2024-07-06,2024-07-13,2024-07-14,France,Marseille,13.92
104826,87,2024-07-06,2024-07-15,2024-07-07,Austria,Graz,42.21
104827,126,2024-07-06,2024-07-10,2024-07-11,Spain,Barcelona,16.25
104828,492,2024-07-06,2024-07-14,2024-07-08,United Kingdom,Leeds,5.98
104829,7,2024-07-06,2024-07-18,2024-07-16,Germany,Cologne,34.78
104830,410,2024-07-06,2024-07-16,2024-07-07,Netherlands,Rotterdam,8.01
104831,318,2024-07-06,2024-07-11,2024-07-11,Poland,Warsaw,10.43
104832,394,2024-07-06,2024-07-14,2024-07-10,Canada,Calgary,8.05
104833,437,2024-07-06,2024-07-18,2024-07-11,Poland,Lodz,10.52
104834,120,2024-07-06,2024-07-17,2024-07-16,Netherlands,Utrecht,6.37
104835,399,2024-07-06,2024-07-11,2024-07-07,Poland,Poznan,19.88
104836,234,2024-07-06,2024-07-11,2024-07-09,United Kingdom,Bristol,38.19
104837,237,2024-07-07,2024-07-10,2024-07-16,Poland,Krakow,14.23
104838,146,2024-07-07,2024-07-10,2024-07-18,Germany,Hamburg,22.44
104839,204,2024-07-07,2024-07-19,2024-07-15,Poland,Gdansk,20.77
104840,127,2024-07-07,2024-07-17,2024-07-17,France,Paris,23.44
104841,207,2024-07-08,2024-07-20,2024-07-10,USA,Chicago,18.48
104842,498,2024-07-08,2024-07-18,2024-07-09,France,Nice,16.64
104843,13,2024-07-08,2024-07-21,2024-07-16,Italy,Florence,12.39
104844,307,2024-07-08,2024-07-17,2024-07-18,USA,Boston,20.35
104845,420,2024-07-08,2024-07-13,2024-07-11,Poland,Krakow,16.59
104846,173,2024-07-08,2024-07-14,2024-07-09,Germany,Hamburg,30.23
104847,251,2024-07-08,2024-07-21,2024-07-13,United Kingdom,Bristol,60.81
104848,200,2024-07-09,2024-07-12,2024-07-16,Spain,Bilbao,26.41
104849,345,2024-07-09,2024-07-19,2024-07-17,Poland,Gdansk,18.21
104850,432,2024-07-09,2024-07-19,2024-07-17,Poland,Wroclaw,4.65
104851,338,2024-07-09,2024-07-14,2024-07-12,United Kingdom,Liverpool,8.57
104852,136,2024-07-09,2024-07-12,2024-07-10,Netherlands,Amsterdam,28.29
104853,353,2024-07-09,2024-07-12,2024-07-20,Czech Republic,Pilsen,7.34
104854,159,2024-07-09,2024-07-12,2024-07-19,United Kingdom,Liverpool,16.13
104855,352,2024-07-09,2024-07-14,2024-07-13,Poland,Krakow,5.9
104856,200,2024-07-09,2024-07-13,2024-07-12,Spain,Bilbao,22.01
104857,72,2024-07-09,2024-07-17,2024-07-20,France,Paris,17.32
104858,86,2024-07-09,2024-07-20,2024-07-17,France,Lyon,22.26
104859,289,2024-07-09,2024-07-21,2024-07-11,United Kingdom,Liverpool,34.39
104860,270,2024-07-10,2024-07-23,2024-07-16,France,Lyon,31.55
104861,197,2024-07-10,2024-07-13,2024-07-19,Germany,Munich,9.69
104862,350,2024-07-10,2024-07-17,2024-07-20,Germany,Munich,11.59
104863,371,2024-07-10,2024-07-16,2024-07-14,France,Paris,13.24
104864,473,2024-07-10,2024-07-14,2024-07-14,United Kingdom,Leeds,18.98
104865,200,2024-07-10,2024-07-17,2024-07-16,Spain,Bilbao,23.72
104866,369,2024-07-10,2024-07-13,2024-07-19,Czech Republic,Brno,13.79
104867,95,2024-07-10,2024-07-17,2024-07-15,Italy,Florence,25.24
104868,444,2024-07-10,2024-07-18,2024-07-20,Netherlands,Rotterdam,15.83
104869,495,2024-07-10,2024-07-23,2024-07-17,Germany,Frankfurt,19.46
104870,6,2024-07-10,2024-07-15,2024-07-16,Poland,Gdansk,40.25
104871,381,2024-07-10,2024-07-22,2024-07-16,Sweden,Malmo,12.42
104872,23,2024-07-11,2024-07-20,2024-07-15,USA,Chicago,25.97
104873,236,2024-07-11,2024-07-24,2024-07-19,Canada,Calgary,10.94
104874,429,2024-07-11,2024-07-20,2024-07-21,Netherlands,Rotterdam,6.79
104875,83,2024-07-11,2024-07-23,2024-07-21,United Kingdom,Manchester,36.11
104876,267,2024-07-11,2024-07-17,2024-07-12,Germany,Munich,14.71
104877,248,2024-07-11,2024-07-21,2024-07-22,Poland,Wroclaw,11.69
104878,356,2024-07-11,2024-07-21,2024-07-20,Poland,Poznan,8.18
104879,201,2024-07-11,2024-07-18,2024-07-14,United Kingdom,Manchester,25.99
104880,440,2024-07-11,2024-07-16,2024-07-20,Netherlands,Rotterdam,28.2
104881,326,2024-07-11,2024-07-15,2024-07-22,Poland,Poznan,15.84
104882,166,2024-07-11,2024-07-20,2024-07-14,USA,Seattle,36.92
104883,423,2024-07-11,2024-07-15,2024-07-21,Spain,Barcelona,3.54
104884,352,2024-07-11,2024-07-18,2024-07-15,Poland,Krakow,47.01
104885,389,2024-07-12,2024-07-23,2024-07-21,USA,Seattle,22.81
104886,470,2024-07-12,2024-07-15,2024-07-20,USA,Chicago,17.24
104887,77,2024-07-12,2024-07-19,2024-07-22,Spain,Madrid,25.07
104888,110,2024-07-12,2024-07-23,2024-07-23,USA,Boston,8.54
104889,13,2024-07-12,2024-07-18,2024-07-20,Italy,Florence,8.42
104890,359,2024-07-12,2024-07-15,2024-07-22,France,Paris,37.36
104891,198,2024-07-12,2024-07-21,2024-07-20,Poland,Gdansk,15.74
104892,351,2024-07-12,2024-07-25,2024-07-18,Italy,Florence,6.61
104893,218,2024-07-13,2024-07-17,2024-07-18,Poland,Gdansk,16.15
104894,420,2024-07-13,2024-07-25,2024-07-22,Poland,Krakow,12.71
104895,115,2024-07-14,2024-07-18,2024-07-24,USA,Denver,24.95
104896,7,2024-07-14,2024-07-26,2024-07-22,Germany,Cologne,12.35
104897,224,2024-07-14,2024-07-24,2024-07-25,Spain,Barcelona,17.44
104898,15,2024-07-14,2024-07-22,2024-07-21,Spain,Seville,13.99
104899,329,2024-07-14,2024-07-20,2024-07-21,Poland,Wroclaw,13.26
104900,267,2024-07-14,2024-07-22,2024-07-24,Germany,Munich,18.77
104901,258,2024-07-14,2024-07-18,2024-07-23,Netherlands,Eindhoven,25.13
104902,412,2024-07-14,2024-07-22,2024-07-20,Germany,Cologne,30.44
104903,250,2024-07-14,2024-07-20,2024-07-25,Czech Republic,Pilsen,12.06
104904,1,2024-07-15,2024-07-24,2024-07-26,Germany,Frankfurt,18.13
104905,300,2024-07-15,2024-07-18,2024-07-16,Netherlands,Eindhoven,44.07
104906,63,2024-07-15,2024-07-27,2024-07-22,Netherlands,Eindhoven,9.76
104907,423,2024-07-15,2024-07-23,2024-07-25,Spain,Barcelona,28.4
104908,22,2024-07-15,2024-07-19,2024-07-18,USA,New York,24.89
104909,369,2024-07-15,2024-07-19,2024-07-22,Czech Republic,Brno,4.64
104910,258,2024-07-15,2024-07-28,2024-07-17,Netherlands,Eindhoven,12.49
104911,106,2024-07-15,2024-07-28,2024-07-23,Spain,Bilbao,14.54
104912,14,2024-07-15,2024-07-26,2024-07-18,Netherlands,Eindhoven,30.28
104913,342,2024-07-15,2024-07-22,2024-07-25,United Kingdom,Manchester,24.87
104914,70,2024-07-15,2024-07-23,2024-07-18,Spain,Madrid,10.4
104915,338,2024-07-15,2024-07-21,,United Kingdom,Liverpool,17.18
104916,300,2024-07-15,2024-07-21,2024-07-17,Netherlands,Eindhoven,16.46
104917,380,2024-07-16,2024-07-20,2024-07-19,Netherlands,Rotterdam,10.65
104918,52,2024-07-16,2024-07-25,2024-07-26,Canada,Vancouver,5.83
104919,83,2024-07-16,2024-07-27,2024-07-18,United Kingdom,Manchester,6.11
104920,148,2024-07-16,2024-07-29,2024-07-25,Germany,Berlin,27.12
104921,384,2024-07-16,2024-07-20,2024-07-27,Norway,Oslo,6.16
104922,421,2024-07-16,2024-07-23,2024-07-20,Poland,Warsaw,9.92
104923,35,2024-07-16,2024-07-26,2024-07-21,USA,Seattle,6.78
104924,269,2024-07-16,2024-07-23,2024-07-22,Norway,Bergen,15.17
104925,401,2024-07-17,2024-07-22,,France,Toulouse,27.66
104926,437,2024-07-17,2024-07-20,2024-07-19,Poland,Lodz,16.46
104927,247,2024-07-17,2024-07-28,2024-07-18,Germany,Hamburg,24.82
104928,462,2024-07-17,2024-07-23,2024-07-23,Spain,Barcelona,8.45
104929,289,2024-07-17,2024-07-22,2024-07-20,United Kingdom,Liverpool,23.36
104930,213,2024-07-17,2024-07-21,2024-07-23,USA,Chicago,23.98
104931,399,2024-07-17,2024-07-20,2024-07-25,Poland,Poznan,18.93
104932,224,2024-07-17,2024-07-27,2024-07-19,Spain,Barcelona,20.27
104933,22,2024-07-17,2024-07-29,2024-07-27,USA,New York,12.78
104934,436,2024-07-17,2024-07-20,2024-07-27,Italy,Florence,23.56
104935,391,2024-07-17,2024-07-24,2024-07-21,Germany,Berlin,7.8
104936,369,2024-07-18,2024-07-29,2024-07-24,Czech Republic,Brno,6.72
104937,329,2024-07-18,2024-07-21,2024-07-19,Poland,Wroclaw,44.12
104938,70,2024-07-18,2024-07-28,2024-07-26,Spain,Madrid,19.76
104939,114,2024-07-18,2024-07-26,,Spain,Bilbao,18.95
104940,191,2024-07-18,2024-07-23,2024-07-27,USA,Seattle,17.46
104941,279,2024-07-18,2024-07-29,2024-07-22,Austria,Salzburg,23.34
104942,115,2024-07-18,2024-07-21,2024-07-21,USA,Denver,16.62
104943,371,2024-07-18,2024-07-26,2024-07-27,France,Paris,10.79
104944,132,2024-07-18,2024-07-23,2024-07-19,Netherlands,Utrecht,19.04
104945,391,2024-07-18,2024-07-22,2024-07-27,Germany,Berlin,26.95
104946,371,2024-07-18,2024-07-21,2024-07-25,France,Paris,29.22
104947,19,2024-07-18,2024-07-22,2024-07-19,USA,Denver,55.66
104948,35,2024-07-18,2024-07-31,2024-07-27,USA,Seattle,13.27
104949,26,2024-07-18,2024-07-28,2024-07-26,USA,Chicago,21.44
104950,224,2024-07-18,2024-07-30,2024-07-22,Spain,Barcelona,9.67
104951,141,2024-07-19,2024-07-23,2024-07-28,Spain,Madrid,10.15
104952,103,2024-07-19,2024-07-30,2024-07-20,Poland,Gdansk,23.1
104953,136,2024-07-19,2024-07-26,2024-07-30,Netherlands,Amsterdam,7.53
104954,356,2024-07-19,2024-07-30,2024-07-21,Poland,Poznan,14.34
104955,257,2024-07-19,2024-07-24,2024-07-22,France,Marseille,28.55
104956,271,2024-07-19,2024-07-31,2024-07-26,USA,Chicago,43.68
104957,254,2024-07-19,2024-07-23,2024-07-28,USA,Chicago,8.52
104958,369,2024-07-19,2024-08-01,2024-07-30,Czech Republic,Brno,14.79
104959,384,2024-07-20,2024-07-25,2024-07-30,Norway,Oslo,36.05
104960,241,2024-07-20,2024-07-24,2024-07-22,USA,New York,29.92
104961,147,2024-07-20,2024-08-01,2024-07-23,Austria,Linz,19.53
104962,305,2024-07-20,2024-08-01,2024-07-25,France,Marseille,13.53
104963,287,2024-07-20,2024-07-28,2024-07-29,France,Nice,19.93
104964,83,2024-07-20,2024-07-30,2024-07-23,United Kingdom,Manchester,22.82
104965,449,2024-07-20,2024-07-25,2024-07-28,Poland,Krakow,48.53
104966,325,2024-07-20,2024-07-23,2024-07-31,Netherlands,Eindhoven,27.04
104967,305,2024-07-20,2024-08-02,2024-07-28,France,Marseille,23.9
104968,368,2024-07-20,2024-07-26,2024-07-28,Poland,Gdansk,39.09
104969,500,2024-07-20,2024-08-01,2024-07-27,United Kingdom,Bristol,32.49
104970,492,2024-07-21,2024-07-30,2024-07-31,United Kingdom,Leeds,34.29
104971,455,2024-07-21,2024-08-01,2024-07-29,USA,Austin,24.22
104972,482,2024-07-21,2024-07-24,2024-07-23,Spain,Seville,27.14
104973,326,2024-07-21,2024-08-03,,Poland,Poznan,12.77
104974,201,2024-07-21,2024-07-29,2024-07-27,United Kingdom,Manchester,42.8
104975,352,2024-07-21,2024-07-31,2024-07-30,Poland,Krakow,22.55
104976,200,2024-07-21,2024-07-25,2024-07-23,Spain,Bilbao,10.96
104977,356,2024-07-21,2024-07-28,2024-07-25,Poland,Poznan,16.76
104978,150,2024-07-21,2024-08-03,2024-08-01,Sweden,Malmo,21.2
104979,304,2024-07-21,2024-08-02,2024-07-28,USA,Austin,8.13
104980,240,2024-07-21,2024-07-24,2024-07-26,France,Lyon,10.25
104981,153,2024-07-22,2024-07-29,2024-07-26,Norway,Bergen,6.76
104982,53,2024-07-22,2024-07-27,,Czech Republic,Ostrava,14.28
104983,266,2024-07-22,2024-07-31,2024-07-27,Norway,Oslo,16.73
104984,380,2024-07-22,2024-07-29,2024-08-02,Netherlands,Rotterdam,20.23
104985,396,2024-07-22,2024-07-28,2024-07-27,United Kingdom,Manchester,5.83
104986,205,2024-07-22,2024-07-28,2024-07-25,Poland,Wroclaw,15.06
104987,19,2024-07-22,2024-07-28,2024-07-31,USA,Denver,27.0
104988,413,2024-07-22,2024-08-04,2024-07-23,Germany,Hamburg,33.37
104989,398,2024-07-22,2024-08-03,2024-07-24,Poland,Wroclaw,30.49
104990,147,2024-07-22,2024-08-01,2024-08-02,Austria,Linz,10.49
104991,410,2024-07-22,2024-07-30,2024-07-25,Netherlands,Rotterdam,33.43
104992,442,2024-07-23,2024-07-30,,USA,Denver,6.83
104993,238,2024-07-23,2024-08-03,2024-07-26,Germany,Hamburg,10.82
104994,184,2024-07-23,2024-07-28,2024-08-03,Germany,Berlin,4.05
104995,316,2024-07-23,2024-08-01,2024-07-26,Austria,Graz,10.05
104996,307,2024-07-23,2024-07-31,2024-07-24,USA,Boston,15.31
104997,363,2024-07-23,2024-08-05,2024-07-25,United Kingdom,Manchester,11.31
104998,237,2024-07-23,2024-08-02,2024-07-30,Poland,Krakow,17.13
104999,256,2024-07-23,2024-07-31,2024-07-27,USA,Chicago,43.09
105000,93,2024-07-24,2024-07-29,2024-07-29,Canada,Vancouver,31.17
105001,236,2024-07-24,2024-07-31,2024-07-28,Canada,Calgary,24.3
105002,202,2024-07-24,2024-07-27,2024-08-02,Poland,Gdansk,18.03
105003,432,2024-07-24,2024-07-27,2024-07-28,Poland,Wroclaw,14.85
105004,307,2024-07-24,2024-08-04,2024-08-01,USA,Boston,25.9
105005,359,2024-07-24,2024-08-03,2024-07-28,France,Paris,6.16
105006,224,2024-07-25,2024-07-31,2024-07-28,Spain,Barcelona,15.92
105007,315,2024-07-25,2024-08-07,2024-08-01,Canada,Ottawa,16.2
105008,309,2024-07-25,2024-08-04,2024-07-28,France,Toulouse,16.8
105009,222,2024-07-25,2024-08-05,2024-07-27,USA,Seattle,22.2
105010,312,2024-07-25,2024-07-28,2024-07-27,France,Marseille,7.6
105011,90,2024-07-25,2024-08-07,2024-07-31,Italy,Naples,13.97
105012,237,2024-07-26,2024-08-05,2024-08-01,Poland,Krakow,21.55
105013,351,2024-07-26,2024-08-05,2024-07-31,Italy,Florence,13.47
105014,351,2024-07-26,2024-08-07,2024-07-29,Italy,Florence,21.05
105015,387,2024-07-26,2024-07-29,2024-07-28,Spain,Bilbao,4.87
105016,44,2024-07-26,2024-07-31,2024-08-06,Spain,Madrid,12.64
105017,46,2024-07-26,2024-07-29,2024-08-06,Germany,Hamburg,14.96
105018,280,2024-07-26,2024-08-06,2024-08-06,United Kingdom,Liverpool,8.53
105019,320,2024-07-26,2024-07-31,2024-08-06,Italy,Florence,12.02
105020,452,2024-07-26,2024-07-31,2024-08-01,Italy,Florence,16.94
105021,306,2024-07-26,2024-07-30,2024-08-04,Czech Republic,Ostrava,9.05
105022,77,2024-07-26,2024-08-05,2024-07-29,Spain,Madrid,12.62
105023,453,2024-07-26,2024-08-08,,United Kingdom,Manchester,31.81
105024,328,2024-07-27,2024-08-02,2024-08-06,United Kingdom,Liverpool,8.19
105025,363,2024-07-27,2024-08-02,2024-08-06,United Kingdom,Manchester,7.75
105026,332,2024-07-27,2024-08-01,2024-08-03,Spain,Madrid,10.41
105027,233,2024-07-27,2024-07-31,2024-07-31,Poland,Gdansk,16.1
105028,2,2024-07-27,2024-08-07,2024-08-07,United Kingdom,Bristol,8.67
105029,93,2024-07-27,2024-07-30,2024-08-07,Canada,Vancouver,25.22
105030,200,2024-07-27,2024-07-30,2024-08-02,Spain,Bilbao,10.6
105031,452,2024-07-27,2024-08-01,2024-07-31,Italy,Florence,16.93
105032,213,2024-07-27,2024-08-09,2024-07-28,USA,Chicago,19.49
105033,352,2024-07-27,2024-08-03,2024-07-30,Poland,Krakow,25.09
105034,118,2024-07-27,2024-07-30,2024-08-04,Germany,Frankfurt,22.35
105035,258,2024-07-27,2024-08-01,2024-07-29,Netherlands,Eindhoven,17.49
105036,154,2024-07-28,2024-08-07,2024-08-03,France,Marseille,4.65
105037,318,2024-07-28,2024-08-07,2024-08-01,Poland,Warsaw,17.39
105038,475,2024-07-28,2024-08-05,2024-07-30,Poland,Wroclaw,13.67
105039,109,2024-07-28,2024-08-03,2024-07-30,Spain,Bilbao,14.81
105040,166,2024-07-28,2024-08-10,2024-08-06,USA,Seattle,9.2
105041,500,2024-07-28,2024-08-02,,United Kingdom,Bristol,36.52
105042,319,2024-07-28,2024-08-03,2024-08-03,Italy,Milan,3.81
105043,481,2024-07-28,2024-08-03,2024-08-05,Germany,Frankfurt,10.98
105044,363,2024-07-29,2024-08-10,,United Kingdom,Manchester,11.79
105045,325,2024-07-29,2024-08-02,2024-08-03,Netherlands,Eindhoven,11.24
105046,468,2024-07-29,2024-08-07,2024-08-07,France,Nice,11.25
105047,491,2024-07-29,2024-08-02,2024-08-07,Canada,Ottawa,12.26
105048,309,2024-07-29,2024-08-07,2024-08-06,France,Toulouse,9.86
105049,432,2024-07-29,2024-08-09,2024-08-06,Poland,Wroclaw,16.9
105050,443,2024-07-29,2024-08-10,2024-07-31,Spain,Bilbao,11.75
105051,394,2024-07-29,2024-08-11,2024-08-09,Canada,Calgary,14.06
105052,411,2024-07-29,2024-08-04,2024-08-02,France,Lyon,22.05
105053,50,2024-07-30,2024-08-04,2024-08-10,Poland,Wroclaw,7.7
105054,445,2024-07-30,2024-08-03,2024-08-02,Canada,Calgary,13.49
105055,425,2024-07-30,2024-08-06,2024-07-31,Czech Republic,Prague,15.18
105056,387,2024-07-30,2024-08-07,2024-08-02,Spain,Bilbao,7.9
105057,62,2024-07-30,2024-08-09,2024-07-31,Poland,Lodz,37.37
105058,338,2024-07-30,2024-08-12,2024-08-06,United Kingdom,Liverpool,46.59
105059,369,2024-07-30,2024-08-04,2024-08-01,Czech Republic,Brno,25.87
105060,205,2024-07-30,2024-08-03,2024-07-31,Poland,Wroclaw,25.4
105061,191,2024-07-30,2024-08-08,,USA,Seattle,15.4
105062,153,2024-07-30,2024-08-12,2024-08-04,Norway,Bergen,24.3
105063,201,2024-07-30,2024-08-05,2024-08-06,United Kingdom,Manchester,36.77
105064,318,2024-07-30,2024-08-12,2024-08-02,Poland,Warsaw,19.21
105065,354,2024-07-31,2024-08-06,,USA,Denver,16.0
105066,63,2024-07-31,2024-08-03,2024-08-08,Netherlands,Eindhoven,28.68
105067,15,2024-07-31,2024-08-13,2024-08-10,Spain,Seville,25.73
105068,90,2024-07-31,2024-08-10,2024-08-04,Italy,Naples,21.86
105069,131,2024-07-31,2024-08-11,2024-08-11,Spain,Seville,4.82
105070,414,2024-07-31,2024-08-04,2024-08-09,United Kingdom,Leeds,14.78
105071,345,2024-07-31,2024-08-08,2024-08-02,Poland,Gdansk,4.76
105072,320,2024-07-31,2024-08-11,2024-08-04,Italy,Florence,15.01
105073,313,2024-07-31,2024-08-09,2024-08-08,Czech Republic,Ostrava,14.96
105074,66,2024-07-31,2024-08-09,2024-08-11,Spain,Valencia,19.65
105075,436,2024-08-01,2024-08-05,2024-08-02,Italy,Florence,8.43
105076,118,2024-08-01,2024-08-14,2024-08-02,Germany,Frankfurt,18.67
105077,231,2024-08-01,2024-08-10,2024-08-12,Sweden,Stockholm,10.47
105078,209,2024-08-01,2024-08-06,2024-08-02,United Kingdom,Manchester,40.98
105079,59,2024-08-01,2024-08-12,2024-08-12,Austria,Salzburg,11.3
105080,140,2024-08-01,2024-08-04,2024-08-04,Germany,Berlin,7.65
105081,371,2024-08-02,2024-08-10,2024-08-13,France,Paris,18.74
105082,49,2024-08-02,2024-08-06,2024-08-08,Canada,Montreal,18.87
105083,340,2024-08-02,2024-08-11,2024-08-05,Austria,Vienna,11.12
105084,405,2024-08-02,2024-08-08,2024-08-09,Netherlands,Amsterdam,9.87
105085,241,2024-08-02,2024-08-12,2024-08-12,USA,New York,23.37
105086,126,2024-08-02,2024-08-10,2024-08-13,Spain,Barcelona,6.36
105087,213,2024-08-02,2024-08-09,2024-08-05,USA,Chicago,22.61
105088,436,2024-08-02,2024-08-14,2024-08-07,Italy,Florence,17.56
105089,142,2024-08-02,2024-08-07,2024-08-13,Czech Republic,Brno,31.0
105090,53,2024-08-02,2024-08-07,2024-08-08,Czech Republic,Ostrava,18.76
105091,320,2024-08-03,2024-08-11,2024-08-12,Italy,Florence,31.46
105092,236,2024-08-03,2024-08-14,2024-08-13,Canada,Calgary,10.53
105093,26,2024-08-03,2024-08-15,2024-08-07,USA,Chicago,52.01
105094,389,2024-08-04,2024-08-09,2024-08-11,USA,Seattle,11.04
105095,167,2024-08-04,2024-08-13,2024-08-14,USA,Chicago,28.9
105096,239,2024-08-04,2024-08-17,2024-08-08,Canada,Toronto,10.35
105097,325,2024-08-04,2024-08-11,2024-08-15,Netherlands,Eindhoven,6.66
105098,201,2024-08-04,2024-08-13,2024-08-12,United Kingdom,Manchester,18.92
105099,320,2024-08-05,2024-08-14,2024-08-16,Italy,Florence,10.21
105100,440,2024-08-05,2024-08-14,2024-08-08,Netherlands,Rotterdam,30.88
105101,109,2024-08-05,2024-08-16,2024-08-11,Spain,Bilbao,15.9
105102,475,2024-08-05,2024-08-09,2024-08-15,Poland,Wroclaw,13.16
105103,276,2024-08-05,2024-08-08,2024-08-09,Italy,Florence,9.68
105104,110,2024-08-05,2024-08-11,2024-08-16,USA,Boston,46.31
105105,63,2024-08-06,2024-08-17,2024-08-08,Netherlands,Eindhoven,13.46
105106,34,2024-08-06,2024-08-19,2024-08-14,Canada,Vancouver,4.87
105107,254,2024-08-06,2024-08-11,2024-08-17,USA,Chicago,17.54
105108,195,2024-08-06,2024-08-13,2024-08-17,Canada,Ottawa,28.8
105109,326,2024-08-06,2024-08-15,2024-08-13,Poland,Poznan,9.63
105110,479,2024-08-06,2024-08-17,2024-08-10,Poland,Wroclaw,14.81
105111,443,2024-08-06,2024-08-13,2024-08-17,Spain,Bilbao,19.24
105112,160,2024-08-06,2024-08-11,2024-08-09,United Kingdom,Manchester,13.74
105113,87,2024-08-06,2024-08-12,2024-08-07,Austria,Graz,6.5
105114,405,2024-08-07,2024-08-12,2024-08-09,Netherlands,Amsterdam,7.82
105115,205,2024-08-07,2024-08-18,2024-08-10,Poland,Wroclaw,9.25
105116,224,2024-08-07,2024-08-12,2024-08-17,Spain,Barcelona,27.27
105117,197,2024-08-07,2024-08-19,,Germany,Munich,15.0
105118,189,2024-08-07,2024-08-17,2024-08-10,France,Lyon,7.35
105119,90,2024-08-08,2024-08-12,2024-08-18,Italy,Naples,9.65
105120,34,2024-08-08,2024-08-12,2024-08-09,Canada,Vancouver,5.11
105121,295,2024-08-08,2024-08-21,2024-08-15,USA,Chicago,16.79
105122,317,2024-08-08,2024-08-15,2024-08-17,Norway,Bergen,15.84
105123,26,2024-08-08,2024-08-11,2024-08-16,USA,Chicago,30.49
105124,358,2024-08-08,2024-08-18,2024-08-16,Italy,Rome,9.08
105125,369,2024-08-08,2024-08-11,2024-08-09,Czech Republic,Brno,17.6
105126,320,2024-08-09,2024-08-19,2024-08-12,Italy,Florence,26.86
105127,59,2024-08-09,2024-08-18,2024-08-18,Austria,Salzburg,26.26
105128,154,2024-08-09,2024-08-15,2024-08-19,France,Marseille,48.03
105129,341,2024-08-09,2024-08-22,2024-08-10,Italy,Rome,13.63
105130,474,2024-08-09,2024-08-13,2024-08-20,Czech Republic,Pilsen,12.35
105131,83,2024-08-09,2024-08-17,2024-08-10,United Kingdom,Manchester,3.69
105132,254,2024-08-09,2024-08-20,,USA,Chicago,11.14
105133,284,2024-08-09,2024-08-16,2024-08-10,United Kingdom,Liverpool,26.62
105134,482,2024-08-09,2024-08-18,2024-08-11,Spain,Seville,10.25
105135,123,2024-08-09,2024-08-18,2024-08-15,Sweden,Uppsala,12.65
105136,313,2024-08-09,2024-08-14,2024-08-10,Czech Republic,Ostrava,6.61
105137,57,2024-08-09,2024-08-18,2024-08-18,United Kingdom,Manchester,21.18
105138,98,2024-08-10,2024-08-13,2024-08-13,France,Paris,58.41
105139,436,2024-08-10,2024-08-21,2024-08-17,Italy,Florence,6.22
105140,83,2024-08-10,2024-08-13,2024-08-13,United Kingdom,Manchester,21.18
105141,59,2024-08-10,2024-08-18,2024-08-17,Austria,Salzburg,52.79
105142,359,2024-08-10,2024-08-14,2024-08-21,France,Paris,7.17
105143,363,2024-08-10,2024-08-18,2024-08-14,United Kingdom,Manchester,9.73
105144,14,2024-08-10,2024-08-19,2024-08-17,Netherlands,Eindhoven,14.31
105145,450,2024-08-10,2024-08-16,2024-08-14,Poland,Wroclaw,26.89
105146,33,2024-08-10,2024-08-15,2024-08-18,USA,Seattle,14.03
105147,117,2024-08-10,2024-08-14,2024-08-13,France,Nice,5.44
105148,251,2024-08-11,2024-08-16,2024-08-15,United Kingdom,Bristol,29.73
105149,112,2024-08-11,2024-08-16,2024-08-16,USA,Chicago,27.8
105150,401,2024-08-11,2024-08-14,2024-08-21,France,Toulouse,28.93
105151,481,2024-08-11,2024-08-17,2024-08-12,Germany,Frankfurt,8.01
105152,140,2024-08-11,2024-08-15,2024-08-22,Germany,Berlin,28.52
105153,78,2024-08-11,2024-08-23,2024-08-20,United Kingdom,London,22.81
105154,351,2024-08-12,2024-08-25,2024-08-21,Italy,Florence,17.87
105155,319,2024-08-12,2024-08-15,2024-08-18,Italy,Milan,22.21
105156,466,2024-08-12,2024-08-25,2024-08-16,United Kingdom,Bristol,5.2
105157,272,2024-08-12,2024-08-19,2024-08-20,Germany,Munich,13.24
105158,51,2024-08-12,2024-08-23,2024-08-22,Austria,Graz,34.01
105159,309,2024-08-12,2024-08-18,2024-08-14,France,Toulouse,13.11
105160,454,2024-08-13,2024-08-21,2024-08-16,Poland,Warsaw,16.19
105161,116,2024-08-13,2024-08-23,2024-08-18,Spain,Barcelona,10.91
105162,201,2024-08-13,2024-08-26,2024-08-14,United Kingdom,Manchester,14.93
105163,325,2024-08-13,2024-08-26,,Netherlands,Eindhoven,17.32
105164,295,2024-08-13,2024-08-22,2024-08-23,USA,Chicago,14.87
105165,16,2024-08-13,2024-08-20,2024-08-22,Sweden,Uppsala,10.64
105166,337,2024-08-13,2024-08-24,2024-08-19,Canada,Toronto,8.7
105167,255,2024-08-13,2024-08-24,2024-08-21,Austria,Graz,17.33
105168,382,2024-08-14,2024-08-20,2024-08-25,Sweden,Stockholm,11.04
105169,57,2024-08-14,2024-08-21,2024-08-16,United Kingdom,Manchester,18.21
105170,19,2024-08-14,2024-08-18,2024-08-25,USA,Denver,6.86
105171,227,2024-08-14,2024-08-19,2024-08-25,Germany,Frankfurt,8.52
105172,51,2024-08-15,2024-08-19,2024-08-25,Austria,Graz,40.79
105173,170,2024-08-15,2024-08-20,2024-08-24,Netherlands,Utrecht,9.51
105174,394,2024-08-15,2024-08-27,2024-08-21,Canada,Calgary,14.33
105175,453,2024-08-15,2024-08-24,2024-08-18,United Kingdom,Manchester,10.98
105176,48,2024-08-15,2024-08-23,2024-08-16,USA,Denver,16.36
105177,470,2024-08-15,2024-08-18,2024-08-24,USA,Chicago,17.42
105178,492,2024-08-16,2024-08-24,2024-08-24,United Kingdom,Leeds,7.59
105179,68,2024-08-16,2024-08-27,2024-08-26,USA,Austin,30.36
105180,61,2024-08-16,2024-08-26,,Poland,Wroclaw,30.44
105181,213,2024-08-16,2024-08-19,2024-08-27,USA,Chicago,21.49
105182,345,2024-08-16,2024-08-23,2024-08-23,Poland,Gdansk,8.92
105183,418,2024-08-16,2024-08-23,,United Kingdom,Liverpool,5.25
105184,140,2024-08-16,2024-08-28,2024-08-26,Germany,Berlin,4.2
105185,319,2024-08-16,2024-08-27,2024-08-17,Italy,Milan,18.02
105186,120,2024-08-17,2024-08-24,2024-08-21,Netherlands,Utrecht,10.26
105187,73,2024-08-17,2024-08-20,2024-08-19,USA,Denver,40.93
105188,15,2024-08-17,2024-08-26,2024-08-22,Spain,Seville,20.58
105189,416,2024-08-17,2024-08-30,,Germany,Hamburg,8.31
105190,419,2024-08-17,2024-08-21,2024-08-28,Germany,Cologne,22.26
105191,475,2024-08-17,2024-08-29,2024-08-25,Poland,Wroclaw,30.51
105192,252,2024-08-17,2024-08-26,2024-08-26,Netherlands,Amsterdam,17.7
105193,141,2024-08-18,2024-08-26,,Spain,Madrid,36.4
105194,52,2024-08-18,2024-08-30,,Canada,Vancouver,7.6
105195,52,2024-08-18,2024-08-23,2024-08-29,Canada,Vancouver,17.74
105196,468,2024-08-18,2024-08-26,2024-08-27,France,Nice,26.72
105197,252,2024-08-18,2024-08-29,2024-08-23,Netherlands,Amsterdam,15.43
105198,459,2024-08-18,2024-08-29,2024-08-26,Italy,Naples,9.08
105199,280,2024-08-18,2024-08-23,2024-08-27,United Kingdom,Liverpool,26.69
105200,397,2024-08-19,2024-09-01,2024-08-27,Poland,Warsaw,12.47
105201,140,2024-08-19,2024-09-01,2024-08-27,Germany,Berlin,11.32
105202,340,2024-08-19,2024-09-01,2024-08-24,Austria,Vienna,19.16
105203,333,2024-08-19,2024-08-27,2024-08-25,United Kingdom,London,19.39
105204,140,2024-08-19,2024-09-01,2024-08-23,Germany,Berlin,11.5
105205,99,2024-08-19,2024-08-28,2024-08-26,Canada,Vancouver,12.43
105206,436,2024-08-19,2024-08-26,2024-08-30,Italy,Florence,35.35
105207,496,2024-08-19,2024-08-29,2024-08-27,Austria,Salzburg,11.41
105208,22,2024-08-19,2024-08-24,2024-08-29,USA,New York,34.45
105209,326,2024-08-20,2024-08-24,2024-08-21,Poland,Poznan,6.12
105210,432,2024-08-20,2024-08-31,,Poland,Wroclaw,33.5
105211,10,2024-08-20,2024-08-26,2024-08-23,Poland,Gdansk,20.32
105212,101,2024-08-20,2024-08-31,2024-08-31,Poland,Lodz,9.08
105213,265,2024-08-21,2024-08-27,,Poland,Krakow,7.47
105214,357,2024-08-21,2024-09-02,2024-08-25,Italy,Turin,13.97
105215,460,2024-08-21,2024-08-24,2024-08-26,USA,Denver,29.84
105216,140,2024-08-21,2024-08-30,2024-08-25,Germany,Berlin,39.28
105217,70,2024-08-21,2024-08-31,2024-08-22,Spain,Madrid,25.06
105218,112,2024-08-21,2024-08-29,2024-08-30,USA,Chicago,5.69
105219,477,2024-08-21,2024-08-27,2024-08-24,Germany,Cologne,13.83
105220,153,2024-08-21,2024-09-03,2024-08-22,Norway,Bergen,47.57
105221,210,2024-08-22,2024-08-30,,USA,Austin,7.61
105222,118,2024-08-22,2024-08-26,2024-08-24,Germany,Frankfurt,32.53
105223,387,2024-08-22,2024-09-04,2024-09-01,Spain,Bilbao,23.86
105224,375,2024-08-22,2024-08-27,2024-08-30,Germany,Hamburg,12.79
105225,252,2024-08-22,2024-08-29,2024-08-24,Netherlands,Amsterdam,39.61
105226,349,2024-08-22,2024-08-28,2024-08-29,Poland,Lodz,26.59
105227,409,2024-08-22,2024-08-28,2024-08-23,USA,Austin,53.88
105228,325,2024-08-23,2024-08-26,2024-08-31,Netherlands,Eindhoven,12.19
105229,320,2024-08-23,2024-08-31,2024-08-30,Italy,Florence,8.41
105230,23,2024-08-23,2024-08-27,2024-08-31,USA,Chicago,18.3
105231,13,2024-08-23,2024-09-02,2024-08-24,Italy,Florence,30.39
105232,215,2024-08-23,2024-08-28,2024-08-29,Italy,Milan,7.55
105233,407,2024-08-23,2024-09-05,2024-08-27,Germany,Cologne,7.98
105234,365,2024-08-23,2024-08-29,2024-09-01,Sweden,Uppsala,32.31
105235,331,2024-08-23,2024-08-31,2024-08-24,Poland,Poznan,4.47
105236,42,2024-08-24,2024-09-02,2024-08-28,Poland,Lodz,15.73
105237,99,2024-08-24,2024-08-29,2024-08-27,Canada,Vancouver,24.81
105238,272,2024-08-24,2024-09-03,2024-08-30,Germany,Munich,7.43
105239,32,2024-08-24,2024-08-30,2024-08-31,United Kingdom,Manchester,22.74
105240,132,2024-08-24,2024-08-29,2024-08-25,Netherlands,Utrecht,38.58
105241,483,2024-08-24,2024-09-01,2024-08-31,Sweden,Gothenburg,14.74
105242,347,2024-08-24,2024-08-30,2024-08-26,Canada,Ottawa,15.19
105243,302,2024-08-24,2024-09-03,2024-09-02,Canada,Ottawa,14.75
105244,432,2024-08-25,2024-09-06,2024-09-04,Poland,Wroclaw,10.52
105245,309,2024-08-25,2024-08-31,,France,Toulouse,14.72
105246,146,2024-08-25,2024-09-05,2024-08-31,Germany,Hamburg,38.67
105247,307,2024-08-25,2024-08-29,2024-09-01,USA,Boston,12.42
105248,118,2024-08-25,2024-09-05,2024-09-01,Germany,Frankfurt,46.78
105249,475,2024-08-25,2024-08-31,2024-08-30,Poland,Wroclaw,18.45
105250,113,2024-08-25,2024-08-31,,Germany,Frankfurt,18.56
105251,305,2024-08-25,2024-09-04,2024-09-05,France,Marseille,32.45
105252,55,2024-08-26,2024-08-29,2024-09-05,USA,Seattle,6.76
105253,116,2024-08-26,2024-08-29,2024-09-01,Spain,Barcelona,18.25
105254,412,2024-08-26,2024-08-29,2024-08-28,Germany,Cologne,30.36
105255,60,2024-08-27,2024-09-03,2024-08-31,Netherlands,Eindhoven,12.87
105256,387,2024-08-27,2024-09-02,2024-08-31,Spain,Bilbao,18.21
105257,162,2024-08-27,2024-09-03,,Poland,Lodz,18.09
105258,250,2024-08-27,2024-09-09,2024-09-03,Czech Republic,Pilsen,11.28
105259,436,2024-08-27,2024-08-31,2024-09-01,Italy,Florence,16.76
105260,366,2024-08-27,2024-08-30,2024-09-03,Spain,Valencia,20.25
105261,394,2024-08-27,2024-08-30,2024-09-03,Canada,Calgary,30.73
105262,22,2024-08-27,2024-09-09,2024-08-30,USA,New York,26.18
105263,405,2024-08-27,2024-09-05,2024-08-31,Netherlands,Amsterdam,6.78
105264,359,2024-08-27,2024-09-01,2024-08-29,France,Paris,26.97
105265,187,2024-08-28,2024-09-05,2024-08-31,Germany,Berlin,24.42
105266,90,2024-08-28,2024-09-08,2024-09-08,Italy,Naples,5.59
105267,126,2024-08-28,2024-09-01,2024-09-08,Spain,Barcelona,80.88
105268,104,2024-08-28,2024-08-31,2024-09-05,United Kingdom,London,7.9
105269,70,2024-08-28,2024-09-06,2024-09-08,Spain,Madrid,11.26
105270,254,2024-08-29,2024-09-09,2024-08-30,USA,Chicago,11.54
105271,135,2024-08-29,2024-09-02,2024-09-07,Netherlands,Amsterdam,16.95
105272,265,2024-08-29,2024-09-06,2024-09-06,Poland,Krakow,13.99
105273,436,2024-08-29,2024-09-01,2024-09-03,Italy,Florence,17.76
105274,92,2024-08-30,2024-09-12,2024-09-09,Austria,Vienna,7.02
105275,130,2024-08-30,2024-09-04,2024-09-08,Poland,Wroclaw,34.11
105276,123,2024-08-30,2024-09-03,2024-09-07,Sweden,Uppsala,37.85
105277,90,2024-08-30,2024-09-10,2024-09-09,Italy,Naples,11.83
105278,396,2024-08-30,2024-09-03,2024-09-06,United Kingdom,Manchester,7.84
105279,265,2024-08-30,2024-09-09,2024-09-09,Poland,Krakow,12.08
105280,103,2024-08-30,2024-09-10,2024-09-08,Poland,Gdansk,15.01
105281,134,2024-08-30,2024-09-11,,Germany,Cologne,15.66
105282,142,2024-08-31,2024-09-03,,Czech Republic,Brno,11.8
105283,140,2024-08-31,2024-09-06,2024-09-02,Germany,Berlin,9.8
105284,260,2024-08-31,2024-09-08,2024-09-11,Norway,Oslo,19.1
105285,391,2024-08-31,2024-09-12,2024-09-04,Germany,Berlin,9.31
105286,117,2024-08-31,2024-09-04,2024-09-09,France,Nice,12.67
105287,492,2024-08-31,2024-09-07,2024-09-07,United Kingdom,Leeds,29.34
105288,457,2024-09-01,2024-09-11,2024-09-08,United Kingdom,London,32.46
105289,93,2024-09-01,2024-09-08,2024-09-07,Canada,Vancouver,19.89
105290,171,2024-09-01,2024-09-04,2024-09-11,Poland,Gdansk,20.84
105291,212,2024-09-01,2024-09-12,,France,Paris,12.49
105292,452,2024-09-01,2024-09-04,2024-09-11,Italy,Florence,16.29
105293,94,2024-09-01,2024-09-13,,Czech Republic,Brno,13.57
105294,478,2024-09-01,2024-09-12,2024-09-11,USA,Austin,11.65
105295,349,2024-09-02,2024-09-12,2024-09-06,Poland,Lodz,18.86
105296,350,2024-09-02,2024-09-12,2024-09-11,Germany,Munich,30.69
105297,12,2024-09-02,2024-09-10,2024-09-03,Sweden,Stockholm,13.43
105298,175,2024-09-02,2024-09-05,2024-09-03,Austria,Salzburg,28.54
105299,265,2024-09-02,2024-09-06,,Poland,Krakow,11.93
105300,371,2024-09-02,2024-09-15,2024-09-13,France,Paris,15.16
105301,198,2024-09-02,2024-09-15,2024-09-11,Poland,Gdansk,13.37
105302,116,2024-09-02,2024-09-15,2024-09-12,Spain,Barcelona,4.95
105303,295,2024-09-02,2024-09-11,,USA,Chicago,12.83
105304,331,2024-09-02,2024-09-06,2024-09-04,Poland,Poznan,19.18
105305,237,2024-09-03,2024-09-10,2024-09-05,Poland,Krakow,33.03
105306,100,2024-09-03,2024-09-16,2024-09-10,Netherlands,Utrecht,25.38
105307,167,2024-09-03,2024-09-13,2024-09-07,USA,Chicago,11.0
105308,102,2024-09-03,2024-09-10,2024-09-05,Poland,Poznan,40.79
105309,251,2024-09-03,2024-09-14,2024-09-14,United Kingdom,Bristol,10.93
105310,61,2024-09-03,2024-09-14,,Poland,Wroclaw,36.16
105311,383,2024-09-03,2024-09-11,2024-09-07,Italy,Rome,20.41
105312,398,2024-09-04,2024-09-16,2024-09-10,Poland,Wroclaw,15.44
105313,347,2024-09-04,2024-09-10,2024-09-08,Canada,Ottawa,19.77
105314,65,2024-09-04,2024-09-08,2024-09-14,Austria,Salzburg,8.11
105315,469,2024-09-04,2024-09-12,2024-09-12,Germany,Frankfurt,14.61
105316,352,2024-09-04,2024-09-11,2024-09-07,Poland,Krakow,9.01
105317,372,2024-09-04,2024-09-08,2024-09-13,United Kingdom,Manchester,4.19
105318,265,2024-09-04,2024-09-16,2024-09-09,Poland,Krakow,34.46
105319,224,2024-09-05,2024-09-14,2024-09-07,Spain,Barcelona,3.12
105320,116,2024-09-05,2024-09-11,2024-09-14,Spain,Barcelona,4.16
105321,466,2024-09-05,2024-09-15,2024-09-06,United Kingdom,Bristol,31.41
105322,324,2024-09-05,2024-09-08,2024-09-11,Czech Republic,Ostrava,6.74
105323,25,2024-09-05,2024-09-09,2024-09-06,Netherlands,Amsterdam,32.71
105324,5,2024-09-05,2024-09-12,2024-09-09,Poland,Wroclaw,12.1
105325,305,2024-09-06,2024-09-15,,France,Marseille,31.79
105326,182,2024-09-06,2024-09-09,2024-09-07,Canada,Ottawa,25.13
105327,351,2024-09-06,2024-09-15,2024-09-13,Italy,Florence,27.19
105328,165,2024-09-06,2024-09-10,2024-09-10,Netherlands,Eindhoven,13.8
105329,294,2024-09-06,2024-09-12,2024-09-10,Germany,Berlin,14.42
105330,387,2024-09-06,2024-09-16,2024-09-13,Spain,Bilbao,23.71
105331,310,2024-09-06,2024-09-11,2024-09-07,Poland,Lodz,14.03
105332,198,2024-09-06,2024-09-09,,Poland,Gdansk,19.9
105333,77,2024-09-06,2024-09-12,2024-09-09,Spain,Madrid,12.29
105334,250,2024-09-06,2024-09-17,2024-09-09,Czech Republic,Pilsen,28.61
105335,129,2024-09-07,2024-09-15,2024-09-14,Sweden,Stockholm,15.98
105336,114,2024-09-07,2024-09-14,2024-09-13,Spain,Bilbao,15.28
105337,283,2024-09-07,2024-09-17,2024-09-17,Poland,Lodz,8.97
105338,250,2024-09-07,2024-09-16,2024-09-13,Czech Republic,Pilsen,20.85
105339,429,2024-09-07,2024-09-12,2024-09-16,Netherlands,Rotterdam,11.99
105340,394,2024-09-07,2024-09-13,2024-09-09,Canada,Calgary,35.47
105341,231,2024-09-07,2024-09-19,2024-09-16,Sweden,Stockholm,11.5
105342,316,2024-09-07,2024-09-11,2024-09-10,Austria,Graz,37.27
105343,276,2024-09-07,2024-09-12,,Italy,Florence,9.14
105344,286,2024-09-07,2024-09-10,2024-09-14,Spain,Bilbao,17.72
105345,410,2024-09-07,2024-09-12,,Netherlands,Rotterdam,19.29
105346,272,2024-09-07,2024-09-13,2024-09-15,Germany,Munich,15.27
105347,331,2024-09-07,2024-09-19,2024-09-15,Poland,Poznan,23.01
105348,356,2024-09-08,2024-09-11,2024-09-16,Poland,Poznan,53.81
105349,380,2024-09-08,2024-09-21,2024-09-15,Netherlands,Rotterdam,11.6
105350,254,2024-09-08,2024-09-11,2024-09-15,USA,Chicago,15.7
105351,317,2024-09-08,2024-09-18,2024-09-09,Norway,Bergen,22.51
105352,206,2024-09-08,2024-09-21,2024-09-09,Germany,Hamburg,10.33
105353,369,2024-09-09,2024-09-17,2024-09-10,Czech Republic,Brno,21.14
105354,351,2024-09-09,2024-09-20,2024-09-14,Italy,Florence,11.84
105355,105,2024-09-09,2024-09-16,2024-09-14,Czech Republic,Pilsen,21.95
105356,52,2024-09-09,2024-09-16,,Canada,Vancouver,6.04
105357,383,2024-09-09,2024-09-12,2024-09-13,Italy,Rome,7.87
105358,227,2024-09-09,2024-09-14,2024-09-14,Germany,Frankfurt,5.22
105359,477,2024-09-10,2024-09-23,2024-09-19,Germany,Cologne,21.4
105360,175,2024-09-10,2024-09-23,2024-09-15,Austria,Salzburg,18.04
105361,218,2024-09-10,2024-09-23,2024-09-21,Poland,Gdansk,6.23
105362,338,2024-09-10,2024-09-16,2024-09-19,United Kingdom,Liverpool,20.25
105363,15,2024-09-10,2024-09-18,2024-09-20,Spain,Seville,22.76
105364,472,2024-09-10,2024-09-19,,Czech Republic,Brno,15.03
105365,179,2024-09-11,2024-09-23,2024-09-21,USA,Denver,14.35
105366,103,2024-09-11,2024-09-14,2024-09-16,Poland,Gdansk,12.47
105367,365,2024-09-11,2024-09-20,2024-09-17,Sweden,Uppsala,29.03
105368,184,2024-09-11,2024-09-24,,Germany,Berlin,13.13
105369,387,2024-09-11,2024-09-18,2024-09-12,Spain,Bilbao,6.8
105370,184,2024-09-11,2024-09-18,,Germany,Berlin,16.39
105371,452,2024-09-11,2024-09-22,2024-09-14,Italy,Florence,16.05
105372,2,2024-09-11,2024-09-17,2024-09-13,United Kingdom,Bristol,8.38
105373,369,2024-09-11,2024-09-18,2024-09-18,Czech Republic,Brno,30.23
105374,107,2024-09-12,2024-09-15,2024-09-16,Italy,Turin,33.71
105375,336,2024-09-12,2024-09-25,2024-09-19,Poland,Poznan,42.12
105376,475,2024-09-12,2024-09-24,,Poland,Wroclaw,14.91
105377,479,2024-09-12,2024-09-17,2024-09-21,Poland,Wroclaw,10.95
105378,122,2024-09-12,2024-09-18,2024-09-15,Poland,Krakow,8.33
105379,34,2024-09-13,2024-09-21,2024-09-18,Canada,Vancouver,3.58
105380,351,2024-09-13,2024-09-25,2024-09-18,Italy,Florence,33.25
105381,126,2024-09-13,2024-09-25,2024-09-18,Spain,Barcelona,6.06
105382,255,2024-09-13,2024-09-16,2024-09-14,Austria,Graz,17.42
105383,345,2024-09-13,2024-09-18,2024-09-19,Poland,Gdansk,29.34
105384,443,2024-09-13,2024-09-17,2024-09-14,Spain,Bilbao,9.4
105385,166,2024-09-13,2024-09-24,2024-09-18,USA,Seattle,7.23
105386,235,2024-09-13,2024-09-18,2024-09-18,Italy,Turin,21.51
105387,387,2024-09-13,2024-09-26,2024-09-14,Spain,Bilbao,7.75
105388,59,2024-09-13,2024-09-23,2024-09-19,Austria,Salzburg,15.89
105389,135,2024-09-13,2024-09-18,2024-09-16,Netherlands,Amsterdam,17.7
105390,372,2024-09-13,2024-09-22,,United Kingdom,Manchester,18.79
105391,314,2024-09-13,2024-09-25,2024-09-24,Sweden,Gothenburg,10.56
105392,19,2024-09-14,2024-09-26,2024-09-20,USA,Denver,13.27
105393,314,2024-09-14,2024-09-18,2024-09-21,Sweden,Gothenburg,22.46
105394,351,2024-09-14,2024-09-25,2024-09-24,Italy,Florence,13.93
105395,68,2024-09-14,2024-09-23,,USA,Austin,32.94
105396,452,2024-09-14,2024-09-22,2024-09-20,Italy,Florence,15.78
105397,22,2024-09-14,2024-09-26,2024-09-21,USA,New York,16.2
105398,272,2024-09-14,2024-09-24,2024-09-19,Germany,Munich,14.58
105399,85,2024-09-14,2024-09-21,2024-09-23,United Kingdom,London,15.02
105400,426,2024-09-14,2024-09-19,2024-09-24,France,Marseille,19.85
105401,403,2024-09-14,2024-09-26,2024-09-25,Poland,Gdansk,12.48
105402,325,2024-09-14,2024-09-21,2024-09-15,Netherlands,Eindhoven,39.26
105403,282,2024-09-15,2024-09-20,2024-09-18,Germany,Cologne,20.55
105404,387,2024-09-15,2024-09-19,2024-09-19,Spain,Bilbao,17.79
105405,347,2024-09-15,2024-09-20,2024-09-19,Canada,Ottawa,22.2
105406,328,2024-09-15,2024-09-23,2024-09-22,United Kingdom,Liverpool,24.03
105407,319,2024-09-15,2024-09-26,2024-09-17,Italy,Milan,14.86
105408,492,2024-09-15,2024-09-27,2024-09-17,United Kingdom,Leeds,13.98
105409,1,2024-09-15,2024-09-26,2024-09-17,Germany,Frankfurt,28.21
105410,61,2024-09-15,2024-09-21,,Poland,Wroclaw,17.24
105411,240,2024-09-15,2024-09-23,2024-09-20,France,Lyon,77.63
105412,475,2024-09-15,2024-09-19,2024-09-19,Poland,Wroclaw,21.04
105413,99,2024-09-16,2024-09-28,2024-09-18,Canada,Vancouver,10.68
105414,116,2024-09-16,2024-09-29,2024-09-23,Spain,Barcelona,18.57
105415,345,2024-09-16,2024-09-23,2024-09-27,Poland,Gdansk,24.18
105416,30,2024-09-16,2024-09-24,2024-09-17,Germany,Frankfurt,12.08
105417,213,2024-09-16,2024-09-23,2024-09-26,USA,Chicago,9.56
105418,100,2024-09-17,2024-09-28,2024-09-18,Netherlands,Utrecht,34.4
105419,392,2024-09-17,2024-09-25,2024-09-19,United Kingdom,Bristol,9.25
105420,146,2024-09-17,2024-09-25,,Germany,Hamburg,14.88
105421,436,2024-09-17,2024-09-21,2024-09-19,Italy,Florence,11.54
105422,386,2024-09-17,2024-09-23,2024-09-24,France,Marseille,61.55
105423,307,2024-09-17,2024-09-23,,USA,Boston,29.57
105424,115,2024-09-17,2024-09-28,2024-09-19,USA,Denver,20.66
105425,33,2024-09-17,2024-09-21,2024-09-27,USA,Seattle,12.55
105426,119,2024-09-17,2024-09-30,2024-09-18,Italy,Milan,8.58
105427,440,2024-09-18,2024-09-21,2024-09-22,Netherlands,Rotterdam,8.83
105428,250,2024-09-18,2024-09-22,2024-09-23,Czech Republic,Pilsen,22.18
105429,321,2024-09-18,2024-09-30,,France,Paris,37.66
105430,481,2024-09-18,2024-09-30,2024-09-27,Germany,Frankfurt,14.4
105431,30,2024-09-18,2024-09-24,2024-09-20,Germany,Frankfurt,12.02
105432,332,2024-09-18,2024-09-30,2024-09-25,Spain,Madrid,16.21
105433,35,2024-09-18,2024-10-01,2024-09-20,USA,Seattle,20.52
105434,24,2024-09-18,2024-09-25,2024-09-23,Poland,Warsaw,32.24
105435,352,2024-09-18,2024-09-26,2024-09-20,Poland,Krakow,19.19
105436,59,2024-09-19,2024-09-25,2024-09-28,Austria,Salzburg,42.4
105437,414,2024-09-19,2024-09-26,2024-09-20,United Kingdom,Leeds,6.9
105438,60,2024-09-19,2024-10-01,2024-09-21,Netherlands,Eindhoven,11.14
105439,48,2024-09-19,2024-09-22,,USA,Denver,26.65
105440,463,2024-09-19,2024-10-02,2024-09-20,Spain,Madrid,14.96
105441,60,2024-09-19,2024-09-27,2024-09-20,Netherlands,Eindhoven,5.91
105442,80,2024-09-19,2024-10-01,2024-09-30,USA,Austin,9.8
105443,184,2024-09-19,2024-09-30,2024-09-27,Germany,Berlin,8.74
105444,359,2024-09-19,2024-09-26,2024-09-26,France,Paris,21.39
105445,369,2024-09-19,2024-09-27,2024-09-29,Czech Republic,Brno,61.95
105446,107,2024-09-19,2024-09-28,2024-09-26,Italy,Turin,5.34
105447,307,2024-09-19,2024-09-28,2024-09-24,USA,Boston,20.78
105448,480,2024-09-19,2024-09-25,2024-09-22,Poland,Gdansk,24.73
105449,371,2024-09-19,2024-09-29,,France,Paris,7.26
105450,23,2024-09-20,2024-09-23,2024-09-23,USA,Chicago,8.26
105451,371,2024-09-20,2024-09-28,2024-09-23,France,Paris,12.84
105452,114,2024-09-20,2024-09-30,2024-09-30,Spain,Bilbao,12.63
105453,258,2024-09-20,2024-10-02,2024-09-25,Netherlands,Eindhoven,4.96
105454,483,2024-09-20,2024-09-23,2024-10-01,Sweden,Gothenburg,10.11
105455,176,2024-09-20,2024-09-27,,Germany,Cologne,18.89
105456,451,2024-09-20,2024-10-01,2024-09-27,Italy,Naples,11.01
105457,201,2024-09-20,2024-09-30,2024-09-28,United Kingdom,Manchester,15.49
105458,295,2024-09-20,2024-10-01,2024-09-22,USA,Chicago,18.31
105459,497,2024-09-20,2024-09-30,2024-09-24,Germany,Cologne,4.8
105460,345,2024-09-20,2024-09-26,2024-09-28,Poland,Gdansk,15.81
105461,90,2024-09-21,2024-09-25,2024-10-01,Italy,Naples,38.42
105462,97,2024-09-21,2024-09-29,2024-09-28,Poland,Gdansk,28.04
105463,52,2024-09-21,2024-09-27,,Canada,Vancouver,19.28
105464,238,2024-09-21,2024-09-24,2024-09-29,Germany,Hamburg,18.48
105465,371,2024-09-21,2024-10-01,2024-09-23,France,Paris,25.07
105466,26,2024-09-21,2024-09-25,2024-09-25,USA,Chicago,13.28
105467,171,2024-09-22,2024-10-03,2024-10-03,Poland,Gdansk,24.07
105468,295,2024-09-22,2024-09-29,2024-10-01,USA,Chicago,14.94
105469,155,2024-09-22,2024-09-29,2024-09-24,Spain,Madrid,78.69
105470,132,2024-09-22,2024-10-01,2024-09-29,Netherlands,Utrecht,9.48
105471,70,2024-09-23,2024-09-26,2024-10-02,Spain,Madrid,8.21
105472,298,2024-09-23,2024-10-06,2024-09-24,USA,Boston,15.74
105473,283,2024-09-23,2024-09-30,2024-09-24,Poland,Lodz,11.6
105474,259,2024-09-23,2024-09-30,2024-10-01,USA,Boston,50.03
105475,326,2024-09-23,2024-10-02,,Poland,Poznan,37.31
105476,117,2024-09-23,2024-10-04,2024-10-01,France,Nice,12.55
105477,236,2024-09-23,2024-09-27,2024-09-29,Canada,Calgary,9.13
105478,224,2024-09-23,2024-10-02,2024-10-02,Spain,Barcelona,42.5
105479,151,2024-09-23,2024-10-05,2024-09-26,Germany,Hamburg,10.39
105480,311,2024-09-24,2024-10-05,2024-09-27,Germany,Berlin,8.35
105481,487,2024-09-24,2024-09-29,2024-09-28,Poland,Gdansk,23.68
105482,37,2024-09-24,2024-10-07,2024-09-30,Spain,Valencia,32.87
105483,418,2024-09-24,2024-10-06,2024-09-27,United Kingdom,Liverpool,16.52
105484,99,2024-09-24,2024-10-02,2024-09-27,Canada,Vancouver,18.79
105485,326,2024-09-24,2024-10-01,2024-10-04,Poland,Poznan,32.6
105486,206,2024-09-24,2024-10-06,2024-10-03,Germany,Hamburg,13.73
105487,331,2024-09-24,2024-10-06,2024-09-30,Poland,Poznan,7.68
105488,466,2024-09-24,2024-10-07,2024-10-05,United Kingdom,Bristol,6.68
105489,13,2024-09-24,2024-10-06,2024-10-02,Italy,Florence,12.06
105490,397,2024-09-25,2024-10-02,2024-09-28,Poland,Warsaw,9.31
105491,328,2024-09-25,2024-10-04,2024-09-27,United Kingdom,Liverpool,21.15
105492,181,2024-09-25,2024-09-28,2024-09-27,Germany,Munich,9.73
105493,472,2024-09-25,2024-10-07,,Czech Republic,Brno,5.92
105494,403,2024-09-25,2024-10-02,2024-09-27,Poland,Gdansk,7.78
105495,234,2024-09-25,2024-10-02,2024-10-01,United Kingdom,Bristol,14.61
105496,177,2024-09-26,2024-10-01,2024-10-03,Germany,Hamburg,24.52
105497,172,2024-09-26,2024-10-06,2024-10-03,Norway,Trondheim,34.52
105498,309,2024-09-26,2024-10-01,2024-10-06,France,Toulouse,29.91
105499,475,2024-09-26,2024-10-01,2024-10-01,Poland,Wroclaw,9.27
105500,276,2024-09-26,2024-09-30,2024-09-30,Italy,Florence,15.86
105501,295,2024-09-26,2024-10-08,2024-10-06,USA,Chicago,12.17
105502,94,2024-09-26,2024-10-05,2024-10-05,Czech Republic,Brno,10.48
105503,328,2024-09-27,2024-10-08,2024-10-06,United Kingdom,Liverpool,11.31
105504,276,2024-09-27,2024-10-10,2024-10-06,Italy,Florence,28.14
105505,37,2024-09-27,2024-10-01,2024-10-05,Spain,Valencia,24.95
105506,185,2024-09-27,2024-10-01,2024-10-02,Spain,Barcelona,20.28
105507,237,2024-09-27,2024-10-01,2024-10-05,Poland,Krakow,7.34
105508,210,2024-09-27,2024-10-02,2024-09-28,USA,Austin,8.9
105509,239,2024-09-27,2024-10-04,2024-09-30,Canada,Toronto,19.87
105510,306,2024-09-27,2024-10-03,2024-09-28,Czech Republic,Ostrava,11.16
105511,70,2024-09-27,2024-10-01,2024-10-04,Spain,Madrid,30.49
105512,146,2024-09-27,2024-10-02,2024-10-03,Germany,Hamburg,17.73
105513,93,2024-09-27,2024-10-02,2024-10-01,Canada,Vancouver,12.27
105514,120,2024-09-27,2024-10-08,2024-10-02,Netherlands,Utrecht,11.11
105515,352,2024-09-28,2024-10-07,2024-10-08,Poland,Krakow,33.66
105516,399,2024-09-28,2024-10-09,2024-10-04,Poland,Poznan,7.95
105517,99,2024-09-28,2024-10-08,2024-10-01,Canada,Vancouver,23.44
105518,76,2024-09-28,2024-10-07,2024-10-06,Spain,Bilbao,32.24
105519,430,2024-09-28,2024-10-09,,Germany,Hamburg,15.13
105520,91,2024-09-29,2024-10-11,,Poland,Lodz,21.48
105521,103,2024-09-29,2024-10-11,2024-10-09,Poland,Gdansk,19.69
105522,301,2024-09-29,2024-10-07,2024-10-02,France,Paris,25.46
105523,166,2024-09-29,2024-10-04,2024-10-09,USA,Seattle,48.33
105524,206,2024-09-29,2024-10-07,2024-10-06,Germany,Hamburg,7.86
105525,338,2024-09-29,2024-10-02,2024-10-07,United Kingdom,Liverpool,8.94
105526,109,2024-09-29,2024-10-06,2024-10-05,Spain,Bilbao,14.38
105527,419,2024-09-29,2024-10-08,2024-10-05,Germany,Cologne,26.9
105528,475,2024-09-30,2024-10-10,2024-10-11,Poland,Wroclaw,14.24
105529,153,2024-09-30,2024-10-10,2024-10-06,Norway,Bergen,30.2
105530,288,2024-09-30,2024-10-04,,Italy,Florence,6.21
105531,28,2024-09-30,2024-10-11,2024-10-05,USA,Chicago,28.39
105532,341,2024-09-30,2024-10-04,,Italy,Rome,30.0
105533,92,2024-10-01,2024-10-13,2024-10-12,Austria,Vienna,20.62
105534,250,2024-10-01,2024-10-06,2024-10-06,Czech Republic,Pilsen,13.38
105535,276,2024-10-01,2024-10-11,2024-10-08,Italy,Florence,19.21
105536,473,2024-10-01,2024-10-07,2024-10-09,United Kingdom,Leeds,10.48
105537,115,2024-10-01,2024-10-11,2024-10-04,USA,Denver,42.95
105538,452,2024-10-01,2024-10-04,2024-10-02,Italy,Florence,10.48
105539,410,2024-10-01,2024-10-08,2024-10-05,Netherlands,Rotterdam,18.77
105540,22,2024-10-01,2024-10-14,2024-10-10,USA,New York,26.39
105541,391,2024-10-01,2024-10-10,2024-10-05,Germany,Berlin,18.96
105542,289,2024-10-01,2024-10-06,2024-10-07,United Kingdom,Liverpool,11.62
105543,306,2024-10-01,2024-10-14,2024-10-06,Czech Republic,Ostrava,8.75
105544,368,2024-10-02,2024-10-14,2024-10-06,Poland,Gdansk,8.06
105545,475,2024-10-02,2024-10-13,2024-10-07,Poland,Wroclaw,10.59
105546,325,2024-10-02,2024-10-13,2024-10-07,Netherlands,Eindhoven,18.62
105547,129,2024-10-02,2024-10-08,2024-10-12,Sweden,Stockholm,44.37
105548,237,2024-10-02,2024-10-13,2024-10-06,Poland,Krakow,9.85
105549,13,2024-10-02,2024-10-14,2024-10-11,Italy,Florence,7.4
105550,448,2024-10-02,2024-10-10,2024-10-07,Czech Republic,Ostrava,12.45
105551,182,2024-10-02,2024-10-07,2024-10-11,Canada,Ottawa,6.85
105552,390,2024-10-02,2024-10-05,2024-10-09,Czech Republic,Pilsen,21.23
105553,187,2024-10-02,2024-10-10,2024-10-04,Germany,Berlin,10.05
105554,200,2024-10-02,2024-10-11,2024-10-12,Spain,Bilbao,12.41
105555,132,2024-10-02,2024-10-06,2024-10-05,Netherlands,Utrecht,8.26
105556,441,2024-10-02,2024-10-15,2024-10-03,France,Nice,15.35
105557,436,2024-10-02,2024-10-13,2024-10-06,Italy,Florence,19.64
105558,284,2024-10-03,2024-10-06,2024-10-07,United Kingdom,Liverpool,16.97
105559,196,2024-10-03,2024-10-13,2024-10-06,Germany,Hamburg,16.1
105560,201,2024-10-03,2024-10-14,2024-10-04,United Kingdom,Manchester,21.23
105561,49,2024-10-03,2024-10-12,2024-10-05,Canada,Montreal,12.79
105562,500,2024-10-03,2024-10-10,2024-10-05,United Kingdom,Bristol,14.33
105563,83,2024-10-03,2024-10-08,2024-10-12,United Kingdom,Manchester,15.17
105564,276,2024-10-03,2024-10-14,2024-10-10,Italy,Florence,23.28
105565,102,2024-10-03,2024-10-16,2024-10-13,Poland,Poznan,9.6
105566,3,2024-10-03,2024-10-15,2024-10-08,Spain,Bilbao,9.12
105567,24,2024-10-03,2024-10-11,,Poland,Warsaw,8.62
105568,130,2024-10-04,2024-10-13,2024-10-07,Poland,Wroclaw,28.04
105569,140,2024-10-04,2024-10-07,2024-10-06,Germany,Berlin,8.94
105570,371,2024-10-04,2024-10-12,2024-10-13,France,Paris,20.26
105571,394,2024-10-04,2024-10-17,2024-10-10,Canada,Calgary,5.62
105572,223,2024-10-04,2024-10-10,2024-10-08,Germany,Berlin,25.86
105573,427,2024-10-04,2024-10-17,2024-10-09,Spain,Barcelona,10.21
105574,123,2024-10-04,2024-10-08,2024-10-11,Sweden,Uppsala,18.31
105575,101,2024-10-04,2024-10-08,2024-10-12,Poland,Lodz,11.28
105576,436,2024-10-04,2024-10-14,,Italy,Florence,4.85
105577,164,2024-10-04,2024-10-11,2024-10-05,Netherlands,Eindhoven,7.23
105578,114,2024-10-04,2024-10-08,2024-10-09,Spain,Bilbao,19.53
105579,224,2024-10-05,2024-10-10,2024-10-07,Spain,Barcelona,20.14
105580,140,2024-10-05,2024-10-15,2024-10-16,Germany,Berlin,15.66
105581,383,2024-10-05,2024-10-16,2024-10-15,Italy,Rome,14.93
105582,26,2024-10-05,2024-10-11,2024-10-06,USA,Chicago,10.25
105583,318,2024-10-05,2024-10-18,2024-10-08,Poland,Warsaw,12.05
105584,285,2024-10-05,2024-10-17,2024-10-13,Austria,Linz,26.61
105585,253,2024-10-05,2024-10-14,2024-10-10,Germany,Hamburg,20.13
105586,209,2024-10-05,2024-10-17,2024-10-11,United Kingdom,Manchester,23.06
105587,359,2024-10-05,2024-10-08,,France,Paris,11.32
105588,144,2024-10-05,2024-10-16,2024-10-15,Spain,Barcelona,26.0
105589,495,2024-10-05,2024-10-09,2024-10-07,Germany,Frankfurt,29.19
105590,90,2024-10-05,2024-10-10,,Italy,Naples,16.16
105591,100,2024-10-05,2024-10-17,2024-10-06,Netherlands,Utrecht,10.73
105592,357,2024-10-06,2024-10-18,2024-10-14,Italy,Turin,4.86
105593,430,2024-10-06,2024-10-09,,Germany,Hamburg,23.31
105594,182,2024-10-06,2024-10-13,2024-10-10,Canada,Ottawa,11.01
105595,382,2024-10-06,2024-10-19,2024-10-15,Sweden,Stockholm,7.41
105596,115,2024-10-06,2024-10-10,2024-10-17,USA,Denver,16.79
105597,307,2024-10-06,2024-10-14,2024-10-11,USA,Boston,11.39
105598,105,2024-10-06,2024-10-14,,Czech Republic,Pilsen,21.07
105599,313,2024-10-06,2024-10-14,2024-10-12,Czech Republic,Ostrava,9.03
105600,123,2024-10-06,2024-10-19,2024-10-09,Sweden,Uppsala,29.16
105601,238,2024-10-06,2024-10-10,2024-10-08,Germany,Hamburg,17.87
105602,443,2024-10-06,2024-10-19,2024-10-17,Spain,Bilbao,16.0
105603,162,2024-10-06,2024-10-11,2024-10-12,Poland,Lodz,24.15
105604,338,2024-10-06,2024-10-13,2024-10-15,United Kingdom,Liverpool,11.92
105605,165,2024-10-06,2024-10-09,2024-10-13,Netherlands,Eindhoven,12.07
105606,146,2024-10-07,2024-10-14,,Germany,Hamburg,8.05
105607,208,2024-10-07,2024-10-11,2024-10-14,Norway,Trondheim,18.24
105608,295,2024-10-07,2024-10-14,2024-10-10,USA,Chicago,15.93
105609,244,2024-10-07,2024-10-11,2024-10-15,Germany,Frankfurt,5.06
105610,26,2024-10-07,2024-10-17,2024-10-16,USA,Chicago,6.49
105611,436,2024-10-07,2024-10-12,2024-10-14,Italy,Florence,45.76
105612,325,2024-10-07,2024-10-18,2024-10-08,Netherlands,Eindhoven,18.99
105613,59,2024-10-07,2024-10-17,2024-10-09,Austria,Salzburg,24.03
105614,205,2024-10-07,2024-10-19,2024-10-12,Poland,Wroclaw,30.55
105615,351,2024-10-07,2024-10-13,2024-10-10,Italy,Florence,18.83
105616,451,2024-10-07,2024-10-11,2024-10-13,Italy,Naples,5.8
105617,170,2024-10-07,2024-10-10,2024-10-12,Netherlands,Utrecht,10.53
105618,42,2024-10-07,2024-10-12,2024-10-14,Poland,Lodz,9.24
105619,394,2024-10-08,2024-10-11,2024-10-14,Canada,Calgary,18.76
105620,50,2024-10-08,2024-10-21,2024-10-15,Poland,Wroclaw,11.83
105621,32,2024-10-08,2024-10-16,2024-10-09,United Kingdom,Manchester,11.94
105622,425,2024-10-08,2024-10-15,2024-10-19,Czech Republic,Prague,43.3
105623,212,2024-10-08,2024-10-14,2024-10-11,France,Paris,5.94
105624,498,2024-10-08,2024-10-12,2024-10-11,France,Nice,23.3
105625,55,2024-10-09,2024-10-18,2024-10-18,USA,Seattle,10.68
105626,115,2024-10-09,2024-10-15,2024-10-11,USA,Denver,24.71
105627,280,2024-10-09,2024-10-16,2024-10-17,United Kingdom,Liverpool,5.86
105628,167,2024-10-09,2024-10-12,2024-10-14,USA,Chicago,6.55
105629,413,2024-10-09,2024-10-14,2024-10-11,Germany,Hamburg,17.11
105630,183,2024-10-09,2024-10-14,,Austria,Salzburg,10.46
105631,201,2024-10-09,2024-10-21,2024-10-10,United Kingdom,Manchester,17.34
105632,287,2024-10-09,2024-10-21,2024-10-11,France,Nice,14.67
105633,45,2024-10-09,2024-10-21,2024-10-18,Netherlands,Rotterdam,19.58
105634,369,2024-10-09,2024-10-14,2024-10-17,Czech Republic,Brno,11.51
105635,315,2024-10-09,2024-10-18,2024-10-16,Canada,Ottawa,5.85
105636,85,2024-10-09,2024-10-21,2024-10-15,United Kingdom,London,31.05
105637,423,2024-10-09,2024-10-13,2024-10-16,Spain,Barcelona,37.21
105638,473,2024-10-10,2024-10-20,2024-10-11,United Kingdom,Leeds,8.1
105639,236,2024-10-10,2024-10-13,2024-10-11,Canada,Calgary,14.93
105640,487,2024-10-10,2024-10-13,2024-10-21,Poland,Gdansk,21.75
105641,73,2024-10-10,2024-10-21,2024-10-12,USA,Denver,38.26
105642,23,2024-10-10,2024-10-20,,USA,Chicago,42.64
105643,83,2024-10-10,2024-10-18,2024-10-12,United Kingdom,Manchester,24.64
105644,251,2024-10-10,2024-10-15,2024-10-12,United Kingdom,Bristol,14.08
105645,375,2024-10-10,2024-10-17,2024-10-11,Germany,Hamburg,14.96
105646,468,2024-10-11,2024-10-15,2024-10-13,France,Nice,9.44
105647,442,2024-10-11,2024-10-17,2024-10-19,USA,Denver,32.41
105648,282,2024-10-11,2024-10-19,2024-10-16,Germany,Cologne,13.19
105649,14,2024-10-11,2024-10-14,2024-10-13,Netherlands,Eindhoven,29.37
105650,99,2024-10-11,2024-10-15,2024-10-22,Canada,Vancouver,9.89
105651,206,2024-10-11,2024-10-15,2024-10-15,Germany,Hamburg,23.7
105652,424,2024-10-11,2024-10-18,2024-10-18,United Kingdom,Bristol,25.32
105653,159,2024-10-11,2024-10-14,2024-10-21,United Kingdom,Liverpool,25.31
105654,422,2024-10-11,2024-10-18,2024-10-20,Spain,Seville,34.74
105655,398,2024-10-11,2024-10-21,2024-10-21,Poland,Wroclaw,5.36
105656,131,2024-10-11,2024-10-24,2024-10-14,Spain,Seville,18.8
105657,198,2024-10-11,2024-10-19,2024-10-18,Poland,Gdansk,59.02
105658,99,2024-10-11,2024-10-17,2024-10-17,Canada,Vancouver,17.21
105659,197,2024-10-12,2024-10-23,2024-10-18,Germany,Munich,21.87
105660,204,2024-10-12,2024-10-18,2024-10-20,Poland,Gdansk,28.32
105661,49,2024-10-12,2024-10-19,2024-10-17,Canada,Montreal,13.91
105662,34,2024-10-12,2024-10-24,2024-10-15,Canada,Vancouver,6.27
105663,208,2024-10-12,2024-10-25,2024-10-21,Norway,Trondheim,11.98
105664,487,2024-10-12,2024-10-15,2024-10-20,Poland,Gdansk,7.06
105665,371,2024-10-12,2024-10-20,2024-10-14,France,Paris,15.21
105666,280,2024-10-12,2024-10-20,2024-10-22,United Kingdom,Liverpool,6.37
105667,90,2024-10-13,2024-10-23,2024-10-20,Italy,Naples,11.66
105668,387,2024-10-13,2024-10-22,2024-10-18,Spain,Bilbao,19.22
105669,217,2024-10-13,2024-10-25,2024-10-19,Germany,Munich,41.66
105670,167,2024-10-13,2024-10-26,2024-10-24,USA,Chicago,9.09
105671,384,2024-10-13,2024-10-22,2024-10-19,Norway,Oslo,27.29
105672,334,2024-10-13,2024-10-25,2024-10-20,USA,New York,16.95
105673,260,2024-10-13,2024-10-22,2024-10-23,Norway,Oslo,11.86
105674,48,2024-10-13,2024-10-22,2024-10-18,USA,Denver,17.77
105675,416,2024-10-13,2024-10-21,2024-10-19,Germany,Hamburg,14.94
105676,500,2024-10-13,2024-10-16,2024-10-20,United Kingdom,Bristol,17.85
105677,324,2024-10-13,2024-10-18,2024-10-23,Czech Republic,Ostrava,17.98
105678,331,2024-10-14,2024-10-21,2024-10-21,Poland,Poznan,20.71
105679,192,2024-10-14,2024-10-23,2024-10-21,Poland,Gdansk,13.73
105680,268,2024-10-14,2024-10-17,2024-10-20,Netherlands,Rotterdam,6.38
105681,356,2024-10-14,2024-10-18,2024-10-21,Poland,Poznan,17.44
105682,320,2024-10-14,2024-10-22,2024-10-19,Italy,Florence,21.22
105683,432,2024-10-14,2024-10-26,2024-10-20,Poland,Wroclaw,48.04
105684,309,2024-10-14,2024-10-25,2024-10-15,France,Toulouse,13.78
105685,480,2024-10-14,2024-10-22,,Poland,Gdansk,22.27
105686,381,2024-10-14,2024-10-27,2024-10-24,Sweden,Malmo,25.02
105687,249,2024-10-14,2024-10-24,2024-10-20,Poland,Lodz,17.25
105688,369,2024-10-14,2024-10-21,2024-10-19,Czech Republic,Brno,16.29
105689,30,2024-10-14,2024-10-23,2024-10-25,Germany,Frankfurt,26.59
105690,369,2024-10-15,2024-10-19,2024-10-17,Czech Republic,Brno,17.86
105691,307,2024-10-15,2024-10-21,2024-10-25,USA,Boston,10.55
105692,114,2024-10-15,2024-10-23,2024-10-25,Spain,Bilbao,22.77
105693,218,2024-10-15,2024-10-19,2024-10-17,Poland,Gdansk,22.28
105694,363,2024-10-15,2024-10-24,2024-10-22,United Kingdom,Manchester,11.47
105695,315,2024-10-15,2024-10-18,,Canada,Ottawa,22.46
105696,177,2024-10-16,2024-10-24,2024-10-18,Germany,Hamburg,33.4
105697,309,2024-10-16,2024-10-25,2024-10-20,France,Toulouse,11.85
105698,132,2024-10-16,2024-10-25,2024-10-20,Netherlands,Utrecht,9.3
105699,166,2024-10-16,2024-10-20,2024-10-23,USA,Seattle,6.17
105700,212,2024-10-16,2024-10-29,2024-10-24,France,Paris,10.74
105701,59,2024-10-16,2024-10-27,2024-10-19,Austria,Salzburg,14.23
105702,205,2024-10-16,2024-10-20,,Poland,Wroclaw,8.42
105703,465,2024-10-16,2024-10-24,2024-10-24,France,Paris,19.67
105704,241,2024-10-16,2024-10-20,2024-10-20,USA,New York,11.0
105705,238,2024-10-17,2024-10-25,2024-10-25,Germany,Hamburg,19.93
105706,286,2024-10-17,2024-10-26,,Spain,Bilbao,6.18
105707,223,2024-10-17,2024-10-23,2024-10-23,Germany,Berlin,12.59
105708,420,2024-10-17,2024-10-21,2024-10-28,Poland,Krakow,10.81
105709,19,2024-10-17,2024-10-23,2024-10-25,USA,Denver,12.95
105710,109,2024-10-17,2024-10-28,,Spain,Bilbao,14.48
105711,186,2024-10-17,2024-10-28,2024-10-27,Netherlands,Eindhoven,41.07
105712,55,2024-10-17,2024-10-22,2024-10-27,USA,Seattle,10.19
105713,87,2024-10-17,2024-10-30,2024-10-23,Austria,Graz,26.93
105714,447,2024-10-17,2024-10-29,2024-10-19,United Kingdom,Bristol,9.17
105715,307,2024-10-17,2024-10-29,2024-10-21,USA,Boston,15.82
105716,166,2024-10-17,2024-10-28,2024-10-22,USA,Seattle,8.2
105717,27,2024-10-17,2024-10-23,2024-10-23,Poland,Krakow,29.74
105718,410,2024-10-17,2024-10-23,2024-10-27,Netherlands,Rotterdam,17.76
105719,484,2024-10-17,2024-10-25,2024-10-24,Czech Republic,Brno,23.84
105720,18,2024-10-18,2024-10-24,2024-10-26,Sweden,Malmo,28.38
105721,116,2024-10-18,2024-10-24,2024-10-23,Spain,Barcelona,8.16
105722,258,2024-10-18,2024-10-31,2024-10-23,Netherlands,Eindhoven,35.47
105723,81,2024-10-18,2024-10-31,2024-10-24,Germany,Munich,21.06
105724,326,2024-10-18,2024-10-22,2024-10-21,Poland,Poznan,8.38
105725,167,2024-10-18,2024-10-25,2024-10-19,USA,Chicago,36.66
105726,392,2024-10-18,2024-10-23,2024-10-20,United Kingdom,Bristol,25.02
105727,185,2024-10-18,2024-10-24,2024-10-28,Spain,Barcelona,33.57
105728,251,2024-10-18,2024-10-28,2024-10-20,United Kingdom,Bristol,6.27
105729,183,2024-10-18,2024-10-22,,Austria,Salzburg,7.49
105730,94,2024-10-18,2024-10-25,2024-10-28,Czech Republic,Brno,28.83
105731,255,2024-10-18,2024-10-31,,Austria,Graz,7.11
105732,6,2024-10-18,2024-10-23,2024-10-29,Poland,Gdansk,41.03
105733,60,2024-10-18,2024-10-28,2024-10-20,Netherlands,Eindhoven,10.22
105734,391,2024-10-18,2024-10-25,,Germany,Berlin,21.05
105735,94,2024-10-18,2024-10-27,2024-10-20,Czech Republic,Brno,28.69
105736,22,2024-10-18,2024-10-21,2024-10-19,USA,New York,10.56
105737,325,2024-10-19,2024-10-24,2024-10-25,Netherlands,Eindhoven,7.33
105738,424,2024-10-19,2024-10-22,2024-10-22,United Kingdom,Bristol,9.43
105739,22,2024-10-19,2024-10-25,,USA,New York,14.01
105740,55,2024-10-19,2024-10-27,2024-10-29,USA,Seattle,20.64
105741,319,2024-10-19,2024-10-23,2024-10-27,Italy,Milan,12.12
105742,472,2024-10-19,2024-10-26,,Czech Republic,Brno,3.88
105743,142,2024-10-19,2024-10-31,2024-10-30,Czech Republic,Brno,6.75
105744,119,2024-10-19,2024-10-30,2024-10-23,Italy,Milan,5.46
105745,230,2024-10-19,2024-10-24,2024-10-25,Sweden,Malmo,27.45
105746,165,2024-10-19,2024-10-29,2024-10-29,Netherlands,Eindhoven,3.11
105747,166,2024-10-20,2024-10-27,2024-10-22,USA,Seattle,12.03
105748,371,2024-10-20,2024-10-24,2024-10-22,France,Paris,12.66
105749,97,2024-10-20,2024-10-24,2024-10-26,Poland,Gdansk,25.55
105750,409,2024-10-20,2024-10-23,2024-10-31,USA,Austin,10.17
105751,174,2024-10-20,2024-10-28,2024-10-25,United Kingdom,Bristol,6.44
105752,460,2024-10-20,2024-10-28,2024-10-31,USA,Denver,20.67
105753,142,2024-10-20,2024-10-29,2024-10-23,Czech Republic,Brno,21.61
105754,498,2024-10-20,2024-10-23,2024-10-27,France,Nice,16.59
105755,470,2024-10-20,2024-10-25,2024-10-27,USA,Chicago,9.41
105756,227,2024-10-20,2024-10-31,2024-10-25,Germany,Frankfurt,6.15
105757,58,2024-10-21,2024-11-02,2024-10-28,Czech Republic,Ostrava,36.72
105758,487,2024-10-21,2024-11-01,2024-10-31,Poland,Gdansk,21.99
105759,148,2024-10-21,2024-10-29,2024-10-25,Germany,Berlin,13.19
105760,360,2024-10-21,2024-10-25,2024-10-24,United Kingdom,Bristol,48.32
105761,467,2024-10-21,2024-10-31,2024-10-24,Poland,Warsaw,4.79
105762,92,2024-10-21,2024-10-24,2024-10-25,Austria,Vienna,14.58
105763,172,2024-10-21,2024-11-01,2024-10-26,Norway,Trondheim,12.74
105764,383,2024-10-21,2024-10-29,2024-10-28,Italy,Rome,9.71
105765,206,2024-10-21,2024-10-30,2024-11-01,Germany,Hamburg,11.12
105766,217,2024-10-21,2024-11-01,2024-10-30,Germany,Munich,24.85
105767,254,2024-10-21,2024-10-24,,USA,Chicago,7.33
105768,166,2024-10-21,2024-11-01,2024-10-29,USA,Seattle,8.26
105769,406,2024-10-22,2024-10-29,2024-10-25,United Kingdom,Liverpool,10.86
105770,84,2024-10-22,2024-10-26,2024-11-01,USA,Seattle,15.57
105771,361,2024-10-22,2024-10-30,2024-10-27,United Kingdom,Leeds,20.16
105772,348,2024-10-22,2024-11-02,2024-10-28,United Kingdom,Manchester,17.45
105773,51,2024-10-22,2024-11-02,,Austria,Graz,12.58
105774,176,2024-10-22,2024-10-29,2024-10-28,Germany,Cologne,31.75
105775,100,2024-10-22,2024-10-27,2024-10-25,Netherlands,Utrecht,19.82
105776,242,2024-10-22,2024-11-02,2024-10-24,Norway,Oslo,54.9
105777,113,2024-10-23,2024-11-03,2024-10-28,Germany,Frankfurt,19.6
105778,164,2024-10-23,2024-10-31,2024-10-25,Netherlands,Eindhoven,12.89
105779,444,2024-10-23,2024-11-01,2024-10-29,Netherlands,Rotterdam,15.01
105780,19,2024-10-23,2024-10-31,2024-11-03,USA,Denver,7.68
105781,390,2024-10-23,2024-10-26,2024-11-03,Czech Republic,Pilsen,17.18
105782,19,2024-10-23,2024-11-02,2024-11-01,USA,Denver,7.87
105783,369,2024-10-23,2024-10-26,2024-10-26,Czech Republic,Brno,23.5
105784,22,2024-10-23,2024-11-01,2024-10-30,USA,New York,26.95
105785,132,2024-10-23,2024-11-05,2024-10-31,Netherlands,Utrecht,14.86
105786,425,2024-10-23,2024-10-27,2024-10-28,Czech Republic,Prague,11.39
105787,99,2024-10-23,2024-10-28,2024-10-26,Canada,Vancouver,15.05
105788,135,2024-10-23,2024-11-04,2024-10-27,Netherlands,Amsterdam,20.23
105789,475,2024-10-24,2024-10-27,2024-10-25,Poland,Wroclaw,23.17
105790,89,2024-10-24,2024-11-01,2024-10-31,Italy,Florence,28.97
105791,30,2024-10-24,2024-10-31,2024-10-31,Germany,Frankfurt,27.88
105792,351,2024-10-24,2024-11-06,2024-11-03,Italy,Florence,20.34
105793,153,2024-10-24,2024-10-30,2024-10-26,Norway,Bergen,7.85
105794,146,2024-10-24,2024-10-29,2024-11-04,Germany,Hamburg,24.41
105795,391,2024-10-24,2024-11-02,2024-10-31,Germany,Berlin,14.42
105796,105,2024-10-24,2024-10-29,2024-10-28,Czech Republic,Pilsen,9.13
105797,309,2024-10-24,2024-10-30,2024-10-29,France,Toulouse,16.08
105798,237,2024-10-24,2024-11-01,2024-10-26,Poland,Krakow,14.5
105799,317,2024-10-25,2024-10-30,2024-10-29,Norway,Bergen,34.78
105800,356,2024-10-25,2024-11-01,2024-10-31,Poland,Poznan,9.51
105801,319,2024-10-25,2024-10-30,2024-10-26,Italy,Milan,6.12
105802,405,2024-10-25,2024-10-29,2024-11-04,Netherlands,Amsterdam,6.58
105803,123,2024-10-25,2024-11-06,2024-10-26,Sweden,Uppsala,24.31
105804,498,2024-10-25,2024-11-06,2024-11-05,France,Nice,8.92
105805,314,2024-10-25,2024-11-07,2024-11-05,Sweden,Gothenburg,31.11
105806,307,2024-10-25,2024-11-01,2024-10-26,USA,Boston,21.35
105807,326,2024-10-25,2024-10-30,2024-10-29,Poland,Poznan,13.38
105808,318,2024-10-25,2024-11-05,2024-10-26,Poland,Warsaw,15.21
105809,114,2024-10-25,2024-11-06,,Spain,Bilbao,9.05
105810,256,2024-10-25,2024-11-03,2024-10-28,USA,Chicago,20.59
105811,145,2024-10-25,2024-10-29,2024-11-02,Poland,Lodz,17.34
105812,99,2024-10-25,2024-10-29,2024-10-30,Canada,Vancouver,29.24
105813,99,2024-10-25,2024-10-28,2024-10-31,Canada,Vancouver,16.79
105814,99,2024-10-25,2024-10-31,2024-10-26,Canada,Vancouver,23.69
105815,166,2024-10-26,2024-11-01,2024-11-03,USA,Seattle,16.73
105816,87,2024-10-26,2024-11-07,2024-10-30,Austria,Graz,38.43
105817,235,2024-10-26,2024-10-30,2024-10-29,Italy,Turin,17.13
105818,307,2024-10-26,2024-10-29,2024-10-27,USA,Boston,9.9
105819,60,2024-10-26,2024-11-01,2024-11-04,Netherlands,Eindhoven,7.77
105820,251,2024-10-26,2024-10-31,,United Kingdom,Bristol,13.73
105821,146,2024-10-26,2024-11-07,,Germany,Hamburg,7.69
105822,272,2024-10-26,2024-10-29,2024-10-28,Germany,Munich,13.97
105823,37,2024-10-26,2024-10-30,2024-10-31,Spain,Valencia,4.13
105824,325,2024-10-26,2024-11-04,2024-10-30,Netherlands,Eindhoven,12.77
105825,59,2024-10-26,2024-11-03,2024-10-30,Austria,Salzburg,8.97
105826,162,2024-10-26,2024-11-02,2024-10-31,Poland,Lodz,13.43
105827,355,2024-10-26,2024-11-06,2024-11-05,Germany,Hamburg,21.78
105828,373,2024-10-26,2024-11-04,2024-10-27,United Kingdom,Bristol,5.66
105829,115,2024-10-26,2024-11-06,,USA,Denver,13.89
105830,291,2024-10-26,2024-11-08,2024-10-31,United Kingdom,Bristol,11.21
105831,371,2024-10-26,2024-11-02,2024-11-01,France,Paris,17.12
105832,140,2024-10-27,2024-11-09,2024-10-29,Germany,Berlin,20.16
105833,142,2024-10-27,2024-11-06,2024-11-03,Czech Republic,Brno,22.75
105834,182,2024-10-27,2024-11-08,2024-11-03,Canada,Ottawa,14.51
105835,61,2024-10-27,2024-11-08,2024-11-05,Poland,Wroclaw,22.61
105836,484,2024-10-27,2024-10-31,2024-10-30,Czech Republic,Brno,8.51
105837,255,2024-10-27,2024-11-04,2024-10-30,Austria,Graz,19.75
105838,369,2024-10-27,2024-11-06,2024-10-31,Czech Republic,Brno,18.84
105839,411,2024-10-27,2024-11-01,2024-10-29,France,Lyon,27.95
105840,385,2024-10-27,2024-10-31,2024-10-30,Poland,Poznan,12.88
105841,252,2024-10-28,2024-11-09,2024-11-07,Netherlands,Amsterdam,27.03
105842,451,2024-10-28,2024-11-09,2024-11-08,Italy,Naples,26.26
105843,295,2024-10-28,2024-11-05,2024-10-31,USA,Chicago,11.45
105844,385,2024-10-28,2024-11-10,2024-11-06,Poland,Poznan,6.54
105845,307,2024-10-28,2024-11-05,2024-11-05,USA,Boston,9.41
105846,351,2024-10-28,2024-11-09,2024-11-01,Italy,Florence,28.25
105847,341,2024-10-28,2024-11-09,2024-11-08,Italy,Rome,9.68
105848,405,2024-10-28,2024-11-06,2024-11-05,Netherlands,Amsterdam,22.58
105849,351,2024-10-28,2024-11-06,2024-11-04,Italy,Florence,8.55
105850,255,2024-10-29,2024-11-04,2024-10-31,Austria,Graz,14.27
105851,140,2024-10-29,2024-11-07,2024-11-03,Germany,Berlin,31.06
105852,226,2024-10-29,2024-11-10,2024-11-03,France,Nice,4.55
105853,436,2024-10-29,2024-11-04,2024-11-03,Italy,Florence,7.32
105854,85,2024-10-29,2024-11-07,2024-10-31,United Kingdom,London,27.94
105855,355,2024-10-29,2024-11-02,2024-11-04,Germany,Hamburg,22.05
105856,453,2024-10-29,2024-11-03,2024-11-04,United Kingdom,Manchester,6.17
105857,307,2024-10-29,2024-11-10,2024-11-06,USA,Boston,41.24
105858,64,2024-10-29,2024-11-06,2024-11-01,Poland,Wroclaw,31.43
105859,356,2024-10-29,2024-11-06,2024-11-07,Poland,Poznan,21.02
105860,252,2024-10-29,2024-11-08,2024-11-09,Netherlands,Amsterdam,12.14
105861,200,2024-10-30,2024-11-07,,Spain,Bilbao,10.77
105862,207,2024-10-30,2024-11-08,2024-11-04,USA,Chicago,37.47
105863,121,2024-10-30,2024-11-12,2024-11-06,Austria,Vienna,10.53
105864,83,2024-10-30,2024-11-02,2024-11-10,United Kingdom,Manchester,59.49
105865,204,2024-10-31,2024-11-08,2024-11-09,Poland,Gdansk,17.79
105866,219,2024-10-31,2024-11-03,2024-11-10,Netherlands,Amsterdam,14.42
105867,461,2024-10-31,2024-11-05,2024-11-07,Italy,Turin,18.39
105868,115,2024-10-31,2024-11-06,2024-11-02,USA,Denver,37.09
105869,258,2024-10-31,2024-11-13,2024-11-01,Netherlands,Eindhoven,46.96
105870,366,2024-10-31,2024-11-09,2024-11-09,Spain,Valencia,10.14
105871,224,2024-10-31,2024-11-13,2024-11-06,Spain,Barcelona,39.52
105872,282,2024-10-31,2024-11-13,2024-11-09,Germany,Cologne,11.75
105873,231,2024-10-31,2024-11-10,2024-11-06,Sweden,Stockholm,22.84
105874,333,2024-10-31,2024-11-05,,United Kingdom,London,53.02
105875,338,2024-10-31,2024-11-03,2024-11-03,United Kingdom,Liverpool,27.6
105876,162,2024-10-31,2024-11-08,,Poland,Lodz,13.74
105877,475,2024-10-31,2024-11-11,2024-11-01,Poland,Wroclaw,27.18
105878,331,2024-11-01,2024-11-12,2024-11-04,Poland,Poznan,21.11
105879,497,2024-11-01,2024-11-09,2024-11-09,Germany,Cologne,20.1
105880,79,2024-11-01,2024-11-05,2024-11-02,Italy,Naples,21.16
105881,164,2024-11-01,2024-11-12,2024-11-02,Netherlands,Eindhoven,19.26
105882,118,2024-11-01,2024-11-11,2024-11-08,Germany,Frankfurt,10.34
105883,34,2024-11-01,2024-11-12,2024-11-10,Canada,Vancouver,15.19
105884,472,2024-11-01,2024-11-11,2024-11-10,Czech Republic,Brno,6.43
105885,253,2024-11-01,2024-11-05,2024-11-03,Germany,Hamburg,8.28
105886,163,2024-11-01,2024-11-09,2024-11-06,Spain,Madrid,33.94
105887,212,2024-11-01,2024-11-14,2024-11-06,France,Paris,7.98
105888,23,2024-11-01,2024-11-12,2024-11-12,USA,Chicago,18.11
105889,411,2024-11-01,2024-11-06,2024-11-04,France,Lyon,11.7
105890,369,2024-11-02,2024-11-12,2024-11-09,Czech Republic,Brno,5.56
105891,475,2024-11-02,2024-11-12,2024-11-12,Poland,Wroclaw,33.1
105892,258,2024-11-02,2024-11-09,2024-11-03,Netherlands,Eindhoven,26.07
105893,138,2024-11-02,2024-11-08,2024-11-11,Italy,Florence,10.81
105894,391,2024-11-02,2024-11-08,2024-11-05,Germany,Berlin,26.45
105895,13,2024-11-02,2024-11-07,2024-11-06,Italy,Florence,19.63
105896,122,2024-11-02,2024-11-07,2024-11-10,Poland,Krakow,20.05
105897,78,2024-11-03,2024-11-14,2024-11-05,United Kingdom,London,8.2
105898,472,2024-11-03,2024-11-16,2024-11-06,Czech Republic,Brno,20.16
105899,171,2024-11-03,2024-11-13,2024-11-08,Poland,Gdansk,28.34
105900,263,2024-11-03,2024-11-13,2024-11-10,Germany,Cologne,7.7
105901,426,2024-11-03,2024-11-12,2024-11-07,France,Marseille,50.02
105902,308,2024-11-03,2024-11-15,2024-11-13,Canada,Toronto,18.37
105903,443,2024-11-03,2024-11-09,2024-11-04,Spain,Bilbao,27.4
105904,319,2024-11-03,2024-11-13,2024-11-05,Italy,Milan,22.86
105905,429,2024-11-03,2024-11-16,2024-11-04,Netherlands,Rotterdam,8.33
105906,183,2024-11-03,2024-11-16,2024-11-08,Austria,Salzburg,9.1
105907,452,2024-11-03,2024-11-06,2024-11-04,Italy,Florence,8.23
105908,306,2024-11-04,2024-11-07,2024-11-08,Czech Republic,Ostrava,15.73
105909,34,2024-11-04,2024-11-12,2024-11-14,Canada,Vancouver,23.71
105910,133,2024-11-04,2024-11-07,2024-11-09,United Kingdom,Liverpool,18.34
105911,380,2024-11-04,2024-11-14,2024-11-15,Netherlands,Rotterdam,17.85
105912,159,2024-11-04,2024-11-15,2024-11-07,United Kingdom,Liverpool,27.68
105913,363,2024-11-04,2024-11-08,2024-11-10,United Kingdom,Manchester,7.24
105914,69,2024-11-04,2024-11-09,2024-11-14,United Kingdom,Bristol,38.02
105915,356,2024-11-04,2024-11-16,2024-11-12,Poland,Poznan,8.46
105916,54,2024-11-04,2024-11-16,2024-11-15,France,Marseille,18.57
105917,331,2024-11-04,2024-11-15,2024-11-09,Poland,Poznan,6.46
105918,44,2024-11-04,2024-11-09,2024-11-14,Spain,Madrid,10.65
105919,59,2024-11-04,2024-11-11,2024-11-07,Austria,Salzburg,24.87
105920,111,2024-11-05,2024-11-08,2024-11-11,Spain,Bilbao,7.31
105921,304,2024-11-05,2024-11-18,2024-11-14,USA,Austin,23.95
105922,430,2024-11-05,2024-11-13,2024-11-11,Germany,Hamburg,29.89
105923,423,2024-11-05,2024-11-08,2024-11-08,Spain,Barcelona,18.21
105924,455,2024-11-05,2024-11-11,2024-11-16,USA,Austin,17.88
105925,279,2024-11-05,2024-11-15,2024-11-09,Austria,Salzburg,10.43
105926,171,2024-11-05,2024-11-17,2024-11-14,Poland,Gdansk,25.0
105927,365,2024-11-05,2024-11-09,2024-11-08,Sweden,Uppsala,12.49
105928,320,2024-11-05,2024-11-13,2024-11-09,Italy,Florence,30.63
105929,260,2024-11-06,2024-11-16,2024-11-12,Norway,Oslo,8.91
105930,93,2024-11-06,2024-11-15,2024-11-11,Canada,Vancouver,33.95
105931,212,2024-11-06,2024-11-16,2024-11-12,France,Paris,13.44
105932,481,2024-11-06,2024-11-12,,Germany,Frankfurt,37.95
105933,22,2024-11-06,2024-11-17,2024-11-16,USA,New York,22.56
105934,479,2024-11-06,2024-11-15,2024-11-12,Poland,Wroclaw,16.61
105935,37,2024-11-06,2024-11-10,2024-11-14,Spain,Valencia,9.51
105936,176,2024-11-06,2024-11-18,2024-11-07,Germany,Cologne,10.12
105937,127,2024-11-06,2024-11-10,2024-11-15,France,Paris,14.12
105938,208,2024-11-06,2024-11-17,,Norway,Trondheim,17.27
105939,80,2024-11-07,2024-11-14,2024-11-18,USA,Austin,26.77
105940,436,2024-11-07,2024-11-13,2024-11-15,Italy,Florence,15.36
105941,451,2024-11-07,2024-11-17,2024-11-11,Italy,Naples,26.27
105942,307,2024-11-07,2024-11-17,2024-11-14,USA,Boston,11.26
105943,204,2024-11-07,2024-11-11,2024-11-08,Poland,Gdansk,21.13
105944,206,2024-11-07,2024-11-12,2024-11-14,Germany,Hamburg,28.53
105945,165,2024-11-07,2024-11-13,,Netherlands,Eindhoven,17.7
105946,22,2024-11-07,2024-11-20,2024-11-10,USA,New York,20.81
105947,399,2024-11-07,2024-11-16,2024-11-16,Poland,Poznan,23.84
105948,453,2024-11-07,2024-11-20,2024-11-14,United Kingdom,Manchester,13.41
105949,59,2024-11-07,2024-11-14,2024-11-18,Austria,Salzburg,10.91
105950,205,2024-11-07,2024-11-15,,Poland,Wroclaw,9.44
105951,258,2024-11-08,2024-11-14,2024-11-13,Netherlands,Eindhoven,49.69
105952,353,2024-11-08,2024-11-21,2024-11-11,Czech Republic,Pilsen,25.61
105953,94,2024-11-08,2024-11-11,2024-11-14,Czech Republic,Brno,7.01
105954,380,2024-11-08,2024-11-16,2024-11-12,Netherlands,Rotterdam,14.68
105955,122,2024-11-08,2024-11-11,2024-11-15,Poland,Krakow,40.87
105956,138,2024-11-08,2024-11-13,2024-11-12,Italy,Florence,7.98
105957,394,2024-11-08,2024-11-13,,Canada,Calgary,11.55
105958,472,2024-11-08,2024-11-21,2024-11-16,Czech Republic,Brno,6.69
105959,405,2024-11-08,2024-11-18,2024-11-15,Netherlands,Amsterdam,5.1
105960,133,2024-11-08,2024-11-21,2024-11-18,United Kingdom,Liverpool,30.67
105961,337,2024-11-08,2024-11-19,2024-11-13,Canada,Toronto,21.5
105962,331,2024-11-08,2024-11-19,2024-11-14,Poland,Poznan,22.01
105963,140,2024-11-09,2024-11-18,2024-11-11,Germany,Berlin,17.44
105964,201,2024-11-09,2024-11-19,2024-11-12,United Kingdom,Manchester,30.08
105965,94,2024-11-09,2024-11-16,2024-11-10,Czech Republic,Brno,23.57
105966,22,2024-11-09,2024-11-12,2024-11-20,USA,New York,29.97
105967,55,2024-11-09,2024-11-14,2024-11-10,USA,Seattle,11.88
105968,436,2024-11-09,2024-11-18,2024-11-16,Italy,Florence,7.82
105969,186,2024-11-10,2024-11-21,2024-11-11,Netherlands,Eindhoven,24.83
105970,300,2024-11-10,2024-11-16,2024-11-16,Netherlands,Eindhoven,48.04
105971,15,2024-11-10,2024-11-16,2024-11-21,Spain,Seville,20.2
105972,380,2024-11-10,2024-11-18,,Netherlands,Rotterdam,10.39
105973,403,2024-11-10,2024-11-18,,Poland,Gdansk,21.97
105974,12,2024-11-10,2024-11-14,2024-11-18,Sweden,Stockholm,16.87
105975,440,2024-11-10,2024-11-20,,Netherlands,Rotterdam,7.31
105976,78,2024-11-10,2024-11-18,2024-11-19,United Kingdom,London,4.37
105977,492,2024-11-10,2024-11-20,2024-11-15,United Kingdom,Leeds,5.32
105978,422,2024-11-11,2024-11-18,2024-11-13,Spain,Seville,31.53
105979,19,2024-11-11,2024-11-19,2024-11-19,USA,Denver,29.07
105980,252,2024-11-11,2024-11-16,2024-11-13,Netherlands,Amsterdam,18.01
105981,269,2024-11-11,2024-11-21,2024-11-19,Norway,Bergen,13.25
105982,198,2024-11-11,2024-11-23,2024-11-19,Poland,Gdansk,11.97
105983,416,2024-11-11,2024-11-24,2024-11-15,Germany,Hamburg,15.19
105984,315,2024-11-11,2024-11-14,2024-11-22,Canada,Ottawa,22.79
105985,326,2024-11-11,2024-11-15,2024-11-14,Poland,Poznan,14.6
105986,423,2024-11-11,2024-11-14,2024-11-14,Spain,Barcelona,18.21
105987,384,2024-11-11,2024-11-15,2024-11-22,Norway,Oslo,28.09
105988,346,2024-11-11,2024-11-21,2024-11-16,Italy,Milan,32.27
105989,391,2024-11-11,2024-11-23,2024-11-20,Germany,Berlin,18.47
105990,162,2024-11-11,2024-11-14,2024-11-20,Poland,Lodz,12.22
105991,149,2024-11-11,2024-11-23,2024-11-12,USA,Chicago,9.73
105992,79,2024-11-11,2024-11-20,2024-11-12,Italy,Naples,17.9
105993,117,2024-11-11,2024-11-23,2024-11-17,France,Nice,21.63
105994,473,2024-11-11,2024-11-23,2024-11-12,United Kingdom,Leeds,13.55
105995,6,2024-11-11,2024-11-17,2024-11-16,Poland,Gdansk,17.15
105996,363,2024-11-12,2024-11-25,,United Kingdom,Manchester,17.34
105997,11,2024-11-12,2024-11-15,2024-11-18,France,Toulouse,20.16
105998,235,2024-11-12,2024-11-19,2024-11-20,Italy,Turin,15.67
105999,313,2024-11-12,2024-11-22,2024-11-17,Czech Republic,Ostrava,18.61
106000,30,2024-11-12,2024-11-23,2024-11-22,Germany,Frankfurt,20.15
106001,48,2024-11-12,2024-11-17,,USA,Denver,6.78
106002,421,2024-11-12,2024-11-20,2024-11-21,Poland,Warsaw,13.15
106003,183,2024-11-12,2024-11-21,,Austria,Salzburg,12.17
106004,173,2024-11-12,2024-11-25,2024-11-15,Germany,Hamburg,30.59
106005,353,2024-11-12,2024-11-16,,Czech Republic,Pilsen,11.88
106006,328,2024-11-12,2024-11-15,2024-11-16,United Kingdom,Liverpool,7.23
106007,59,2024-11-12,2024-11-19,,Austria,Salzburg,24.13
106008,481,2024-11-12,2024-11-15,2024-11-15,Germany,Frankfurt,36.52
106009,161,2024-11-13,2024-11-24,2024-11-23,Netherlands,Eindhoven,21.9
106010,322,2024-11-13,2024-11-19,2024-11-23,United Kingdom,Bristol,10.17
106011,26,2024-11-13,2024-11-19,2024-11-20,USA,Chicago,10.35
106012,484,2024-11-13,2024-11-18,2024-11-16,Czech Republic,Brno,20.59
106013,259,2024-11-13,2024-11-21,,USA,Boston,24.3
106014,40,2024-11-13,2024-11-20,2024-11-14,Italy,Florence,22.25
106015,230,2024-11-13,2024-11-26,2024-11-21,Sweden,Malmo,52.69
106016,23,2024-11-13,2024-11-25,2024-11-21,USA,Chicago,9.75
106017,394,2024-11-13,2024-11-20,2024-11-21,Canada,Calgary,25.46
106018,183,2024-11-13,2024-11-16,2024-11-17,Austria,Salzburg,30.09
106019,371,2024-11-14,2024-11-19,2024-11-25,France,Paris,38.23
106020,78,2024-11-14,2024-11-25,2024-11-25,United Kingdom,London,30.7
106021,453,2024-11-14,2024-11-22,2024-11-19,United Kingdom,Manchester,45.57
106022,417,2024-11-14,2024-11-22,2024-11-20,Italy,Naples,9.83
106023,408,2024-11-14,2024-11-23,2024-11-18,USA,Austin,13.34
106024,48,2024-11-14,2024-11-25,2024-11-25,USA,Denver,15.76
106025,369,2024-11-14,2024-11-25,2024-11-17,Czech Republic,Brno,24.78
106026,459,2024-11-14,2024-11-18,2024-11-16,Italy,Naples,6.79
106027,115,2024-11-15,2024-11-18,2024-11-26,USA,Denver,29.9
106028,381,2024-11-15,2024-11-28,2024-11-24,Sweden,Malmo,34.01
106029,280,2024-11-15,2024-11-27,,United Kingdom,Liverpool,11.32
106030,417,2024-11-15,2024-11-26,2024-11-26,Italy,Naples,21.93
106031,472,2024-11-15,2024-11-27,2024-11-26,Czech Republic,Brno,18.1
106032,22,2024-11-15,2024-11-26,,USA,New York,15.47
106033,336,2024-11-15,2024-11-27,2024-11-24,Poland,Poznan,43.11
106034,253,2024-11-15,2024-11-18,2024-11-23,Germany,Hamburg,8.66
106035,308,2024-11-15,2024-11-23,2024-11-18,Canada,Toronto,29.84
106036,472,2024-11-15,2024-11-25,2024-11-24,Czech Republic,Brno,7.13
106037,109,2024-11-15,2024-11-21,2024-11-21,Spain,Bilbao,25.31
106038,437,2024-11-15,2024-11-20,,Poland,Lodz,13.93
106039,6,2024-11-15,2024-11-18,2024-11-22,Poland,Gdansk,14.82
106040,244,2024-11-15,2024-11-20,2024-11-24,Germany,Frankfurt,33.93
106041,289,2024-11-15,2024-11-25,2024-11-24,United Kingdom,Liverpool,4.88
106042,250,2024-11-15,2024-11-27,2024-11-17,Czech Republic,Pilsen,14.71
106043,12,2024-11-15,2024-11-21,2024-11-25,Sweden,Stockholm,25.91
106044,160,2024-11-15,2024-11-26,2024-11-18,United Kingdom,Manchester,11.81
106045,432,2024-11-16,2024-11-28,,Poland,Wroclaw,30.08
106046,423,2024-11-16,2024-11-24,2024-11-20,Spain,Barcelona,6.68
106047,68,2024-11-16,2024-11-23,2024-11-22,USA,Austin,41.17
106048,231,2024-11-16,2024-11-29,2024-11-24,Sweden,Stockholm,18.9
106049,399,2024-11-16,2024-11-28,2024-11-25,Poland,Poznan,14.09
106050,373,2024-11-16,2024-11-19,2024-11-23,United Kingdom,Bristol,33.51
106051,351,2024-11-16,2024-11-19,2024-11-26,Italy,Florence,20.13
106052,59,2024-11-16,2024-11-28,2024-11-25,Austria,Salzburg,17.44
106053,318,2024-11-16,2024-11-27,2024-11-18,Poland,Warsaw,10.87
106054,384,2024-11-17,2024-11-29,2024-11-18,Norway,Oslo,12.11
106055,301,2024-11-17,2024-11-26,2024-11-22,France,Paris,17.03
106056,461,2024-11-17,2024-11-23,2024-11-24,Italy,Turin,5.83
106057,289,2024-11-17,2024-11-24,2024-11-23,United Kingdom,Liverpool,14.01
106058,274,2024-11-17,2024-11-27,2024-11-25,United Kingdom,London,16.79
106059,223,2024-11-17,2024-11-25,2024-11-26,Germany,Berlin,21.01
106060,77,2024-11-17,2024-11-27,2024-11-22,Spain,Madrid,15.16
106061,22,2024-11-17,2024-11-24,2024-11-25,USA,New York,28.91
106062,116,2024-11-17,2024-11-24,2024-11-22,Spain,Barcelona,16.94
106063,209,2024-11-17,2024-11-20,2024-11-24,United Kingdom,Manchester,34.88
106064,369,2024-11-17,2024-11-28,2024-11-21,Czech Republic,Brno,14.27
106065,78,2024-11-17,2024-11-22,2024-11-27,United Kingdom,London,36.01
106066,22,2024-11-17,2024-11-21,2024-11-22,USA,New York,16.52
106067,455,2024-11-17,2024-11-26,2024-11-25,USA,Austin,33.97
106068,70,2024-11-18,2024-12-01,2024-11-28,Spain,Madrid,62.9
106069,462,2024-11-18,2024-11-21,2024-11-25,Spain,Barcelona,10.48
106070,276,2024-11-18,2024-11-24,2024-11-25,Italy,Florence,13.77
106071,423,2024-11-18,2024-11-28,2024-11-20,Spain,Barcelona,15.14
106072,260,2024-11-18,2024-11-30,2024-11-22,Norway,Oslo,38.28
106073,116,2024-11-18,2024-11-30,2024-11-26,Spain,Barcelona,17.31
106074,369,2024-11-18,2024-11-25,2024-11-26,Czech Republic,Brno,17.04
106075,477,2024-11-18,2024-11-27,2024-11-24,Germany,Cologne,20.34
106076,443,2024-11-18,2024-11-21,2024-11-29,Spain,Bilbao,11.87
106077,197,2024-11-18,2024-11-25,2024-11-25,Germany,Munich,6.23
106078,335,2024-11-18,2024-11-30,2024-11-26,Italy,Milan,40.21
106079,250,2024-11-18,2024-11-27,2024-11-27,Czech Republic,Pilsen,7.85
106080,352,2024-11-18,2024-11-22,,Poland,Krakow,22.85
106081,140,2024-11-18,2024-11-23,2024-11-23,Germany,Berlin,11.68
106082,450,2024-11-18,2024-11-24,2024-11-23,Poland,Wroclaw,16.03
106083,372,2024-11-19,2024-11-30,2024-11-29,United Kingdom,Manchester,20.59
106084,83,2024-11-19,2024-12-01,2024-11-29,United Kingdom,Manchester,19.24
106085,403,2024-11-19,2024-11-30,2024-11-30,Poland,Gdansk,17.31
106086,68,2024-11-19,2024-11-26,2024-11-21,USA,Austin,6.14
106087,38,2024-11-19,2024-11-22,2024-11-21,Netherlands,Amsterdam,22.56
106088,398,2024-11-19,2024-12-01,2024-11-26,Poland,Wroclaw,16.24
106089,159,2024-11-19,2024-11-28,,United Kingdom,Liverpool,14.77
106090,258,2024-11-19,2024-11-26,2024-11-22,Netherlands,Eindhoven,20.62
106091,242,2024-11-19,2024-11-22,2024-11-22,Norway,Oslo,25.37
106092,382,2024-11-20,2024-11-27,2024-11-25,Sweden,Stockholm,9.31
106093,184,2024-11-20,2024-12-02,2024-11-21,Germany,Berlin,17.65
106094,227,2024-11-20,2024-12-03,2024-11-25,Germany,Frankfurt,26.36
106095,172,2024-11-20,2024-11-30,,Norway,Trondheim,6.21
106096,90,2024-11-20,2024-12-03,2024-11-29,Italy,Naples,8.74
106097,60,2024-11-20,2024-12-02,2024-11-30,Netherlands,Eindhoven,13.44
106098,110,2024-11-20,2024-11-27,2024-11-27,USA,Boston,14.8
106099,18,2024-11-20,2024-12-03,2024-12-01,Sweden,Malmo,20.17
106100,22,2024-11-20,2024-11-23,2024-12-01,USA,New York,10.56
106101,305,2024-11-20,2024-11-24,2024-11-26,France,Marseille,4.4
106102,413,2024-11-20,2024-11-23,2024-11-27,Germany,Hamburg,33.78
106103,318,2024-11-21,2024-11-28,2024-11-27,Poland,Warsaw,6.41
106104,452,2024-11-21,2024-12-01,2024-12-02,Italy,Florence,27.18
106105,412,2024-11-21,2024-12-03,2024-11-24,Germany,Cologne,7.71
106106,313,2024-11-21,2024-11-24,2024-12-02,Czech Republic,Ostrava,17.69
106107,291,2024-11-21,2024-12-04,2024-11-23,United Kingdom,Bristol,15.29
106108,336,2024-11-21,2024-11-26,2024-11-23,Poland,Poznan,9.8
106109,355,2024-11-21,2024-11-28,2024-11-29,Germany,Hamburg,15.36
106110,237,2024-11-21,2024-11-25,2024-11-28,Poland,Krakow,22.39
106111,22,2024-11-21,2024-12-03,,USA,New York,13.06
106112,55,2024-11-21,2024-12-02,2024-11-23,USA,Seattle,19.56
106113,391,2024-11-21,2024-11-26,2024-11-30,Germany,Berlin,19.56
106114,422,2024-11-22,2024-11-29,2024-11-30,Spain,Seville,26.04
106115,267,2024-11-22,2024-11-26,,Germany,Munich,36.43
106116,24,2024-11-22,2024-11-26,2024-11-25,Poland,Warsaw,13.93
106117,294,2024-11-22,2024-11-26,2024-12-01,Germany,Berlin,26.0
106118,352,2024-11-22,2024-12-03,2024-12-03,Poland,Krakow,20.88
106119,315,2024-11-22,2024-11-30,2024-12-02,Canada,Ottawa,13.05
106120,189,2024-11-22,2024-12-05,2024-11-26,France,Lyon,26.59
106121,102,2024-11-22,2024-11-29,2024-11-25,Poland,Poznan,14.01
106122,475,2024-11-22,2024-12-04,2024-12-01,Poland,Wroclaw,17.95
106123,186,2024-11-22,2024-12-05,2024-12-02,Netherlands,Eindhoven,14.76
106124,59,2024-11-22,2024-12-02,2024-11-25,Austria,Salzburg,8.45
106125,476,2024-11-23,2024-12-05,2024-11-27,Germany,Frankfurt,15.95
106126,423,2024-11-23,2024-12-05,2024-11-25,Spain,Barcelona,27.12
106127,426,2024-11-23,2024-11-27,2024-11-27,France,Marseille,13.13
106128,226,2024-11-23,2024-12-04,2024-12-04,France,Nice,20.56
106129,389,2024-11-23,2024-11-27,2024-11-25,USA,Seattle,42.39
106130,380,2024-11-23,2024-11-30,2024-12-01,Netherlands,Rotterdam,22.41
106131,351,2024-11-23,2024-12-02,2024-11-27,Italy,Florence,16.57
106132,371,2024-11-23,2024-11-28,2024-12-04,France,Paris,18.08
106133,212,2024-11-23,2024-12-02,2024-11-30,France,Paris,13.61
106134,315,2024-11-23,2024-11-29,2024-11-30,Canada,Ottawa,21.37
106135,173,2024-11-23,2024-12-03,2024-11-25,Germany,Hamburg,52.38
106136,120,2024-11-23,2024-12-01,2024-12-02,Netherlands,Utrecht,4.35
106137,258,2024-11-24,2024-11-29,2024-12-02,Netherlands,Eindhoven,19.1
106138,30,2024-11-24,2024-11-29,2024-12-03,Germany,Frankfurt,19.62
106139,419,2024-11-24,2024-11-27,2024-12-04,Germany,Cologne,17.98
106140,144,2024-11-24,2024-11-28,2024-11-30,Spain,Barcelona,9.49
106141,97,2024-11-24,2024-12-03,,Poland,Gdansk,25.59
106142,37,2024-11-24,2024-11-30,2024-12-01,Spain,Valencia,13.3
106143,144,2024-11-24,2024-11-27,2024-11-29,Spain,Barcelona,10.16
106144,175,2024-11-24,2024-12-07,2024-12-01,Austria,Salzburg,11.68
106145,234,2024-11-24,2024-12-06,2024-11-29,United Kingdom,Bristol,19.14
106146,452,2024-11-24,2024-12-01,2024-11-28,Italy,Florence,26.84
106147,54,2024-11-25,2024-12-08,2024-11-30,France,Marseille,25.93
106148,97,2024-11-25,2024-12-04,2024-12-02,Poland,Gdansk,8.34
106149,110,2024-11-25,2024-12-03,2024-11-26,USA,Boston,23.76
106150,403,2024-11-25,2024-12-06,2024-11-27,Poland,Gdansk,14.86
106151,394,2024-11-25,2024-12-02,,Canada,Calgary,12.4
106152,93,2024-11-25,2024-12-02,2024-11-27,Canada,Vancouver,34.74
106153,188,2024-11-25,2024-12-06,2024-12-03,Poland,Gdansk,18.25
106154,326,2024-11-25,2024-11-29,2024-11-30,Poland,Poznan,27.87
106155,185,2024-11-25,2024-12-06,,Spain,Barcelona,37.24
106156,276,2024-11-25,2024-12-06,2024-12-02,Italy,Florence,16.23
106157,327,2024-11-25,2024-11-30,2024-11-30,Italy,Turin,31.23
106158,209,2024-11-25,2024-12-04,2024-12-04,United Kingdom,Manchester,40.06
106159,166,2024-11-25,2024-12-03,2024-11-29,USA,Seattle,21.91
106160,201,2024-11-25,2024-11-30,2024-12-04,United Kingdom,Manchester,14.38
106161,181,2024-11-25,2024-12-05,2024-12-06,Germany,Munich,15.86
106162,14,2024-11-25,2024-12-01,,Netherlands,Eindhoven,15.31
106163,83,2024-11-25,2024-12-01,2024-11-29,United Kingdom,Manchester,13.01
106164,83,2024-11-26,2024-12-01,2024-12-07,United Kingdom,Manchester,7.55
106165,162,2024-11-26,2024-12-06,2024-11-30,Poland,Lodz,20.76
106166,110,2024-11-26,2024-12-07,2024-12-04,USA,Boston,20.51
106167,133,2024-11-26,2024-12-07,2024-11-30,United Kingdom,Liverpool,29.08
106168,258,2024-11-26,2024-12-03,2024-11-30,Netherlands,Eindhoven,7.92
106169,55,2024-11-26,2024-12-03,,USA,Seattle,26.73
106170,83,2024-11-26,2024-12-09,2024-12-06,United Kingdom,Manchester,13.7
106171,310,2024-11-27,2024-12-03,,Poland,Lodz,19.39
106172,337,2024-11-27,2024-12-04,,Canada,Toronto,29.2
106173,19,2024-11-27,2024-12-09,2024-11-30,USA,Denver,15.36
106174,272,2024-11-27,2024-12-07,2024-12-08,Germany,Munich,34.57
106175,263,2024-11-27,2024-12-04,2024-12-01,Germany,Cologne,12.25
106176,81,2024-11-27,2024-12-03,2024-11-29,Germany,Munich,11.86
106177,186,2024-11-27,2024-12-06,2024-12-02,Netherlands,Eindhoven,9.34
106178,215,2024-11-27,2024-12-05,2024-12-04,Italy,Milan,40.2
106179,209,2024-11-27,2024-11-30,2024-12-07,United Kingdom,Manchester,14.7
106180,495,2024-11-27,2024-12-08,2024-12-02,Germany,Frankfurt,27.25
106181,206,2024-11-27,2024-12-07,2024-12-08,Germany,Hamburg,15.83
106182,394,2024-11-27,2024-12-05,2024-12-08,Canada,Calgary,9.74
106183,170,2024-11-28,2024-12-05,2024-12-01,Netherlands,Utrecht,8.65
106184,23,2024-11-28,2024-12-01,2024-12-02,USA,Chicago,25.05
106185,140,2024-11-28,2024-12-07,2024-12-02,Germany,Berlin,10.33
106186,398,2024-11-28,2024-12-04,2024-12-01,Poland,Wroclaw,13.13
106187,253,2024-11-28,2024-12-10,2024-12-01,Germany,Hamburg,5.31
106188,397,2024-11-28,2024-12-05,2024-12-02,Poland,Warsaw,27.6
106189,276,2024-11-28,2024-12-11,2024-12-02,Italy,Florence,8.04
106190,265,2024-11-28,2024-12-06,2024-12-07,Poland,Krakow,7.32
106191,315,2024-11-28,2024-12-04,,Canada,Ottawa,16.63
106192,346,2024-11-28,2024-12-03,2024-12-06,Italy,Milan,24.13
106193,9,2024-11-28,2024-12-03,2024-11-29,Spain,Barcelona,38.66
106194,60,2024-11-28,2024-12-04,2024-12-04,Netherlands,Eindhoven,19.95
106195,15,2024-11-28,2024-12-07,2024-12-09,Spain,Seville,15.99
106196,412,2024-11-28,2024-12-06,2024-12-02,Germany,Cologne,6.78
106197,48,2024-11-28,2024-12-03,2024-12-05,USA,Denver,24.59
106198,87,2024-11-28,2024-12-06,2024-12-09,Austria,Graz,7.71
106199,387,2024-11-28,2024-12-08,2024-12-08,Spain,Bilbao,37.75
106200,321,2024-11-28,2024-12-04,2024-12-01,France,Paris,37.25
106201,437,2024-11-28,2024-12-08,2024-12-05,Poland,Lodz,16.0
106202,306,2024-11-28,2024-12-05,2024-11-30,Czech Republic,Ostrava,19.51
106203,24,2024-11-29,2024-12-12,2024-12-06,Poland,Warsaw,16.12
106204,55,2024-11-29,2024-12-03,2024-12-04,USA,Seattle,11.95
106205,11,2024-11-29,2024-12-12,2024-12-05,France,Toulouse,9.43
106206,197,2024-11-29,2024-12-03,2024-12-09,Germany,Munich,15.16
106207,408,2024-11-29,2024-12-12,2024-12-02,USA,Austin,14.79
106208,222,2024-11-29,2024-12-09,2024-12-08,USA,Seattle,19.59
106209,345,2024-11-29,2024-12-10,2024-11-30,Poland,Gdansk,35.58
106210,472,2024-11-29,2024-12-04,,Czech Republic,Brno,21.08
106211,307,2024-11-29,2024-12-03,2024-12-05,USA,Boston,15.26
106212,231,2024-11-29,2024-12-09,2024-12-03,Sweden,Stockholm,24.67
106213,113,2024-11-29,2024-12-05,2024-12-05,Germany,Frankfurt,6.33
106214,182,2024-11-29,2024-12-12,2024-12-08,Canada,Ottawa,29.98
106215,15,2024-11-29,2024-12-05,2024-12-06,Spain,Seville,21.92
106216,424,2024-11-29,2024-12-07,2024-12-07,United Kingdom,Bristol,15.97
106217,351,2024-11-29,2024-12-10,2024-12-09,Italy,Florence,10.17
106218,345,2024-11-29,2024-12-09,2024-12-08,Poland,Gdansk,9.78
106219,15,2024-11-29,2024-12-05,2024-12-05,Spain,Seville,23.72
106220,269,2024-11-29,2024-12-09,2024-12-07,Norway,Bergen,57.03
106221,26,2024-11-29,2024-12-11,2024-12-01,USA,Chicago,18.75
106222,226,2024-11-29,2024-12-06,2024-12-09,France,Nice,24.11
106223,222,2024-11-29,2024-12-10,2024-12-09,USA,Seattle,12.73
106224,200,2024-11-29,2024-12-08,2024-12-05,Spain,Bilbao,28.5
106225,307,2024-11-29,2024-12-02,,USA,Boston,32.97
106226,492,2024-11-29,2024-12-03,2024-12-05,United Kingdom,Leeds,23.55
106227,370,2024-11-29,2024-12-07,2024-12-06,Germany,Munich,45.04
106228,269,2024-11-29,2024-12-09,2024-12-03,Norway,Bergen,14.56
106229,484,2024-11-29,2024-12-09,2024-12-01,Czech Republic,Brno,27.67
106230,328,2024-11-29,2024-12-07,2024-12-10,United Kingdom,Liverpool,6.28
106231,198,2024-11-29,2024-12-09,2024-12-07,Poland,Gdansk,18.68
106232,263,2024-11-29,2024-12-06,2024-12-08,Germany,Cologne,16.31
106233,258,2024-11-29,2024-12-04,2024-12-04,Netherlands,Eindhoven,16.52
106234,22,2024-11-29,2024-12-09,2024-11-30,USA,New York,19.26
106235,476,2024-11-29,2024-12-04,2024-12-10,Germany,Frankfurt,9.51
106236,331,2024-11-29,2024-12-11,2024-12-10,Poland,Poznan,11.01
106237,452,2024-11-29,2024-12-08,2024-12-01,Italy,Florence,24.81
106238,182,2024-11-29,2024-12-09,2024-12-07,Canada,Ottawa,24.78
106239,463,2024-11-29,2024-12-07,2024-12-03,Spain,Madrid,20.65
106240,384,2024-11-29,2024-12-11,2024-12-06,Norway,Oslo,13.22
106241,208,2024-11-29,2024-12-02,2024-12-05,Norway,Trondheim,20.73
106242,356,2024-11-29,2024-12-07,2024-12-06,Poland,Poznan,10.45
106243,391,2024-11-29,2024-12-10,2024-12-01,Germany,Berlin,16.88
106244,42,2024-11-29,2024-12-06,2024-12-05,Poland,Lodz,4.06
106245,18,2024-11-29,2024-12-05,2024-11-30,Sweden,Malmo,16.35
106246,371,2024-11-29,2024-12-06,2024-12-10,France,Paris,22.26
106247,289,2024-11-29,2024-12-07,2024-12-06,United Kingdom,Liverpool,32.55
106248,377,2024-11-29,2024-12-08,2024-12-06,France,Marseille,19.35
106249,362,2024-11-29,2024-12-09,2024-11-30,United Kingdom,Leeds,17.97
106250,351,2024-11-29,2024-12-04,2024-12-02,Italy,Florence,20.57
106251,239,2024-11-29,2024-12-12,2024-12-06,Canada,Toronto,10.64
106252,209,2024-11-29,2024-12-07,2024-12-01,United Kingdom,Manchester,21.62
106253,115,2024-11-29,2024-12-06,2024-12-10,USA,Denver,10.56
106254,222,2024-11-29,2024-12-02,2024-12-07,USA,Seattle,13.48
106255,407,2024-11-29,2024-12-09,2024-12-07,Germany,Cologne,12.26
106256,324,2024-11-29,2024-12-03,2024-12-04,Czech Republic,Ostrava,13.51
106257,459,2024-11-29,2024-12-10,2024-12-07,Italy,Naples,12.6
106258,209,2024-11-29,2024-12-05,2024-12-05,United Kingdom,Manchester,31.03
106259,114,2024-11-29,2024-12-04,2024-12-09,Spain,Bilbao,25.99
106260,224,2024-11-29,2024-12-11,2024-12-07,Spain,Barcelona,8.52
106261,153,2024-11-29,2024-12-11,2024-12-02,Norway,Bergen,14.93
106262,487,2024-11-29,2024-12-04,2024-12-10,Poland,Gdansk,46.5
106263,33,2024-11-29,2024-12-03,2024-11-30,USA,Seattle,12.87
106264,295,2024-11-29,2024-12-11,,USA,Chicago,25.57
106265,155,2024-11-29,2024-12-12,2024-12-08,Spain,Madrid,21.47
106266,24,2024-11-29,2024-12-07,,Poland,Warsaw,9.95
106267,2,2024-11-29,2024-12-02,2024-12-08,United Kingdom,Bristol,22.13
106268,175,2024-11-30,2024-12-07,2024-12-01,Austria,Salzburg,20.51
106269,462,2024-11-30,2024-12-06,2024-12-10,Spain,Barcelona,3.56
106270,87,2024-11-30,2024-12-06,2024-12-05,Austria,Graz,18.35
106271,247,2024-11-30,2024-12-13,2024-12-07,Germany,Hamburg,23.23
106272,402,2024-11-30,2024-12-08,2024-12-01,Spain,Barcelona,11.4
106273,321,2024-11-30,2024-12-03,2024-12-07,France,Paris,22.97
106274,475,2024-11-30,2024-12-03,2024-12-01,Poland,Wroclaw,10.77
106275,138,2024-11-30,2024-12-12,2024-12-07,Italy,Florence,32.61
106276,357,2024-11-30,2024-12-11,2024-12-09,Italy,Turin,17.11
106277,307,2024-11-30,2024-12-10,2024-12-06,USA,Boston,54.39
106278,52,2024-11-30,2024-12-03,2024-12-10,Canada,Vancouver,13.8
106279,355,2024-11-30,2024-12-05,2024-12-05,Germany,Hamburg,8.36
106280,283,2024-12-01,2024-12-10,,Poland,Lodz,20.99
106281,409,2024-12-01,2024-12-04,2024-12-07,USA,Austin,5.25
106282,420,2024-12-01,2024-12-11,2024-12-06,Poland,Krakow,6.19
106283,101,2024-12-01,2024-12-05,2024-12-04,Poland,Lodz,5.65
106284,369,2024-12-01,2024-12-10,2024-12-09,Czech Republic,Brno,9.92
106285,357,2024-12-01,2024-12-04,2024-12-11,Italy,Turin,33.27
106286,318,2024-12-01,2024-12-10,2024-12-04,Poland,Warsaw,29.83
106287,447,2024-12-01,2024-12-11,2024-12-12,United Kingdom,Bristol,23.16
106288,309,2024-12-02,2024-12-09,2024-12-05,France,Toulouse,6.82
106289,423,2024-12-02,2024-12-06,2024-12-10,Spain,Barcelona,16.09
106290,165,2024-12-02,2024-12-15,2024-12-08,Netherlands,Eindhoven,3.63
106291,13,2024-12-02,2024-12-14,2024-12-12,Italy,Florence,20.25
106292,109,2024-12-02,2024-12-12,,Spain,Bilbao,12.36
106293,165,2024-12-02,2024-12-07,2024-12-07,Netherlands,Eindhoven,8.02
106294,491,2024-12-02,2024-12-06,2024-12-04,Canada,Ottawa,14.83
106295,382,2024-12-02,2024-12-07,2024-12-05,Sweden,Stockholm,23.93
106296,121,2024-12-02,2024-12-15,2024-12-09,Austria,Vienna,14.04
106297,206,2024-12-03,2024-12-16,2024-12-14,Germany,Hamburg,19.56
106298,110,2024-12-03,2024-12-10,2024-12-13,USA,Boston,9.1
106299,184,2024-12-03,2024-12-12,2024-12-14,Germany,Berlin,9.32
106300,318,2024-12-03,2024-12-15,2024-12-05,Poland,Warsaw,11.54
106301,159,2024-12-03,2024-12-16,2024-12-14,United Kingdom,Liverpool,22.92
106302,373,2024-12-03,2024-12-08,2024-12-10,United Kingdom,Bristol,9.1
106303,228,2024-12-03,2024-12-09,2024-12-12,Austria,Linz,9.78
106304,475,2024-12-03,2024-12-12,2024-12-08,Poland,Wroclaw,16.89
106305,466,2024-12-03,2024-12-16,,United Kingdom,Bristol,7.31
106306,206,2024-12-03,2024-12-13,2024-12-10,Germany,Hamburg,8.68
106307,185,2024-12-03,2024-12-10,2024-12-10,Spain,Barcelona,10.78
106308,256,2024-12-03,2024-12-08,2024-12-14,USA,Chicago,22.62
106309,255,2024-12-03,2024-12-11,2024-12-04,Austria,Graz,18.36
106310,372,2024-12-04,2024-12-16,2024-12-13,United Kingdom,Manchester,9.01
106311,234,2024-12-04,2024-12-09,2024-12-15,United Kingdom,Bristol,29.67
106312,254,2024-12-04,2024-12-08,2024-12-11,USA,Chicago,36.83
106313,477,2024-12-04,2024-12-11,2024-12-05,Germany,Cologne,40.02
106314,23,2024-12-04,2024-12-09,2024-12-11,USA,Chicago,24.71
106315,371,2024-12-04,2024-12-07,2024-12-05,France,Paris,20.7
106316,48,2024-12-04,2024-12-14,2024-12-08,USA,Denver,14.91
106317,22,2024-12-04,2024-12-10,2024-12-08,USA,New York,14.15
106318,3,2024-12-04,2024-12-09,2024-12-12,Spain,Bilbao,46.92
106319,97,2024-12-04,2024-12-16,2024-12-11,Poland,Gdansk,6.97
106320,351,2024-12-04,2024-12-11,2024-12-10,Italy,Florence,18.58
106321,437,2024-12-05,2024-12-13,2024-12-14,Poland,Lodz,28.7
106322,373,2024-12-05,2024-12-12,2024-12-07,United Kingdom,Bristol,44.38
106323,60,2024-12-05,2024-12-12,2024-12-12,Netherlands,Eindhoven,9.34
106324,341,2024-12-05,2024-12-11,2024-12-06,Italy,Rome,23.52
106325,345,2024-12-05,2024-12-11,2024-12-07,Poland,Gdansk,11.55
106326,115,2024-12-05,2024-12-18,2024-12-13,USA,Denver,19.53
106327,295,2024-12-05,2024-12-16,2024-12-10,USA,Chicago,43.24
106328,37,2024-12-05,2024-12-16,2024-12-14,Spain,Valencia,33.77
106329,391,2024-12-05,2024-12-13,2024-12-10,Germany,Berlin,11.68
106330,398,2024-12-05,2024-12-15,2024-12-07,Poland,Wroclaw,19.46
106331,48,2024-12-05,2024-12-09,2024-12-09,USA,Denver,19.69
106332,306,2024-12-06,2024-12-18,2024-12-08,Czech Republic,Ostrava,28.02
106333,55,2024-12-06,2024-12-19,2024-12-11,USA,Seattle,8.19
106334,37,2024-12-06,2024-12-13,2024-12-07,Spain,Valencia,23.5
106335,142,2024-12-06,2024-12-14,,Czech Republic,Brno,14.55
106336,466,2024-12-06,2024-12-17,2024-12-17,United Kingdom,Bristol,38.71
106337,443,2024-12-06,2024-12-11,2024-12-11,Spain,Bilbao,10.99
106338,191,2024-12-06,2024-12-13,2024-12-08,USA,Seattle,41.28
106339,280,2024-12-06,2024-12-13,2024-12-14,United Kingdom,Liverpool,21.3
106340,304,2024-12-06,2024-12-13,2024-12-07,USA,Austin,15.49
106341,479,2024-12-06,2024-12-15,2024-12-11,Poland,Wroclaw,5.38
106342,49,2024-12-06,2024-12-17,2024-12-13,Canada,Montreal,6.64
106343,473,2024-12-06,2024-12-12,2024-12-08,United Kingdom,Leeds,30.36
106344,153,2024-12-07,2024-12-15,2024-12-10,Norway,Bergen,14.2
106345,60,2024-12-07,2024-12-13,2024-12-16,Netherlands,Eindhoven,4.39
106346,1,2024-12-07,2024-12-20,2024-12-15,Germany,Frankfurt,20.07
106347,341,2024-12-07,2024-12-14,2024-12-16,Italy,Rome,11.9
106348,403,2024-12-07,2024-12-20,2024-12-11,Poland,Gdansk,31.36
106349,276,2024-12-07,2024-12-19,,Italy,Florence,21.02
106350,173,2024-12-07,2024-12-17,2024-12-08,Germany,Hamburg,32.66
106351,122,2024-12-07,2024-12-20,2024-12-12,Poland,Krakow,18.21
106352,323,2024-12-08,2024-12-19,2024-12-13,Czech Republic,Ostrava,12.08
106353,48,2024-12-08,2024-12-18,2024-12-18,USA,Denver,5.89
106354,228,2024-12-08,2024-12-19,2024-12-12,Austria,Linz,29.61
106355,301,2024-12-08,2024-12-11,2024-12-09,France,Paris,13.52
106356,109,2024-12-08,2024-12-16,2024-12-17,Spain,Bilbao,15.61
106357,223,2024-12-08,2024-12-16,2024-12-10,Germany,Berlin,11.1
106358,360,2024-12-08,2024-12-18,2024-12-11,United Kingdom,Bristol,9.79
106359,298,2024-12-08,2024-12-11,2024-12-09,USA,Boston,30.07
106360,167,2024-12-08,2024-12-16,2024-12-13,USA,Chicago,46.07
106361,14,2024-12-08,2024-12-14,2024-12-09,Netherlands,Eindhoven,8.73
106362,145,2024-12-09,2024-12-16,2024-12-19,Poland,Lodz,13.05
106363,369,2024-12-09,2024-12-12,2024-12-18,Czech Republic,Brno,21.57
106364,19,2024-12-09,2024-12-12,,USA,Denver,14.59
106365,381,2024-12-09,2024-12-15,2024-12-12,Sweden,Malmo,3.63
106366,4,2024-12-09,2024-12-20,2024-12-11,Italy,Turin,21.46
106367,164,2024-12-09,2024-12-13,2024-12-15,Netherlands,Eindhoven,10.5
106368,269,2024-12-09,2024-12-12,2024-12-10,Norway,Bergen,14.65
106369,276,2024-12-09,2024-12-18,2024-12-18,Italy,Florence,28.9
106370,210,2024-12-09,2024-12-20,,USA,Austin,7.87
106371,162,2024-12-09,2024-12-22,2024-12-13,Poland,Lodz,41.7
106372,15,2024-12-09,2024-12-16,2024-12-17,Spain,Seville,37.09
106373,53,2024-12-09,2024-12-12,,Czech Republic,Ostrava,14.28
106374,405,2024-12-09,2024-12-14,2024-12-11,Netherlands,Amsterdam,7.59
106375,258,2024-12-09,2024-12-17,2024-12-20,Netherlands,Eindhoven,20.66
106376,224,2024-12-09,2024-12-16,2024-12-18,Spain,Barcelona,41.06
106377,422,2024-12-09,2024-12-17,2024-12-17,Spain,Seville,45.58
106378,463,2024-12-09,2024-12-22,2024-12-19,Spain,Madrid,5.85
106379,107,2024-12-09,2024-12-12,2024-12-17,Italy,Turin,13.15
106380,347,2024-12-09,2024-12-18,2024-12-20,Canada,Ottawa,10.74
106381,314,2024-12-10,2024-12-14,2024-12-12,Sweden,Gothenburg,45.79
106382,34,2024-12-10,2024-12-15,2024-12-21,Canada,Vancouver,23.67
106383,90,2024-12-10,2024-12-16,2024-12-12,Italy,Naples,30.29
106384,255,2024-12-10,2024-12-19,2024-12-15,Austria,Graz,22.28
106385,73,2024-12-10,2024-12-22,2024-12-11,USA,Denver,20.32
106386,111,2024-12-10,2024-12-22,2024-12-18,Spain,Bilbao,11.94
106387,106,2024-12-10,2024-12-19,2024-12-14,Spain,Bilbao,33.67
106388,73,2024-12-10,2024-12-16,2024-12-12,USA,Denver,22.2
106389,109,2024-12-11,2024-12-17,2024-12-15,Spain,Bilbao,30.36
106390,312,2024-12-11,2024-12-15,2024-12-16,France,Marseille,29.01
106391,110,2024-12-11,2024-12-24,2024-12-13,USA,Boston,7.08
106392,452,2024-12-11,2024-12-14,2024-12-17,Italy,Florence,24.4
106393,27,2024-12-11,2024-12-21,2024-12-13,Poland,Krakow,19.77
106394,331,2024-12-11,2024-12-20,2024-12-18,Poland,Poznan,23.58
106395,360,2024-12-11,2024-12-16,2024-12-15,United Kingdom,Bristol,27.91
106396,353,2024-12-11,2024-12-20,2024-12-21,Czech Republic,Pilsen,22.01
106397,369,2024-12-11,2024-12-20,,Czech Republic,Brno,7.09
106398,165,2024-12-11,2024-12-21,2024-12-20,Netherlands,Eindhoven,31.03
106399,142,2024-12-11,2024-12-14,2024-12-13,Czech Republic,Brno,25.61
106400,99,2024-12-11,2024-12-21,2024-12-16,Canada,Vancouver,24.74
106401,237,2024-12-12,2024-12-25,2024-12-15,Poland,Krakow,16.91
106402,451,2024-12-12,2024-12-24,2024-12-13,Italy,Naples,26.66
106403,238,2024-12-12,2024-12-24,2024-12-13,Germany,Hamburg,12.63
106404,140,2024-12-12,2024-12-22,2024-12-23,Germany,Berlin,20.52
106405,208,2024-12-12,2024-12-22,2024-12-19,Norway,Trondheim,24.06
106406,173,2024-12-12,2024-12-18,2024-12-14,Germany,Hamburg,25.77
106407,189,2024-12-12,2024-12-17,2024-12-14,France,Lyon,14.98
106408,28,2024-12-12,2024-12-15,,USA,Chicago,14.27
106409,51,2024-12-13,2024-12-16,2024-12-16,Austria,Graz,23.36
106410,22,2024-12-13,2024-12-24,2024-12-21,USA,New York,12.18
106411,276,2024-12-13,2024-12-24,2024-12-14,Italy,Florence,28.71
106412,479,2024-12-13,2024-12-24,2024-12-23,Poland,Wroclaw,26.67
106413,324,2024-12-13,2024-12-20,2024-12-15,Czech Republic,Ostrava,17.83
106414,315,2024-12-13,2024-12-23,2024-12-14,Canada,Ottawa,15.96
106415,323,2024-12-14,2024-12-18,2024-12-25,Czech Republic,Ostrava,19.65
106416,465,2024-12-14,2024-12-22,2024-12-25,France,Paris,12.79
106417,289,2024-12-14,2024-12-17,2024-12-15,United Kingdom,Liverpool,18.27
106418,230,2024-12-14,2024-12-26,2024-12-15,Sweden,Malmo,18.68
106419,19,2024-12-14,2024-12-20,2024-12-18,USA,Denver,23.45
106420,307,2024-12-14,2024-12-18,2024-12-22,USA,Boston,9.58
106421,458,2024-12-14,2024-12-24,2024-12-24,Netherlands,Amsterdam,46.76
106422,313,2024-12-14,2024-12-19,2024-12-25,Czech Republic,Ostrava,8.48
106423,226,2024-12-14,2024-12-18,2024-12-24,France,Nice,7.43
106424,326,2024-12-14,2024-12-18,2024-12-21,Poland,Poznan,17.95
106425,492,2024-12-14,2024-12-24,2024-12-20,United Kingdom,Leeds,10.79
106426,255,2024-12-14,2024-12-19,2024-12-25,Austria,Graz,20.87
106427,109,2024-12-15,2024-12-18,2024-12-20,Spain,Bilbao,23.78
106428,158,2024-12-15,2024-12-22,2024-12-26,USA,New York,20.66
106429,454,2024-12-15,2024-12-24,2024-12-20,Poland,Warsaw,20.55
106430,227,2024-12-15,2024-12-22,2024-12-21,Germany,Frankfurt,5.92
106431,275,2024-12-15,2024-12-25,2024-12-23,Germany,Berlin,21.73
106432,308,2024-12-15,2024-12-25,2024-12-25,Canada,Toronto,12.68
106433,314,2024-12-15,2024-12-27,2024-12-16,Sweden,Gothenburg,10.8
106434,260,2024-12-15,2024-12-24,2024-12-17,Norway,Oslo,18.56
106435,11,2024-12-15,2024-12-19,2024-12-23,France,Toulouse,37.62
106436,109,2024-12-16,2024-12-22,2024-12-26,Spain,Bilbao,6.7
106437,425,2024-12-16,2024-12-24,,Czech Republic,Prague,15.64
106438,60,2024-12-16,2024-12-25,2024-12-20,Netherlands,Eindhoven,26.35
106439,234,2024-12-16,2024-12-25,2024-12-20,United Kingdom,Bristol,42.74
106440,318,2024-12-16,2024-12-23,2024-12-23,Poland,Warsaw,42.05
106441,173,2024-12-16,2024-12-20,2024-12-23,Germany,Hamburg,14.49
106442,282,2024-12-16,2024-12-21,2024-12-26,Germany,Cologne,13.45
106443,423,2024-12-16,2024-12-23,2024-12-19,Spain,Barcelona,15.91
106444,162,2024-12-16,2024-12-27,2024-12-23,Poland,Lodz,8.97
106445,487,2024-12-16,2024-12-20,2024-12-17,Poland,Gdansk,21.53
106446,109,2024-12-16,2024-12-28,2024-12-25,Spain,Bilbao,7.3
106447,324,2024-12-16,2024-12-22,2024-12-18,Czech Republic,Ostrava,20.2
106448,167,2024-12-16,2024-12-26,2024-12-18,USA,Chicago,18.31
106449,289,2024-12-16,2024-12-20,2024-12-25,United Kingdom,Liverpool,34.27
106450,487,2024-12-16,2024-12-22,2024-12-20,Poland,Gdansk,15.16
106451,235,2024-12-16,2024-12-24,,Italy,Turin,24.25
106452,318,2024-12-16,2024-12-26,2024-12-23,Poland,Warsaw,5.26
106453,326,2024-12-16,2024-12-19,2024-12-23,Poland,Poznan,19.01
106454,267,2024-12-16,2024-12-26,2024-12-22,Germany,Munich,18.85
106455,423,2024-12-16,2024-12-26,2024-12-20,Spain,Barcelona,6.48
106456,347,2024-12-16,2024-12-25,2024-12-23,Canada,Ottawa,22.94
106457,320,2024-12-16,2024-12-23,2024-12-26,Italy,Florence,7.36
106458,427,2024-12-16,2024-12-23,2024-12-17,Spain,Barcelona,9.87
106459,405,2024-12-16,2024-12-25,,Netherlands,Amsterdam,10.1
106460,325,2024-12-17,2024-12-29,2024-12-25,Netherlands,Eindhoven,16.01
106461,250,2024-12-17,2024-12-28,2024-12-23,Czech Republic,Pilsen,9.07
106462,93,2024-12-17,2024-12-25,,Canada,Vancouver,6.49
106463,271,2024-12-17,2024-12-28,2024-12-23,USA,Chicago,23.3
106464,336,2024-12-17,2024-12-23,2024-12-22,Poland,Poznan,12.38
106465,210,2024-12-17,2024-12-22,2024-12-18,USA,Austin,17.41
106466,327,2024-12-17,2024-12-26,2024-12-20,Italy,Turin,13.9
106467,483,2024-12-17,2024-12-22,2024-12-25,Sweden,Gothenburg,6.36
106468,204,2024-12-17,2024-12-25,2024-12-23,Poland,Gdansk,9.57
106469,305,2024-12-17,2024-12-23,2024-12-21,France,Marseille,20.98
106470,317,2024-12-17,2024-12-28,2024-12-19,Norway,Bergen,18.37
106471,338,2024-12-17,2024-12-23,2024-12-20,United Kingdom,Liverpool,10.35
106472,58,2024-12-17,2024-12-27,2024-12-26,Czech Republic,Ostrava,62.34
106473,115,2024-12-18,2024-12-25,2024-12-28,USA,Denver,10.6
106474,475,2024-12-18,2024-12-24,2024-12-19,Poland,Wroclaw,39.07
106475,250,2024-12-18,2024-12-29,2024-12-21,Czech Republic,Pilsen,10.82
106476,304,2024-12-18,2024-12-30,2024-12-19,USA,Austin,10.82
106477,250,2024-12-18,2024-12-22,2024-12-24,Czech Republic,Pilsen,9.86
106478,99,2024-12-18,2024-12-22,2024-12-29,Canada,Vancouver,24.36
106479,201,2024-12-18,2024-12-31,2024-12-23,United Kingdom,Manchester,29.02
106480,99,2024-12-18,2024-12-28,2024-12-21,Canada,Vancouver,21.24
106481,419,2024-12-18,2024-12-31,2024-12-28,Germany,Cologne,22.19
106482,108,2024-12-18,2024-12-24,2024-12-24,United Kingdom,Bristol,18.95
106483,267,2024-12-18,2024-12-31,2024-12-26,Germany,Munich,24.38
106484,19,2024-12-18,2024-12-26,2024-12-19,USA,Denver,20.43
106485,404,2024-12-19,2024-12-27,2024-12-26,Poland,Warsaw,6.7
106486,429,2024-12-19,2024-12-24,2024-12-20,Netherlands,Rotterdam,16.69
106487,318,2024-12-19,2024-12-27,2024-12-28,Poland,Warsaw,16.59
106488,229,2024-12-19,2024-12-29,2024-12-21,Spain,Madrid,7.73
106489,485,2024-12-19,2024-12-29,2024-12-24,United Kingdom,Manchester,56.06
106490,226,2024-12-19,2024-12-28,2024-12-23,France,Nice,27.83
106491,120,2024-12-19,2024-12-25,2024-12-27,Netherlands,Utrecht,27.41
106492,106,2024-12-19,2025-01-01,2024-12-21,Spain,Bilbao,15.27
106493,248,2024-12-20,2024-12-23,2024-12-26,Poland,Wroclaw,15.53
106494,13,2024-12-20,2025-01-02,,Italy,Florence,5.59
106495,313,2024-12-20,2024-12-25,2024-12-22,Czech Republic,Ostrava,15.09
106496,13,2024-12-20,2024-12-28,,Italy,Florence,15.81
106497,394,2024-12-20,2024-12-24,2024-12-27,Canada,Calgary,5.76
106498,237,2024-12-20,2024-12-26,2024-12-29,Poland,Krakow,5.91
106499,420,2024-12-20,2024-12-30,2024-12-31,Poland,Krakow,13.59
106500,84,2024-12-20,2024-12-31,2024-12-24,USA,Seattle,17.04
106501,325,2024-12-20,2024-12-31,2024-12-27,Netherlands,Eindhoven,12.02
106502,336,2024-12-20,2024-12-31,2024-12-28,Poland,Poznan,18.27
106503,116,2024-12-20,2024-12-26,,Spain,Barcelona,19.91
106504,90,2024-12-20,2024-12-23,2024-12-22,Italy,Naples,19.09
106505,499,2024-12-20,2025-01-01,2024-12-22,Italy,Milan,30.54
106506,422,2024-12-21,2024-12-27,2024-12-30,Spain,Seville,8.12
106507,452,2024-12-21,2024-12-27,2024-12-26,Italy,Florence,15.7
106508,360,2024-12-21,2025-01-01,2024-12-23,United Kingdom,Bristol,4.66
106509,258,2024-12-21,2024-12-26,2024-12-30,Netherlands,Eindhoven,15.45
106510,492,2024-12-21,2024-12-26,2025-01-01,United Kingdom,Leeds,15.42
106511,285,2024-12-21,2024-12-30,2024-12-26,Austria,Linz,20.51
106512,103,2024-12-22,2024-12-29,2024-12-31,Poland,Gdansk,9.49
106513,379,2024-12-22,2024-12-27,2024-12-31,Netherlands,Amsterdam,20.44
106514,27,2024-12-22,2025-01-04,2025-01-01,Poland,Krakow,22.66
106515,474,2024-12-22,2024-12-30,2024-12-31,Czech Republic,Pilsen,27.97
106516,87,2024-12-22,2024-12-25,2024-12-28,Austria,Graz,8.8
106517,140,2024-12-22,2024-12-26,2024-12-31,Germany,Berlin,4.49
106518,117,2024-12-22,2024-12-26,2024-12-27,France,Nice,35.1
106519,321,2024-12-22,2025-01-02,2024-12-27,France,Paris,15.36
106520,315,2024-12-22,2024-12-30,2024-12-25,Canada,Ottawa,29.96
106521,314,2024-12-22,2025-01-03,2024-12-26,Sweden,Gothenburg,16.63
106522,251,2024-12-22,2025-01-03,2024-12-23,United Kingdom,Bristol,40.19
106523,59,2024-12-22,2025-01-04,2024-12-25,Austria,Salzburg,14.07
106524,115,2024-12-22,2024-12-26,2024-12-26,USA,Denver,11.13
106525,272,2024-12-23,2025-01-02,2024-12-28,Germany,Munich,8.81
106526,369,2024-12-23,2024-12-29,2024-12-31,Czech Republic,Brno,12.57
106527,329,2024-12-23,2025-01-01,2024-12-31,Poland,Wroclaw,8.71
106528,339,2024-12-23,2024-12-28,2024-12-28,Spain,Valencia,13.59
106529,478,2024-12-23,2024-12-27,2024-12-26,USA,Austin,42.8
106530,387,2024-12-23,2024-12-28,2024-12-28,Spain,Bilbao,12.44
106531,24,2024-12-23,2024-12-26,2024-12-24,Poland,Warsaw,6.35
106532,403,2024-12-23,2025-01-05,2024-12-25,Poland,Gdansk,21.37
106533,250,2024-12-23,2024-12-31,2024-12-24,Czech Republic,Pilsen,18.95
106534,240,2024-12-24,2025-01-01,2024-12-25,France,Lyon,27.26
106535,450,2024-12-24,2025-01-03,2024-12-28,Poland,Wroclaw,10.26
106536,57,2024-12-24,2025-01-02,2025-01-01,United Kingdom,Manchester,36.27
106537,61,2024-12-24,2025-01-03,,Poland,Wroclaw,6.74
106538,93,2024-12-24,2025-01-05,2024-12-27,Canada,Vancouver,24.06
106539,25,2024-12-24,2025-01-03,2024-12-31,Netherlands,Amsterdam,17.35
106540,60,2024-12-24,2024-12-28,2024-12-29,Netherlands,Eindhoven,26.41
106541,368,2024-12-24,2025-01-06,2024-12-25,Poland,Gdansk,20.68
106542,182,2024-12-24,2024-12-29,2024-12-25,Canada,Ottawa,23.25
106543,464,2024-12-24,2024-12-31,2024-12-28,Spain,Barcelona,11.67
106544,235,2024-12-24,2024-12-28,2024-12-28,Italy,Turin,36.22
106545,468,2024-12-25,2025-01-05,2024-12-26,France,Nice,27.8
106546,276,2024-12-25,2024-12-28,2024-12-26,Italy,Florence,5.45
106547,317,2024-12-25,2025-01-07,2025-01-02,Norway,Bergen,6.67
106548,313,2024-12-25,2025-01-05,2024-12-27,Czech Republic,Ostrava,15.63
106549,371,2024-12-25,2025-01-02,2025-01-04,France,Paris,27.28
106550,434,2024-12-25,2025-01-03,2024-12-29,Sweden,Gothenburg,32.61
106551,443,2024-12-25,2025-01-07,2024-12-29,Spain,Bilbao,19.8
106552,71,2024-12-25,2025-01-06,2025-01-04,Canada,Vancouver,8.53
106553,403,2024-12-25,2024-12-31,2025-01-01,Poland,Gdansk,27.95
106554,119,2024-12-25,2025-01-05,2024-12-30,Italy,Milan,21.93
106555,254,2024-12-25,2024-12-28,,USA,Chicago,39.57
106556,286,2024-12-25,2025-01-01,2024-12-31,Spain,Bilbao,27.01
106557,356,2024-12-25,2025-01-01,2025-01-02,Poland,Poznan,33.74
106558,132,2024-12-25,2025-01-07,2024-12-28,Netherlands,Utrecht,9.13
106559,251,2024-12-25,2025-01-05,2025-01-02,United Kingdom,Bristol,8.64
106560,318,2024-12-26,2025-01-05,2024-12-28,Poland,Warsaw,14.43
106561,183,2024-12-26,2025-01-03,,Austria,Salzburg,28.26
106562,99,2024-12-26,2025-01-05,2024-12-28,Canada,Vancouver,16.94
106563,279,2024-12-26,2024-12-30,2025-01-05,Austria,Salzburg,37.03
106564,452,2024-12-26,2025-01-04,2025-01-03,Italy,Florence,21.94
106565,144,2024-12-26,2024-12-31,2025-01-04,Spain,Barcelona,20.48
106566,234,2024-12-26,2025-01-02,2025-01-04,United Kingdom,Bristol,13.97
106567,190,2024-12-26,2025-01-02,2024-12-28,USA,Boston,9.91
106568,479,2024-12-27,2024-12-30,2024-12-31,Poland,Wroclaw,21.62
106569,115,2024-12-27,2025-01-06,2025-01-05,USA,Denver,8.24
106570,317,2024-12-27,2025-01-08,2024-12-31,Norway,Bergen,17.21
106571,182,2024-12-27,2025-01-03,2025-01-07,Canada,Ottawa,35.97
106572,345,2024-12-27,2025-01-01,2025-01-04,Poland,Gdansk,12.76
106573,162,2024-12-27,2025-01-08,2024-12-30,Poland,Lodz,26.66
106574,113,2024-12-27,2025-01-03,,Germany,Frankfurt,41.21
106575,313,2024-12-27,2025-01-03,2025-01-01,Czech Republic,Ostrava,14.27
106576,116,2024-12-27,2025-01-06,,Spain,Barcelona,10.07
106577,83,2024-12-27,2024-12-30,2024-12-29,United Kingdom,Manchester,23.07
106578,171,2024-12-27,2025-01-07,2025-01-02,Poland,Gdansk,26.99
106579,227,2024-12-27,2025-01-03,2025-01-04,Germany,Frankfurt,21.25
106580,227,2024-12-28,2024-12-31,2025-01-01,Germany,Frankfurt,30.24
106581,429,2024-12-28,2025-01-01,2025-01-01,Netherlands,Rotterdam,22.89
106582,405,2024-12-28,2025-01-09,2025-01-08,Netherlands,Amsterdam,17.07
106583,458,2024-12-28,2025-01-02,2025-01-05,Netherlands,Amsterdam,30.29
106584,201,2024-12-28,2024-12-31,2024-12-30,United Kingdom,Manchester,7.57
106585,48,2024-12-28,2025-01-09,2025-01-01,USA,Denver,22.45
106586,447,2024-12-28,2024-12-31,2025-01-05,United Kingdom,Bristol,33.75
106587,500,2024-12-28,2025-01-10,2025-01-08,United Kingdom,Bristol,15.84
106588,436,2024-12-28,2025-01-05,2025-01-05,Italy,Florence,14.86
106589,476,2024-12-28,2025-01-09,2025-01-08,Germany,Frankfurt,11.5
106590,226,2024-12-28,2025-01-06,2024-12-29,France,Nice,16.0
106591,201,2024-12-28,2025-01-05,2025-01-03,United Kingdom,Manchester,9.49
106592,103,2024-12-28,2025-01-07,2025-01-01,Poland,Gdansk,7.38
106593,351,2024-12-29,2025-01-03,2025-01-06,Italy,Florence,12.35
106594,371,2024-12-29,2025-01-09,2025-01-02,France,Paris,7.5
106595,37,2024-12-29,2025-01-06,2025-01-01,Spain,Valencia,8.46
106596,284,2024-12-29,2025-01-04,2025-01-03,United Kingdom,Liverpool,13.96
106597,13,2024-12-29,2025-01-04,2025-01-05,Italy,Florence,28.49
106598,253,2024-12-29,2025-01-06,2025-01-09,Germany,Hamburg,13.97
106599,239,2024-12-29,2025-01-05,2024-12-31,Canada,Toronto,10.29
106600,162,2024-12-29,2025-01-11,2025-01-05,Poland,Lodz,5.47
106601,371,2024-12-29,2025-01-05,2025-01-01,France,Paris,11.71
106602,87,2024-12-29,2025-01-07,2024-12-30,Austria,Graz,8.51
106603,394,2024-12-30,2025-01-11,2025-01-06,Canada,Calgary,9.18
106604,197,2024-12-30,2025-01-05,2025-01-01,Germany,Munich,27.71
106605,120,2024-12-30,2025-01-08,2025-01-08,Netherlands,Utrecht,18.21
106606,318,2024-12-30,2025-01-10,2025-01-01,Poland,Warsaw,27.19
106607,222,2024-12-30,2025-01-06,2025-01-03,USA,Seattle,17.63
106608,438,2024-12-30,2025-01-08,2025-01-05,Germany,Munich,9.63
106609,345,2024-12-30,2025-01-11,,Poland,Gdansk,6.52
106610,120,2024-12-30,2025-01-08,2025-01-09,Netherlands,Utrecht,23.75
106611,321,2024-12-30,2025-01-12,2025-01-01,France,Paris,10.83
106612,228,2024-12-30,2025-01-04,2025-01-03,Austria,Linz,16.55
106613,37,2024-12-30,2025-01-06,2025-01-06,Spain,Valencia,27.55
106614,307,2024-12-30,2025-01-03,2025-01-03,USA,Boston,14.74
106615,397,2024-12-30,2025-01-10,2024-12-31,Poland,Warsaw,15.08
106616,23,2024-12-30,2025-01-08,2025-01-05,USA,Chicago,11.3
106617,345,2024-12-30,2025-01-12,2025-01-01,Poland,Gdansk,21.09
106618,224,2024-12-30,2025-01-02,2025-01-01,Spain,Barcelona,27.88
106619,55,2024-12-31,2025-01-08,2025-01-04,USA,Seattle,28.64
106620,167,2024-12-31,2025-01-09,2025-01-11,USA,Chicago,22.72
106621,472,2024-12-31,2025-01-10,2025-01-07,Czech Republic,Brno,5.75
106622,14,2024-12-31,2025-01-07,2025-01-04,Netherlands,Eindhoven,5.37
106623,351,2024-12-31,2025-01-03,2025-01-01,Italy,Florence,16.18
106624,227,2024-12-31,2025-01-12,,Germany,Frankfurt,19.67
106625,475,2024-12-31,2025-01-10,2025-01-08,Poland,Wroclaw,13.21
106626,321,2024-12-31,2025-01-12,2025-01-06,France,Paris,23.92
106627,118,2024-12-31,2025-01-06,2025-01-03,Germany,Frankfurt,9.92
106628,59,2024-12-31,2025-01-12,2025-01-03,Austria,Salzburg,32.86
106629,472,2024-12-31,2025-01-05,2025-01-02,Czech Republic,Brno,31.21
106630,426,2024-12-31,2025-01-12,2025-01-09,France,Marseille,13.85
106631,372,2025-01-01,2025-01-11,2025-01-03,United Kingdom,Manchester,12.41
106632,484,2025-01-01,2025-01-06,2025-01-07,Czech Republic,Brno,7.95
106633,184,2025-01-01,2025-01-09,2025-01-03,Germany,Berlin,17.97
106634,57,2025-01-01,2025-01-13,2025-01-09,United Kingdom,Manchester,21.88
106635,423,2025-01-02,2025-01-07,2025-01-09,Spain,Barcelona,18.49
106636,206,2025-01-02,2025-01-09,2025-01-12,Germany,Hamburg,10.52
106637,258,2025-01-02,2025-01-05,2025-01-07,Netherlands,Eindhoven,33.16
106638,475,2025-01-02,2025-01-12,2025-01-12,Poland,Wroclaw,6.14
106639,235,2025-01-02,2025-01-11,2025-01-08,Italy,Turin,21.3
106640,463,2025-01-02,2025-01-05,2025-01-05,Spain,Madrid,8.11
106641,429,2025-01-02,2025-01-11,2025-01-03,Netherlands,Rotterdam,18.59
106642,231,2025-01-02,2025-01-05,2025-01-05,Sweden,Stockholm,7.01
106643,44,2025-01-03,2025-01-09,2025-01-07,Spain,Madrid,17.92
106644,269,2025-01-03,2025-01-12,2025-01-09,Norway,Bergen,16.73
106645,369,2025-01-03,2025-01-11,2025-01-08,Czech Republic,Brno,14.91
106646,241,2025-01-03,2025-01-15,2025-01-09,USA,New York,18.87
106647,341,2025-01-03,2025-01-15,,Italy,Rome,6.7
106648,250,2025-01-03,2025-01-16,2025-01-05,Czech Republic,Pilsen,23.06
106649,405,2025-01-03,2025-01-09,,Netherlands,Amsterdam,10.73
106650,449,2025-01-03,2025-01-14,2025-01-05,Poland,Krakow,31.78
106651,481,2025-01-04,2025-01-13,2025-01-11,Germany,Frankfurt,30.29
106652,97,2025-01-04,2025-01-08,,Poland,Gdansk,21.29
106653,258,2025-01-04,2025-01-12,2025-01-12,Netherlands,Eindhoven,15.13
106654,284,2025-01-04,2025-01-15,2025-01-09,United Kingdom,Liverpool,15.97
106655,423,2025-01-04,2025-01-11,2025-01-10,Spain,Barcelona,11.42
106656,387,2025-01-04,2025-01-08,2025-01-06,Spain,Bilbao,22.04
106657,258,2025-01-05,2025-01-12,,Netherlands,Eindhoven,37.46
106658,234,2025-01-05,2025-01-15,2025-01-16,United Kingdom,Bristol,26.31
106659,94,2025-01-05,2025-01-14,2025-01-16,Czech Republic,Brno,25.82
106660,253,2025-01-05,2025-01-18,,Germany,Hamburg,10.16
106661,461,2025-01-06,2025-01-17,2025-01-07,Italy,Turin,33.97
106662,437,2025-01-06,2025-01-19,2025-01-12,Poland,Lodz,46.4
106663,371,2025-01-06,2025-01-15,2025-01-13,France,Paris,8.32
106664,25,2025-01-06,2025-01-16,2025-01-16,Netherlands,Amsterdam,18.81
106665,13,2025-01-06,2025-01-10,2025-01-17,Italy,Florence,15.26
106666,484,2025-01-07,2025-01-16,,Czech Republic,Brno,10.93
106667,465,2025-01-07,2025-01-10,2025-01-10,France,Paris,13.63
106668,140,2025-01-07,2025-01-18,2025-01-14,Germany,Berlin,20.91
106669,51,2025-01-07,2025-01-19,2025-01-15,Austria,Graz,12.95
106670,90,2025-01-07,2025-01-20,,Italy,Naples,8.97
106671,62,2025-01-07,2025-01-16,2025-01-09,Poland,Lodz,20.31
106672,355,2025-01-07,2025-01-18,2025-01-14,Germany,Hamburg,22.88
106673,347,2025-01-07,2025-01-11,2025-01-14,Canada,Ottawa,11.18
106674,326,2025-01-07,2025-01-11,2025-01-14,Poland,Poznan,7.95
106675,37,2025-01-08,2025-01-16,,Spain,Valencia,63.55
106676,420,2025-01-08,2025-01-20,2025-01-16,Poland,Krakow,14.36
106677,410,2025-01-08,2025-01-15,2025-01-19,Netherlands,Rotterdam,16.35
106678,45,2025-01-08,2025-01-19,2025-01-16,Netherlands,Rotterdam,7.12
106679,399,2025-01-08,2025-01-19,2025-01-14,Poland,Poznan,25.24
106680,326,2025-01-08,2025-01-17,2025-01-09,Poland,Poznan,12.02
106681,131,2025-01-08,2025-01-16,2025-01-09,Spain,Seville,20.61
106682,88,2025-01-08,2025-01-12,2025-01-15,Norway,Stavanger,5.82
106683,148,2025-01-08,2025-01-12,2025-01-14,Germany,Berlin,4.61
106684,22,2025-01-09,2025-01-15,2025-01-11,USA,New York,20.5
106685,464,2025-01-09,2025-01-12,2025-01-12,Spain,Barcelona,6.65
106686,359,2025-01-09,2025-01-12,2025-01-11,France,Paris,14.21
106687,123,2025-01-09,2025-01-22,2025-01-12,Sweden,Uppsala,26.94
106688,223,2025-01-09,2025-01-14,2025-01-19,Germany,Berlin,45.45
106689,280,2025-01-09,2025-01-19,2025-01-13,United Kingdom,Liverpool,7.32
106690,371,2025-01-09,2025-01-14,2025-01-19,France,Paris,20.64
106691,413,2025-01-10,2025-01-21,2025-01-15,Germany,Hamburg,9.84
106692,475,2025-01-10,2025-01-15,2025-01-17,Poland,Wroclaw,13.29
106693,107,2025-01-10,2025-01-22,2025-01-20,Italy,Turin,30.08
106694,239,2025-01-10,2025-01-18,2025-01-14,Canada,Toronto,29.97
106695,269,2025-01-10,2025-01-18,2025-01-12,Norway,Bergen,12.23
106696,258,2025-01-10,2025-01-19,2025-01-16,Netherlands,Eindhoven,19.5
106697,226,2025-01-10,2025-01-13,2025-01-12,France,Nice,7.9
106698,37,2025-01-10,2025-01-14,2025-01-11,Spain,Valencia,8.77
106699,116,2025-01-10,2025-01-23,2025-01-21,Spain,Barcelona,18.24
106700,472,2025-01-10,2025-01-19,2025-01-14,Czech Republic,Brno,14.63
106701,425,2025-01-11,2025-01-23,2025-01-13,Czech Republic,Prague,45.19
106702,250,2025-01-11,2025-01-16,2025-01-18,Czech Republic,Pilsen,12.7
106703,92,2025-01-11,2025-01-21,2025-01-22,Austria,Vienna,10.8
106704,258,2025-01-11,2025-01-24,2025-01-16,Netherlands,Eindhoven,11.76
106705,252,2025-01-11,2025-01-16,2025-01-16,Netherlands,Amsterdam,13.03
106706,159,2025-01-11,2025-01-24,2025-01-16,United Kingdom,Liverpool,22.83
106707,394,2025-01-12,2025-01-22,2025-01-18,Canada,Calgary,28.1
106708,413,2025-01-12,2025-01-15,2025-01-21,Germany,Hamburg,9.83
106709,398,2025-01-12,2025-01-19,2025-01-17,Poland,Wroclaw,27.16
106710,22,2025-01-12,2025-01-24,2025-01-19,USA,New York,27.09
106711,463,2025-01-13,2025-01-24,2025-01-24,Spain,Madrid,37.57
106712,234,2025-01-13,2025-01-17,,United Kingdom,Bristol,23.44
106713,213,2025-01-13,2025-01-18,2025-01-20,USA,Chicago,7.02
106714,205,2025-01-13,2025-01-23,2025-01-22,Poland,Wroclaw,26.24
106715,140,2025-01-13,2025-01-26,2025-01-20,Germany,Berlin,6.47
106716,308,2025-01-13,2025-01-16,2025-01-23,Canada,Toronto,27.11
106717,484,2025-01-13,2025-01-26,2025-01-17,Czech Republic,Brno,28.37
106718,351,2025-01-13,2025-01-23,2025-01-20,Italy,Florence,28.1
106719,423,2025-01-13,2025-01-24,2025-01-23,Spain,Barcelona,18.52
106720,300,2025-01-13,2025-01-20,2025-01-21,Netherlands,Eindhoven,11.84
106721,26,2025-01-13,2025-01-21,2025-01-24,USA,Chicago,30.22
106722,116,2025-01-13,2025-01-18,2025-01-21,Spain,Barcelona,9.61
106723,170,2025-01-13,2025-01-21,2025-01-23,Netherlands,Utrecht,20.05
106724,148,2025-01-13,2025-01-24,2025-01-24,Germany,Berlin,20.37
106725,87,2025-01-14,2025-01-17,2025-01-25,Austria,Graz,50.41
106726,99,2025-01-14,2025-01-27,2025-01-23,Canada,Vancouver,6.53
106727,165,2025-01-14,2025-01-24,2025-01-23,Netherlands,Eindhoven,14.37
106728,432,2025-01-14,2025-01-25,2025-01-19,Poland,Wroclaw,20.23
106729,398,2025-01-14,2025-01-19,2025-01-24,Poland,Wroclaw,17.1
106730,258,2025-01-15,2025-01-24,2025-01-19,Netherlands,Eindhoven,15.39
106731,3,2025-01-15,2025-01-24,2025-01-21,Spain,Bilbao,11.03
106732,424,2025-01-15,2025-01-23,2025-01-22,United Kingdom,Bristol,33.96
106733,81,2025-01-15,2025-01-18,2025-01-22,Germany,Munich,12.63
106734,450,2025-01-15,2025-01-22,2025-01-25,Poland,Wroclaw,30.36
106735,477,2025-01-15,2025-01-28,2025-01-23,Germany,Cologne,28.71
106736,251,2025-01-15,2025-01-21,2025-01-22,United Kingdom,Bristol,14.2
106737,33,2025-01-15,2025-01-23,,USA,Seattle,29.73
106738,24,2025-01-15,2025-01-27,2025-01-22,Poland,Warsaw,10.08
106739,14,2025-01-15,2025-01-21,2025-01-26,Netherlands,Eindhoven,14.98
106740,184,2025-01-15,2025-01-22,2025-01-18,Germany,Berlin,28.64
106741,264,2025-01-15,2025-01-22,2025-01-25,United Kingdom,London,11.12
106742,391,2025-01-15,2025-01-22,2025-01-25,Germany,Berlin,12.8
106743,472,2025-01-15,2025-01-27,2025-01-23,Czech Republic,Brno,40.56
106744,453,2025-01-16,2025-01-25,2025-01-22,United Kingdom,Manchester,10.6
106745,37,2025-01-16,2025-01-27,2025-01-24,Spain,Valencia,11.63
106746,55,2025-01-16,2025-01-29,2025-01-17,USA,Seattle,15.06
106747,307,2025-01-16,2025-01-26,2025-01-19,USA,Boston,28.86
106748,83,2025-01-16,2025-01-27,2025-01-21,United Kingdom,Manchester,21.2
106749,286,2025-01-16,2025-01-25,2025-01-22,Spain,Bilbao,24.18
106750,430,2025-01-16,2025-01-28,2025-01-19,Germany,Hamburg,25.76
106751,122,2025-01-16,2025-01-20,2025-01-24,Poland,Krakow,11.31
106752,336,2025-01-17,2025-01-26,2025-01-23,Poland,Poznan,21.99
106753,210,2025-01-17,2025-01-26,2025-01-20,USA,Austin,33.17
106754,22,2025-01-17,2025-01-24,2025-01-18,USA,New York,21.89
106755,426,2025-01-17,2025-01-21,2025-01-24,France,Marseille,17.74
106756,329,2025-01-17,2025-01-26,2025-01-19,Poland,Wroclaw,13.34
106757,432,2025-01-17,2025-01-27,2025-01-28,Poland,Wroclaw,26.16
106758,153,2025-01-17,2025-01-25,2025-01-22,Norway,Bergen,16.7
106759,141,2025-01-17,2025-01-29,2025-01-25,Spain,Madrid,6.85
106760,15,2025-01-17,2025-01-20,2025-01-24,Spain,Seville,13.43
106761,104,2025-01-17,2025-01-26,2025-01-22,United Kingdom,London,16.09
106762,46,2025-01-17,2025-01-21,2025-01-23,Germany,Hamburg,4.95
106763,90,2025-01-17,2025-01-30,2025-01-21,Italy,Naples,3.35
106764,465,2025-01-18,2025-01-26,2025-01-25,France,Paris,43.53
106765,355,2025-01-18,2025-01-21,2025-01-24,Germany,Hamburg,9.78
106766,483,2025-01-18,2025-01-21,2025-01-29,Sweden,Gothenburg,23.13
106767,247,2025-01-18,2025-01-30,2025-01-26,Germany,Hamburg,8.72
106768,44,2025-01-18,2025-01-30,2025-01-20,Spain,Madrid,49.53
106769,423,2025-01-18,2025-01-22,2025-01-23,Spain,Barcelona,8.15
106770,111,2025-01-18,2025-01-26,2025-01-28,Spain,Bilbao,14.95
106771,58,2025-01-18,2025-01-22,2025-01-22,Czech Republic,Ostrava,22.65
106772,103,2025-01-18,2025-01-30,2025-01-19,Poland,Gdansk,17.81
106773,318,2025-01-19,2025-01-28,2025-01-29,Poland,Warsaw,14.98
106774,226,2025-01-19,2025-01-31,2025-01-29,France,Nice,14.23
106775,307,2025-01-19,2025-01-23,2025-01-23,USA,Boston,12.34
106776,2,2025-01-19,2025-01-23,2025-01-28,United Kingdom,Bristol,14.42
106777,298,2025-01-19,2025-01-31,2025-01-28,USA,Boston,22.07
106778,83,2025-01-19,2025-01-22,2025-01-28,United Kingdom,Manchester,16.78
106779,116,2025-01-19,2025-01-23,2025-01-26,Spain,Barcelona,19.64
106780,62,2025-01-19,2025-02-01,2025-01-28,Poland,Lodz,12.95
106781,235,2025-01-19,2025-01-25,2025-01-26,Italy,Turin,14.19
106782,355,2025-01-20,2025-02-02,2025-01-23,Germany,Hamburg,7.05
106783,178,2025-01-20,2025-01-25,2025-01-28,United Kingdom,Liverpool,24.76
106784,228,2025-01-20,2025-02-01,2025-01-24,Austria,Linz,7.41
106785,394,2025-01-20,2025-01-31,2025-01-27,Canada,Calgary,28.02
106786,120,2025-01-20,2025-02-02,2025-01-27,Netherlands,Utrecht,13.97
106787,386,2025-01-20,2025-01-25,2025-01-28,France,Marseille,17.15
106788,238,2025-01-21,2025-01-24,2025-01-23,Germany,Hamburg,21.7
106789,110,2025-01-21,2025-02-01,2025-01-25,USA,Boston,25.99
106790,99,2025-01-21,2025-01-25,2025-01-24,Canada,Vancouver,9.72
106791,140,2025-01-21,2025-01-31,2025-01-30,Germany,Berlin,13.33
106792,22,2025-01-21,2025-01-29,2025-01-26,USA,New York,10.31
106793,280,2025-01-21,2025-01-24,2025-01-31,United Kingdom,Liverpool,6.75
106794,199,2025-01-21,2025-02-03,2025-01-25,Norway,Bergen,19.56
106795,103,2025-01-21,2025-01-24,2025-01-31,Poland,Gdansk,16.45
106796,55,2025-01-21,2025-02-03,2025-01-24,USA,Seattle,25.33
106797,369,2025-01-22,2025-01-30,2025-02-01,Czech Republic,Brno,57.45
106798,180,2025-01-22,2025-01-29,2025-01-24,Sweden,Uppsala,7.0
106799,234,2025-01-22,2025-02-02,2025-01-26,United Kingdom,Bristol,33.19
106800,396,2025-01-22,2025-02-04,,United Kingdom,Manchester,6.93
106801,475,2025-01-22,2025-01-27,2025-01-23,Poland,Wroclaw,19.8
106802,37,2025-01-22,2025-01-25,2025-01-31,Spain,Valencia,15.41
106803,58,2025-01-22,2025-02-01,2025-01-27,Czech Republic,Ostrava,40.79
106804,236,2025-01-22,2025-01-31,2025-01-26,Canada,Calgary,13.19
106805,99,2025-01-23,2025-02-02,2025-01-27,Canada,Vancouver,13.47
106806,162,2025-01-23,2025-02-03,2025-02-02,Poland,Lodz,19.42
106807,484,2025-01-23,2025-02-01,2025-01-31,Czech Republic,Brno,16.29
106808,70,2025-01-23,2025-01-30,2025-01-27,Spain,Madrid,17.25
106809,394,2025-01-23,2025-02-01,2025-02-03,Canada,Calgary,17.0
106810,371,2025-01-23,2025-02-04,2025-01-28,France,Paris,20.39
106811,233,2025-01-23,2025-01-27,2025-01-27,Poland,Gdansk,21.72
106812,323,2025-01-23,2025-01-30,,Czech Republic,Ostrava,5.33
106813,90,2025-01-24,2025-01-29,2025-01-25,Italy,Naples,12.23
106814,118,2025-01-24,2025-02-02,2025-01-27,Germany,Frankfurt,22.4
106815,342,2025-01-24,2025-02-06,2025-01-25,United Kingdom,Manchester,10.67
106816,338,2025-01-24,2025-02-05,2025-02-01,United Kingdom,Liverpool,10.55
106817,162,2025-01-24,2025-02-05,2025-01-27,Poland,Lodz,12.79
106818,373,2025-01-24,2025-01-31,2025-01-26,United Kingdom,Bristol,31.56
106819,186,2025-01-24,2025-01-27,2025-02-01,Netherlands,Eindhoven,31.35
106820,165,2025-01-24,2025-01-27,2025-02-01,Netherlands,Eindhoven,6.87
106821,263,2025-01-24,2025-02-06,2025-01-31,Germany,Cologne,18.26
106822,154,2025-01-24,2025-02-02,,France,Marseille,70.62
106823,466,2025-01-24,2025-02-04,2025-02-01,United Kingdom,Bristol,10.95
106824,345,2025-01-24,2025-01-27,2025-01-28,Poland,Gdansk,15.61
106825,81,2025-01-24,2025-01-27,2025-01-31,Germany,Munich,17.87
106826,298,2025-01-24,2025-02-06,2025-01-31,USA,Boston,8.69
106827,30,2025-01-24,2025-02-04,2025-01-28,Germany,Frankfurt,9.38
106828,231,2025-01-24,2025-01-27,2025-01-30,Sweden,Stockholm,19.29
106829,93,2025-01-25,2025-02-02,2025-01-29,Canada,Vancouver,20.5
106830,162,2025-01-25,2025-02-02,2025-01-26,Poland,Lodz,10.99
106831,65,2025-01-25,2025-02-01,2025-02-04,Austria,Salzburg,13.37
106832,492,2025-01-25,2025-01-30,2025-01-27,United Kingdom,Leeds,33.27
106833,154,2025-01-25,2025-02-06,2025-02-02,France,Marseille,47.32
106834,423,2025-01-25,2025-01-31,2025-02-02,Spain,Barcelona,18.86
106835,423,2025-01-26,2025-02-02,2025-01-30,Spain,Barcelona,14.31
106836,351,2025-01-26,2025-02-06,2025-02-06,Italy,Florence,4.84
106837,440,2025-01-26,2025-01-29,2025-01-30,Netherlands,Rotterdam,22.65
106838,90,2025-01-26,2025-01-29,,Italy,Naples,11.56
106839,49,2025-01-26,2025-02-06,2025-01-30,Canada,Montreal,6.41
106840,479,2025-01-26,2025-02-01,,Poland,Wroclaw,21.49
106841,443,2025-01-26,2025-02-04,2025-02-06,Spain,Bilbao,23.41
106842,444,2025-01-27,2025-02-04,2025-01-28,Netherlands,Rotterdam,11.13
106843,436,2025-01-27,2025-01-31,,Italy,Florence,14.24
106844,38,2025-01-27,2025-02-05,2025-02-07,Netherlands,Amsterdam,18.87
106845,102,2025-01-27,2025-02-01,2025-02-01,Poland,Poznan,14.71
106846,319,2025-01-27,2025-02-08,2025-01-29,Italy,Milan,6.5
106847,138,2025-01-27,2025-02-01,2025-01-28,Italy,Florence,4.09
106848,338,2025-01-27,2025-02-07,2025-02-05,United Kingdom,Liverpool,11.56
106849,98,2025-01-27,2025-02-04,2025-02-02,France,Paris,15.41
106850,412,2025-01-27,2025-02-07,2025-01-31,Germany,Cologne,19.19
106851,405,2025-01-27,2025-02-04,2025-01-29,Netherlands,Amsterdam,9.77
106852,13,2025-01-27,2025-02-05,2025-01-28,Italy,Florence,25.52
106853,22,2025-01-28,2025-02-04,2025-02-03,USA,New York,11.8
106854,419,2025-01-28,2025-02-01,2025-02-05,Germany,Cologne,26.36
106855,33,2025-01-28,2025-02-08,2025-02-08,USA,Seattle,40.58
106856,44,2025-01-28,2025-01-31,2025-02-06,Spain,Madrid,15.14
106857,250,2025-01-28,2025-02-03,2025-02-05,Czech Republic,Pilsen,9.75
106858,26,2025-01-28,2025-02-07,2025-02-03,USA,Chicago,7.77
106859,234,2025-01-28,2025-02-09,2025-02-06,United Kingdom,Bristol,32.59
106860,122,2025-01-29,2025-02-08,2025-02-05,Poland,Krakow,33.91
106861,85,2025-01-29,2025-02-09,2025-01-30,United Kingdom,London,15.67
106862,59,2025-01-29,2025-02-02,2025-01-31,Austria,Salzburg,14.43
106863,484,2025-01-29,2025-02-05,2025-02-04,Czech Republic,Brno,14.9
106864,48,2025-01-29,2025-02-02,2025-02-05,USA,Denver,24.03
106865,231,2025-01-29,2025-02-10,2025-02-01,Sweden,Stockholm,7.43
106866,372,2025-01-29,2025-02-05,2025-02-01,United Kingdom,Manchester,3.88
106867,30,2025-01-30,2025-02-09,2025-02-08,Germany,Frankfurt,13.34
106868,198,2025-01-30,2025-02-02,2025-02-02,Poland,Gdansk,20.1
106869,213,2025-01-30,2025-02-02,,USA,Chicago,20.72
106870,50,2025-01-30,2025-02-10,,Poland,Wroclaw,11.24
106871,204,2025-01-30,2025-02-04,2025-02-08,Poland,Gdansk,10.64
106872,32,2025-01-30,2025-02-06,2025-02-02,United Kingdom,Manchester,32.87
106873,269,2025-01-30,2025-02-02,2025-02-04,Norway,Bergen,20.57
106874,303,2025-01-31,2025-02-03,2025-02-07,Italy,Turin,21.54
106875,394,2025-01-31,2025-02-09,2025-02-09,Canada,Calgary,9.14
106876,115,2025-01-31,2025-02-03,2025-02-02,USA,Denver,6.49
106877,98,2025-01-31,2025-02-10,2025-02-05,France,Paris,18.73
106878,73,2025-01-31,2025-02-13,2025-02-03,USA,Denver,64.06
106879,306,2025-01-31,2025-02-06,2025-02-07,Czech Republic,Ostrava,9.57
106880,227,2025-01-31,2025-02-04,2025-02-02,Germany,Frankfurt,4.46
106881,352,2025-01-31,2025-02-06,2025-02-09,Poland,Krakow,18.63
106882,248,2025-01-31,2025-02-12,2025-02-05,Poland,Wroclaw,5.14
106883,338,2025-01-31,2025-02-13,2025-02-11,United Kingdom,Liverpool,13.61
106884,380,2025-02-01,2025-02-13,2025-02-06,Netherlands,Rotterdam,11.68
106885,399,2025-02-01,2025-02-12,2025-02-06,Poland,Poznan,16.89
106886,120,2025-02-01,2025-02-05,2025-02-03,Netherlands,Utrecht,38.75
106887,254,2025-02-01,2025-02-07,2025-02-05,USA,Chicago,10.73
106888,318,2025-02-01,2025-02-05,2025-02-12,Poland,Warsaw,7.65
106889,255,2025-02-01,2025-02-08,2025-02-02,Austria,Graz,31.51
106890,148,2025-02-01,2025-02-08,2025-02-08,Germany,Berlin,16.33
106891,484,2025-02-01,2025-02-05,2025-02-02,Czech Republic,Brno,28.4
106892,65,2025-02-02,2025-02-15,2025-02-07,Austria,Salzburg,41.44
106893,110,2025-02-02,2025-02-10,2025-02-09,USA,Boston,26.35
106894,364,2025-02-02,2025-02-10,2025-02-06,Sweden,Uppsala,10.01
106895,91,2025-02-02,2025-02-15,2025-02-13,Poland,Lodz,14.1
106896,181,2025-02-02,2025-02-12,2025-02-12,Germany,Munich,34.35
106897,104,2025-02-02,2025-02-12,,United Kingdom,London,4.6
106898,260,2025-02-02,2025-02-08,2025-02-08,Norway,Oslo,15.45
106899,26,2025-02-02,2025-02-08,2025-02-12,USA,Chicago,16.61
106900,226,2025-02-02,2025-02-13,,France,Nice,10.68
106901,305,2025-02-02,2025-02-06,2025-02-13,France,Marseille,22.73
106902,59,2025-02-03,2025-02-16,2025-02-09,Austria,Salzburg,8.51
106903,440,2025-02-03,2025-02-14,2025-02-11,Netherlands,Rotterdam,21.27
106904,78,2025-02-03,2025-02-08,2025-02-10,United Kingdom,London,16.54
106905,171,2025-02-03,2025-02-07,2025-02-07,Poland,Gdansk,6.45
106906,453,2025-02-03,2025-02-09,2025-02-10,United Kingdom,Manchester,38.14
106907,39,2025-02-03,2025-02-06,2025-02-13,Poland,Wroclaw,15.32
106908,449,2025-02-03,2025-02-12,2025-02-10,Poland,Krakow,21.1
106909,410,2025-02-04,2025-02-13,2025-02-06,Netherlands,Rotterdam,47.1
106910,145,2025-02-04,2025-02-13,2025-02-09,Poland,Lodz,28.18
106911,153,2025-02-04,2025-02-07,2025-02-15,Norway,Bergen,10.65
106912,443,2025-02-04,2025-02-12,2025-02-14,Spain,Bilbao,9.34
106913,357,2025-02-04,2025-02-14,2025-02-07,Italy,Turin,6.01
106914,215,2025-02-04,2025-02-13,2025-02-15,Italy,Milan,25.18
106915,474,2025-02-05,2025-02-15,,Czech Republic,Pilsen,12.21
106916,164,2025-02-05,2025-02-16,2025-02-07,Netherlands,Eindhoven,43.48
106917,498,2025-02-05,2025-02-18,2025-02-12,France,Nice,8.62
106918,99,2025-02-05,2025-02-10,2025-02-07,Canada,Vancouver,10.17
106919,224,2025-02-05,2025-02-15,2025-02-09,Spain,Barcelona,9.8
106920,25,2025-02-06,2025-02-13,2025-02-13,Netherlands,Amsterdam,9.39
106921,280,2025-02-06,2025-02-12,2025-02-07,United Kingdom,Liverpool,28.45
106922,182,2025-02-06,2025-02-13,2025-02-12,Canada,Ottawa,9.19
106923,41,2025-02-06,2025-02-17,2025-02-14,Germany,Hamburg,15.19
106924,303,2025-02-06,2025-02-10,2025-02-14,Italy,Turin,16.13
106925,320,2025-02-06,2025-02-12,2025-02-07,Italy,Florence,22.06
106926,104,2025-02-07,2025-02-11,2025-02-08,United Kingdom,London,25.48
106927,426,2025-02-07,2025-02-16,2025-02-16,France,Marseille,22.02
106928,90,2025-02-07,2025-02-18,2025-02-14,Italy,Naples,6.03
106929,369,2025-02-07,2025-02-15,2025-02-13,Czech Republic,Brno,8.21
106930,182,2025-02-07,2025-02-11,2025-02-10,Canada,Ottawa,8.23
106931,498,2025-02-07,2025-02-19,,France,Nice,5.7
106932,142,2025-02-07,2025-02-18,2025-02-12,Czech Republic,Brno,5.99
106933,227,2025-02-07,2025-02-15,2025-02-14,Germany,Frankfurt,17.85
106934,167,2025-02-07,2025-02-11,2025-02-08,USA,Chicago,29.45
106935,424,2025-02-07,2025-02-20,2025-02-16,United Kingdom,Bristol,11.98
106936,453,2025-02-07,2025-02-20,2025-02-09,United Kingdom,Manchester,12.75
106937,338,2025-02-07,2025-02-13,2025-02-11,United Kingdom,Liverpool,22.97
106938,295,2025-02-07,2025-02-11,2025-02-16,USA,Chicago,5.56
106939,311,2025-02-07,2025-02-14,2025-02-14,Germany,Berlin,8.11
106940,354,2025-02-07,2025-02-19,2025-02-15,USA,Denver,9.88
106941,324,2025-02-07,2025-02-13,2025-02-12,Czech Republic,Ostrava,26.05
106942,148,2025-02-07,2025-02-13,2025-02-08,Germany,Berlin,27.18
106943,196,2025-02-07,2025-02-12,2025-02-10,Germany,Hamburg,18.0
106944,338,2025-02-07,2025-02-16,2025-02-09,United Kingdom,Liverpool,13.23
106945,44,2025-02-08,2025-02-12,2025-02-19,Spain,Madrid,31.81
106946,397,2025-02-08,2025-02-13,2025-02-16,Poland,Warsaw,16.36
106947,307,2025-02-08,2025-02-13,2025-02-16,USA,Boston,16.23
106948,305,2025-02-08,2025-02-14,2025-02-13,France,Marseille,56.58
106949,350,2025-02-09,2025-02-15,2025-02-13,Germany,Munich,27.26
106950,184,2025-02-09,2025-02-22,2025-02-10,Germany,Berlin,25.6
106951,99,2025-02-09,2025-02-21,2025-02-18,Canada,Vancouver,10.05
106952,397,2025-02-09,2025-02-22,,Poland,Warsaw,16.93
106953,334,2025-02-09,2025-02-20,2025-02-11,USA,New York,8.57
106954,2,2025-02-09,2025-02-17,2025-02-12,United Kingdom,Bristol,17.43
106955,258,2025-02-09,2025-02-20,2025-02-11,Netherlands,Eindhoven,11.34
106956,138,2025-02-10,2025-02-15,2025-02-19,Italy,Florence,5.07
106957,419,2025-02-10,2025-02-15,2025-02-11,Germany,Cologne,25.38
106958,213,2025-02-10,2025-02-16,2025-02-21,USA,Chicago,48.28
106959,436,2025-02-10,2025-02-13,2025-02-13,Italy,Florence,15.14
106960,57,2025-02-10,2025-02-21,2025-02-21,United Kingdom,Manchester,25.03
106961,464,2025-02-10,2025-02-22,2025-02-19,Spain,Barcelona,30.84
106962,5,2025-02-10,2025-02-13,2025-02-18,Poland,Wroclaw,9.11
106963,255,2025-02-10,2025-02-14,2025-02-13,Austria,Graz,6.79
106964,34,2025-02-10,2025-02-18,2025-02-18,Canada,Vancouver,8.55
106965,267,2025-02-11,2025-02-17,,Germany,Munich,33.43
106966,204,2025-02-11,2025-02-17,,Poland,Gdansk,22.03
106967,397,2025-02-11,2025-02-23,2025-02-20,Poland,Warsaw,13.22
106968,285,2025-02-11,2025-02-20,2025-02-21,Austria,Linz,10.15
106969,412,2025-02-12,2025-02-19,2025-02-16,Germany,Cologne,13.38
106970,162,2025-02-12,2025-02-20,2025-02-14,Poland,Lodz,20.25
106971,201,2025-02-12,2025-02-20,2025-02-21,United Kingdom,Manchester,23.98
106972,458,2025-02-12,2025-02-22,2025-02-14,Netherlands,Amsterdam,26.54
106973,365,2025-02-12,2025-02-24,2025-02-20,Sweden,Uppsala,28.26
106974,188,2025-02-12,2025-02-18,2025-02-14,Poland,Gdansk,29.94
106975,430,2025-02-12,2025-02-24,2025-02-17,Germany,Hamburg,22.31
106976,204,2025-02-13,2025-02-17,2025-02-15,Poland,Gdansk,9.05
106977,88,2025-02-13,2025-02-21,2025-02-18,Norway,Stavanger,18.8
106978,410,2025-02-13,2025-02-26,2025-02-19,Netherlands,Rotterdam,44.26
106979,153,2025-02-13,2025-02-16,2025-02-18,Norway,Bergen,22.49
106980,294,2025-02-13,2025-02-24,2025-02-22,Germany,Berlin,22.16
106981,305,2025-02-14,2025-02-17,2025-02-19,France,Marseille,6.69
106982,162,2025-02-14,2025-02-17,2025-02-22,Poland,Lodz,30.95
106983,234,2025-02-14,2025-02-20,2025-02-22,United Kingdom,Bristol,36.6
106984,443,2025-02-14,2025-02-24,2025-02-23,Spain,Bilbao,18.45
106985,56,2025-02-14,2025-02-17,2025-02-16,Poland,Poznan,21.73
106986,90,2025-02-14,2025-02-23,2025-02-19,Italy,Naples,9.69
106987,179,2025-02-14,2025-02-27,,USA,Denver,14.71
106988,115,2025-02-14,2025-02-25,2025-02-25,USA,Denver,10.2
106989,255,2025-02-15,2025-02-26,2025-02-18,Austria,Graz,13.53
106990,380,2025-02-15,2025-02-18,2025-02-19,Netherlands,Rotterdam,21.08
106991,59,2025-02-15,2025-02-22,2025-02-20,Austria,Salzburg,8.69
106992,13,2025-02-15,2025-02-26,2025-02-26,Italy,Florence,10.17
106993,189,2025-02-15,2025-02-22,2025-02-21,France,Lyon,7.78
106994,279,2025-02-16,2025-02-20,,Austria,Salzburg,16.8
106995,421,2025-02-16,2025-02-24,,Poland,Warsaw,8.68
106996,447,2025-02-16,2025-02-19,2025-02-27,United Kingdom,Bristol,14.83
106997,180,2025-02-16,2025-02-24,2025-02-18,Sweden,Uppsala,23.07
106998,265,2025-02-16,2025-02-23,2025-02-25,Poland,Krakow,35.76
106999,250,2025-02-16,2025-02-24,2025-02-19,Czech Republic,Pilsen,48.82
107000,236,2025-02-16,2025-02-25,2025-02-17,Canada,Calgary,5.11
107001,370,2025-02-17,2025-03-02,2025-02-20,Germany,Munich,8.15
107002,394,2025-02-17,2025-02-21,2025-02-21,Canada,Calgary,46.03
107003,197,2025-02-17,2025-02-22,2025-02-21,Germany,Munich,16.11
107004,331,2025-02-17,2025-02-25,2025-02-21,Poland,Poznan,48.13
107005,90,2025-02-17,2025-02-27,2025-02-22,Italy,Naples,30.31
107006,361,2025-02-17,2025-02-23,2025-02-28,United Kingdom,Leeds,41.32
107007,19,2025-02-17,2025-02-28,2025-02-25,USA,Denver,10.98
107008,422,2025-02-17,2025-02-22,2025-02-23,Spain,Seville,39.32
107009,298,2025-02-17,2025-02-23,2025-02-23,USA,Boston,14.23
107010,88,2025-02-17,2025-02-21,2025-02-25,Norway,Stavanger,26.5
107011,295,2025-02-17,2025-02-23,2025-02-26,USA,Chicago,14.61
107012,337,2025-02-17,2025-02-24,2025-02-19,Canada,Toronto,12.01
107013,165,2025-02-17,2025-02-26,2025-02-27,Netherlands,Eindhoven,11.53
107014,429,2025-02-17,2025-02-20,2025-02-19,Netherlands,Rotterdam,31.16
107015,272,2025-02-18,2025-02-23,,Germany,Munich,11.68
107016,380,2025-02-18,2025-03-01,2025-02-22,Netherlands,Rotterdam,4.23
107017,463,2025-02-18,2025-02-27,2025-03-01,Spain,Madrid,6.63
107018,155,2025-02-18,2025-03-03,2025-02-26,Spain,Madrid,36.46
107019,394,2025-02-18,2025-02-27,2025-02-22,Canada,Calgary,33.1
107020,19,2025-02-18,2025-03-01,2025-02-26,USA,Denver,39.75
107021,111,2025-02-18,2025-02-25,2025-02-27,Spain,Bilbao,9.49
107022,184,2025-02-19,2025-02-23,2025-02-26,Germany,Berlin,14.88
107023,132,2025-02-19,2025-02-25,2025-02-22,Netherlands,Utrecht,25.87
107024,177,2025-02-19,2025-03-04,2025-02-25,Germany,Hamburg,63.29
107025,23,2025-02-19,2025-03-03,2025-02-22,USA,Chicago,6.73
107026,306,2025-02-19,2025-02-26,2025-02-27,Czech Republic,Ostrava,10.15
107027,191,2025-02-19,2025-03-02,2025-02-22,USA,Seattle,15.82
107028,163,2025-02-19,2025-02-28,2025-02-24,Spain,Madrid,9.67
107029,308,2025-02-19,2025-02-25,2025-02-21,Canada,Toronto,4.91
107030,122,2025-02-19,2025-02-27,2025-02-26,Poland,Krakow,17.06
107031,271,2025-02-19,2025-02-25,2025-03-02,USA,Chicago,7.72
107032,260,2025-02-20,2025-03-05,2025-02-27,Norway,Oslo,34.67
107033,172,2025-02-20,2025-03-05,2025-02-24,Norway,Trondheim,10.36
107034,172,2025-02-20,2025-02-26,2025-03-03,Norway,Trondheim,5.24
107035,475,2025-02-20,2025-02-24,2025-02-27,Poland,Wroclaw,10.16
107036,295,2025-02-20,2025-02-24,2025-02-26,USA,Chicago,16.63
107037,444,2025-02-21,2025-03-02,2025-03-01,Netherlands,Rotterdam,17.02
107038,493,2025-02-21,2025-03-06,2025-02-27,Spain,Bilbao,19.5
107039,305,2025-02-22,2025-03-06,2025-03-01,France,Marseille,20.62
107040,209,2025-02-22,2025-03-01,,United Kingdom,Manchester,6.27
107041,475,2025-02-22,2025-02-27,,Poland,Wroclaw,14.66
107042,147,2025-02-22,2025-03-06,2025-02-25,Austria,Linz,77.04
107043,324,2025-02-22,2025-02-26,2025-02-26,Czech Republic,Ostrava,26.44
107044,154,2025-02-22,2025-03-01,2025-03-05,France,Marseille,26.89
107045,351,2025-02-22,2025-02-27,2025-03-02,Italy,Florence,39.97
107046,48,2025-02-22,2025-03-04,2025-02-26,USA,Denver,13.08
107047,13,2025-02-23,2025-03-01,2025-02-26,Italy,Florence,6.23
107048,139,2025-02-23,2025-03-03,2025-03-03,Spain,Valencia,30.81
107049,165,2025-02-23,2025-03-01,2025-03-05,Netherlands,Eindhoven,10.75
107050,420,2025-02-23,2025-03-06,2025-02-26,Poland,Krakow,16.4
107051,41,2025-02-23,2025-03-03,2025-02-27,Germany,Hamburg,18.2
107052,265,2025-02-24,2025-03-04,2025-02-28,Poland,Krakow,17.22
107053,339,2025-02-24,2025-03-02,2025-03-03,Spain,Valencia,22.9
107054,143,2025-02-24,2025-02-27,2025-03-01,USA,New York,10.03
107055,12,2025-02-24,2025-03-09,2025-03-04,Sweden,Stockholm,17.63
107056,207,2025-02-24,2025-03-06,2025-03-01,USA,Chicago,6.68
107057,475,2025-02-24,2025-03-02,,Poland,Wroclaw,10.8
107058,22,2025-02-24,2025-03-09,2025-03-06,USA,New York,16.63
107059,351,2025-02-25,2025-03-05,2025-03-02,Italy,Florence,9.46
107060,235,2025-02-25,2025-03-09,2025-03-05,Italy,Turin,4.34
107061,475,2025-02-25,2025-03-06,2025-03-01,Poland,Wroclaw,28.54
107062,208,2025-02-25,2025-02-28,2025-03-07,Norway,Trondheim,14.53
107063,298,2025-02-25,2025-03-10,2025-03-04,USA,Boston,30.93
107064,386,2025-02-25,2025-03-04,2025-03-03,France,Marseille,9.7
107065,234,2025-02-25,2025-03-02,2025-02-26,United Kingdom,Bristol,12.63
107066,147,2025-02-25,2025-03-04,2025-02-27,Austria,Linz,18.17
107067,411,2025-02-25,2025-03-01,2025-02-26,France,Lyon,7.8
107068,284,2025-02-25,2025-03-07,2025-03-06,United Kingdom,Liverpool,36.32
107069,95,2025-02-25,2025-03-08,2025-03-01,Italy,Florence,14.15
107070,482,2025-02-25,2025-03-03,2025-03-02,Spain,Seville,33.81
107071,339,2025-02-25,2025-02-28,2025-03-05,Spain,Valencia,27.44
107072,476,2025-02-25,2025-02-28,2025-03-03,Germany,Frankfurt,15.91
107073,200,2025-02-25,2025-03-03,2025-02-27,Spain,Bilbao,19.92
107074,425,2025-02-26,2025-03-03,2025-03-04,Czech Republic,Prague,11.64
107075,260,2025-02-26,2025-03-01,2025-03-06,Norway,Oslo,35.53
107076,217,2025-02-26,2025-03-03,2025-03-08,Germany,Munich,37.81
107077,422,2025-02-26,2025-03-06,,Spain,Seville,22.54
107078,307,2025-02-26,2025-03-09,2025-03-04,USA,Boston,14.46
107079,392,2025-02-26,2025-03-02,2025-03-07,United Kingdom,Bristol,10.42
107080,189,2025-02-26,2025-03-03,2025-03-08,France,Lyon,5.48
107081,250,2025-02-26,2025-03-02,2025-03-02,Czech Republic,Pilsen,7.75
107082,259,2025-02-27,2025-03-05,2025-03-02,USA,Boston,22.36
107083,13,2025-02-27,2025-03-11,2025-03-01,Italy,Florence,5.6
107084,132,2025-02-27,2025-03-09,2025-02-28,Netherlands,Utrecht,12.03
107085,155,2025-02-27,2025-03-06,2025-03-08,Spain,Madrid,13.11
107086,342,2025-02-27,2025-03-09,2025-03-05,United Kingdom,Manchester,3.27
107087,24,2025-02-27,2025-03-04,2025-03-05,Poland,Warsaw,31.16
107088,52,2025-02-27,2025-03-11,2025-03-04,Canada,Vancouver,26.52
107089,410,2025-02-28,2025-03-06,2025-03-09,Netherlands,Rotterdam,25.95
107090,435,2025-02-28,2025-03-03,,USA,Denver,16.08
107091,452,2025-02-28,2025-03-09,,Italy,Florence,27.36
107092,411,2025-02-28,2025-03-05,2025-03-07,France,Lyon,11.13
107093,284,2025-02-28,2025-03-11,,United Kingdom,Liverpool,27.44
107094,201,2025-02-28,2025-03-10,2025-03-02,United Kingdom,Manchester,4.24
107095,426,2025-02-28,2025-03-08,2025-03-06,France,Marseille,17.8
107096,331,2025-02-28,2025-03-12,2025-03-05,Poland,Poznan,22.48
107097,438,2025-02-28,2025-03-08,2025-03-03,Germany,Munich,26.39
107098,115,2025-02-28,2025-03-04,2025-03-10,USA,Denver,14.04
107099,3,2025-02-28,2025-03-12,2025-03-11,Spain,Bilbao,11.0
107100,276,2025-03-01,2025-03-10,2025-03-08,Italy,Florence,23.57
107101,110,2025-03-01,2025-03-09,2025-03-11,USA,Boston,18.96
107102,146,2025-03-01,2025-03-12,2025-03-09,Germany,Hamburg,43.06
107103,283,2025-03-01,2025-03-04,2025-03-02,Poland,Lodz,7.69
107104,472,2025-03-01,2025-03-10,2025-03-02,Czech Republic,Brno,42.32
107105,490,2025-03-02,2025-03-11,,USA,Seattle,44.04
107106,326,2025-03-02,2025-03-14,2025-03-11,Poland,Poznan,29.57
107107,134,2025-03-02,2025-03-09,2025-03-03,Germany,Cologne,26.17
107108,307,2025-03-02,2025-03-12,2025-03-13,USA,Boston,27.13
107109,320,2025-03-02,2025-03-09,2025-03-07,Italy,Florence,11.51
107110,13,2025-03-02,2025-03-06,2025-03-06,Italy,Florence,23.03
107111,9,2025-03-02,2025-03-14,2025-03-12,Spain,Barcelona,13.17
107112,116,2025-03-03,2025-03-15,2025-03-09,Spain,Barcelona,15.6
107113,208,2025-03-03,2025-03-11,2025-03-08,Norway,Trondheim,17.11
107114,239,2025-03-03,2025-03-15,,Canada,Toronto,30.2
107115,205,2025-03-03,2025-03-07,2025-03-09,Poland,Wroclaw,14.16
107116,267,2025-03-03,2025-03-08,2025-03-12,Germany,Munich,12.19
107117,319,2025-03-03,2025-03-14,2025-03-09,Italy,Milan,10.63
107118,479,2025-03-03,2025-03-08,2025-03-07,Poland,Wroclaw,3.63
107119,66,2025-03-03,2025-03-07,2025-03-08,Spain,Valencia,5.75
107120,53,2025-03-03,2025-03-15,2025-03-10,Czech Republic,Ostrava,28.68
107121,38,2025-03-03,2025-03-15,2025-03-05,Netherlands,Amsterdam,12.58
107122,59,2025-03-03,2025-03-07,2025-03-12,Austria,Salzburg,9.54
107123,258,2025-03-03,2025-03-06,2025-03-04,Netherlands,Eindhoven,12.27
107124,253,2025-03-04,2025-03-08,2025-03-15,Germany,Hamburg,45.94
107125,452,2025-03-04,2025-03-13,2025-03-15,Italy,Florence,17.21
107126,95,2025-03-04,2025-03-13,2025-03-05,Italy,Florence,23.72
107127,111,2025-03-04,2025-03-17,2025-03-11,Spain,Bilbao,4.11
107128,208,2025-03-04,2025-03-08,2025-03-11,Norway,Trondheim,10.87
107129,140,2025-03-04,2025-03-15,2025-03-06,Germany,Berlin,10.81
107130,22,2025-03-04,2025-03-10,2025-03-13,USA,New York,20.23
107131,85,2025-03-04,2025-03-12,2025-03-10,United Kingdom,London,14.22
107132,122,2025-03-05,2025-03-13,,Poland,Krakow,12.23
107133,233,2025-03-05,2025-03-12,2025-03-11,Poland,Gdansk,8.91
107134,363,2025-03-05,2025-03-09,2025-03-06,United Kingdom,Manchester,23.13
107135,68,2025-03-05,2025-03-14,2025-03-11,USA,Austin,11.44
107136,21,2025-03-05,2025-03-08,2025-03-15,Canada,Vancouver,31.65
107137,487,2025-03-05,2025-03-17,2025-03-06,Poland,Gdansk,45.97
107138,115,2025-03-05,2025-03-14,2025-03-16,USA,Denver,12.02
107139,484,2025-03-05,2025-03-18,2025-03-14,Czech Republic,Brno,28.89
107140,394,2025-03-05,2025-03-09,2025-03-11,Canada,Calgary,38.39
107141,397,2025-03-06,2025-03-15,2025-03-10,Poland,Warsaw,12.59
107142,307,2025-03-06,2025-03-18,2025-03-09,USA,Boston,9.23
107143,380,2025-03-06,2025-03-13,2025-03-07,Netherlands,Rotterdam,17.38
107144,416,2025-03-06,2025-03-19,2025-03-14,Germany,Hamburg,9.73
107145,2,2025-03-06,2025-03-12,2025-03-14,United Kingdom,Bristol,20.17
107146,226,2025-03-06,2025-03-13,2025-03-10,France,Nice,17.25
107147,254,2025-03-06,2025-03-09,2025-03-11,USA,Chicago,32.97
107148,167,2025-03-06,2025-03-15,2025-03-12,USA,Chicago,30.52
107149,70,2025-03-06,2025-03-10,2025-03-07,Spain,Madrid,11.16
107150,123,2025-03-07,2025-03-17,2025-03-09,Sweden,Uppsala,18.95
107151,22,2025-03-07,2025-03-14,2025-03-15,USA,New York,9.83
107152,34,2025-03-07,2025-03-13,2025-03-13,Canada,Vancouver,6.36
107153,153,2025-03-07,2025-03-10,2025-03-14,Norway,Bergen,18.86
107154,138,2025-03-07,2025-03-18,2025-03-17,Italy,Florence,7.23
107155,345,2025-03-07,2025-03-14,2025-03-12,Poland,Gdansk,8.42
107156,218,2025-03-07,2025-03-19,2025-03-15,Poland,Gdansk,23.72
107157,391,2025-03-07,2025-03-19,2025-03-10,Germany,Berlin,15.64
107158,106,2025-03-07,2025-03-13,2025-03-10,Spain,Bilbao,30.27
107159,350,2025-03-07,2025-03-15,,Germany,Munich,26.64
107160,140,2025-03-07,2025-03-12,2025-03-16,Germany,Berlin,29.84
107161,260,2025-03-08,2025-03-16,2025-03-16,Norway,Oslo,8.16
107162,351,2025-03-08,2025-03-16,2025-03-17,Italy,Florence,23.47
107163,328,2025-03-08,2025-03-14,2025-03-18,United Kingdom,Liverpool,42.46
107164,438,2025-03-08,2025-03-13,2025-03-11,Germany,Munich,10.6
107165,4,2025-03-09,2025-03-15,2025-03-10,Italy,Turin,17.24
107166,84,2025-03-09,2025-03-21,,USA,Seattle,7.95
107167,26,2025-03-09,2025-03-13,2025-03-12,USA,Chicago,11.83
107168,389,2025-03-09,2025-03-14,2025-03-10,USA,Seattle,22.88
107169,83,2025-03-09,2025-03-14,2025-03-12,United Kingdom,Manchester,7.89
107170,276,2025-03-09,2025-03-18,2025-03-10,Italy,Florence,17.17
107171,85,2025-03-10,2025-03-18,2025-03-17,United Kingdom,London,23.19
107172,13,2025-03-10,2025-03-17,2025-03-11,Italy,Florence,8.22
107173,481,2025-03-10,2025-03-16,,Germany,Frankfurt,12.7
107174,164,2025-03-10,2025-03-23,2025-03-18,Netherlands,Eindhoven,20.65
107175,391,2025-03-10,2025-03-21,2025-03-21,Germany,Berlin,15.92
107176,88,2025-03-10,2025-03-19,2025-03-14,Norway,Stavanger,14.8
107177,356,2025-03-10,2025-03-17,2025-03-21,Poland,Poznan,23.3
107178,200,2025-03-10,2025-03-20,2025-03-13,Spain,Bilbao,16.12
107179,87,2025-03-11,2025-03-18,2025-03-15,Austria,Graz,17.99
107180,58,2025-03-11,2025-03-15,,Czech Republic,Ostrava,17.68
107181,234,2025-03-11,2025-03-20,2025-03-20,United Kingdom,Bristol,18.14
107182,416,2025-03-11,2025-03-18,2025-03-12,Germany,Hamburg,12.26
107183,405,2025-03-11,2025-03-18,2025-03-18,Netherlands,Amsterdam,9.35
107184,241,2025-03-11,2025-03-14,2025-03-12,USA,New York,11.72
107185,186,2025-03-11,2025-03-21,,Netherlands,Eindhoven,20.26
107186,490,2025-03-11,2025-03-15,2025-03-20,USA,Seattle,12.17
107187,365,2025-03-11,2025-03-16,2025-03-20,Sweden,Uppsala,9.9
107188,73,2025-03-11,2025-03-21,2025-03-21,USA,Denver,16.31
107189,473,2025-03-11,2025-03-17,2025-03-14,United Kingdom,Leeds,15.79
107190,31,2025-03-12,2025-03-25,2025-03-14,Canada,Montreal,10.35
107191,167,2025-03-13,2025-03-21,2025-03-18,USA,Chicago,17.09
107192,351,2025-03-13,2025-03-17,2025-03-18,Italy,Florence,26.51
107193,175,2025-03-13,2025-03-22,2025-03-14,Austria,Salzburg,8.83
107194,391,2025-03-13,2025-03-23,2025-03-21,Germany,Berlin,14.59
107195,329,2025-03-13,2025-03-18,,Poland,Wroclaw,7.23
107196,183,2025-03-13,2025-03-25,2025-03-14,Austria,Salzburg,6.63
107197,457,2025-03-13,2025-03-22,2025-03-23,United Kingdom,London,20.13
107198,93,2025-03-14,2025-03-18,,Canada,Vancouver,15.56
107199,475,2025-03-14,2025-03-20,2025-03-15,Poland,Wroclaw,12.29
107200,318,2025-03-14,2025-03-20,2025-03-22,Poland,Warsaw,27.66
107201,250,2025-03-14,2025-03-19,2025-03-17,Czech Republic,Pilsen,18.91
107202,474,2025-03-14,2025-03-26,2025-03-24,Czech Republic,Pilsen,20.82
107203,297,2025-03-14,2025-03-18,,Czech Republic,Ostrava,21.64
107204,320,2025-03-14,2025-03-25,,Italy,Florence,18.59
107205,107,2025-03-14,2025-03-25,,Italy,Turin,25.81
107206,50,2025-03-14,2025-03-19,2025-03-23,Poland,Wroclaw,23.09
107207,338,2025-03-15,2025-03-23,2025-03-17,United Kingdom,Liverpool,8.24
107208,46,2025-03-15,2025-03-23,,Germany,Hamburg,8.27
107209,120,2025-03-15,2025-03-22,2025-03-16,Netherlands,Utrecht,9.28
107210,384,2025-03-15,2025-03-23,2025-03-21,Norway,Oslo,14.78
107211,109,2025-03-15,2025-03-25,2025-03-25,Spain,Bilbao,18.36
107212,457,2025-03-15,2025-03-18,2025-03-16,United Kingdom,London,4.31
107213,430,2025-03-15,2025-03-24,2025-03-17,Germany,Hamburg,10.46
107214,205,2025-03-16,2025-03-20,2025-03-25,Poland,Wroclaw,9.68
107215,283,2025-03-16,2025-03-27,2025-03-23,Poland,Lodz,27.25
107216,325,2025-03-16,2025-03-26,2025-03-18,Netherlands,Eindhoven,25.68
107217,205,2025-03-16,2025-03-27,2025-03-23,Poland,Wroclaw,19.52
107218,22,2025-03-16,2025-03-29,2025-03-19,USA,New York,17.53
107219,311,2025-03-16,2025-03-19,2025-03-23,Germany,Berlin,4.5
107220,90,2025-03-16,2025-03-28,,Italy,Naples,34.25
107221,338,2025-03-16,2025-03-19,,United Kingdom,Liverpool,19.84
107222,338,2025-03-16,2025-03-24,2025-03-17,United Kingdom,Liverpool,12.61
107223,451,2025-03-16,2025-03-25,2025-03-23,Italy,Naples,12.09
107224,440,2025-03-16,2025-03-23,2025-03-19,Netherlands,Rotterdam,43.93
107225,298,2025-03-17,2025-03-23,2025-03-27,USA,Boston,9.18
107226,162,2025-03-17,2025-03-28,2025-03-18,Poland,Lodz,22.11
107227,250,2025-03-17,2025-03-30,2025-03-23,Czech Republic,Pilsen,13.67
107228,93,2025-03-17,2025-03-26,2025-03-19,Canada,Vancouver,32.43
107229,240,2025-03-17,2025-03-22,2025-03-24,France,Lyon,9.27
107230,236,2025-03-17,2025-03-24,2025-03-25,Canada,Calgary,26.58
107231,52,2025-03-17,2025-03-25,2025-03-22,Canada,Vancouver,10.01
107232,81,2025-03-17,2025-03-30,2025-03-26,Germany,Munich,14.28
107233,140,2025-03-17,2025-03-26,2025-03-26,Germany,Berlin,45.04
107234,27,2025-03-17,2025-03-30,2025-03-20,Poland,Krakow,12.66
107235,78,2025-03-17,2025-03-20,2025-03-22,United Kingdom,London,14.0
107236,116,2025-03-17,2025-03-29,2025-03-18,Spain,Barcelona,15.11
107237,423,2025-03-18,2025-03-23,2025-03-27,Spain,Barcelona,23.58
107238,67,2025-03-18,2025-03-25,2025-03-27,Poland,Wroclaw,10.6
107239,161,2025-03-18,2025-03-24,2025-03-24,Netherlands,Eindhoven,15.92
107240,351,2025-03-18,2025-03-27,2025-03-25,Italy,Florence,23.18
107241,307,2025-03-18,2025-03-31,2025-03-29,USA,Boston,16.67
107242,18,2025-03-18,2025-03-22,2025-03-22,Sweden,Malmo,17.74
107243,457,2025-03-18,2025-03-31,2025-03-28,United Kingdom,London,8.32
107244,391,2025-03-18,2025-03-23,2025-03-25,Germany,Berlin,17.4
107245,126,2025-03-19,2025-03-28,2025-03-26,Spain,Barcelona,11.77
107246,59,2025-03-19,2025-03-22,2025-03-21,Austria,Salzburg,8.04
107247,351,2025-03-19,2025-03-31,2025-03-21,Italy,Florence,17.76
107248,490,2025-03-19,2025-03-29,2025-03-24,USA,Seattle,57.24
107249,276,2025-03-19,2025-04-01,2025-03-30,Italy,Florence,10.66
107250,442,2025-03-19,2025-03-29,2025-03-27,USA,Denver,28.01
107251,205,2025-03-19,2025-03-30,2025-03-27,Poland,Wroclaw,16.38
107252,254,2025-03-20,2025-03-29,2025-03-22,USA,Chicago,10.46
107253,5,2025-03-20,2025-03-26,2025-03-27,Poland,Wroclaw,7.11
107254,297,2025-03-20,2025-03-28,2025-03-29,Czech Republic,Ostrava,18.93
107255,313,2025-03-21,2025-03-30,2025-03-25,Czech Republic,Ostrava,10.61
107256,149,2025-03-21,2025-03-25,2025-03-31,USA,Chicago,5.42
107257,99,2025-03-21,2025-03-29,2025-03-27,Canada,Vancouver,16.18
107258,25,2025-03-21,2025-03-25,2025-03-31,Netherlands,Amsterdam,10.34
107259,60,2025-03-21,2025-03-31,2025-03-29,Netherlands,Eindhoven,9.67
107260,208,2025-03-21,2025-03-27,2025-03-25,Norway,Trondheim,16.52
107261,297,2025-03-21,2025-03-27,2025-03-27,Czech Republic,Ostrava,7.89
107262,82,2025-03-22,2025-03-25,2025-03-24,Germany,Berlin,15.31
107263,22,2025-03-22,2025-03-27,2025-03-30,USA,New York,25.23
107264,436,2025-03-22,2025-04-03,2025-03-25,Italy,Florence,22.05
107265,90,2025-03-23,2025-03-30,2025-04-03,Italy,Naples,19.43
107266,26,2025-03-23,2025-03-28,2025-04-03,USA,Chicago,10.3
107267,453,2025-03-23,2025-03-31,2025-03-29,United Kingdom,Manchester,30.32
107268,28,2025-03-23,2025-04-04,2025-03-29,USA,Chicago,10.76
107269,205,2025-03-23,2025-04-05,,Poland,Wroclaw,13.05
107270,373,2025-03-23,2025-03-26,2025-03-24,United Kingdom,Bristol,13.79
107271,369,2025-03-23,2025-04-04,2025-03-28,Czech Republic,Brno,16.49
107272,394,2025-03-24,2025-03-27,2025-04-03,Canada,Calgary,15.11
107273,42,2025-03-24,2025-03-30,2025-04-03,Poland,Lodz,28.14
107274,391,2025-03-24,2025-04-04,2025-03-26,Germany,Berlin,23.75
107275,22,2025-03-24,2025-03-27,2025-03-27,USA,New York,5.88
107276,87,2025-03-24,2025-04-01,2025-04-03,Austria,Graz,17.31
107277,284,2025-03-24,2025-04-05,2025-03-26,United Kingdom,Liverpool,13.11
107278,224,2025-03-24,2025-03-27,2025-03-26,Spain,Barcelona,10.45
107279,166,2025-03-24,2025-04-01,2025-03-26,USA,Seattle,9.32
107280,311,2025-03-24,2025-03-27,2025-03-25,Germany,Berlin,18.83
107281,107,2025-03-24,2025-04-02,2025-03-30,Italy,Turin,20.23
107282,234,2025-03-24,2025-04-03,2025-04-02,United Kingdom,Bristol,22.13
107283,55,2025-03-24,2025-03-28,2025-04-02,USA,Seattle,22.65
107284,416,2025-03-24,2025-04-05,2025-04-02,Germany,Hamburg,10.46
107285,319,2025-03-24,2025-04-04,2025-03-28,Italy,Milan,18.24
107286,85,2025-03-25,2025-04-02,,United Kingdom,London,10.87
107287,321,2025-03-25,2025-04-03,2025-03-29,France,Paris,10.08
107288,260,2025-03-25,2025-04-05,2025-03-31,Norway,Oslo,15.37
107289,453,2025-03-25,2025-04-01,2025-03-31,United Kingdom,Manchester,6.07
107290,108,2025-03-25,2025-04-03,2025-03-31,United Kingdom,Bristol,14.56
107291,129,2025-03-25,2025-04-02,2025-04-04,Sweden,Stockholm,18.74
107292,247,2025-03-26,2025-04-04,2025-04-02,Germany,Hamburg,10.24
107293,315,2025-03-26,2025-04-01,2025-04-05,Canada,Ottawa,8.52
107294,380,2025-03-26,2025-03-30,2025-03-30,Netherlands,Rotterdam,21.44
107295,92,2025-03-26,2025-04-04,2025-03-29,Austria,Vienna,8.67
107296,269,2025-03-26,2025-04-01,2025-03-27,Norway,Bergen,29.94
107297,238,2025-03-26,2025-03-31,2025-03-27,Germany,Hamburg,12.76
107298,492,2025-03-26,2025-03-30,,United Kingdom,Leeds,9.9
107299,372,2025-03-26,2025-04-05,2025-03-29,United Kingdom,Manchester,9.15
107300,310,2025-03-26,2025-03-31,2025-03-28,Poland,Lodz,19.51
107301,349,2025-03-26,2025-04-04,2025-03-29,Poland,Lodz,29.23
107302,310,2025-03-26,2025-04-01,2025-04-04,Poland,Lodz,18.75
107303,74,2025-03-26,2025-04-07,2025-03-28,Italy,Rome,22.06
107304,475,2025-03-26,2025-04-02,2025-04-06,Poland,Wroclaw,14.92
107305,350,2025-03-27,2025-04-06,,Germany,Munich,11.52
107306,198,2025-03-28,2025-04-10,2025-04-04,Poland,Gdansk,27.35
107307,141,2025-03-28,2025-03-31,2025-04-04,Spain,Madrid,26.83
107308,127,2025-03-28,2025-04-04,2025-04-05,France,Paris,22.4
107309,351,2025-03-28,2025-04-01,2025-04-07,Italy,Florence,32.73
107310,49,2025-03-29,2025-04-09,2025-03-31,Canada,Montreal,15.82
107311,340,2025-03-29,2025-04-05,2025-03-31,Austria,Vienna,9.85
107312,412,2025-03-29,2025-04-03,2025-04-02,Germany,Cologne,28.37
107313,487,2025-03-29,2025-04-04,2025-04-03,Poland,Gdansk,6.32
107314,2,2025-03-29,2025-04-03,2025-04-08,United Kingdom,Bristol,10.43
107315,369,2025-03-29,2025-04-03,2025-04-06,Czech Republic,Brno,26.46
107316,256,2025-03-29,2025-04-06,2025-03-30,USA,Chicago,20.47
107317,337,2025-03-29,2025-04-10,2025-04-01,Canada,Toronto,10.45
107318,316,2025-03-29,2025-04-03,2025-03-30,Austria,Graz,24.78
107319,267,2025-03-29,2025-04-09,,Germany,Munich,26.07
107320,110,2025-03-29,2025-04-03,,USA,Boston,18.14
107321,5,2025-03-30,2025-04-07,2025-04-02,Poland,Wroclaw,11.64
107322,326,2025-03-30,2025-04-07,2025-04-03,Poland,Poznan,29.95
107323,420,2025-03-30,2025-04-03,2025-03-31,Poland,Krakow,12.88
107324,258,2025-03-31,2025-04-04,2025-04-07,Netherlands,Eindhoven,10.46
107325,394,2025-03-31,2025-04-08,2025-04-05,Canada,Calgary,34.83
107326,237,2025-03-31,2025-04-07,2025-04-06,Poland,Krakow,17.56
107327,99,2025-03-31,2025-04-11,2025-04-04,Canada,Vancouver,5.86
107328,355,2025-03-31,2025-04-06,2025-04-10,Germany,Hamburg,48.7
107329,10,2025-03-31,2025-04-10,2025-04-09,Poland,Gdansk,25.56
107330,44,2025-03-31,2025-04-05,2025-04-03,Spain,Madrid,22.95
107331,307,2025-03-31,2025-04-10,2025-04-08,USA,Boston,6.25
107332,237,2025-03-31,2025-04-12,2025-04-02,Poland,Krakow,12.08
107333,356,2025-04-01,2025-04-14,2025-04-10,Poland,Poznan,14.17
107334,176,2025-04-01,2025-04-09,2025-04-04,Germany,Cologne,5.27
107335,272,2025-04-01,2025-04-12,2025-04-10,Germany,Munich,32.15
107336,87,2025-04-01,2025-04-05,2025-04-02,Austria,Graz,15.7
107337,305,2025-04-01,2025-04-05,2025-04-09,France,Marseille,48.44
107338,209,2025-04-01,2025-04-09,2025-04-04,United Kingdom,Manchester,8.69
107339,218,2025-04-02,2025-04-13,,Poland,Gdansk,22.96
107340,381,2025-04-02,2025-04-12,2025-04-08,Sweden,Malmo,21.62
107341,80,2025-04-02,2025-04-07,2025-04-11,USA,Austin,13.34
107342,116,2025-04-02,2025-04-15,2025-04-05,Spain,Barcelona,24.26
107343,366,2025-04-02,2025-04-06,2025-04-11,Spain,Valencia,15.96
107344,399,2025-04-02,2025-04-08,2025-04-12,Poland,Poznan,15.4
107345,37,2025-04-02,2025-04-14,2025-04-12,Spain,Valencia,18.0
107346,81,2025-04-02,2025-04-09,2025-04-11,Germany,Munich,28.55
107347,269,2025-04-02,2025-04-14,2025-04-12,Norway,Bergen,15.63
107348,472,2025-04-02,2025-04-05,2025-04-12,Czech Republic,Brno,52.93
107349,316,2025-04-03,2025-04-14,2025-04-14,Austria,Graz,6.12
107350,418,2025-04-03,2025-04-12,2025-04-05,United Kingdom,Liverpool,8.91
107351,309,2025-04-03,2025-04-07,2025-04-06,France,Toulouse,14.57
107352,164,2025-04-03,2025-04-08,2025-04-05,Netherlands,Eindhoven,25.01
107353,212,2025-04-03,2025-04-07,2025-04-08,France,Paris,23.24
107354,369,2025-04-03,2025-04-07,2025-04-11,Czech Republic,Brno,23.26
107355,223,2025-04-03,2025-04-12,2025-04-09,Germany,Berlin,19.64
107356,130,2025-04-03,2025-04-10,2025-04-04,Poland,Wroclaw,14.39
107357,88,2025-04-03,2025-04-13,2025-04-13,Norway,Stavanger,5.47
107358,173,2025-04-03,2025-04-06,2025-04-05,Germany,Hamburg,7.47
107359,140,2025-04-03,2025-04-12,2025-04-04,Germany,Berlin,11.52
107360,65,2025-04-03,2025-04-08,,Austria,Salzburg,9.47
107361,276,2025-04-03,2025-04-15,2025-04-05,Italy,Florence,7.4
107362,356,2025-04-04,2025-04-12,2025-04-15,Poland,Poznan,25.35
107363,104,2025-04-04,2025-04-12,2025-04-11,United Kingdom,London,7.61
107364,183,2025-04-04,2025-04-12,2025-04-11,Austria,Salzburg,34.69
107365,106,2025-04-04,2025-04-12,,Spain,Bilbao,32.6
107366,451,2025-04-04,2025-04-16,2025-04-15,Italy,Naples,16.47
107367,121,2025-04-04,2025-04-08,2025-04-07,Austria,Vienna,8.57
107368,369,2025-04-04,2025-04-11,2025-04-10,Czech Republic,Brno,29.6
107369,166,2025-04-04,2025-04-13,2025-04-12,USA,Seattle,28.31
107370,201,2025-04-04,2025-04-07,2025-04-11,United Kingdom,Manchester,11.81
107371,475,2025-04-04,2025-04-07,2025-04-08,Poland,Wroclaw,27.88
107372,59,2025-04-04,2025-04-08,,Austria,Salzburg,8.27
107373,318,2025-04-04,2025-04-07,2025-04-05,Poland,Warsaw,13.67
107374,443,2025-04-04,2025-04-13,2025-04-15,Spain,Bilbao,6.45
107375,238,2025-04-05,2025-04-09,2025-04-16,Germany,Hamburg,7.78
107376,49,2025-04-05,2025-04-11,2025-04-12,Canada,Montreal,9.78
107377,338,2025-04-05,2025-04-15,2025-04-07,United Kingdom,Liverpool,19.81
107378,406,2025-04-05,2025-04-08,2025-04-06,United Kingdom,Liverpool,19.46
107379,307,2025-04-05,2025-04-10,2025-04-14,USA,Boston,20.59
107380,226,2025-04-05,2025-04-16,2025-04-11,France,Nice,56.28
107381,410,2025-04-06,2025-04-12,,Netherlands,Rotterdam,14.29
107382,351,2025-04-06,2025-04-11,2025-04-12,Italy,Florence,15.24
107383,371,2025-04-06,2025-04-09,2025-04-10,France,Paris,7.64
107384,242,2025-04-06,2025-04-13,2025-04-15,Norway,Oslo,29.2
107385,332,2025-04-06,2025-04-16,2025-04-09,Spain,Madrid,12.56
107386,59,2025-04-06,2025-04-10,2025-04-12,Austria,Salzburg,25.22
107387,372,2025-04-06,2025-04-09,2025-04-15,United Kingdom,Manchester,19.88
107388,83,2025-04-07,2025-04-19,2025-04-17,United Kingdom,Manchester,29.36
107389,405,2025-04-07,2025-04-20,,Netherlands,Amsterdam,17.62
107390,36,2025-04-07,2025-04-12,,Germany,Cologne,30.3
107391,68,2025-04-07,2025-04-15,2025-04-11,USA,Austin,10.25
107392,225,2025-04-07,2025-04-14,2025-04-13,Czech Republic,Pilsen,17.58
107393,176,2025-04-07,2025-04-13,2025-04-15,Germany,Cologne,6.85
107394,55,2025-04-07,2025-04-10,2025-04-13,USA,Seattle,13.53
107395,11,2025-04-08,2025-04-20,2025-04-18,France,Toulouse,11.93
107396,2,2025-04-08,2025-04-15,2025-04-14,United Kingdom,Bristol,30.08
107397,173,2025-04-08,2025-04-11,2025-04-13,Germany,Hamburg,11.48
107398,202,2025-04-08,2025-04-17,2025-04-11,Poland,Gdansk,8.86
107399,307,2025-04-09,2025-04-17,2025-04-15,USA,Boston,29.52
107400,90,2025-04-09,2025-04-21,2025-04-17,Italy,Naples,22.54
107401,253,2025-04-09,2025-04-18,2025-04-16,Germany,Hamburg,6.17
107402,195,2025-04-09,2025-04-17,2025-04-17,Canada,Ottawa,11.7
107403,354,2025-04-09,2025-04-14,2025-04-18,USA,Denver,26.12
107404,440,2025-04-09,2025-04-18,2025-04-14,Netherlands,Rotterdam,10.06
107405,251,2025-04-09,2025-04-14,2025-04-13,United Kingdom,Bristol,5.75
107406,273,2025-04-09,2025-04-14,2025-04-16,Austria,Linz,11.87
107407,409,2025-04-10,2025-04-18,2025-04-11,USA,Austin,8.46
107408,336,2025-04-10,2025-04-15,2025-04-17,Poland,Poznan,37.91
107409,351,2025-04-10,2025-04-19,2025-04-20,Italy,Florence,15.95
107410,90,2025-04-11,2025-04-18,2025-04-17,Italy,Naples,34.53
107411,460,2025-04-11,2025-04-22,2025-04-13,USA,Denver,25.18
107412,201,2025-04-11,2025-04-17,,United Kingdom,Manchester,9.02
107413,465,2025-04-11,2025-04-15,2025-04-19,France,Paris,10.35
107414,309,2025-04-11,2025-04-24,2025-04-13,France,Toulouse,31.95
107415,472,2025-04-11,2025-04-23,2025-04-17,Czech Republic,Brno,9.97
107416,451,2025-04-12,2025-04-15,2025-04-16,Italy,Naples,5.76
107417,472,2025-04-12,2025-04-19,2025-04-22,Czech Republic,Brno,55.2
107418,380,2025-04-12,2025-04-21,2025-04-17,Netherlands,Rotterdam,15.78
107419,22,2025-04-12,2025-04-23,2025-04-21,USA,New York,17.68
107420,331,2025-04-12,2025-04-23,2025-04-18,Poland,Poznan,6.53
107421,265,2025-04-12,2025-04-18,2025-04-21,Poland,Krakow,14.39
107422,223,2025-04-12,2025-04-21,2025-04-18,Germany,Berlin,24.68
107423,73,2025-04-13,2025-04-20,2025-04-24,USA,Denver,5.48
107424,264,2025-04-13,2025-04-17,,United Kingdom,London,18.39
107425,340,2025-04-13,2025-04-19,2025-04-24,Austria,Vienna,21.47
107426,25,2025-04-13,2025-04-21,2025-04-24,Netherlands,Amsterdam,34.72
107427,222,2025-04-13,2025-04-22,2025-04-20,USA,Seattle,15.04
107428,416,2025-04-13,2025-04-21,2025-04-14,Germany,Hamburg,19.34
107429,192,2025-04-14,2025-04-25,2025-04-18,Poland,Gdansk,4.83
107430,361,2025-04-14,2025-04-27,2025-04-21,United Kingdom,Leeds,13.39
107431,443,2025-04-14,2025-04-18,2025-04-25,Spain,Bilbao,42.68
107432,451,2025-04-14,2025-04-26,2025-04-22,Italy,Naples,15.75
107433,320,2025-04-14,2025-04-18,2025-04-17,Italy,Florence,15.85
107434,475,2025-04-14,2025-04-27,2025-04-19,Poland,Wroclaw,10.21
107435,105,2025-04-14,2025-04-19,,Czech Republic,Pilsen,15.98
107436,123,2025-04-14,2025-04-19,2025-04-18,Sweden,Uppsala,27.19
107437,371,2025-04-15,2025-04-22,2025-04-16,France,Paris,9.63
107438,355,2025-04-15,2025-04-24,,Germany,Hamburg,21.34
107439,88,2025-04-15,2025-04-23,2025-04-24,Norway,Stavanger,16.99
107440,148,2025-04-15,2025-04-21,2025-04-25,Germany,Berlin,28.75
107441,5,2025-04-15,2025-04-18,2025-04-18,Poland,Wroclaw,13.26
107442,440,2025-04-15,2025-04-27,,Netherlands,Rotterdam,15.95
107443,321,2025-04-15,2025-04-23,2025-04-23,France,Paris,13.55
107444,315,2025-04-15,2025-04-21,2025-04-19,Canada,Ottawa,4.92
107445,436,2025-04-15,2025-04-20,2025-04-20,Italy,Florence,11.3
107446,14,2025-04-16,2025-04-22,2025-04-24,Netherlands,Eindhoven,23.63
107447,423,2025-04-16,2025-04-22,2025-04-25,Spain,Barcelona,17.12
107448,142,2025-04-16,2025-04-28,2025-04-20,Czech Republic,Brno,22.2
107449,368,2025-04-16,2025-04-22,2025-04-24,Poland,Gdansk,11.0
107450,25,2025-04-16,2025-04-21,2025-04-17,Netherlands,Amsterdam,30.37
107451,198,2025-04-16,2025-04-24,2025-04-21,Poland,Gdansk,11.1
107452,110,2025-04-16,2025-04-23,2025-04-17,USA,Boston,27.67
107453,120,2025-04-16,2025-04-26,2025-04-27,Netherlands,Utrecht,47.33
107454,273,2025-04-17,2025-04-29,2025-04-24,Austria,Linz,24.45
107455,180,2025-04-17,2025-04-30,2025-04-18,Sweden,Uppsala,19.45
107456,31,2025-04-17,2025-04-29,2025-04-19,Canada,Montreal,11.68
107457,19,2025-04-17,2025-04-20,2025-04-24,USA,Denver,20.59
107458,155,2025-04-17,2025-04-26,2025-04-22,Spain,Madrid,9.84
107459,179,2025-04-17,2025-04-25,2025-04-19,USA,Denver,38.4
107460,26,2025-04-17,2025-04-28,2025-04-26,USA,Chicago,21.0
107461,131,2025-04-17,2025-04-20,2025-04-23,Spain,Seville,21.88
107462,49,2025-04-17,2025-04-24,2025-04-19,Canada,Montreal,18.89
107463,94,2025-04-17,2025-04-30,2025-04-28,Czech Republic,Brno,11.48
107464,224,2025-04-17,2025-04-26,2025-04-18,Spain,Barcelona,4.69
107465,302,2025-04-17,2025-04-23,2025-04-23,Canada,Ottawa,14.94
107466,142,2025-04-18,2025-04-26,2025-04-24,Czech Republic,Brno,5.85
107467,431,2025-04-18,2025-04-27,2025-04-21,USA,Boston,16.3
107468,371,2025-04-18,2025-04-26,2025-04-22,France,Paris,10.04
107469,492,2025-04-18,2025-04-27,2025-04-22,United Kingdom,Leeds,5.66
107470,94,2025-04-18,2025-04-29,2025-04-21,Czech Republic,Brno,11.21
107471,391,2025-04-19,2025-05-02,2025-04-23,Germany,Berlin,27.64
107472,474,2025-04-19,2025-04-23,,Czech Republic,Pilsen,22.49
107473,452,2025-04-19,2025-05-01,2025-04-26,Italy,Florence,16.5
107474,317,2025-04-19,2025-04-25,2025-04-23,Norway,Bergen,30.94
107475,172,2025-04-19,2025-05-01,2025-04-20,Norway,Trondheim,26.47
107476,115,2025-04-19,2025-04-30,2025-04-29,USA,Denver,26.54
107477,99,2025-04-20,2025-04-28,2025-04-27,Canada,Vancouver,21.31
107478,442,2025-04-20,2025-05-02,2025-04-23,USA,Denver,8.91
107479,315,2025-04-20,2025-05-01,2025-04-24,Canada,Ottawa,13.13
107480,22,2025-04-21,2025-04-28,,USA,New York,11.09
107481,371,2025-04-21,2025-05-01,2025-04-25,France,Paris,14.48
107482,338,2025-04-21,2025-05-02,2025-04-23,United Kingdom,Liverpool,41.52
107483,120,2025-04-21,2025-04-24,2025-04-29,Netherlands,Utrecht,25.57
107484,53,2025-04-21,2025-05-03,2025-05-01,Czech Republic,Ostrava,21.71
107485,355,2025-04-21,2025-05-04,2025-04-26,Germany,Hamburg,13.91
107486,109,2025-04-21,2025-05-04,2025-04-28,Spain,Bilbao,14.95
107487,452,2025-04-21,2025-05-03,2025-05-02,Italy,Florence,8.45
107488,267,2025-04-21,2025-04-24,2025-04-29,Germany,Munich,22.25
107489,403,2025-04-22,2025-05-04,2025-04-23,Poland,Gdansk,4.62
107490,324,2025-04-22,2025-04-27,,Czech Republic,Ostrava,23.81
107491,353,2025-04-22,2025-04-25,2025-04-23,Czech Republic,Pilsen,20.96
107492,295,2025-04-22,2025-05-01,2025-05-03,USA,Chicago,5.87
107493,432,2025-04-23,2025-04-30,,Poland,Wroclaw,7.27
107494,371,2025-04-23,2025-04-27,2025-05-02,France,Paris,9.38
107495,475,2025-04-23,2025-05-04,2025-04-29,Poland,Wroclaw,19.61
107496,83,2025-04-23,2025-04-27,2025-04-29,United Kingdom,Manchester,12.29
107497,191,2025-04-23,2025-05-01,2025-05-04,USA,Seattle,7.18
107498,165,2025-04-23,2025-04-28,2025-04-27,Netherlands,Eindhoven,14.34
107499,384,2025-04-23,2025-05-01,2025-04-29,Norway,Oslo,12.8
107500,483,2025-04-23,2025-04-27,2025-04-24,Sweden,Gothenburg,17.41
107501,19,2025-04-23,2025-05-01,2025-04-28,USA,Denver,9.04
107502,415,2025-04-23,2025-04-29,2025-04-24,Poland,Lodz,12.65
107503,2,2025-04-23,2025-04-26,2025-04-25,United Kingdom,Bristol,20.37
107504,276,2025-04-23,2025-04-30,2025-04-29,Italy,Florence,22.42
107505,238,2025-04-24,2025-04-28,2025-04-27,Germany,Hamburg,11.14
107506,214,2025-04-24,2025-05-01,2025-04-26,Austria,Linz,5.28
107507,201,2025-04-24,2025-05-05,2025-05-05,United Kingdom,Manchester,27.49
107508,246,2025-04-24,2025-05-06,2025-04-29,United Kingdom,Leeds,31.13
107509,371,2025-04-25,2025-04-29,2025-04-28,France,Paris,10.7
107510,148,2025-04-25,2025-05-02,2025-05-05,Germany,Berlin,9.38
107511,82,2025-04-25,2025-05-08,2025-04-29,Germany,Berlin,20.16
107512,59,2025-04-25,2025-05-01,2025-04-28,Austria,Salzburg,29.84
107513,3,2025-04-25,2025-05-02,2025-05-04,Spain,Bilbao,6.23
107514,474,2025-04-25,2025-05-06,2025-04-29,Czech Republic,Pilsen,23.72
107515,318,2025-04-25,2025-04-28,2025-04-29,Poland,Warsaw,4.19
107516,198,2025-04-26,2025-05-02,2025-04-29,Poland,Gdansk,19.2
107517,360,2025-04-26,2025-05-05,2025-05-03,United Kingdom,Bristol,25.93
107518,209,2025-04-26,2025-05-06,,United Kingdom,Manchester,18.47
107519,250,2025-04-26,2025-05-08,2025-05-07,Czech Republic,Pilsen,10.75
107520,484,2025-04-26,2025-05-03,2025-04-29,Czech Republic,Brno,20.57
107521,187,2025-04-26,2025-05-05,,Germany,Berlin,13.86
107522,165,2025-04-26,2025-05-04,2025-05-02,Netherlands,Eindhoven,11.23
107523,398,2025-04-26,2025-05-07,2025-04-29,Poland,Wroclaw,27.23
107524,116,2025-04-26,2025-04-29,2025-04-27,Spain,Barcelona,5.02
107525,205,2025-04-26,2025-05-07,2025-05-07,Poland,Wroclaw,11.12
107526,319,2025-04-27,2025-05-04,2025-05-08,Italy,Milan,15.33
107527,319,2025-04-27,2025-05-03,2025-05-04,Italy,Milan,8.35
107528,20,2025-04-27,2025-05-03,2025-04-30,Netherlands,Rotterdam,9.29
107529,25,2025-04-27,2025-05-10,2025-05-06,Netherlands,Amsterdam,6.64
107530,426,2025-04-27,2025-05-02,2025-05-06,France,Marseille,12.91
107531,387,2025-04-27,2025-05-05,2025-05-01,Spain,Bilbao,7.91
107532,26,2025-04-27,2025-05-01,2025-05-05,USA,Chicago,8.81
107533,76,2025-04-27,2025-05-06,2025-05-05,Spain,Bilbao,47.4
107534,405,2025-04-27,2025-04-30,2025-04-28,Netherlands,Amsterdam,10.29
107535,162,2025-04-28,2025-05-07,2025-05-05,Poland,Lodz,5.48
107536,24,2025-04-28,2025-05-02,2025-05-09,Poland,Warsaw,7.65
107537,204,2025-04-28,2025-05-08,2025-05-07,Poland,Gdansk,12.8
107538,381,2025-04-28,2025-05-10,2025-05-01,Sweden,Malmo,10.17
107539,325,2025-04-28,2025-05-10,2025-04-29,Netherlands,Eindhoven,20.5
107540,331,2025-04-29,2025-05-08,2025-05-08,Poland,Poznan,11.4
107541,458,2025-04-29,2025-05-10,2025-05-03,Netherlands,Amsterdam,23.53
107542,52,2025-04-29,2025-05-07,2025-05-01,Canada,Vancouver,48.75
107543,83,2025-04-30,2025-05-08,2025-05-10,United Kingdom,Manchester,12.6
107544,13,2025-04-30,2025-05-05,2025-05-01,Italy,Florence,8.04
107545,148,2025-04-30,2025-05-06,2025-05-02,Germany,Berlin,12.16
107546,309,2025-04-30,2025-05-13,2025-05-03,France,Toulouse,13.08
107547,197,2025-04-30,2025-05-08,2025-05-05,Germany,Munich,26.54
107548,405,2025-04-30,2025-05-11,2025-05-04,Netherlands,Amsterdam,18.49
107549,459,2025-05-01,2025-05-11,2025-05-03,Italy,Naples,8.01
107550,110,2025-05-01,2025-05-11,2025-05-12,USA,Boston,21.9
107551,250,2025-05-01,2025-05-09,2025-05-06,Czech Republic,Pilsen,9.24
107552,54,2025-05-01,2025-05-14,2025-05-08,France,Marseille,31.15
107553,285,2025-05-01,2025-05-07,2025-05-12,Austria,Linz,27.77
107554,321,2025-05-01,2025-05-04,2025-05-10,France,Paris,27.73
107555,123,2025-05-01,2025-05-10,2025-05-10,Sweden,Uppsala,19.74
107556,234,2025-05-01,2025-05-10,2025-05-06,United Kingdom,Bristol,8.99
107557,351,2025-05-01,2025-05-14,2025-05-02,Italy,Florence,7.18
107558,284,2025-05-01,2025-05-10,2025-05-03,United Kingdom,Liverpool,38.95
107559,159,2025-05-01,2025-05-14,,United Kingdom,Liverpool,15.24
107560,115,2025-05-01,2025-05-08,2025-05-10,USA,Denver,25.61
107561,48,2025-05-02,2025-05-12,2025-05-13,USA,Denver,18.37
107562,260,2025-05-02,2025-05-10,2025-05-09,Norway,Oslo,9.31
107563,90,2025-05-02,2025-05-05,2025-05-06,Italy,Naples,7.74
107564,167,2025-05-02,2025-05-05,2025-05-13,USA,Chicago,32.82
107565,410,2025-05-02,2025-05-10,2025-05-10,Netherlands,Rotterdam,5.12
107566,78,2025-05-02,2025-05-11,2025-05-09,United Kingdom,London,36.02
107567,365,2025-05-02,2025-05-09,2025-05-10,Sweden,Uppsala,12.77
107568,73,2025-05-02,2025-05-14,2025-05-13,USA,Denver,15.59
107569,162,2025-05-02,2025-05-11,2025-05-06,Poland,Lodz,9.33
107570,50,2025-05-02,2025-05-07,2025-05-07,Poland,Wroclaw,9.11
107571,331,2025-05-03,2025-05-09,2025-05-05,Poland,Poznan,26.93
107572,30,2025-05-03,2025-05-13,2025-05-11,Germany,Frankfurt,18.71
107573,223,2025-05-03,2025-05-13,2025-05-10,Germany,Berlin,10.86
107574,382,2025-05-03,2025-05-09,2025-05-11,Sweden,Stockholm,38.33
107575,177,2025-05-03,2025-05-15,2025-05-05,Germany,Hamburg,12.25
107576,25,2025-05-03,2025-05-06,2025-05-09,Netherlands,Amsterdam,26.58
107577,53,2025-05-03,2025-05-13,2025-05-07,Czech Republic,Ostrava,8.77
107578,345,2025-05-04,2025-05-12,2025-05-13,Poland,Gdansk,10.91
107579,423,2025-05-04,2025-05-08,2025-05-06,Spain,Barcelona,31.23
107580,390,2025-05-04,2025-05-15,,Czech Republic,Pilsen,9.79
107581,154,2025-05-04,2025-05-16,2025-05-06,France,Marseille,13.81
107582,462,2025-05-04,2025-05-13,2025-05-12,Spain,Barcelona,16.46
107583,22,2025-05-04,2025-05-15,2025-05-05,USA,New York,13.69
107584,419,2025-05-04,2025-05-12,2025-05-15,Germany,Cologne,14.31
107585,328,2025-05-05,2025-05-12,2025-05-10,United Kingdom,Liverpool,16.7
107586,443,2025-05-05,2025-05-08,2025-05-13,Spain,Bilbao,7.7
107587,148,2025-05-05,2025-05-15,2025-05-08,Germany,Berlin,11.32
107588,371,2025-05-05,2025-05-08,2025-05-08,France,Paris,34.51
107589,279,2025-05-05,2025-05-11,2025-05-12,Austria,Salzburg,12.35
107590,224,2025-05-05,2025-05-13,2025-05-15,Spain,Barcelona,34.14
107591,346,2025-05-05,2025-05-11,2025-05-08,Italy,Milan,16.26
107592,79,2025-05-05,2025-05-10,2025-05-06,Italy,Naples,10.37
107593,423,2025-05-06,2025-05-17,,Spain,Barcelona,19.18
107594,183,2025-05-06,2025-05-10,2025-05-11,Austria,Salzburg,18.85
107595,371,2025-05-06,2025-05-11,2025-05-17,France,Paris,29.72
107596,387,2025-05-07,2025-05-17,2025-05-16,Spain,Bilbao,23.39
107597,272,2025-05-07,2025-05-19,2025-05-10,Germany,Munich,8.17
107598,368,2025-05-07,2025-05-20,2025-05-08,Poland,Gdansk,9.21
107599,164,2025-05-07,2025-05-15,2025-05-13,Netherlands,Eindhoven,15.08
107600,87,2025-05-07,2025-05-19,2025-05-13,Austria,Graz,14.5
107601,500,2025-05-07,2025-05-15,2025-05-11,United Kingdom,Bristol,5.08
107602,438,2025-05-08,2025-05-20,2025-05-15,Germany,Munich,15.29
107603,426,2025-05-08,2025-05-15,2025-05-09,France,Marseille,34.07
107604,121,2025-05-08,2025-05-21,2025-05-19,Austria,Vienna,21.28
107605,132,2025-05-08,2025-05-16,2025-05-11,Netherlands,Utrecht,4.45
107606,309,2025-05-08,2025-05-16,,France,Toulouse,11.88
107607,267,2025-05-08,2025-05-17,2025-05-16,Germany,Munich,17.88
107608,394,2025-05-08,2025-05-12,2025-05-12,Canada,Calgary,16.78
107609,126,2025-05-08,2025-05-14,2025-05-11,Spain,Barcelona,14.58
107610,372,2025-05-08,2025-05-14,2025-05-09,United Kingdom,Manchester,9.47
107611,264,2025-05-09,2025-05-16,2025-05-19,United Kingdom,London,15.28
107612,226,2025-05-09,2025-05-16,2025-05-15,France,Nice,10.89
107613,163,2025-05-09,2025-05-17,,Spain,Madrid,19.87
107614,147,2025-05-09,2025-05-19,2025-05-11,Austria,Linz,16.6
107615,18,2025-05-09,2025-05-20,2025-05-16,Sweden,Malmo,5.95
107616,436,2025-05-09,2025-05-12,2025-05-10,Italy,Florence,22.42
107617,325,2025-05-09,2025-05-18,2025-05-19,Netherlands,Eindhoven,65.62
107618,183,2025-05-10,2025-05-14,2025-05-15,Austria,Salzburg,20.36
107619,238,2025-05-10,2025-05-18,2025-05-21,Germany,Hamburg,7.13
107620,275,2025-05-10,2025-05-20,2025-05-19,Germany,Berlin,12.17
107621,186,2025-05-10,2025-05-22,2025-05-19,Netherlands,Eindhoven,34.85
107622,400,2025-05-10,2025-05-15,2025-05-17,Poland,Poznan,12.33
107623,99,2025-05-10,2025-05-20,2025-05-17,Canada,Vancouver,13.39
107624,177,2025-05-10,2025-05-23,2025-05-18,Germany,Hamburg,15.17
107625,428,2025-05-11,2025-05-20,2025-05-19,Poland,Gdansk,7.72
107626,387,2025-05-11,2025-05-19,2025-05-12,Spain,Bilbao,14.72
107627,427,2025-05-11,2025-05-17,2025-05-16,Spain,Barcelona,8.92
107628,226,2025-05-11,2025-05-16,2025-05-12,France,Nice,13.52
107629,26,2025-05-11,2025-05-24,2025-05-19,USA,Chicago,13.78
107630,149,2025-05-11,2025-05-24,,USA,Chicago,21.26
107631,307,2025-05-11,2025-05-22,2025-05-21,USA,Boston,23.67
107632,476,2025-05-11,2025-05-19,,Germany,Frankfurt,31.38
107633,309,2025-05-11,2025-05-14,2025-05-17,France,Toulouse,10.33
107634,116,2025-05-12,2025-05-22,2025-05-19,Spain,Barcelona,17.16
107635,326,2025-05-12,2025-05-17,2025-05-14,Poland,Poznan,6.68
107636,308,2025-05-12,2025-05-19,2025-05-21,Canada,Toronto,25.98
107637,363,2025-05-12,2025-05-16,2025-05-23,United Kingdom,Manchester,34.69
107638,470,2025-05-12,2025-05-15,2025-05-13,USA,Chicago,10.81
107639,443,2025-05-12,2025-05-18,2025-05-17,Spain,Bilbao,9.24
107640,140,2025-05-12,2025-05-20,2025-05-23,Germany,Berlin,9.26
107641,490,2025-05-12,2025-05-18,2025-05-15,USA,Seattle,11.42
107642,361,2025-05-12,2025-05-17,2025-05-21,United Kingdom,Leeds,5.73
107643,351,2025-05-12,2025-05-22,2025-05-23,Italy,Florence,8.78
107644,201,2025-05-12,2025-05-24,2025-05-22,United Kingdom,Manchester,12.6
107645,280,2025-05-12,2025-05-19,2025-05-15,United Kingdom,Liverpool,8.07
107646,116,2025-05-13,2025-05-23,2025-05-16,Spain,Barcelona,26.29
107647,422,2025-05-13,2025-05-20,,Spain,Seville,17.18
107648,369,2025-05-13,2025-05-20,2025-05-19,Czech Republic,Brno,22.77
107649,452,2025-05-13,2025-05-19,2025-05-15,Italy,Florence,70.77
107650,97,2025-05-13,2025-05-24,2025-05-16,Poland,Gdansk,10.95
107651,213,2025-05-13,2025-05-25,2025-05-17,USA,Chicago,7.69
107652,33,2025-05-13,2025-05-17,2025-05-22,USA,Seattle,9.19
107653,334,2025-05-13,2025-05-19,2025-05-17,USA,New York,22.82
107654,68,2025-05-13,2025-05-17,2025-05-19,USA,Austin,7.68
107655,432,2025-05-14,2025-05-27,2025-05-25,Poland,Wroclaw,12.86
107656,475,2025-05-14,2025-05-22,2025-05-25,Poland,Wroclaw,15.35
107657,86,2025-05-14,2025-05-26,2025-05-22,France,Lyon,10.08
107658,455,2025-05-14,2025-05-19,2025-05-19,USA,Austin,23.53
107659,52,2025-05-14,2025-05-26,2025-05-25,Canada,Vancouver,26.67
107660,319,2025-05-14,2025-05-23,2025-05-25,Italy,Milan,7.74
107661,313,2025-05-14,2025-05-21,2025-05-15,Czech Republic,Ostrava,18.92
107662,270,2025-05-14,2025-05-25,2025-05-20,France,Lyon,23.08
107663,448,2025-05-14,2025-05-21,2025-05-19,Czech Republic,Ostrava,10.65
107664,187,2025-05-14,2025-05-22,2025-05-17,Germany,Berlin,12.08
107665,439,2025-05-14,2025-05-19,2025-05-15,Germany,Berlin,11.18
107666,115,2025-05-14,2025-05-27,,USA,Denver,40.79
107667,384,2025-05-14,2025-05-26,2025-05-22,Norway,Oslo,13.32
107668,118,2025-05-15,2025-05-25,2025-05-23,Germany,Frankfurt,11.76
107669,231,2025-05-15,2025-05-19,2025-05-21,Sweden,Stockholm,13.89
107670,347,2025-05-15,2025-05-24,2025-05-22,Canada,Ottawa,25.29
107671,46,2025-05-15,2025-05-18,2025-05-21,Germany,Hamburg,9.88
107672,201,2025-05-15,2025-05-23,2025-05-24,United Kingdom,Manchester,7.06
107673,399,2025-05-16,2025-05-28,2025-05-18,Poland,Poznan,15.24
107674,209,2025-05-16,2025-05-19,2025-05-25,United Kingdom,Manchester,11.04
107675,254,2025-05-16,2025-05-29,2025-05-25,USA,Chicago,8.81
107676,215,2025-05-16,2025-05-26,2025-05-25,Italy,Milan,26.35
107677,424,2025-05-16,2025-05-24,2025-05-19,United Kingdom,Bristol,8.64
107678,372,2025-05-16,2025-05-23,2025-05-20,United Kingdom,Manchester,24.26
107679,414,2025-05-16,2025-05-25,2025-05-22,United Kingdom,Leeds,18.86
107680,373,2025-05-16,2025-05-25,2025-05-24,United Kingdom,Bristol,16.2
107681,426,2025-05-16,2025-05-27,2025-05-18,France,Marseille,16.01
107682,142,2025-05-16,2025-05-24,2025-05-21,Czech Republic,Brno,16.49
107683,227,2025-05-16,2025-05-29,2025-05-17,Germany,Frankfurt,22.39
107684,315,2025-05-17,2025-05-25,2025-05-23,Canada,Ottawa,16.38
107685,353,2025-05-17,2025-05-29,2025-05-23,Czech Republic,Pilsen,24.64
107686,354,2025-05-17,2025-05-24,2025-05-26,USA,Denver,14.1
107687,192,2025-05-17,2025-05-25,2025-05-22,Poland,Gdansk,15.99
107688,153,2025-05-17,2025-05-28,2025-05-27,Norway,Bergen,11.89
107689,51,2025-05-17,2025-05-27,2025-05-21,Austria,Graz,19.13
107690,184,2025-05-17,2025-05-20,2025-05-18,Germany,Berlin,8.94
107691,24,2025-05-17,2025-05-30,2025-05-26,Poland,Warsaw,42.41
107692,475,2025-05-17,2025-05-25,2025-05-18,Poland,Wroclaw,6.29
107693,206,2025-05-17,2025-05-30,2025-05-20,Germany,Hamburg,22.73
107694,258,2025-05-17,2025-05-30,,Netherlands,Eindhoven,16.82
107695,436,2025-05-17,2025-05-26,,Italy,Florence,5.46
107696,120,2025-05-17,2025-05-22,2025-05-25,Netherlands,Utrecht,19.23
107697,411,2025-05-17,2025-05-30,2025-05-19,France,Lyon,15.6
107698,258,2025-05-18,2025-05-27,2025-05-21,Netherlands,Eindhoven,6.28
107699,37,2025-05-18,2025-05-26,2025-05-23,Spain,Valencia,9.55
107700,115,2025-05-18,2025-05-22,2025-05-19,USA,Denver,10.54
107701,468,2025-05-18,2025-05-21,2025-05-27,France,Nice,19.58
107702,387,2025-05-18,2025-05-31,,Spain,Bilbao,16.67
107703,241,2025-05-18,2025-05-29,2025-05-21,USA,New York,22.18
107704,43,2025-05-18,2025-05-31,2025-05-25,Germany,Frankfurt,16.41
107705,80,2025-05-18,2025-05-23,2025-05-21,USA,Austin,8.69
107706,288,2025-05-18,2025-05-28,2025-05-23,Italy,Florence,18.61
107707,459,2025-05-18,2025-05-31,2025-05-29,Italy,Naples,7.6
107708,492,2025-05-18,2025-05-23,2025-05-21,United Kingdom,Leeds,7.32
107709,307,2025-05-18,2025-05-28,2025-05-29,USA,Boston,15.32
107710,347,2025-05-19,2025-05-26,2025-05-23,Canada,Ottawa,17.8
107711,321,2025-05-19,2025-05-23,2025-05-23,France,Paris,22.61
107712,305,2025-05-19,2025-05-28,2025-05-26,France,Marseille,22.83
107713,153,2025-05-19,2025-05-26,2025-05-26,Norway,Bergen,15.4
107714,394,2025-05-19,2025-05-26,2025-05-25,Canada,Calgary,11.61
107715,140,2025-05-19,2025-05-24,2025-05-23,Germany,Berlin,16.89
107716,166,2025-05-19,2025-05-31,2025-05-24,USA,Seattle,28.39
107717,227,2025-05-19,2025-06-01,2025-05-23,Germany,Frankfurt,12.95
107718,177,2025-05-19,2025-05-23,2025-05-29,Germany,Hamburg,47.23
107719,398,2025-05-20,2025-05-31,2025-05-29,Poland,Wroclaw,7.88
107720,320,2025-05-20,2025-05-31,2025-05-29,Italy,Florence,8.67
107721,371,2025-05-20,2025-05-29,2025-05-30,France,Paris,18.34
107722,100,2025-05-20,2025-05-30,2025-05-26,Netherlands,Utrecht,28.23
107723,3,2025-05-20,2025-05-30,2025-05-31,Spain,Bilbao,11.43
107724,210,2025-05-20,2025-05-31,2025-05-23,USA,Austin,13.68
107725,140,2025-05-21,2025-05-25,2025-05-31,Germany,Berlin,17.95
107726,425,2025-05-21,2025-06-03,2025-06-01,Czech Republic,Prague,9.11
107727,333,2025-05-21,2025-05-27,2025-05-27,United Kingdom,London,3.87
107728,298,2025-05-22,2025-06-02,2025-05-26,USA,Boston,6.46
107729,99,2025-05-22,2025-05-30,2025-06-02,Canada,Vancouver,16.29
107730,83,2025-05-22,2025-05-30,2025-05-29,United Kingdom,Manchester,34.48
107731,115,2025-05-22,2025-05-25,2025-05-24,USA,Denver,13.17
107732,228,2025-05-22,2025-06-03,2025-05-27,Austria,Linz,29.41
107733,112,2025-05-22,2025-06-04,,USA,Chicago,22.78
107734,476,2025-05-22,2025-06-03,2025-05-25,Germany,Frankfurt,13.55
107735,482,2025-05-22,2025-05-29,,Spain,Seville,6.12
107736,175,2025-05-22,2025-05-25,2025-06-02,Austria,Salzburg,7.29
107737,110,2025-05-23,2025-05-26,2025-05-25,USA,Boston,14.83
107738,384,2025-05-23,2025-06-05,2025-05-30,Norway,Oslo,16.46
107739,295,2025-05-23,2025-05-28,2025-05-24,USA,Chicago,18.56
107740,491,2025-05-23,2025-06-02,2025-06-02,Canada,Ottawa,11.42
107741,403,2025-05-23,2025-06-01,2025-06-02,Poland,Gdansk,6.16
107742,86,2025-05-23,2025-06-04,2025-05-29,France,Lyon,11.15
107743,37,2025-05-23,2025-06-01,2025-05-31,Spain,Valencia,8.98
107744,305,2025-05-23,2025-05-30,2025-05-26,France,Marseille,19.56
107745,30,2025-05-24,2025-06-03,2025-05-27,Germany,Frankfurt,35.66
107746,315,2025-05-24,2025-06-04,,Canada,Ottawa,25.67
107747,358,2025-05-24,2025-05-30,2025-06-02,Italy,Rome,24.7
107748,167,2025-05-24,2025-06-03,2025-05-26,USA,Chicago,9.35
107749,357,2025-05-24,2025-06-01,2025-05-30,Italy,Turin,9.52
107750,153,2025-05-24,2025-06-06,2025-06-04,Norway,Bergen,20.84
107751,55,2025-05-25,2025-05-28,2025-06-02,USA,Seattle,25.29
107752,32,2025-05-25,2025-05-31,2025-05-30,United Kingdom,Manchester,11.43
107753,442,2025-05-25,2025-05-28,2025-05-28,USA,Denver,25.19
107754,248,2025-05-25,2025-06-03,2025-06-02,Poland,Wroclaw,7.09
107755,436,2025-05-26,2025-06-08,2025-05-31,Italy,Florence,24.75
107756,339,2025-05-26,2025-06-08,2025-05-30,Spain,Valencia,18.14
107757,42,2025-05-26,2025-06-04,2025-06-02,Poland,Lodz,26.31
107758,237,2025-05-26,2025-06-02,2025-06-04,Poland,Krakow,6.81
107759,444,2025-05-26,2025-06-04,2025-06-04,Netherlands,Rotterdam,40.99
107760,149,2025-05-26,2025-05-30,2025-05-29,USA,Chicago,4.23
107761,366,2025-05-26,2025-05-30,2025-05-31,Spain,Valencia,29.94
107762,307,2025-05-26,2025-06-03,2025-05-30,USA,Boston,16.29
107763,155,2025-05-26,2025-06-06,2025-06-01,Spain,Madrid,20.9
107764,204,2025-05-26,2025-05-31,2025-06-04,Poland,Gdansk,10.99
107765,38,2025-05-26,2025-06-01,2025-05-27,Netherlands,Amsterdam,10.17
107766,119,2025-05-26,2025-06-01,2025-06-02,Italy,Milan,36.52
107767,456,2025-05-27,2025-06-03,2025-06-02,Netherlands,Utrecht,13.24
107768,475,2025-05-27,2025-06-06,,Poland,Wroclaw,20.42
107769,371,2025-05-27,2025-06-08,2025-06-07,France,Paris,18.48
107770,144,2025-05-27,2025-06-04,2025-06-03,Spain,Barcelona,21.71
107771,254,2025-05-27,2025-06-04,2025-05-29,USA,Chicago,17.06
107772,261,2025-05-27,2025-06-02,,Canada,Toronto,39.88
107773,329,2025-05-27,2025-06-05,2025-06-03,Poland,Wroclaw,25.0
107774,467,2025-05-27,2025-06-04,2025-06-02,Poland,Warsaw,26.4
107775,338,2025-05-28,2025-06-09,2025-06-03,United Kingdom,Liverpool,35.39
107776,326,2025-05-28,2025-06-01,2025-06-08,Poland,Poznan,22.37
107777,420,2025-05-28,2025-06-06,2025-05-31,Poland,Krakow,16.6
107778,269,2025-05-28,2025-06-03,2025-05-30,Norway,Bergen,47.14
107779,87,2025-05-28,2025-06-01,2025-05-31,Austria,Graz,11.13
107780,463,2025-05-28,2025-06-10,2025-05-29,Spain,Madrid,8.95
107781,405,2025-05-28,2025-06-06,2025-06-01,Netherlands,Amsterdam,8.69
107782,412,2025-05-28,2025-06-02,2025-05-29,Germany,Cologne,12.69
107783,347,2025-05-28,2025-06-10,2025-06-05,Canada,Ottawa,15.24
107784,234,2025-05-28,2025-06-08,2025-05-30,United Kingdom,Bristol,13.46
107785,201,2025-05-28,2025-06-04,2025-06-08,United Kingdom,Manchester,20.35
107786,394,2025-05-29,2025-06-02,,Canada,Calgary,7.22
107787,459,2025-05-29,2025-06-10,2025-06-06,Italy,Naples,35.19
107788,20,2025-05-29,2025-06-10,2025-05-30,Netherlands,Rotterdam,14.73
107789,379,2025-05-29,2025-06-03,2025-06-02,Netherlands,Amsterdam,29.15
107790,15,2025-05-29,2025-06-07,2025-05-30,Spain,Seville,8.39
107791,324,2025-05-29,2025-06-06,2025-05-31,Czech Republic,Ostrava,10.97
107792,369,2025-05-29,2025-06-01,2025-06-03,Czech Republic,Brno,28.51
107793,169,2025-05-29,2025-06-06,2025-06-08,Austria,Linz,23.06
107794,380,2025-05-30,2025-06-11,2025-06-05,Netherlands,Rotterdam,5.67
107795,120,2025-05-30,2025-06-02,2025-06-05,Netherlands,Utrecht,11.4
107796,452,2025-05-30,2025-06-11,2025-06-10,Italy,Florence,14.96
107797,468,2025-05-30,2025-06-05,2025-06-02,France,Nice,10.11
107798,484,2025-05-30,2025-06-04,2025-06-09,Czech Republic,Brno,14.16
107799,99,2025-05-30,2025-06-11,2025-06-08,Canada,Vancouver,16.26
107800,351,2025-05-31,2025-06-04,2025-06-05,Italy,Florence,29.24
107801,291,2025-05-31,2025-06-11,2025-06-04,United Kingdom,Bristol,13.78
107802,331,2025-05-31,2025-06-09,2025-06-05,Poland,Poznan,20.76
107803,455,2025-05-31,2025-06-06,2025-06-11,USA,Austin,27.16
107804,180,2025-05-31,2025-06-05,2025-06-09,Sweden,Uppsala,19.31
107805,394,2025-05-31,2025-06-13,2025-06-09,Canada,Calgary,14.49
107806,206,2025-05-31,2025-06-06,2025-06-11,Germany,Hamburg,12.91
107807,99,2025-06-01,2025-06-08,2025-06-09,Canada,Vancouver,5.77
107808,204,2025-06-01,2025-06-08,2025-06-12,Poland,Gdansk,17.61
107809,166,2025-06-01,2025-06-13,2025-06-06,USA,Seattle,25.7
107810,351,2025-06-01,2025-06-13,2025-06-03,Italy,Florence,25.79
107811,398,2025-06-01,2025-06-12,2025-06-04,Poland,Wroclaw,11.49
107812,307,2025-06-01,2025-06-09,2025-06-05,USA,Boston,15.22
107813,13,2025-06-01,2025-06-06,2025-06-09,Italy,Florence,27.78
107814,443,2025-06-01,2025-06-14,2025-06-05,Spain,Bilbao,24.51
107815,376,2025-06-01,2025-06-07,2025-06-10,USA,Boston,9.03
107816,153,2025-06-01,2025-06-10,2025-06-06,Norway,Bergen,15.59
107817,250,2025-06-01,2025-06-11,2025-06-11,Czech Republic,Pilsen,18.53
107818,191,2025-06-01,2025-06-05,2025-06-06,USA,Seattle,20.57
107819,449,2025-06-01,2025-06-05,2025-06-03,Poland,Krakow,3.63
107820,93,2025-06-01,2025-06-04,2025-06-04,Canada,Vancouver,9.0
107821,330,2025-06-01,2025-06-11,2025-06-11,Spain,Seville,17.12
107822,492,2025-06-01,2025-06-13,,United Kingdom,Leeds,16.64
107823,301,2025-06-01,2025-06-12,2025-06-07,France,Paris,20.13
107824,99,2025-06-02,2025-06-15,2025-06-12,Canada,Vancouver,13.45
107825,131,2025-06-02,2025-06-11,2025-06-13,Spain,Seville,11.4
107826,65,2025-06-02,2025-06-06,2025-06-06,Austria,Salzburg,14.76
107827,497,2025-06-02,2025-06-08,2025-06-10,Germany,Cologne,6.69
107828,352,2025-06-02,2025-06-13,2025-06-03,Poland,Krakow,26.7
107829,104,2025-06-02,2025-06-10,2025-06-11,United Kingdom,London,6.01
107830,46,2025-06-02,2025-06-14,2025-06-05,Germany,Hamburg,11.87
107831,337,2025-06-02,2025-06-07,2025-06-11,Canada,Toronto,9.61
107832,33,2025-06-02,2025-06-05,2025-06-05,USA,Seattle,26.9
107833,52,2025-06-02,2025-06-12,2025-06-11,Canada,Vancouver,52.5
107834,347,2025-06-02,2025-06-05,2025-06-04,Canada,Ottawa,22.41
107835,99,2025-06-02,2025-06-06,2025-06-10,Canada,Vancouver,27.49
107836,280,2025-06-02,2025-06-12,2025-06-09,United Kingdom,Liverpool,22.17
107837,81,2025-06-02,2025-06-12,,Germany,Munich,20.74
107838,325,2025-06-02,2025-06-14,2025-06-12,Netherlands,Eindhoven,36.44
107839,224,2025-06-02,2025-06-09,2025-06-13,Spain,Barcelona,9.61
107840,398,2025-06-02,2025-06-07,2025-06-05,Poland,Wroclaw,22.11
107841,314,2025-06-02,2025-06-14,2025-06-11,Sweden,Gothenburg,10.58
107842,371,2025-06-02,2025-06-08,2025-06-09,France,Paris,12.17
107843,394,2025-06-02,2025-06-14,2025-06-12,Canada,Calgary,12.0
107844,296,2025-06-02,2025-06-08,2025-06-07,United Kingdom,Bristol,36.37
107845,85,2025-06-02,2025-06-11,2025-06-07,United Kingdom,London,15.53
107846,200,2025-06-02,2025-06-13,2025-06-04,Spain,Bilbao,22.12
107847,13,2025-06-02,2025-06-05,2025-06-12,Italy,Florence,37.72
107848,452,2025-06-02,2025-06-10,2025-06-07,Italy,Florence,24.21
107849,110,2025-06-02,2025-06-09,,USA,Boston,9.6
107850,303,2025-06-02,2025-06-14,2025-06-12,Italy,Turin,29.56
107851,28,2025-06-02,2025-06-13,2025-06-13,USA,Chicago,20.26
107852,472,2025-06-02,2025-06-15,2025-06-12,Czech Republic,Brno,10.26
107853,226,2025-06-02,2025-06-13,2025-06-04,France,Nice,13.69
107854,237,2025-06-02,2025-06-12,2025-06-10,Poland,Krakow,9.69
107855,356,2025-06-02,2025-06-08,2025-06-11,Poland,Poznan,13.46
107856,303,2025-06-02,2025-06-10,2025-06-08,Italy,Turin,19.44
107857,201,2025-06-02,2025-06-15,2025-06-11,United Kingdom,Manchester,25.6
107858,49,2025-06-02,2025-06-12,2025-06-06,Canada,Montreal,18.9
107859,409,2025-06-02,2025-06-07,2025-06-03,USA,Austin,8.35
107860,356,2025-06-02,2025-06-09,2025-06-12,Poland,Poznan,8.78
107861,144,2025-06-02,2025-06-11,2025-06-08,Spain,Barcelona,6.68
107862,411,2025-06-02,2025-06-15,2025-06-09,France,Lyon,10.37
107863,289,2025-06-02,2025-06-15,2025-06-03,United Kingdom,Liverpool,27.07
107864,186,2025-06-02,2025-06-13,2025-06-12,Netherlands,Eindhoven,14.97
107865,162,2025-06-03,2025-06-10,2025-06-08,Poland,Lodz,19.86
107866,90,2025-06-03,2025-06-09,2025-06-09,Italy,Naples,9.36
107867,266,2025-06-03,2025-06-12,2025-06-08,Norway,Oslo,29.3
107868,288,2025-06-03,2025-06-15,2025-06-09,Italy,Florence,15.48
107869,260,2025-06-03,2025-06-16,2025-06-12,Norway,Oslo,11.11
107870,455,2025-06-03,2025-06-14,2025-06-06,USA,Austin,9.95
107871,352,2025-06-03,2025-06-09,2025-06-12,Poland,Krakow,8.88
107872,269,2025-06-03,2025-06-11,2025-06-04,Norway,Bergen,18.37
107873,153,2025-06-03,2025-06-09,2025-06-14,Norway,Bergen,27.99
107874,222,2025-06-03,2025-06-07,2025-06-04,USA,Seattle,24.51
107875,99,2025-06-03,2025-06-09,2025-06-10,Canada,Vancouver,13.35
107876,333,2025-06-03,2025-06-14,2025-06-05,United Kingdom,London,23.37
107877,352,2025-06-03,2025-06-15,2025-06-05,Poland,Krakow,19.73
107878,331,2025-06-03,2025-06-16,2025-06-10,Poland,Poznan,7.34
107879,13,2025-06-03,2025-06-14,2025-06-05,Italy,Florence,28.27
107880,166,2025-06-03,2025-06-12,2025-06-14,USA,Seattle,31.71
107881,295,2025-06-03,2025-06-06,2025-06-08,USA,Chicago,11.32
107882,359,2025-06-04,2025-06-14,2025-06-05,France,Paris,15.44
107883,436,2025-06-04,2025-06-15,,Italy,Florence,19.71
107884,87,2025-06-04,2025-06-08,2025-06-11,Austria,Graz,15.03
107885,463,2025-06-04,2025-06-15,2025-06-15,Spain,Madrid,4.3
107886,495,2025-06-04,2025-06-15,2025-06-14,Germany,Frankfurt,25.21
107887,462,2025-06-04,2025-06-17,2025-06-14,Spain,Barcelona,18.78
107888,12,2025-06-04,2025-06-12,,Sweden,Stockholm,32.33
107889,371,2025-06-04,2025-06-13,2025-06-08,France,Paris,13.44
107890,162,2025-06-04,2025-06-13,2025-06-12,Poland,Lodz,11.55
107891,390,2025-06-04,2025-06-12,2025-06-08,Czech Republic,Pilsen,15.42
107892,453,2025-06-05,2025-06-17,2025-06-12,United Kingdom,Manchester,24.47
107893,13,2025-06-05,2025-06-10,2025-06-13,Italy,Florence,7.33
107894,340,2025-06-05,2025-06-18,2025-06-07,Austria,Vienna,5.9
107895,397,2025-06-05,2025-06-17,2025-06-06,Poland,Warsaw,16.02
107896,473,2025-06-05,2025-06-08,2025-06-13,United Kingdom,Leeds,35.08
107897,37,2025-06-05,2025-06-18,2025-06-15,Spain,Valencia,7.15
107898,48,2025-06-05,2025-06-14,2025-06-09,USA,Denver,8.93
107899,141,2025-06-05,2025-06-12,2025-06-13,Spain,Madrid,14.56
107900,111,2025-06-05,2025-06-14,2025-06-06,Spain,Bilbao,7.57
107901,39,2025-06-05,2025-06-11,2025-06-06,Poland,Wroclaw,42.86
107902,352,2025-06-05,2025-06-15,2025-06-14,Poland,Krakow,8.53
107903,371,2025-06-06,2025-06-18,,France,Paris,11.98
107904,142,2025-06-06,2025-06-17,2025-06-16,Czech Republic,Brno,36.99
107905,451,2025-06-06,2025-06-10,,Italy,Naples,11.32
107906,200,2025-06-06,2025-06-17,2025-06-13,Spain,Bilbao,7.88
107907,217,2025-06-06,2025-06-18,2025-06-09,Germany,Munich,4.83
107908,160,2025-06-06,2025-06-19,2025-06-14,United Kingdom,Manchester,12.91
107909,380,2025-06-06,2025-06-13,2025-06-16,Netherlands,Rotterdam,7.68
107910,403,2025-06-06,2025-06-15,2025-06-14,Poland,Gdansk,25.09
107911,93,2025-06-06,2025-06-18,,Canada,Vancouver,19.27
107912,179,2025-06-07,2025-06-10,2025-06-16,USA,Denver,15.22
107913,407,2025-06-07,2025-06-16,2025-06-09,Germany,Cologne,32.2
107914,436,2025-06-07,2025-06-17,2025-06-13,Italy,Florence,14.36
107915,353,2025-06-07,2025-06-12,2025-06-18,Czech Republic,Pilsen,28.2
107916,307,2025-06-07,2025-06-18,2025-06-09,USA,Boston,18.75
107917,276,2025-06-07,2025-06-18,,Italy,Florence,8.17
107918,13,2025-06-07,2025-06-19,2025-06-16,Italy,Florence,24.07
107919,380,2025-06-07,2025-06-13,2025-06-18,Netherlands,Rotterdam,19.97
107920,423,2025-06-07,2025-06-16,2025-06-14,Spain,Barcelona,15.17
107921,352,2025-06-07,2025-06-11,2025-06-13,Poland,Krakow,7.23
107922,256,2025-06-07,2025-06-13,2025-06-12,USA,Chicago,13.25
107923,482,2025-06-07,2025-06-16,2025-06-18,Spain,Seville,31.63
107924,122,2025-06-07,2025-06-19,2025-06-17,Poland,Krakow,8.81
107925,403,2025-06-07,2025-06-17,2025-06-10,Poland,Gdansk,16.78
107926,99,2025-06-07,2025-06-19,2025-06-12,Canada,Vancouver,13.04
107927,449,2025-06-08,2025-06-16,2025-06-19,Poland,Krakow,27.29
107928,81,2025-06-08,2025-06-21,2025-06-12,Germany,Munich,18.14
107929,280,2025-06-08,2025-06-19,2025-06-13,United Kingdom,Liverpool,29.23
107930,44,2025-06-08,2025-06-14,2025-06-19,Spain,Madrid,4.7
107931,81,2025-06-08,2025-06-14,2025-06-14,Germany,Munich,21.69
107932,134,2025-06-08,2025-06-19,2025-06-12,Germany,Cologne,10.67
107933,495,2025-06-08,2025-06-13,2025-06-16,Germany,Frankfurt,6.22
107934,337,2025-06-08,2025-06-18,2025-06-17,Canada,Toronto,22.35
107935,380,2025-06-08,2025-06-14,2025-06-11,Netherlands,Rotterdam,10.89
107936,479,2025-06-09,2025-06-18,2025-06-17,Poland,Wroclaw,13.52
107937,63,2025-06-09,2025-06-21,2025-06-20,Netherlands,Eindhoven,31.33
107938,13,2025-06-09,2025-06-22,2025-06-20,Italy,Florence,23.5
107939,271,2025-06-09,2025-06-14,2025-06-19,USA,Chicago,23.45
107940,34,2025-06-09,2025-06-13,2025-06-15,Canada,Vancouver,21.24
107941,485,2025-06-09,2025-06-15,2025-06-20,United Kingdom,Manchester,5.65
107942,25,2025-06-09,2025-06-12,2025-06-20,Netherlands,Amsterdam,8.53
107943,256,2025-06-09,2025-06-16,2025-06-16,USA,Chicago,7.14
107944,371,2025-06-10,2025-06-23,2025-06-21,France,Paris,7.53
107945,195,2025-06-10,2025-06-14,2025-06-19,Canada,Ottawa,18.03
107946,22,2025-06-10,2025-06-23,2025-06-19,USA,New York,33.41
107947,272,2025-06-10,2025-06-19,2025-06-15,Germany,Munich,23.03
107948,495,2025-06-10,2025-06-19,2025-06-12,Germany,Frankfurt,3.41
107949,250,2025-06-10,2025-06-23,2025-06-21,Czech Republic,Pilsen,7.34
107950,153,2025-06-10,2025-06-15,2025-06-19,Norway,Bergen,8.29
107951,380,2025-06-11,2025-06-17,2025-06-13,Netherlands,Rotterdam,21.97
107952,497,2025-06-11,2025-06-15,2025-06-13,Germany,Cologne,31.98
107953,212,2025-06-11,2025-06-20,2025-06-19,France,Paris,15.79
107954,224,2025-06-11,2025-06-22,,Spain,Barcelona,36.27
107955,397,2025-06-11,2025-06-24,2025-06-19,Poland,Warsaw,13.62
107956,124,2025-06-11,2025-06-19,,United Kingdom,Liverpool,13.16
107957,237,2025-06-11,2025-06-23,2025-06-22,Poland,Krakow,21.14
107958,471,2025-06-11,2025-06-18,2025-06-14,Norway,Bergen,13.39
107959,265,2025-06-12,2025-06-20,2025-06-20,Poland,Krakow,20.95
107960,352,2025-06-12,2025-06-15,2025-06-18,Poland,Krakow,38.57
107961,305,2025-06-12,2025-06-18,2025-06-13,France,Marseille,12.37
107962,90,2025-06-12,2025-06-19,2025-06-13,Italy,Naples,11.43
107963,227,2025-06-12,2025-06-23,2025-06-22,Germany,Frankfurt,17.93
107964,239,2025-06-12,2025-06-16,2025-06-21,Canada,Toronto,13.38
107965,280,2025-06-13,2025-06-19,2025-06-17,United Kingdom,Liverpool,7.17
107966,12,2025-06-13,2025-06-22,2025-06-21,Sweden,Stockholm,27.32
107967,25,2025-06-13,2025-06-19,2025-06-21,Netherlands,Amsterdam,41.56
107968,179,2025-06-13,2025-06-19,2025-06-14,USA,Denver,12.73
107969,4,2025-06-13,2025-06-21,2025-06-20,Italy,Turin,12.96
107970,371,2025-06-13,2025-06-25,2025-06-16,France,Paris,7.63
107971,497,2025-06-13,2025-06-25,2025-06-16,Germany,Cologne,10.18
107972,436,2025-06-13,2025-06-23,2025-06-21,Italy,Florence,4.64
107973,100,2025-06-13,2025-06-25,2025-06-17,Netherlands,Utrecht,19.79
107974,189,2025-06-14,2025-06-19,2025-06-18,France,Lyon,22.42
107975,200,2025-06-14,2025-06-26,2025-06-18,Spain,Bilbao,16.61
107976,238,2025-06-14,2025-06-17,,Germany,Hamburg,27.51
107977,200,2025-06-14,2025-06-27,2025-06-23,Spain,Bilbao,14.48
107978,324,2025-06-14,2025-06-23,,Czech Republic,Ostrava,18.54
107979,350,2025-06-14,2025-06-17,2025-06-19,Germany,Munich,18.46
107980,191,2025-06-14,2025-06-19,2025-06-24,USA,Seattle,7.3
107981,14,2025-06-14,2025-06-23,2025-06-15,Netherlands,Eindhoven,14.15
107982,120,2025-06-14,2025-06-25,2025-06-21,Netherlands,Utrecht,28.23
107983,44,2025-06-14,2025-06-24,2025-06-17,Spain,Madrid,15.93
107984,226,2025-06-15,2025-06-25,2025-06-24,France,Nice,18.8
107985,33,2025-06-15,2025-06-26,2025-06-18,USA,Seattle,9.2
107986,107,2025-06-15,2025-06-23,,Italy,Turin,28.64
107987,466,2025-06-15,2025-06-25,2025-06-17,United Kingdom,Bristol,19.96
107988,162,2025-06-15,2025-06-25,2025-06-23,Poland,Lodz,10.01
107989,171,2025-06-15,2025-06-18,2025-06-19,Poland,Gdansk,6.78
107990,410,2025-06-16,2025-06-26,2025-06-18,Netherlands,Rotterdam,5.01
107991,391,2025-06-16,2025-06-26,2025-06-25,Germany,Berlin,17.67
107992,237,2025-06-16,2025-06-28,2025-06-26,Poland,Krakow,16.02
107993,357,2025-06-16,2025-06-24,,Italy,Turin,6.81
107994,236,2025-06-16,2025-06-26,2025-06-27,Canada,Calgary,14.91
107995,212,2025-06-16,2025-06-29,2025-06-19,France,Paris,34.29
107996,166,2025-06-16,2025-06-21,2025-06-21,USA,Seattle,9.22
107997,59,2025-06-16,2025-06-28,2025-06-27,Austria,Salzburg,19.01
107998,453,2025-06-16,2025-06-22,2025-06-21,United Kingdom,Manchester,13.24
107999,372,2025-06-17,2025-06-21,,United Kingdom,Manchester,32.32
108000,270,2025-06-17,2025-06-20,2025-06-21,France,Lyon,20.58
108001,155,2025-06-17,2025-06-25,2025-06-24,Spain,Madrid,25.03
108002,247,2025-06-17,2025-06-27,2025-06-25,Germany,Hamburg,30.98
108003,181,2025-06-17,2025-06-30,2025-06-19,Germany,Munich,8.79
108004,334,2025-06-17,2025-06-30,2025-06-25,USA,New York,20.19
108005,406,2025-06-17,2025-06-28,2025-06-20,United Kingdom,Liverpool,15.6
108006,48,2025-06-17,2025-06-23,2025-06-25,USA,Denver,17.56
108007,179,2025-06-17,2025-06-25,2025-06-25,USA,Denver,18.76
108008,210,2025-06-17,2025-06-20,2025-06-27,USA,Austin,15.33
108009,271,2025-06-17,2025-06-20,2025-06-18,USA,Chicago,20.22
108010,167,2025-06-18,2025-06-29,2025-06-21,USA,Chicago,22.87
108011,210,2025-06-18,2025-06-21,2025-06-24,USA,Austin,5.99
108012,201,2025-06-18,2025-06-26,2025-06-29,United Kingdom,Manchester,40.62
108013,369,2025-06-18,2025-06-25,2025-06-20,Czech Republic,Brno,6.31
108014,464,2025-06-18,2025-06-30,,Spain,Barcelona,14.63
108015,380,2025-06-19,2025-06-26,2025-06-27,Netherlands,Rotterdam,12.89
108016,165,2025-06-19,2025-06-25,2025-06-22,Netherlands,Eindhoven,13.94
108017,401,2025-06-19,2025-06-24,2025-06-25,France,Toulouse,15.41
108018,303,2025-06-19,2025-06-26,2025-06-25,Italy,Turin,3.84
108019,389,2025-06-19,2025-06-30,2025-06-22,USA,Seattle,6.56
108020,295,2025-06-19,2025-06-30,2025-06-24,USA,Chicago,22.25
108021,48,2025-06-19,2025-06-28,2025-06-28,USA,Denver,12.77
108022,384,2025-06-19,2025-06-28,2025-06-30,Norway,Oslo,7.08
108023,356,2025-06-19,2025-06-29,2025-06-28,Poland,Poznan,9.03
108024,234,2025-06-19,2025-07-01,2025-06-24,United Kingdom,Bristol,18.18
108025,204,2025-06-20,2025-06-28,2025-06-21,Poland,Gdansk,23.41
108026,382,2025-06-20,2025-06-29,,Sweden,Stockholm,8.15
108027,61,2025-06-20,2025-06-28,2025-06-25,Poland,Wroclaw,9.76
108028,60,2025-06-20,2025-07-03,2025-06-30,Netherlands,Eindhoven,13.87
108029,206,2025-06-20,2025-06-23,2025-06-23,Germany,Hamburg,9.95
108030,347,2025-06-20,2025-06-24,2025-06-30,Canada,Ottawa,33.81
108031,5,2025-06-20,2025-07-01,2025-06-27,Poland,Wroclaw,8.51
108032,224,2025-06-20,2025-06-26,2025-06-27,Spain,Barcelona,15.8
108033,451,2025-06-21,2025-07-02,2025-06-27,Italy,Naples,27.43
108034,206,2025-06-21,2025-06-24,2025-07-01,Germany,Hamburg,16.6
108035,357,2025-06-21,2025-06-24,2025-06-22,Italy,Turin,9.42
108036,248,2025-06-21,2025-06-25,2025-06-23,Poland,Wroclaw,7.48
108037,473,2025-06-21,2025-06-26,2025-06-23,United Kingdom,Leeds,15.18
108038,279,2025-06-21,2025-06-30,2025-06-29,Austria,Salzburg,10.83
108039,371,2025-06-21,2025-06-28,2025-06-30,France,Paris,22.71
108040,452,2025-06-21,2025-07-03,2025-07-01,Italy,Florence,18.2
108041,381,2025-06-21,2025-06-30,2025-06-27,Sweden,Malmo,17.85
108042,13,2025-06-21,2025-06-27,2025-06-27,Italy,Florence,14.74
108043,499,2025-06-22,2025-07-02,2025-06-29,Italy,Milan,32.97
108044,291,2025-06-22,2025-07-01,2025-07-01,United Kingdom,Bristol,17.04
108045,11,2025-06-22,2025-07-04,2025-06-28,France,Toulouse,13.49
108046,475,2025-06-22,2025-07-01,2025-06-25,Poland,Wroclaw,28.47
108047,331,2025-06-22,2025-06-29,2025-06-26,Poland,Poznan,18.36
108048,142,2025-06-22,2025-06-29,2025-06-23,Czech Republic,Brno,5.07
108049,129,2025-06-22,2025-07-02,,Sweden,Stockholm,12.14
108050,148,2025-06-22,2025-07-05,2025-06-27,Germany,Berlin,16.15
108051,276,2025-06-22,2025-06-25,2025-06-24,Italy,Florence,5.69
108052,175,2025-06-22,2025-06-28,2025-06-25,Austria,Salzburg,22.81
108053,318,2025-06-22,2025-07-05,2025-06-23,Poland,Warsaw,34.71
108054,11,2025-06-23,2025-07-03,2025-06-30,France,Toulouse,22.36
108055,369,2025-06-23,2025-06-28,2025-07-04,Czech Republic,Brno,16.34
108056,140,2025-06-23,2025-07-02,2025-06-27,Germany,Berlin,19.23
108057,472,2025-06-23,2025-07-03,,Czech Republic,Brno,7.1
108058,165,2025-06-23,2025-07-01,2025-07-02,Netherlands,Eindhoven,34.85
108059,201,2025-06-23,2025-07-03,2025-06-29,United Kingdom,Manchester,3.92
108060,141,2025-06-23,2025-06-29,2025-06-29,Spain,Madrid,15.39
108061,420,2025-06-24,2025-07-04,2025-07-02,Poland,Krakow,15.76
108062,92,2025-06-24,2025-06-28,2025-06-28,Austria,Vienna,29.33
108063,359,2025-06-24,2025-07-07,2025-07-01,France,Paris,13.38
108064,192,2025-06-24,2025-06-28,2025-06-25,Poland,Gdansk,12.75
108065,201,2025-06-24,2025-07-03,2025-07-05,United Kingdom,Manchester,8.56
108066,472,2025-06-25,2025-06-29,2025-07-05,Czech Republic,Brno,24.64
108067,337,2025-06-25,2025-07-05,2025-07-05,Canada,Toronto,18.5
108068,98,2025-06-25,2025-07-05,2025-06-26,France,Paris,11.94
108069,347,2025-06-25,2025-07-06,2025-07-01,Canada,Ottawa,17.14
108070,149,2025-06-25,2025-07-03,2025-06-27,USA,Chicago,23.96
108071,423,2025-06-25,2025-07-05,2025-06-26,Spain,Barcelona,17.56
108072,331,2025-06-25,2025-07-04,,Poland,Poznan,46.99
108073,22,2025-06-26,2025-07-06,2025-06-27,USA,New York,12.48
108074,247,2025-06-26,2025-07-01,2025-07-06,Germany,Hamburg,42.44
108075,335,2025-06-26,2025-06-30,2025-07-05,Italy,Milan,19.21
108076,32,2025-06-26,2025-06-30,2025-07-01,United Kingdom,Manchester,17.02
108077,321,2025-06-26,2025-06-30,2025-06-29,France,Paris,16.27
108078,185,2025-06-26,2025-07-03,2025-06-27,Spain,Barcelona,15.73
108079,219,2025-06-26,2025-07-05,2025-07-02,Netherlands,Amsterdam,20.89
108080,313,2025-06-26,2025-06-30,2025-07-02,Czech Republic,Ostrava,6.35
108081,151,2025-06-26,2025-07-03,2025-07-07,Germany,Hamburg,13.24
108082,179,2025-06-26,2025-07-07,2025-07-01,USA,Denver,31.8
108083,349,2025-06-26,2025-06-30,2025-07-02,Poland,Lodz,32.55
108084,27,2025-06-27,2025-07-08,2025-07-03,Poland,Krakow,6.8
108085,284,2025-06-27,2025-07-09,2025-07-02,United Kingdom,Liverpool,7.95
108086,475,2025-06-27,2025-07-02,2025-07-02,Poland,Wroclaw,5.79
108087,324,2025-06-27,2025-07-09,2025-07-02,Czech Republic,Ostrava,13.7
108088,318,2025-06-27,2025-07-04,2025-07-01,Poland,Warsaw,10.8
108089,436,2025-06-27,2025-06-30,,Italy,Florence,17.66
108090,7,2025-06-27,2025-06-30,2025-07-06,Germany,Cologne,29.57
108091,390,2025-06-27,2025-07-09,2025-06-28,Czech Republic,Pilsen,13.41
108092,118,2025-06-27,2025-07-04,2025-06-29,Germany,Frankfurt,8.02
108093,303,2025-06-27,2025-07-07,2025-07-01,Italy,Turin,4.47
108094,307,2025-06-27,2025-07-02,2025-07-01,USA,Boston,10.59
108095,405,2025-06-27,2025-07-04,,Netherlands,Amsterdam,14.51
108096,93,2025-06-28,2025-07-09,2025-07-02,Canada,Vancouver,34.23
108097,13,2025-06-28,2025-07-08,2025-07-08,Italy,Florence,62.57
108098,487,2025-06-28,2025-07-10,2025-07-01,Poland,Gdansk,14.67
108099,236,2025-06-28,2025-07-08,2025-06-29,Canada,Calgary,16.14
108100,126,2025-06-28,2025-07-04,2025-07-02,Spain,Barcelona,26.62
108101,305,2025-06-28,2025-07-11,2025-07-07,France,Marseille,26.5
108102,325,2025-06-28,2025-07-11,2025-07-04,Netherlands,Eindhoven,17.63
108103,372,2025-06-28,2025-07-03,2025-07-06,United Kingdom,Manchester,9.74
108104,212,2025-06-28,2025-07-08,,France,Paris,16.1
108105,456,2025-06-28,2025-07-02,2025-06-29,Netherlands,Utrecht,19.42
108106,160,2025-06-28,2025-07-11,2025-07-07,United Kingdom,Manchester,17.85
108107,318,2025-06-28,2025-07-03,2025-07-02,Poland,Warsaw,9.49
108108,199,2025-06-29,2025-07-03,2025-07-05,Norway,Bergen,20.45
108109,192,2025-06-29,2025-07-09,2025-07-01,Poland,Gdansk,20.58
108110,314,2025-06-29,2025-07-09,2025-07-07,Sweden,Gothenburg,16.77
108111,387,2025-06-29,2025-07-12,2025-07-03,Spain,Bilbao,49.05
108112,87,2025-06-29,2025-07-03,2025-07-09,Austria,Graz,24.47
108113,318,2025-06-29,2025-07-09,2025-07-02,Poland,Warsaw,8.39
108114,123,2025-06-29,2025-07-03,2025-07-02,Sweden,Uppsala,13.9
108115,443,2025-06-29,2025-07-11,,Spain,Bilbao,10.65
108116,176,2025-06-29,2025-07-11,2025-07-02,Germany,Cologne,9.43
108117,453,2025-06-30,2025-07-04,2025-07-05,United Kingdom,Manchester,18.11
108118,303,2025-06-30,2025-07-11,,Italy,Turin,29.76
108119,4,2025-06-30,2025-07-08,2025-07-06,Italy,Turin,6.98
108120,181,2025-06-30,2025-07-11,,Germany,Munich,11.08
108121,267,2025-06-30,2025-07-04,2025-07-07,Germany,Munich,14.34
108122,472,2025-06-30,2025-07-06,2025-07-06,Czech Republic,Brno,30.23
108123,24,2025-06-30,2025-07-11,2025-07-01,Poland,Warsaw,4.65
108124,110,2025-06-30,2025-07-09,2025-07-01,USA,Boston,27.0
108125,394,2025-06-30,2025-07-10,2025-07-06,Canada,Calgary,12.88
108126,338,2025-06-30,2025-07-13,2025-07-06,United Kingdom,Liverpool,4.71
108127,475,2025-06-30,2025-07-04,,Poland,Wroclaw,17.21
108128,33,2025-06-30,2025-07-04,2025-07-06,USA,Seattle,12.18
108129,94,2025-06-30,2025-07-05,,Czech Republic,Brno,11.09
108130,1,2025-07-01,2025-07-12,2025-07-07,Germany,Frankfurt,22.82
108131,369,2025-07-01,2025-07-10,2025-07-04,Czech Republic,Brno,13.56
108132,156,2025-07-01,2025-07-08,2025-07-02,France,Nice,15.59
108133,226,2025-07-01,2025-07-09,2025-07-05,France,Nice,27.01
108134,326,2025-07-01,2025-07-09,2025-07-07,Poland,Poznan,17.05
108135,275,2025-07-02,2025-07-15,2025-07-11,Germany,Berlin,4.11
108136,107,2025-07-02,2025-07-09,2025-07-03,Italy,Turin,10.35
108137,321,2025-07-02,2025-07-12,2025-07-06,France,Paris,7.91
108138,73,2025-07-02,2025-07-09,2025-07-05,USA,Denver,26.78
108139,22,2025-07-02,2025-07-07,2025-07-09,USA,New York,21.48
108140,148,2025-07-02,2025-07-06,,Germany,Berlin,25.35
108141,436,2025-07-02,2025-07-14,2025-07-03,Italy,Florence,4.21
108142,351,2025-07-02,2025-07-14,2025-07-07,Italy,Florence,18.2
108143,153,2025-07-02,2025-07-09,2025-07-04,Norway,Bergen,19.53
108144,350,2025-07-02,2025-07-10,2025-07-04,Germany,Munich,23.11
108145,381,2025-07-02,2025-07-12,2025-07-11,Sweden,Malmo,13.58
108146,30,2025-07-03,2025-07-15,2025-07-05,Germany,Frankfurt,17.17
108147,153,2025-07-03,2025-07-12,2025-07-08,Norway,Bergen,6.74
108148,92,2025-07-03,2025-07-14,2025-07-10,Austria,Vienna,4.88
108149,93,2025-07-03,2025-07-13,2025-07-10,Canada,Vancouver,19.87
108150,399,2025-07-03,2025-07-08,2025-07-04,Poland,Poznan,12.68
108151,157,2025-07-04,2025-07-14,2025-07-13,Germany,Cologne,9.37
108152,326,2025-07-04,2025-07-09,,Poland,Poznan,21.12
108153,46,2025-07-04,2025-07-16,2025-07-06,Germany,Hamburg,11.82
108154,25,2025-07-04,2025-07-11,2025-07-14,Netherlands,Amsterdam,10.09
108155,99,2025-07-04,2025-07-10,2025-07-07,Canada,Vancouver,8.99
108156,429,2025-07-04,2025-07-12,2025-07-15,Netherlands,Rotterdam,49.08
108157,192,2025-07-04,2025-07-17,,Poland,Gdansk,15.61
108158,319,2025-07-04,2025-07-16,2025-07-13,Italy,Milan,6.5
108159,1,2025-07-04,2025-07-13,2025-07-06,Germany,Frankfurt,14.32
108160,401,2025-07-04,2025-07-14,2025-07-14,France,Toulouse,28.23
108161,77,2025-07-04,2025-07-11,2025-07-05,Spain,Madrid,16.75
108162,466,2025-07-05,2025-07-14,2025-07-06,United Kingdom,Bristol,11.1
108163,298,2025-07-05,2025-07-16,2025-07-09,USA,Boston,18.07
108164,307,2025-07-05,2025-07-13,,USA,Boston,13.9
108165,246,2025-07-05,2025-07-17,2025-07-09,United Kingdom,Leeds,14.41
108166,55,2025-07-05,2025-07-16,2025-07-16,USA,Seattle,16.65
108167,416,2025-07-05,2025-07-18,2025-07-12,Germany,Hamburg,8.4
108168,36,2025-07-05,2025-07-17,2025-07-09,Germany,Cologne,30.25
108169,29,2025-07-05,2025-07-15,2025-07-11,USA,Chicago,25.57
108170,137,2025-07-05,2025-07-13,2025-07-09,USA,Austin,17.86
108171,93,2025-07-05,2025-07-14,2025-07-08,Canada,Vancouver,30.01
108172,371,2025-07-05,2025-07-08,2025-07-12,France,Paris,18.74
108173,81,2025-07-05,2025-07-15,2025-07-06,Germany,Munich,9.41
108174,402,2025-07-06,2025-07-18,2025-07-16,Spain,Barcelona,14.62
108175,315,2025-07-06,2025-07-19,2025-07-12,Canada,Ottawa,22.22
108176,465,2025-07-06,2025-07-09,2025-07-16,France,Paris,9.87
108177,326,2025-07-06,2025-07-09,2025-07-07,Poland,Poznan,7.13
108178,423,2025-07-07,2025-07-14,2025-07-15,Spain,Barcelona,23.73
108179,349,2025-07-07,2025-07-19,2025-07-15,Poland,Lodz,25.13
108180,103,2025-07-07,2025-07-13,2025-07-18,Poland,Gdansk,14.16
108181,425,2025-07-07,2025-07-14,2025-07-15,Czech Republic,Prague,26.47
108182,2,2025-07-07,2025-07-20,2025-07-18,United Kingdom,Bristol,37.88
108183,73,2025-07-07,2025-07-15,2025-07-13,USA,Denver,22.61
108184,186,2025-07-07,2025-07-17,2025-07-16,Netherlands,Eindhoven,15.45
108185,282,2025-07-08,2025-07-11,2025-07-11,Germany,Cologne,13.15
108186,57,2025-07-08,2025-07-11,2025-07-10,United Kingdom,Manchester,23.09
108187,201,2025-07-08,2025-07-18,2025-07-19,United Kingdom,Manchester,9.32
108188,166,2025-07-08,2025-07-21,2025-07-15,USA,Seattle,35.02
108189,55,2025-07-08,2025-07-20,2025-07-17,USA,Seattle,8.47
108190,331,2025-07-08,2025-07-18,2025-07-10,Poland,Poznan,8.71
108191,19,2025-07-08,2025-07-14,2025-07-09,USA,Denver,21.06
108192,165,2025-07-08,2025-07-18,2025-07-18,Netherlands,Eindhoven,33.06
108193,466,2025-07-09,2025-07-17,2025-07-20,United Kingdom,Bristol,6.78
108194,272,2025-07-09,2025-07-17,2025-07-14,Germany,Munich,10.05
108195,464,2025-07-09,2025-07-18,2025-07-20,Spain,Barcelona,5.2
108196,468,2025-07-09,2025-07-13,2025-07-20,France,Nice,27.11
108197,32,2025-07-09,2025-07-15,2025-07-15,United Kingdom,Manchester,7.44
108198,48,2025-07-09,2025-07-22,2025-07-16,USA,Denver,16.65
108199,234,2025-07-09,2025-07-20,,United Kingdom,Bristol,21.64
108200,221,2025-07-09,2025-07-17,2025-07-18,Germany,Frankfurt,16.68
108201,305,2025-07-09,2025-07-18,,France,Marseille,7.2
108202,445,2025-07-10,2025-07-20,,Canada,Calgary,11.25
108203,84,2025-07-10,2025-07-20,2025-07-21,USA,Seattle,13.08
108204,329,2025-07-10,2025-07-20,2025-07-16,Poland,Wroclaw,22.47
108205,99,2025-07-10,2025-07-20,2025-07-15,Canada,Vancouver,17.14
108206,295,2025-07-10,2025-07-20,2025-07-15,USA,Chicago,11.94
108207,375,2025-07-10,2025-07-22,,Germany,Hamburg,19.52
108208,391,2025-07-10,2025-07-17,2025-07-11,Germany,Berlin,14.86
108209,132,2025-07-10,2025-07-19,2025-07-19,Netherlands,Utrecht,62.07
108210,482,2025-07-10,2025-07-19,2025-07-17,Spain,Seville,20.59
108211,399,2025-07-10,2025-07-19,2025-07-15,Poland,Poznan,28.67
108212,394,2025-07-10,2025-07-20,2025-07-15,Canada,Calgary,47.04
108213,22,2025-07-10,2025-07-18,,USA,New York,10.47
108214,280,2025-07-10,2025-07-15,2025-07-12,United Kingdom,Liverpool,11.8
108215,399,2025-07-10,2025-07-13,2025-07-15,Poland,Poznan,3.6
108216,23,2025-07-10,2025-07-16,2025-07-12,USA,Chicago,12.9
108217,363,2025-07-11,2025-07-19,,United Kingdom,Manchester,22.46
108218,372,2025-07-11,2025-07-20,2025-07-17,United Kingdom,Manchester,12.08
108219,374,2025-07-11,2025-07-21,2025-07-19,USA,New York,32.94
108220,217,2025-07-11,2025-07-24,2025-07-13,Germany,Munich,11.51
108221,144,2025-07-11,2025-07-17,,Spain,Barcelona,22.62
108222,338,2025-07-11,2025-07-20,2025-07-16,United Kingdom,Liverpool,33.89
108223,267,2025-07-11,2025-07-22,2025-07-16,Germany,Munich,7.11
108224,399,2025-07-11,2025-07-23,2025-07-22,Poland,Poznan,26.7
108225,22,2025-07-11,2025-07-17,2025-07-20,USA,New York,24.66
108226,88,2025-07-11,2025-07-14,2025-07-15,Norway,Stavanger,9.08
108227,332,2025-07-11,2025-07-14,2025-07-21,Spain,Madrid,18.06
108228,206,2025-07-12,2025-07-22,2025-07-23,Germany,Hamburg,10.05
108229,492,2025-07-12,2025-07-25,2025-07-18,United Kingdom,Leeds,22.24
108230,140,2025-07-12,2025-07-15,2025-07-20,Germany,Berlin,16.11
108231,208,2025-07-12,2025-07-17,2025-07-22,Norway,Trondheim,19.71
108232,259,2025-07-13,2025-07-21,2025-07-14,USA,Boston,22.8
108233,388,2025-07-13,2025-07-25,2025-07-18,Sweden,Uppsala,30.03
108234,116,2025-07-13,2025-07-17,2025-07-18,Spain,Barcelona,8.63
108235,463,2025-07-13,2025-07-25,2025-07-17,Spain,Madrid,7.85
108236,340,2025-07-13,2025-07-24,2025-07-23,Austria,Vienna,20.78
108237,307,2025-07-13,2025-07-24,2025-07-21,USA,Boston,28.05
108238,423,2025-07-13,2025-07-25,2025-07-18,Spain,Barcelona,13.1
108239,148,2025-07-14,2025-07-20,2025-07-25,Germany,Berlin,17.64
108240,336,2025-07-14,2025-07-20,2025-07-25,Poland,Poznan,10.82
108241,37,2025-07-14,2025-07-26,2025-07-24,Spain,Valencia,17.07
108242,96,2025-07-14,2025-07-27,2025-07-25,Germany,Cologne,15.27
108243,251,2025-07-14,2025-07-17,2025-07-23,United Kingdom,Bristol,11.69
108244,118,2025-07-14,2025-07-26,2025-07-24,Germany,Frankfurt,21.09
108245,419,2025-07-15,2025-07-22,2025-07-25,Germany,Cologne,5.05
108246,52,2025-07-15,2025-07-20,,Canada,Vancouver,14.5
108247,62,2025-07-15,2025-07-18,2025-07-20,Poland,Lodz,9.84
108248,138,2025-07-15,2025-07-19,2025-07-18,Italy,Florence,10.81
108249,22,2025-07-15,2025-07-26,2025-07-20,USA,New York,25.53
108250,381,2025-07-15,2025-07-18,2025-07-25,Sweden,Malmo,27.31
108251,105,2025-07-15,2025-07-24,2025-07-22,Czech Republic,Pilsen,23.36
108252,224,2025-07-15,2025-07-22,2025-07-25,Spain,Barcelona,30.95
108253,26,2025-07-16,2025-07-22,2025-07-27,USA,Chicago,19.21
108254,114,2025-07-16,2025-07-22,2025-07-20,Spain,Bilbao,16.61
108255,254,2025-07-16,2025-07-20,2025-07-19,USA,Chicago,13.47
108256,26,2025-07-16,2025-07-19,2025-07-21,USA,Chicago,39.78
108257,475,2025-07-16,2025-07-21,2025-07-18,Poland,Wroclaw,16.24
108258,326,2025-07-16,2025-07-26,2025-07-25,Poland,Poznan,9.99
108259,226,2025-07-16,2025-07-24,2025-07-17,France,Nice,11.63
108260,475,2025-07-16,2025-07-27,2025-07-22,Poland,Wroclaw,5.02
108261,129,2025-07-16,2025-07-21,,Sweden,Stockholm,14.63
108262,291,2025-07-16,2025-07-19,2025-07-18,United Kingdom,Bristol,12.42
108263,330,2025-07-16,2025-07-29,2025-07-23,Spain,Seville,20.51
108264,255,2025-07-17,2025-07-21,2025-07-24,Austria,Graz,18.45
108265,431,2025-07-17,2025-07-29,2025-07-28,USA,Boston,11.71
108266,191,2025-07-17,2025-07-22,2025-07-27,USA,Seattle,28.86
108267,162,2025-07-17,2025-07-27,2025-07-26,Poland,Lodz,19.7
108268,62,2025-07-17,2025-07-23,2025-07-26,Poland,Lodz,7.18
108269,371,2025-07-17,2025-07-21,,France,Paris,4.1
108270,481,2025-07-17,2025-07-22,2025-07-19,Germany,Frankfurt,33.08
108271,77,2025-07-17,2025-07-22,2025-07-22,Spain,Madrid,8.41
108272,305,2025-07-17,2025-07-21,2025-07-28,France,Marseille,24.94
108273,26,2025-07-17,2025-07-29,2025-07-24,USA,Chicago,8.88
108274,462,2025-07-17,2025-07-27,2025-07-24,Spain,Barcelona,36.48
108275,452,2025-07-17,2025-07-21,,Italy,Florence,18.81
108276,90,2025-07-17,2025-07-23,2025-07-19,Italy,Naples,4.62
108277,113,2025-07-18,2025-07-22,2025-07-22,Germany,Frankfurt,5.04
108278,258,2025-07-18,2025-07-31,2025-07-25,Netherlands,Eindhoven,18.05
108279,209,2025-07-18,2025-07-28,2025-07-23,United Kingdom,Manchester,26.24
108280,227,2025-07-18,2025-07-27,,Germany,Frankfurt,15.63
108281,258,2025-07-18,2025-07-28,2025-07-21,Netherlands,Eindhoven,5.42
108282,436,2025-07-18,2025-07-24,2025-07-19,Italy,Florence,14.13
108283,259,2025-07-18,2025-07-22,2025-07-24,USA,Boston,15.11
108284,161,2025-07-18,2025-07-23,2025-07-27,Netherlands,Eindhoven,6.97
108285,87,2025-07-18,2025-07-25,2025-07-25,Austria,Graz,15.71
108286,132,2025-07-18,2025-07-26,2025-07-19,Netherlands,Utrecht,7.92
108287,236,2025-07-18,2025-07-22,2025-07-22,Canada,Calgary,20.44
108288,282,2025-07-18,2025-07-30,2025-07-19,Germany,Cologne,30.12
108289,330,2025-07-18,2025-07-23,2025-07-25,Spain,Seville,18.37
108290,231,2025-07-19,2025-07-27,2025-07-27,Sweden,Stockholm,7.12
108291,59,2025-07-19,2025-07-27,2025-07-25,Austria,Salzburg,12.92
108292,68,2025-07-19,2025-07-22,2025-07-24,USA,Austin,32.66
108293,437,2025-07-19,2025-07-24,2025-07-21,Poland,Lodz,15.59
108294,234,2025-07-19,2025-07-23,2025-07-25,United Kingdom,Bristol,11.04
108295,326,2025-07-19,2025-07-26,2025-07-20,Poland,Poznan,6.63
108296,85,2025-07-19,2025-07-26,2025-07-20,United Kingdom,London,15.32
108297,340,2025-07-19,2025-07-22,2025-07-27,Austria,Vienna,30.52
108298,172,2025-07-19,2025-07-31,2025-07-29,Norway,Trondheim,9.49
108299,464,2025-07-19,2025-07-26,2025-07-20,Spain,Barcelona,11.07
108300,306,2025-07-19,2025-07-25,2025-07-24,Czech Republic,Ostrava,18.51
108301,298,2025-07-20,2025-07-29,2025-07-28,USA,Boston,12.38
108302,153,2025-07-20,2025-07-26,2025-07-22,Norway,Bergen,7.43
108303,286,2025-07-21,2025-07-27,2025-07-23,Spain,Bilbao,6.69
108304,439,2025-07-21,2025-07-27,2025-07-25,Germany,Berlin,15.07
108305,132,2025-07-21,2025-07-30,2025-07-22,Netherlands,Utrecht,22.38
108306,432,2025-07-21,2025-07-25,2025-07-29,Poland,Wroclaw,13.87
108307,465,2025-07-21,2025-07-28,2025-07-26,France,Paris,17.97
108308,325,2025-07-21,2025-07-27,2025-07-26,Netherlands,Eindhoven,16.51
108309,19,2025-07-21,2025-07-24,2025-08-01,USA,Denver,14.48
108310,226,2025-07-21,2025-07-29,2025-08-01,France,Nice,61.02
108311,405,2025-07-21,2025-07-29,2025-08-01,Netherlands,Amsterdam,14.21
108312,153,2025-07-21,2025-07-30,2025-07-22,Norway,Bergen,5.44
108313,396,2025-07-21,2025-07-30,2025-07-30,United Kingdom,Manchester,9.15
108314,208,2025-07-21,2025-07-28,2025-07-24,Norway,Trondheim,12.57
108315,146,2025-07-21,2025-07-30,2025-07-30,Germany,Hamburg,27.01
108316,343,2025-07-21,2025-07-27,2025-07-29,Poland,Gdansk,19.35
108317,166,2025-07-21,2025-07-26,2025-07-29,USA,Seattle,15.87
108318,475,2025-07-21,2025-07-25,2025-07-22,Poland,Wroclaw,28.45
108319,399,2025-07-21,2025-07-27,2025-07-28,Poland,Poznan,21.49
108320,104,2025-07-22,2025-07-27,2025-07-30,United Kingdom,London,5.15
108321,369,2025-07-22,2025-07-29,,Czech Republic,Brno,8.92
108322,234,2025-07-22,2025-07-31,2025-07-24,United Kingdom,Bristol,6.57
108323,371,2025-07-22,2025-08-02,2025-07-24,France,Paris,9.25
108324,453,2025-07-23,2025-07-29,2025-07-28,United Kingdom,Manchester,7.29
108325,466,2025-07-23,2025-08-05,2025-07-30,United Kingdom,Bristol,14.87
108326,153,2025-07-23,2025-07-30,2025-07-31,Norway,Bergen,60.23
108327,356,2025-07-23,2025-07-30,2025-07-30,Poland,Poznan,8.26
108328,146,2025-07-23,2025-08-05,2025-08-02,Germany,Hamburg,9.97
108329,399,2025-07-23,2025-08-01,2025-07-27,Poland,Poznan,29.84
108330,405,2025-07-23,2025-07-26,2025-07-25,Netherlands,Amsterdam,18.0
108331,30,2025-07-23,2025-07-27,2025-07-28,Germany,Frankfurt,8.56
108332,441,2025-07-24,2025-08-04,2025-07-27,France,Nice,17.35
108333,267,2025-07-24,2025-07-31,2025-07-27,Germany,Munich,28.41
108334,325,2025-07-24,2025-08-06,,Netherlands,Eindhoven,18.39
108335,484,2025-07-24,2025-07-28,2025-07-29,Czech Republic,Brno,23.4
108336,107,2025-07-24,2025-08-03,2025-08-04,Italy,Turin,39.85
108337,110,2025-07-24,2025-07-31,2025-07-31,USA,Boston,7.45
108338,90,2025-07-24,2025-07-27,2025-08-04,Italy,Naples,11.21
108339,90,2025-07-24,2025-08-05,2025-07-27,Italy,Naples,30.82
108340,463,2025-07-24,2025-08-02,2025-07-27,Spain,Madrid,10.2
108341,52,2025-07-24,2025-08-02,2025-07-27,Canada,Vancouver,15.04
108342,371,2025-07-24,2025-07-28,,France,Paris,21.78
108343,83,2025-07-25,2025-08-01,,United Kingdom,Manchester,11.59
108344,350,2025-07-25,2025-07-30,2025-07-31,Germany,Munich,17.91
108345,269,2025-07-25,2025-07-31,2025-08-05,Norway,Bergen,19.54
108346,258,2025-07-25,2025-07-28,2025-08-03,Netherlands,Eindhoven,11.02
108347,224,2025-07-25,2025-08-01,2025-08-04,Spain,Barcelona,14.9
108348,494,2025-07-25,2025-08-03,2025-07-27,Italy,Florence,10.52
108349,355,2025-07-25,2025-07-30,2025-07-31,Germany,Hamburg,26.86
108350,38,2025-07-25,2025-07-28,2025-07-28,Netherlands,Amsterdam,11.49
108351,381,2025-07-25,2025-07-28,2025-07-30,Sweden,Malmo,15.96
108352,4,2025-07-25,2025-08-07,2025-07-26,Italy,Turin,39.36
108353,398,2025-07-26,2025-08-04,2025-07-28,Poland,Wroclaw,16.93
108354,33,2025-07-26,2025-08-04,2025-08-01,USA,Seattle,23.3
108355,90,2025-07-26,2025-08-05,2025-08-04,Italy,Naples,9.63
108356,248,2025-07-26,2025-08-03,2025-07-31,Poland,Wroclaw,26.49
108357,223,2025-07-26,2025-08-02,2025-07-29,Germany,Berlin,18.35
108358,351,2025-07-26,2025-08-01,2025-08-02,Italy,Florence,15.22
108359,201,2025-07-26,2025-08-05,2025-07-30,United Kingdom,Manchester,5.75
108360,50,2025-07-26,2025-08-02,,Poland,Wroclaw,19.78
108361,97,2025-07-26,2025-08-03,2025-08-03,Poland,Gdansk,21.11
108362,44,2025-07-26,2025-08-04,2025-08-06,Spain,Madrid,15.51
108363,486,2025-07-27,2025-08-07,2025-08-03,Poland,Gdansk,9.38
108364,16,2025-07-27,2025-08-02,2025-07-29,Sweden,Uppsala,3.83
108365,73,2025-07-27,2025-08-02,2025-08-07,USA,Denver,6.38
108366,319,2025-07-27,2025-08-03,2025-08-02,Italy,Milan,13.2
108367,436,2025-07-27,2025-08-04,,Italy,Florence,16.98
108368,384,2025-07-27,2025-08-07,2025-08-07,Norway,Oslo,7.69
108369,103,2025-07-28,2025-08-02,2025-08-04,Poland,Gdansk,17.2
108370,226,2025-07-28,2025-08-08,2025-07-29,France,Nice,28.39
108371,159,2025-07-28,2025-08-02,2025-07-31,United Kingdom,Liverpool,10.26
108372,391,2025-07-28,2025-08-01,2025-08-08,Germany,Berlin,6.36
108373,54,2025-07-28,2025-08-06,,France,Marseille,14.72
108374,420,2025-07-28,2025-08-05,2025-07-31,Poland,Krakow,17.0
108375,497,2025-07-28,2025-08-10,2025-08-05,Germany,Cologne,11.53
108376,459,2025-07-28,2025-08-10,,Italy,Naples,9.73
108377,370,2025-07-28,2025-07-31,2025-07-30,Germany,Munich,31.67
108378,475,2025-07-29,2025-08-03,2025-08-09,Poland,Wroclaw,24.05
108379,426,2025-07-29,2025-08-07,,France,Marseille,25.72
108380,247,2025-07-29,2025-08-09,2025-08-09,Germany,Hamburg,18.24
108381,110,2025-07-29,2025-08-03,2025-08-09,USA,Boston,16.91
108382,326,2025-07-29,2025-08-02,2025-07-30,Poland,Poznan,11.17
108383,22,2025-07-29,2025-08-08,2025-08-08,USA,New York,23.32
108384,325,2025-07-29,2025-08-07,2025-07-30,Netherlands,Eindhoven,9.11
108385,452,2025-07-30,2025-08-03,2025-08-01,Italy,Florence,10.51
108386,123,2025-07-30,2025-08-05,2025-08-06,Sweden,Uppsala,52.38
108387,369,2025-07-30,2025-08-09,2025-08-02,Czech Republic,Brno,11.51
108388,405,2025-07-30,2025-08-03,2025-08-05,Netherlands,Amsterdam,15.27
108389,429,2025-07-30,2025-08-08,2025-08-01,Netherlands,Rotterdam,24.01
108390,332,2025-07-30,2025-08-04,2025-08-09,Spain,Madrid,27.74
108391,246,2025-07-30,2025-08-06,2025-08-05,United Kingdom,Leeds,8.57
108392,15,2025-07-31,2025-08-05,2025-08-05,Spain,Seville,19.16
108393,280,2025-07-31,2025-08-07,2025-08-09,United Kingdom,Liverpool,13.71
108394,416,2025-07-31,2025-08-11,2025-08-01,Germany,Hamburg,8.9
108395,289,2025-07-31,2025-08-12,,United Kingdom,Liverpool,12.11
108396,305,2025-07-31,2025-08-10,2025-08-09,France,Marseille,10.45
108397,375,2025-07-31,2025-08-10,2025-08-05,Germany,Hamburg,38.43
108398,351,2025-07-31,2025-08-11,2025-08-10,Italy,Florence,3.97
108399,412,2025-08-01,2025-08-08,2025-08-07,Germany,Cologne,21.1
108400,103,2025-08-01,2025-08-07,2025-08-12,Poland,Gdansk,33.49
108401,37,2025-08-01,2025-08-06,2025-08-03,Spain,Valencia,8.91
108402,26,2025-08-01,2025-08-12,2025-08-03,USA,Chicago,18.5
108403,186,2025-08-01,2025-08-04,2025-08-09,Netherlands,Eindhoven,17.71
108404,405,2025-08-02,2025-08-10,2025-08-12,Netherlands,Amsterdam,24.33
108405,226,2025-08-02,2025-08-06,2025-08-06,France,Nice,6.2
108406,359,2025-08-02,2025-08-15,2025-08-12,France,Paris,37.71
108407,110,2025-08-02,2025-08-06,2025-08-06,USA,Boston,27.61
108408,283,2025-08-02,2025-08-09,2025-08-05,Poland,Lodz,14.2
108409,485,2025-08-02,2025-08-14,2025-08-03,United Kingdom,Manchester,7.62
108410,305,2025-08-02,2025-08-10,2025-08-12,France,Marseille,22.91
108411,76,2025-08-03,2025-08-09,2025-08-09,Spain,Bilbao,12.48
108412,394,2025-08-03,2025-08-10,2025-08-13,Canada,Calgary,49.31
108413,326,2025-08-04,2025-08-12,2025-08-06,Poland,Poznan,16.71
108414,472,2025-08-04,2025-08-14,,Czech Republic,Brno,22.59
108415,236,2025-08-04,2025-08-16,2025-08-14,Canada,Calgary,19.0
108416,213,2025-08-04,2025-08-16,2025-08-06,USA,Chicago,31.78
108417,6,2025-08-04,2025-08-09,2025-08-11,Poland,Gdansk,14.66
108418,467,2025-08-04,2025-08-12,2025-08-08,Poland,Warsaw,34.2
108419,453,2025-08-04,2025-08-09,2025-08-07,United Kingdom,Manchester,7.84
108420,436,2025-08-05,2025-08-11,2025-08-07,Italy,Florence,13.21
108421,171,2025-08-05,2025-08-15,2025-08-15,Poland,Gdansk,49.81
108422,238,2025-08-05,2025-08-10,2025-08-15,Germany,Hamburg,46.79
108423,118,2025-08-05,2025-08-16,2025-08-09,Germany,Frankfurt,10.38
108424,349,2025-08-05,2025-08-18,2025-08-13,Poland,Lodz,13.38
108425,264,2025-08-05,2025-08-10,2025-08-12,United Kingdom,London,10.28
108426,215,2025-08-05,2025-08-11,2025-08-16,Italy,Milan,6.53
108427,325,2025-08-05,2025-08-15,2025-08-14,Netherlands,Eindhoven,10.69
108428,70,2025-08-06,2025-08-12,2025-08-15,Spain,Madrid,21.22
108429,473,2025-08-06,2025-08-17,2025-08-12,United Kingdom,Leeds,21.07
108430,463,2025-08-06,2025-08-16,2025-08-14,Spain,Madrid,16.35
108431,142,2025-08-06,2025-08-12,2025-08-12,Czech Republic,Brno,12.52
108432,324,2025-08-06,2025-08-13,2025-08-09,Czech Republic,Ostrava,30.56
108433,115,2025-08-06,2025-08-18,2025-08-11,USA,Denver,44.45
108434,258,2025-08-06,2025-08-18,2025-08-12,Netherlands,Eindhoven,32.1
108435,115,2025-08-06,2025-08-09,2025-08-11,USA,Denver,13.43
108436,300,2025-08-07,2025-08-16,2025-08-17,Netherlands,Eindhoven,15.84
108437,131,2025-08-07,2025-08-20,2025-08-13,Spain,Seville,30.92
108438,179,2025-08-07,2025-08-11,2025-08-10,USA,Denver,11.89
108439,338,2025-08-07,2025-08-11,,United Kingdom,Liverpool,41.23
108440,49,2025-08-07,2025-08-20,2025-08-11,Canada,Montreal,20.94
108441,107,2025-08-08,2025-08-21,2025-08-15,Italy,Turin,13.5
108442,140,2025-08-08,2025-08-19,2025-08-11,Germany,Berlin,32.11
108443,269,2025-08-08,2025-08-19,2025-08-15,Norway,Bergen,25.88
108444,252,2025-08-08,2025-08-18,2025-08-14,Netherlands,Amsterdam,19.0
108445,206,2025-08-08,2025-08-12,2025-08-18,Germany,Hamburg,45.65
108446,105,2025-08-08,2025-08-14,2025-08-17,Czech Republic,Pilsen,11.69
108447,442,2025-08-08,2025-08-14,2025-08-16,USA,Denver,8.19
108448,394,2025-08-08,2025-08-13,2025-08-13,Canada,Calgary,18.93
108449,94,2025-08-08,2025-08-20,2025-08-09,Czech Republic,Brno,9.89
108450,15,2025-08-08,2025-08-12,2025-08-09,Spain,Seville,46.98
108451,81,2025-08-08,2025-08-12,2025-08-18,Germany,Munich,23.45
108452,159,2025-08-08,2025-08-13,2025-08-15,United Kingdom,Liverpool,11.89
108453,173,2025-08-08,2025-08-19,2025-08-14,Germany,Hamburg,15.99
108454,320,2025-08-08,2025-08-12,2025-08-13,Italy,Florence,40.27
108455,307,2025-08-08,2025-08-21,2025-08-11,USA,Boston,14.26
108456,269,2025-08-09,2025-08-19,2025-08-13,Norway,Bergen,23.49
108457,173,2025-08-09,2025-08-17,2025-08-17,Germany,Hamburg,12.95
108458,327,2025-08-09,2025-08-15,2025-08-19,Italy,Turin,23.35
108459,51,2025-08-09,2025-08-18,2025-08-15,Austria,Graz,10.59
108460,258,2025-08-09,2025-08-17,2025-08-14,Netherlands,Eindhoven,14.65
108461,57,2025-08-09,2025-08-21,2025-08-20,United Kingdom,Manchester,10.65
108462,146,2025-08-09,2025-08-20,,Germany,Hamburg,11.57
108463,127,2025-08-09,2025-08-16,2025-08-11,France,Paris,29.67
108464,215,2025-08-09,2025-08-22,2025-08-17,Italy,Milan,19.66
108465,202,2025-08-10,2025-08-22,2025-08-20,Poland,Gdansk,13.06
108466,286,2025-08-10,2025-08-14,2025-08-20,Spain,Bilbao,14.75
108467,153,2025-08-10,2025-08-19,2025-08-18,Norway,Bergen,11.49
108468,115,2025-08-10,2025-08-20,,USA,Denver,23.65
108469,314,2025-08-10,2025-08-21,2025-08-16,Sweden,Gothenburg,14.6
108470,24,2025-08-10,2025-08-18,2025-08-16,Poland,Warsaw,19.19
108471,59,2025-08-10,2025-08-15,2025-08-16,Austria,Salzburg,16.05
108472,352,2025-08-10,2025-08-16,2025-08-14,Poland,Krakow,22.36
108473,307,2025-08-10,2025-08-22,2025-08-15,USA,Boston,33.68
108474,298,2025-08-10,2025-08-17,2025-08-19,USA,Boston,16.34
108475,313,2025-08-10,2025-08-18,2025-08-17,Czech Republic,Ostrava,18.79
108476,474,2025-08-10,2025-08-18,2025-08-12,Czech Republic,Pilsen,15.57
108477,165,2025-08-10,2025-08-15,2025-08-17,Netherlands,Eindhoven,10.84
108478,206,2025-08-10,2025-08-15,2025-08-21,Germany,Hamburg,39.89
108479,403,2025-08-10,2025-08-16,,Poland,Gdansk,5.93
108480,38,2025-08-11,2025-08-14,2025-08-15,Netherlands,Amsterdam,34.96
108481,500,2025-08-11,2025-08-19,2025-08-22,United Kingdom,Bristol,12.75
108482,295,2025-08-11,2025-08-14,2025-08-16,USA,Chicago,29.34
108483,418,2025-08-11,2025-08-15,,United Kingdom,Liverpool,11.09
108484,475,2025-08-11,2025-08-23,,Poland,Wroclaw,12.79
108485,119,2025-08-11,2025-08-16,2025-08-15,Italy,Milan,4.77
108486,102,2025-08-11,2025-08-20,2025-08-19,Poland,Poznan,12.42
108487,356,2025-08-11,2025-08-19,2025-08-17,Poland,Poznan,42.69
108488,115,2025-08-11,2025-08-18,2025-08-13,USA,Denver,27.73
108489,159,2025-08-12,2025-08-23,2025-08-15,United Kingdom,Liverpool,26.03
108490,352,2025-08-12,2025-08-17,2025-08-21,Poland,Krakow,17.23
108491,208,2025-08-12,2025-08-23,2025-08-18,Norway,Trondheim,9.62
108492,251,2025-08-12,2025-08-23,2025-08-13,United Kingdom,Bristol,47.25
108493,200,2025-08-12,2025-08-22,2025-08-21,Spain,Bilbao,3.77
108494,371,2025-08-13,2025-08-21,2025-08-22,France,Paris,4.7
108495,422,2025-08-13,2025-08-18,,Spain,Seville,29.95
108496,37,2025-08-13,2025-08-16,,Spain,Valencia,30.72
108497,120,2025-08-13,2025-08-21,,Netherlands,Utrecht,37.53
108498,239,2025-08-13,2025-08-22,2025-08-16,Canada,Toronto,7.56
108499,453,2025-08-13,2025-08-21,2025-08-23,United Kingdom,Manchester,12.5
108500,255,2025-08-13,2025-08-19,2025-08-19,Austria,Graz,16.62
108501,146,2025-08-13,2025-08-26,2025-08-18,Germany,Hamburg,16.43
108502,349,2025-08-13,2025-08-18,2025-08-16,Poland,Lodz,34.55
108503,365,2025-08-13,2025-08-16,2025-08-15,Sweden,Uppsala,11.17
108504,427,2025-08-14,2025-08-17,2025-08-19,Spain,Barcelona,21.68
108505,32,2025-08-14,2025-08-23,2025-08-25,United Kingdom,Manchester,19.35
108506,26,2025-08-14,2025-08-20,2025-08-22,USA,Chicago,34.47
108507,307,2025-08-14,2025-08-24,2025-08-21,USA,Boston,10.47
108508,37,2025-08-14,2025-08-21,2025-08-19,Spain,Valencia,21.54
108509,238,2025-08-14,2025-08-19,2025-08-16,Germany,Hamburg,18.8
108510,155,2025-08-14,2025-08-19,2025-08-19,Spain,Madrid,35.05
108511,313,2025-08-14,2025-08-26,2025-08-25,Czech Republic,Ostrava,15.2
108512,495,2025-08-15,2025-08-25,2025-08-24,Germany,Frankfurt,23.58
108513,369,2025-08-15,2025-08-22,2025-08-20,Czech Republic,Brno,5.4
108514,438,2025-08-15,2025-08-22,2025-08-18,Germany,Munich,10.3
108515,166,2025-08-15,2025-08-23,2025-08-19,USA,Seattle,14.05
108516,90,2025-08-15,2025-08-20,2025-08-16,Italy,Naples,13.04
108517,316,2025-08-15,2025-08-19,,Austria,Graz,19.73
108518,334,2025-08-15,2025-08-26,2025-08-25,USA,New York,30.07
108519,212,2025-08-15,2025-08-21,2025-08-25,France,Paris,11.13
108520,112,2025-08-15,2025-08-23,2025-08-22,USA,Chicago,13.94
108521,394,2025-08-16,2025-08-20,2025-08-22,Canada,Calgary,30.81
108522,369,2025-08-16,2025-08-24,2025-08-24,Czech Republic,Brno,55.57
108523,450,2025-08-16,2025-08-21,,Poland,Wroclaw,45.84
108524,87,2025-08-17,2025-08-25,2025-08-19,Austria,Graz,28.79
108525,201,2025-08-17,2025-08-25,,United Kingdom,Manchester,5.82
108526,13,2025-08-17,2025-08-28,2025-08-21,Italy,Florence,17.1
108527,19,2025-08-17,2025-08-24,2025-08-18,USA,Denver,19.18
108528,260,2025-08-17,2025-08-26,2025-08-25,Norway,Oslo,13.21
108529,276,2025-08-17,2025-08-22,2025-08-21,Italy,Florence,15.7
108530,109,2025-08-17,2025-08-24,2025-08-22,Spain,Bilbao,9.36
108531,64,2025-08-18,2025-08-27,2025-08-21,Poland,Wroclaw,10.37
108532,116,2025-08-18,2025-08-25,2025-08-25,Spain,Barcelona,11.29
108533,48,2025-08-18,2025-08-27,2025-08-21,USA,Denver,12.82
108534,398,2025-08-18,2025-08-23,2025-08-28,Poland,Wroclaw,13.61
108535,176,2025-08-18,2025-08-27,2025-08-23,Germany,Cologne,28.27
108536,319,2025-08-18,2025-08-22,2025-08-22,Italy,Milan,8.93
108537,166,2025-08-18,2025-08-29,2025-08-27,USA,Seattle,27.48
108538,61,2025-08-19,2025-09-01,2025-08-21,Poland,Wroclaw,21.5
108539,459,2025-08-19,2025-08-25,2025-08-22,Italy,Naples,26.66
108540,391,2025-08-19,2025-08-22,2025-08-25,Germany,Berlin,41.81
108541,123,2025-08-19,2025-08-31,2025-08-27,Sweden,Uppsala,15.66
108542,55,2025-08-19,2025-08-30,2025-08-24,USA,Seattle,20.89
108543,241,2025-08-19,2025-08-28,2025-08-22,USA,New York,13.83
108544,50,2025-08-19,2025-08-24,2025-08-22,Poland,Wroclaw,9.59
108545,120,2025-08-19,2025-08-24,2025-08-24,Netherlands,Utrecht,12.8
108546,289,2025-08-19,2025-08-28,2025-08-23,United Kingdom,Liverpool,27.01
108547,412,2025-08-19,2025-08-23,2025-08-20,Germany,Cologne,15.39
108548,484,2025-08-19,2025-08-27,2025-08-26,Czech Republic,Brno,36.51
108549,226,2025-08-20,2025-08-30,2025-08-23,France,Nice,12.34
108550,366,2025-08-20,2025-08-24,2025-08-31,Spain,Valencia,22.77
108551,346,2025-08-20,2025-08-28,2025-08-22,Italy,Milan,16.15
108552,171,2025-08-20,2025-08-25,2025-08-26,Poland,Gdansk,16.58
108553,259,2025-08-20,2025-09-02,2025-08-26,USA,Boston,35.71
108554,181,2025-08-20,2025-08-27,2025-08-31,Germany,Munich,16.5
108555,24,2025-08-20,2025-08-28,2025-08-25,Poland,Warsaw,35.2
108556,267,2025-08-20,2025-08-28,2025-08-21,Germany,Munich,23.21
108557,295,2025-08-21,2025-09-01,,USA,Chicago,29.8
108558,73,2025-08-21,2025-08-26,2025-08-29,USA,Denver,15.57
108559,276,2025-08-21,2025-09-03,2025-08-29,Italy,Florence,15.68
108560,306,2025-08-21,2025-09-01,2025-08-22,Czech Republic,Ostrava,48.98
108561,60,2025-08-21,2025-08-29,,Netherlands,Eindhoven,20.87
108562,33,2025-08-21,2025-08-31,2025-08-27,USA,Seattle,22.61
108563,30,2025-08-21,2025-08-24,2025-08-25,Germany,Frankfurt,16.46
108564,234,2025-08-21,2025-08-27,2025-08-30,United Kingdom,Bristol,9.37
108565,223,2025-08-21,2025-09-03,2025-09-01,Germany,Berlin,19.62
108566,456,2025-08-22,2025-08-27,2025-09-02,Netherlands,Utrecht,21.27
108567,442,2025-08-22,2025-08-28,2025-08-27,USA,Denver,16.86
108568,466,2025-08-22,2025-08-26,2025-08-26,United Kingdom,Bristol,16.31
108569,61,2025-08-22,2025-08-29,2025-08-25,Poland,Wroclaw,29.96
108570,419,2025-08-22,2025-08-25,2025-08-31,Germany,Cologne,6.29
108571,463,2025-08-23,2025-09-04,2025-09-01,Spain,Madrid,14.98
108572,59,2025-08-23,2025-09-01,2025-08-28,Austria,Salzburg,22.52
108573,77,2025-08-23,2025-08-30,2025-09-02,Spain,Madrid,6.53
108574,26,2025-08-23,2025-09-02,2025-08-29,USA,Chicago,42.3
108575,345,2025-08-23,2025-09-03,2025-08-29,Poland,Gdansk,26.57
108576,326,2025-08-23,2025-09-04,2025-09-01,Poland,Poznan,8.1
108577,209,2025-08-23,2025-08-27,2025-08-31,United Kingdom,Manchester,20.66
108578,191,2025-08-23,2025-09-02,2025-08-24,USA,Seattle,13.94
108579,472,2025-08-23,2025-09-04,2025-09-02,Czech Republic,Brno,19.2
108580,195,2025-08-24,2025-08-30,,Canada,Ottawa,8.08
108581,353,2025-08-24,2025-09-01,2025-09-01,Czech Republic,Pilsen,19.15
108582,371,2025-08-24,2025-09-04,,France,Paris,14.88
108583,453,2025-08-24,2025-08-30,2025-08-26,United Kingdom,Manchester,4.27
108584,304,2025-08-24,2025-08-28,2025-09-02,USA,Austin,45.56
108585,228,2025-08-24,2025-08-27,2025-08-27,Austria,Linz,17.62
108586,269,2025-08-24,2025-08-30,2025-08-31,Norway,Bergen,21.19
108587,412,2025-08-24,2025-09-04,2025-08-30,Germany,Cologne,31.76
108588,325,2025-08-24,2025-08-28,2025-09-03,Netherlands,Eindhoven,19.91
108589,351,2025-08-24,2025-09-04,,Italy,Florence,13.75
108590,250,2025-08-24,2025-08-29,2025-09-01,Czech Republic,Pilsen,29.5
108591,217,2025-08-24,2025-08-28,2025-09-04,Germany,Munich,10.95
108592,284,2025-08-24,2025-09-06,2025-08-31,United Kingdom,Liverpool,27.16
108593,100,2025-08-25,2025-09-04,2025-09-03,Netherlands,Utrecht,17.69
108594,429,2025-08-25,2025-08-30,2025-08-27,Netherlands,Rotterdam,45.47
108595,339,2025-08-25,2025-08-31,2025-08-27,Spain,Valencia,39.77
108596,422,2025-08-25,2025-08-28,2025-08-31,Spain,Seville,18.28
108597,384,2025-08-25,2025-08-28,2025-08-28,Norway,Oslo,18.67
108598,371,2025-08-25,2025-08-28,2025-09-05,France,Paris,24.2
108599,69,2025-08-25,2025-09-03,2025-08-27,United Kingdom,Bristol,32.64
108600,13,2025-08-25,2025-09-06,2025-08-30,Italy,Florence,36.74
108601,429,2025-08-25,2025-08-29,2025-08-31,Netherlands,Rotterdam,7.1
108602,420,2025-08-25,2025-08-28,2025-09-02,Poland,Krakow,47.26
108603,410,2025-08-26,2025-09-04,2025-08-28,Netherlands,Rotterdam,10.73
108604,435,2025-08-26,2025-09-08,2025-08-29,USA,Denver,22.06
108605,241,2025-08-26,2025-08-30,2025-08-27,USA,New York,19.68
108606,496,2025-08-26,2025-09-05,2025-08-29,Austria,Salzburg,14.21
108607,341,2025-08-26,2025-09-02,2025-09-03,Italy,Rome,30.7
108608,375,2025-08-26,2025-08-30,2025-08-31,Germany,Hamburg,32.03
108609,22,2025-08-26,2025-08-30,2025-08-27,USA,New York,10.58
108610,349,2025-08-26,2025-08-30,2025-09-04,Poland,Lodz,4.95
108611,228,2025-08-27,2025-08-30,2025-09-07,Austria,Linz,21.61
108612,85,2025-08-27,2025-09-05,2025-09-01,United Kingdom,London,19.76
108613,26,2025-08-27,2025-09-07,2025-09-05,USA,Chicago,6.42
108614,258,2025-08-27,2025-09-04,2025-09-04,Netherlands,Eindhoven,22.24
108615,497,2025-08-27,2025-09-07,2025-08-31,Germany,Cologne,29.99
108616,443,2025-08-27,2025-09-02,,Spain,Bilbao,9.61
108617,301,2025-08-28,2025-09-06,2025-09-05,France,Paris,33.53
108618,13,2025-08-28,2025-09-10,2025-09-01,Italy,Florence,21.43
108619,371,2025-08-28,2025-09-03,2025-09-04,France,Paris,9.22
108620,307,2025-08-28,2025-09-01,2025-08-29,USA,Boston,11.62
108621,432,2025-08-28,2025-09-09,2025-09-01,Poland,Wroclaw,4.9
108622,325,2025-08-28,2025-08-31,,Netherlands,Eindhoven,10.24
108623,368,2025-08-28,2025-09-05,2025-08-30,Poland,Gdansk,38.25
108624,451,2025-08-29,2025-09-05,2025-09-02,Italy,Naples,23.01
108625,463,2025-08-29,2025-09-07,2025-09-04,Spain,Madrid,28.33
108626,48,2025-08-29,2025-09-03,,USA,Denver,17.49
108627,270,2025-08-29,2025-09-05,2025-08-30,France,Lyon,29.4
108628,37,2025-08-29,2025-09-05,2025-09-06,Spain,Valencia,11.39
108629,328,2025-08-29,2025-09-01,2025-09-05,United Kingdom,Liverpool,34.9
108630,350,2025-08-29,2025-09-04,2025-09-08,Germany,Munich,25.16
108631,398,2025-08-29,2025-09-09,2025-09-08,Poland,Wroclaw,23.63
108632,402,2025-08-30,2025-09-07,2025-09-04,Spain,Barcelona,4.28
108633,465,2025-08-30,2025-09-09,2025-09-05,France,Paris,17.01
108634,450,2025-08-30,2025-09-03,2025-09-09,Poland,Wroclaw,10.66
108635,5,2025-08-30,2025-09-05,2025-09-03,Poland,Wroclaw,28.96
108636,146,2025-08-30,2025-09-05,2025-08-31,Germany,Hamburg,30.71
108637,48,2025-08-31,2025-09-12,2025-09-05,USA,Denver,31.44
108638,231,2025-08-31,2025-09-06,2025-09-06,Sweden,Stockholm,9.18
108639,154,2025-08-31,2025-09-06,2025-09-10,France,Marseille,4.86
108640,476,2025-08-31,2025-09-09,2025-09-10,Germany,Frankfurt,6.83
108641,269,2025-09-01,2025-09-06,2025-09-03,Norway,Bergen,22.97
108642,200,2025-09-01,2025-09-09,2025-09-06,Spain,Bilbao,18.22
108643,399,2025-09-01,2025-09-10,2025-09-04,Poland,Poznan,17.97
108644,147,2025-09-01,2025-09-11,2025-09-05,Austria,Linz,6.25
108645,235,2025-09-01,2025-09-14,2025-09-08,Italy,Turin,13.98
108646,284,2025-09-01,2025-09-05,2025-09-04,United Kingdom,Liverpool,12.76
108647,315,2025-09-01,2025-09-06,2025-09-03,Canada,Ottawa,10.31
108648,266,2025-09-01,2025-09-09,,Norway,Oslo,16.48
108649,155,2025-09-02,2025-09-10,2025-09-04,Spain,Madrid,14.76
108650,295,2025-09-02,2025-09-09,2025-09-06,USA,Chicago,14.63
108651,162,2025-09-02,2025-09-09,2025-09-13,Poland,Lodz,26.49
108652,19,2025-09-02,2025-09-15,2025-09-06,USA,Denver,17.87
108653,91,2025-09-02,2025-09-12,2025-09-07,Poland,Lodz,15.14
108654,276,2025-09-02,2025-09-11,2025-09-03,Italy,Florence,6.43
108655,77,2025-09-02,2025-09-07,2025-09-03,Spain,Madrid,11.63
108656,405,2025-09-03,2025-09-12,2025-09-13,Netherlands,Amsterdam,17.72
108657,307,2025-09-03,2025-09-07,2025-09-10,USA,Boston,41.94
108658,256,2025-09-03,2025-09-11,2025-09-12,USA,Chicago,17.69
108659,390,2025-09-03,2025-09-16,2025-09-13,Czech Republic,Pilsen,24.09
108660,153,2025-09-03,2025-09-10,2025-09-08,Norway,Bergen,17.01
108661,110,2025-09-03,2025-09-10,,USA,Boston,26.51
108662,348,2025-09-03,2025-09-11,2025-09-10,United Kingdom,Manchester,48.33
108663,55,2025-09-04,2025-09-13,2025-09-10,USA,Seattle,16.44
108664,351,2025-09-04,2025-09-08,2025-09-15,Italy,Florence,12.85
108665,384,2025-09-04,2025-09-08,2025-09-09,Norway,Oslo,12.12
108666,198,2025-09-04,2025-09-07,2025-09-14,Poland,Gdansk,12.48
108667,186,2025-09-04,2025-09-11,2025-09-09,Netherlands,Eindhoven,6.44
108668,447,2025-09-05,2025-09-12,2025-09-12,United Kingdom,Bristol,24.12
108669,44,2025-09-05,2025-09-09,2025-09-14,Spain,Madrid,9.67
108670,129,2025-09-05,2025-09-11,2025-09-08,Sweden,Stockholm,6.11
108671,351,2025-09-05,2025-09-18,2025-09-09,Italy,Florence,29.38
108672,453,2025-09-05,2025-09-15,2025-09-12,United Kingdom,Manchester,36.89
108673,88,2025-09-05,2025-09-11,2025-09-12,Norway,Stavanger,8.78
108674,21,2025-09-05,2025-09-08,,Canada,Vancouver,22.69
108675,204,2025-09-05,2025-09-14,2025-09-06,Poland,Gdansk,16.11
108676,276,2025-09-05,2025-09-13,2025-09-12,Italy,Florence,22.04
108677,132,2025-09-05,2025-09-11,2025-09-11,Netherlands,Utrecht,6.11
108678,87,2025-09-05,2025-09-09,2025-09-06,Austria,Graz,44.73
108679,341,2025-09-05,2025-09-17,2025-09-08,Italy,Rome,10.89
108680,288,2025-09-05,2025-09-13,2025-09-15,Italy,Florence,16.09
108681,326,2025-09-05,2025-09-18,,Poland,Poznan,15.03
108682,90,2025-09-05,2025-09-18,2025-09-14,Italy,Naples,21.29
108683,201,2025-09-06,2025-09-16,2025-09-09,United Kingdom,Manchester,5.26
108684,214,2025-09-06,2025-09-14,2025-09-10,Austria,Linz,40.81
108685,22,2025-09-06,2025-09-16,2025-09-13,USA,New York,14.77
108686,170,2025-09-06,2025-09-11,2025-09-12,Netherlands,Utrecht,10.89
108687,13,2025-09-06,2025-09-10,2025-09-08,Italy,Florence,11.73
108688,286,2025-09-06,2025-09-18,2025-09-16,Spain,Bilbao,25.06
108689,289,2025-09-07,2025-09-17,2025-09-12,United Kingdom,Liverpool,21.34
108690,259,2025-09-07,2025-09-11,2025-09-12,USA,Boston,15.66
108691,79,2025-09-07,2025-09-12,2025-09-18,Italy,Naples,40.62
108692,369,2025-09-07,2025-09-19,2025-09-09,Czech Republic,Brno,13.38
108693,81,2025-09-07,2025-09-11,,Germany,Munich,18.82
108694,99,2025-09-07,2025-09-19,2025-09-12,Canada,Vancouver,11.77
108695,436,2025-09-07,2025-09-16,2025-09-16,Italy,Florence,31.58
108696,357,2025-09-07,2025-09-16,2025-09-13,Italy,Turin,50.92
108697,62,2025-09-07,2025-09-12,2025-09-14,Poland,Lodz,19.9
108698,173,2025-09-08,2025-09-15,2025-09-19,Germany,Hamburg,13.68
108699,90,2025-09-08,2025-09-21,2025-09-13,Italy,Naples,11.97
108700,410,2025-09-08,2025-09-11,2025-09-12,Netherlands,Rotterdam,20.3
108701,355,2025-09-08,2025-09-18,2025-09-13,Germany,Hamburg,18.9
108702,420,2025-09-08,2025-09-18,2025-09-17,Poland,Krakow,15.16
108703,425,2025-09-08,2025-09-12,2025-09-13,Czech Republic,Prague,12.62
108704,374,2025-09-08,2025-09-19,,USA,New York,24.31
108705,202,2025-09-08,2025-09-14,2025-09-17,Poland,Gdansk,14.14
108706,306,2025-09-08,2025-09-18,2025-09-10,Czech Republic,Ostrava,11.85
108707,351,2025-09-09,2025-09-17,2025-09-18,Italy,Florence,11.94
108708,201,2025-09-09,2025-09-19,2025-09-13,United Kingdom,Manchester,14.42
108709,241,2025-09-09,2025-09-16,2025-09-15,USA,New York,16.12
108710,307,2025-09-09,2025-09-14,2025-09-17,USA,Boston,33.73
108711,392,2025-09-09,2025-09-17,2025-09-13,United Kingdom,Bristol,11.42
108712,390,2025-09-10,2025-09-23,2025-09-17,Czech Republic,Pilsen,43.98
108713,371,2025-09-10,2025-09-20,2025-09-20,France,Paris,12.91
108714,14,2025-09-10,2025-09-22,2025-09-15,Netherlands,Eindhoven,31.11
108715,159,2025-09-10,2025-09-18,2025-09-21,United Kingdom,Liverpool,14.91
108716,210,2025-09-10,2025-09-21,2025-09-14,USA,Austin,15.78
108717,186,2025-09-10,2025-09-16,2025-09-11,Netherlands,Eindhoven,7.25
108718,26,2025-09-10,2025-09-15,,USA,Chicago,12.82
108719,26,2025-09-10,2025-09-19,2025-09-14,USA,Chicago,32.49
108720,73,2025-09-10,2025-09-22,2025-09-14,USA,Denver,11.73
108721,391,2025-09-11,2025-09-14,2025-09-21,Germany,Berlin,4.98
108722,365,2025-09-11,2025-09-20,2025-09-18,Sweden,Uppsala,11.4
108723,22,2025-09-11,2025-09-24,2025-09-12,USA,New York,21.62
108724,140,2025-09-11,2025-09-16,2025-09-12,Germany,Berlin,30.5
108725,320,2025-09-11,2025-09-20,2025-09-22,Italy,Florence,7.29
108726,453,2025-09-11,2025-09-18,2025-09-22,United Kingdom,Manchester,18.3
108727,308,2025-09-12,2025-09-24,2025-09-13,Canada,Toronto,28.31
108728,426,2025-09-12,2025-09-24,2025-09-18,France,Marseille,19.81
108729,269,2025-09-12,2025-09-15,2025-09-13,Norway,Bergen,36.47
108730,119,2025-09-12,2025-09-20,2025-09-19,Italy,Milan,26.9
108731,224,2025-09-12,2025-09-20,2025-09-14,Spain,Barcelona,16.29
108732,201,2025-09-12,2025-09-17,2025-09-18,United Kingdom,Manchester,23.2
108733,81,2025-09-12,2025-09-20,2025-09-20,Germany,Munich,11.57
108734,350,2025-09-13,2025-09-16,2025-09-15,Germany,Munich,30.62
108735,103,2025-09-13,2025-09-26,2025-09-21,Poland,Gdansk,6.42
108736,93,2025-09-13,2025-09-26,2025-09-21,Canada,Vancouver,7.25
108737,5,2025-09-13,2025-09-23,2025-09-23,Poland,Wroclaw,20.49
108738,160,2025-09-13,2025-09-18,2025-09-15,United Kingdom,Manchester,24.36
108739,115,2025-09-13,2025-09-19,2025-09-19,USA,Denver,26.52
108740,466,2025-09-13,2025-09-20,2025-09-20,United Kingdom,Bristol,17.91
108741,284,2025-09-13,2025-09-23,2025-09-21,United Kingdom,Liverpool,18.58
108742,321,2025-09-13,2025-09-19,2025-09-14,France,Paris,28.13
108743,103,2025-09-13,2025-09-22,2025-09-20,Poland,Gdansk,12.19
108744,3,2025-09-13,2025-09-22,2025-09-24,Spain,Bilbao,17.01
108745,5,2025-09-14,2025-09-20,2025-09-22,Poland,Wroclaw,11.6
108746,420,2025-09-14,2025-09-26,2025-09-24,Poland,Krakow,10.74
108747,478,2025-09-14,2025-09-24,2025-09-19,USA,Austin,33.11
108748,425,2025-09-14,2025-09-27,2025-09-15,Czech Republic,Prague,29.44
108749,475,2025-09-14,2025-09-26,2025-09-24,Poland,Wroclaw,15.3
108750,463,2025-09-14,2025-09-22,,Spain,Madrid,27.22
108751,222,2025-09-14,2025-09-24,2025-09-25,USA,Seattle,9.89
108752,295,2025-09-14,2025-09-26,2025-09-15,USA,Chicago,9.21
108753,256,2025-09-14,2025-09-21,2025-09-19,USA,Chicago,29.57
108754,90,2025-09-14,2025-09-26,2025-09-16,Italy,Naples,11.46
108755,125,2025-09-14,2025-09-17,2025-09-16,Netherlands,Eindhoven,17.91
108756,266,2025-09-15,2025-09-26,2025-09-16,Norway,Oslo,19.85
108757,186,2025-09-15,2025-09-28,2025-09-20,Netherlands,Eindhoven,19.56
108758,83,2025-09-15,2025-09-20,2025-09-16,United Kingdom,Manchester,4.11
108759,391,2025-09-15,2025-09-28,2025-09-20,Germany,Berlin,18.2
108760,455,2025-09-15,2025-09-25,2025-09-23,USA,Austin,11.96
108761,283,2025-09-15,2025-09-23,2025-09-23,Poland,Lodz,25.24
108762,162,2025-09-15,2025-09-26,2025-09-20,Poland,Lodz,56.3
108763,498,2025-09-16,2025-09-19,2025-09-17,France,Nice,11.55
108764,83,2025-09-16,2025-09-29,2025-09-23,United Kingdom,Manchester,9.23
108765,338,2025-09-16,2025-09-24,2025-09-17,United Kingdom,Liverpool,18.15
108766,434,2025-09-16,2025-09-25,2025-09-20,Sweden,Gothenburg,24.24
108767,44,2025-09-16,2025-09-22,2025-09-27,Spain,Madrid,16.79
108768,467,2025-09-16,2025-09-21,2025-09-17,Poland,Warsaw,5.62
108769,405,2025-09-16,2025-09-22,2025-09-19,Netherlands,Amsterdam,12.97
108770,265,2025-09-17,2025-09-27,2025-09-26,Poland,Krakow,16.3
108771,384,2025-09-17,2025-09-20,2025-09-21,Norway,Oslo,12.7
108772,315,2025-09-17,2025-09-24,2025-09-24,Canada,Ottawa,24.45
108773,387,2025-09-17,2025-09-27,,Spain,Bilbao,6.05
108774,250,2025-09-17,2025-09-27,2025-09-23,Czech Republic,Pilsen,33.97
108775,22,2025-09-17,2025-09-27,2025-09-21,USA,New York,18.16
108776,252,2025-09-17,2025-09-22,2025-09-20,Netherlands,Amsterdam,19.02
108777,48,2025-09-17,2025-09-22,2025-09-25,USA,Denver,3.98
108778,352,2025-09-18,2025-09-23,2025-09-28,Poland,Krakow,7.12
108779,475,2025-09-18,2025-10-01,2025-09-27,Poland,Wroclaw,8.3
108780,54,2025-09-18,2025-09-25,2025-09-23,France,Marseille,12.23
108781,360,2025-09-18,2025-09-23,2025-09-29,United Kingdom,Bristol,9.65
108782,394,2025-09-18,2025-09-23,2025-09-20,Canada,Calgary,9.51
108783,228,2025-09-18,2025-09-21,2025-09-21,Austria,Linz,24.85
108784,461,2025-09-18,2025-09-30,2025-09-24,Italy,Turin,18.5
108785,389,2025-09-19,2025-10-01,2025-09-24,USA,Seattle,16.8
108786,91,2025-09-19,2025-10-01,2025-09-27,Poland,Lodz,8.73
108787,81,2025-09-19,2025-09-27,,Germany,Munich,19.1
108788,352,2025-09-20,2025-10-03,2025-09-28,Poland,Krakow,12.08
108789,129,2025-09-20,2025-10-03,,Sweden,Stockholm,11.25
108790,99,2025-09-20,2025-09-29,2025-09-26,Canada,Vancouver,19.19
108791,64,2025-09-20,2025-09-30,2025-09-25,Poland,Wroclaw,32.24
108792,99,2025-09-20,2025-09-25,2025-09-30,Canada,Vancouver,9.95
108793,107,2025-09-21,2025-09-29,2025-09-27,Italy,Turin,24.12
108794,411,2025-09-21,2025-09-30,2025-09-26,France,Lyon,22.02
108795,307,2025-09-21,2025-09-25,2025-09-26,USA,Boston,7.09
108796,62,2025-09-21,2025-10-03,2025-09-30,Poland,Lodz,27.56
108797,450,2025-09-21,2025-09-28,2025-09-22,Poland,Wroclaw,43.16
108798,412,2025-09-21,2025-09-24,2025-09-27,Germany,Cologne,43.47
108799,2,2025-09-21,2025-09-24,2025-09-25,United Kingdom,Bristol,13.51
108800,167,2025-09-22,2025-10-02,2025-10-03,USA,Chicago,23.77
108801,32,2025-09-22,2025-10-05,2025-09-28,United Kingdom,Manchester,16.99
108802,310,2025-09-22,2025-09-30,2025-09-30,Poland,Lodz,13.5
108803,90,2025-09-22,2025-09-27,2025-09-28,Italy,Naples,26.11
108804,99,2025-09-22,2025-09-25,2025-10-02,Canada,Vancouver,26.5
108805,22,2025-09-22,2025-09-27,2025-09-29,USA,New York,26.42
108806,426,2025-09-22,2025-09-28,2025-09-28,France,Marseille,3.45
108807,110,2025-09-22,2025-10-04,2025-09-28,USA,Boston,31.6
108808,288,2025-09-22,2025-09-29,2025-09-23,Italy,Florence,19.76
108809,186,2025-09-22,2025-10-02,2025-09-25,Netherlands,Eindhoven,8.03
108810,398,2025-09-22,2025-09-25,2025-09-29,Poland,Wroclaw,9.65
108811,387,2025-09-23,2025-10-04,2025-09-29,Spain,Bilbao,8.04
108812,443,2025-09-23,2025-09-29,2025-09-28,Spain,Bilbao,24.14
108813,465,2025-09-23,2025-10-04,2025-10-03,France,Paris,28.94
108814,450,2025-09-23,2025-10-02,2025-10-02,Poland,Wroclaw,12.58
108815,206,2025-09-24,2025-10-05,2025-10-02,Germany,Hamburg,13.13
108816,307,2025-09-24,2025-10-03,2025-09-30,USA,Boston,17.78
108817,306,2025-09-24,2025-10-02,2025-09-27,Czech Republic,Ostrava,33.74
108818,369,2025-09-24,2025-10-07,2025-09-30,Czech Republic,Brno,13.88
108819,103,2025-09-24,2025-10-02,2025-10-04,Poland,Gdansk,6.44
108820,229,2025-09-24,2025-10-06,2025-09-27,Spain,Madrid,7.15
108821,421,2025-09-24,2025-10-02,2025-10-02,Poland,Warsaw,10.47
108822,283,2025-09-24,2025-10-06,2025-09-28,Poland,Lodz,28.02
108823,403,2025-09-24,2025-10-04,2025-10-04,Poland,Gdansk,16.08
108824,83,2025-09-24,2025-10-02,2025-09-25,United Kingdom,Manchester,15.7
108825,109,2025-09-25,2025-10-06,2025-10-04,Spain,Bilbao,21.98
108826,176,2025-09-25,2025-09-30,,Germany,Cologne,12.16
108827,99,2025-09-25,2025-09-30,2025-10-01,Canada,Vancouver,27.86
108828,307,2025-09-25,2025-10-03,2025-09-29,USA,Boston,4.13
108829,222,2025-09-25,2025-10-06,2025-09-27,USA,Seattle,15.61
108830,153,2025-09-25,2025-09-29,2025-10-05,Norway,Bergen,9.76
108831,209,2025-09-25,2025-10-02,2025-09-30,United Kingdom,Manchester,46.62
108832,162,2025-09-25,2025-10-04,2025-09-27,Poland,Lodz,43.6
108833,60,2025-09-25,2025-09-28,2025-10-03,Netherlands,Eindhoven,21.68
108834,151,2025-09-25,2025-10-06,2025-10-02,Germany,Hamburg,10.33
108835,22,2025-09-25,2025-10-07,2025-09-28,USA,New York,13.35
108836,443,2025-09-26,2025-10-08,2025-10-01,Spain,Bilbao,9.74
108837,300,2025-09-26,2025-10-02,,Netherlands,Eindhoven,33.74
108838,34,2025-09-26,2025-10-06,2025-09-28,Canada,Vancouver,39.04
108839,191,2025-09-26,2025-10-07,2025-09-29,USA,Seattle,13.63
108840,351,2025-09-26,2025-10-03,2025-10-03,Italy,Florence,25.93
108841,419,2025-09-26,2025-09-29,2025-10-06,Germany,Cologne,35.89
108842,470,2025-09-26,2025-09-30,2025-09-27,USA,Chicago,12.8
108843,5,2025-09-26,2025-10-09,2025-10-04,Poland,Wroclaw,9.41
108844,450,2025-09-27,2025-10-08,2025-10-02,Poland,Wroclaw,23.72
108845,198,2025-09-27,2025-10-10,2025-09-29,Poland,Gdansk,6.57
108846,110,2025-09-27,2025-09-30,2025-10-07,USA,Boston,15.19
108847,352,2025-09-27,2025-10-08,,Poland,Krakow,28.2
108848,209,2025-09-27,2025-10-04,2025-10-05,United Kingdom,Manchester,12.31
108849,114,2025-09-27,2025-09-30,2025-10-03,Spain,Bilbao,18.76
108850,210,2025-09-28,2025-10-04,2025-10-08,USA,Austin,36.44
108851,423,2025-09-28,2025-10-01,2025-10-05,Spain,Barcelona,15.52
108852,429,2025-09-28,2025-10-09,2025-09-30,Netherlands,Rotterdam,21.31
108853,475,2025-09-28,2025-10-09,2025-09-30,Poland,Wroclaw,17.13
108854,76,2025-09-29,2025-10-12,2025-10-01,Spain,Bilbao,7.61
108855,170,2025-09-29,2025-10-11,2025-10-03,Netherlands,Utrecht,8.08
108856,13,2025-09-29,2025-10-05,2025-10-03,Italy,Florence,33.52
108857,432,2025-09-30,2025-10-08,,Poland,Wroclaw,7.72
108858,481,2025-09-30,2025-10-05,2025-10-01,Germany,Frankfurt,6.25
108859,48,2025-09-30,2025-10-03,2025-10-10,USA,Denver,29.17
108860,283,2025-09-30,2025-10-07,2025-10-01,Poland,Lodz,26.64
108861,280,2025-09-30,2025-10-07,2025-10-09,United Kingdom,Liverpool,11.32
108862,92,2025-09-30,2025-10-13,2025-10-10,Austria,Vienna,17.51
108863,475,2025-09-30,2025-10-11,2025-10-01,Poland,Wroclaw,10.19
108864,497,2025-09-30,2025-10-05,2025-10-02,Germany,Cologne,37.7
108865,310,2025-10-01,2025-10-08,2025-10-05,Poland,Lodz,37.81
108866,315,2025-10-01,2025-10-04,,Canada,Ottawa,17.25
108867,253,2025-10-01,2025-10-11,2025-10-05,Germany,Hamburg,19.4
108868,285,2025-10-01,2025-10-13,,Austria,Linz,18.39
108869,430,2025-10-01,2025-10-04,2025-10-06,Germany,Hamburg,24.85
108870,120,2025-10-01,2025-10-12,2025-10-12,Netherlands,Utrecht,13.05
108871,349,2025-10-01,2025-10-14,2025-10-06,Poland,Lodz,30.81
108872,475,2025-10-01,2025-10-08,2025-10-08,Poland,Wroclaw,32.53
108873,357,2025-10-01,2025-10-13,2025-10-04,Italy,Turin,28.85
108874,352,2025-10-01,2025-10-14,2025-10-06,Poland,Krakow,12.56
108875,391,2025-10-01,2025-10-08,2025-10-10,Germany,Berlin,27.91
108876,160,2025-10-01,2025-10-07,2025-10-08,United Kingdom,Manchester,13.5
108877,52,2025-10-02,2025-10-13,2025-10-04,Canada,Vancouver,11.09
108878,411,2025-10-02,2025-10-06,,France,Lyon,17.48
108879,370,2025-10-02,2025-10-14,,Germany,Munich,4.79
108880,271,2025-10-02,2025-10-07,2025-10-04,USA,Chicago,22.97
108881,417,2025-10-02,2025-10-10,2025-10-03,Italy,Naples,49.45
108882,201,2025-10-02,2025-10-12,2025-10-11,United Kingdom,Manchester,18.41
108883,33,2025-10-02,2025-10-09,2025-10-03,USA,Seattle,27.28
108884,391,2025-10-02,2025-10-15,2025-10-06,Germany,Berlin,17.75
108885,401,2025-10-03,2025-10-07,2025-10-13,France,Toulouse,6.39
108886,38,2025-10-03,2025-10-10,2025-10-07,Netherlands,Amsterdam,39.87
108887,15,2025-10-03,2025-10-08,2025-10-11,Spain,Seville,8.82
108888,4,2025-10-03,2025-10-11,2025-10-11,Italy,Turin,48.75
108889,201,2025-10-03,2025-10-13,2025-10-12,United Kingdom,Manchester,21.5
108890,399,2025-10-03,2025-10-12,2025-10-05,Poland,Poznan,7.97
108891,186,2025-10-03,2025-10-13,2025-10-13,Netherlands,Eindhoven,18.94
108892,119,2025-10-03,2025-10-06,2025-10-14,Italy,Milan,8.4
108893,442,2025-10-04,2025-10-17,2025-10-08,USA,Denver,27.4
108894,462,2025-10-04,2025-10-09,2025-10-13,Spain,Barcelona,19.75
108895,438,2025-10-04,2025-10-16,2025-10-12,Germany,Munich,5.56
108896,26,2025-10-04,2025-10-07,2025-10-08,USA,Chicago,37.26
108897,59,2025-10-04,2025-10-12,2025-10-12,Austria,Salzburg,29.98
108898,22,2025-10-04,2025-10-10,2025-10-05,USA,New York,8.01
108899,413,2025-10-04,2025-10-13,2025-10-09,Germany,Hamburg,23.44
108900,142,2025-10-04,2025-10-10,2025-10-08,Czech Republic,Brno,15.96
108901,99,2025-10-04,2025-10-10,2025-10-05,Canada,Vancouver,18.1
108902,166,2025-10-04,2025-10-08,2025-10-10,USA,Seattle,23.62
108903,468,2025-10-04,2025-10-12,,France,Nice,26.04
108904,198,2025-10-04,2025-10-17,2025-10-09,Poland,Gdansk,9.88
108905,201,2025-10-04,2025-10-11,2025-10-12,United Kingdom,Manchester,7.85
108906,476,2025-10-04,2025-10-13,2025-10-09,Germany,Frankfurt,12.33
108907,254,2025-10-04,2025-10-10,2025-10-08,USA,Chicago,13.78
108908,478,2025-10-04,2025-10-08,2025-10-10,USA,Austin,14.5
108909,475,2025-10-05,2025-10-11,2025-10-16,Poland,Wroclaw,5.28
108910,399,2025-10-05,2025-10-15,2025-10-13,Poland,Poznan,4.27
108911,319,2025-10-05,2025-10-15,2025-10-06,Italy,Milan,36.89
108912,326,2025-10-05,2025-10-09,,Poland,Poznan,6.24
108913,19,2025-10-05,2025-10-09,2025-10-09,USA,Denver,11.22
108914,115,2025-10-05,2025-10-11,2025-10-13,USA,Denver,24.97
108915,426,2025-10-05,2025-10-11,2025-10-11,France,Marseille,22.29
108916,443,2025-10-05,2025-10-16,2025-10-16,Spain,Bilbao,7.92
108917,484,2025-10-05,2025-10-15,2025-10-14,Czech Republic,Brno,15.46
108918,486,2025-10-05,2025-10-15,2025-10-13,Poland,Gdansk,11.42
108919,309,2025-10-05,2025-10-13,2025-10-11,France,Toulouse,9.58
108920,33,2025-10-05,2025-10-12,2025-10-10,USA,Seattle,12.14
108921,427,2025-10-05,2025-10-14,2025-10-15,Spain,Barcelona,39.76
108922,183,2025-10-05,2025-10-15,2025-10-15,Austria,Salzburg,17.21
108923,107,2025-10-06,2025-10-19,2025-10-15,Italy,Turin,22.33
108924,99,2025-10-06,2025-10-14,2025-10-16,Canada,Vancouver,7.03
108925,46,2025-10-06,2025-10-13,2025-10-12,Germany,Hamburg,18.33
108926,59,2025-10-06,2025-10-15,2025-10-15,Austria,Salzburg,17.47
108927,351,2025-10-06,2025-10-18,2025-10-10,Italy,Florence,20.34
108928,373,2025-10-06,2025-10-19,2025-10-14,United Kingdom,Bristol,10.52
108929,93,2025-10-06,2025-10-15,2025-10-15,Canada,Vancouver,18.4
108930,177,2025-10-06,2025-10-10,2025-10-16,Germany,Hamburg,14.05
108931,324,2025-10-06,2025-10-19,2025-10-11,Czech Republic,Ostrava,10.27
108932,291,2025-10-06,2025-10-12,,United Kingdom,Bristol,12.59
108933,272,2025-10-06,2025-10-14,,Germany,Munich,10.99
108934,44,2025-10-06,2025-10-16,2025-10-13,Spain,Madrid,12.68
108935,3,2025-10-06,2025-10-11,2025-10-17,Spain,Bilbao,64.2
108936,350,2025-10-06,2025-10-15,,Germany,Munich,12.47
108937,185,2025-10-07,2025-10-10,2025-10-10,Spain,Barcelona,12.39
108938,403,2025-10-07,2025-10-20,2025-10-12,Poland,Gdansk,8.29
108939,402,2025-10-07,2025-10-13,2025-10-11,Spain,Barcelona,12.21
108940,90,2025-10-07,2025-10-16,2025-10-14,Italy,Naples,21.66
108941,83,2025-10-07,2025-10-16,2025-10-15,United Kingdom,Manchester,40.16
108942,64,2025-10-07,2025-10-12,2025-10-09,Poland,Wroclaw,34.17
108943,24,2025-10-07,2025-10-11,2025-10-13,Poland,Warsaw,28.82
108944,326,2025-10-07,2025-10-19,2025-10-15,Poland,Poznan,4.94
108945,425,2025-10-07,2025-10-19,2025-10-16,Czech Republic,Prague,11.84
108946,103,2025-10-07,2025-10-13,2025-10-16,Poland,Gdansk,28.72
108947,20,2025-10-07,2025-10-17,2025-10-18,Netherlands,Rotterdam,33.48
108948,425,2025-10-07,2025-10-15,2025-10-17,Czech Republic,Prague,28.29
108949,51,2025-10-07,2025-10-14,2025-10-16,Austria,Graz,21.71
108950,140,2025-10-08,2025-10-14,2025-10-16,Germany,Berlin,13.43
108951,351,2025-10-08,2025-10-18,2025-10-11,Italy,Florence,14.06
108952,371,2025-10-08,2025-10-11,2025-10-13,France,Paris,22.58
108953,120,2025-10-08,2025-10-17,2025-10-10,Netherlands,Utrecht,21.07
108954,32,2025-10-08,2025-10-16,2025-10-17,United Kingdom,Manchester,16.37
108955,83,2025-10-08,2025-10-18,2025-10-12,United Kingdom,Manchester,9.7
108956,209,2025-10-08,2025-10-20,2025-10-14,United Kingdom,Manchester,29.85
108957,356,2025-10-08,2025-10-21,,Poland,Poznan,12.56
108958,188,2025-10-08,2025-10-21,2025-10-12,Poland,Gdansk,21.47
108959,391,2025-10-08,2025-10-15,,Germany,Berlin,13.23
108960,307,2025-10-08,2025-10-18,2025-10-16,USA,Boston,24.63
108961,250,2025-10-09,2025-10-18,2025-10-19,Czech Republic,Pilsen,5.83
108962,241,2025-10-09,2025-10-20,,USA,New York,16.35
108963,372,2025-10-09,2025-10-19,2025-10-17,United Kingdom,Manchester,51.6
108964,87,2025-10-09,2025-10-22,2025-10-12,Austria,Graz,29.64
108965,84,2025-10-09,2025-10-17,2025-10-19,USA,Seattle,12.79
108966,13,2025-10-09,2025-10-21,2025-10-16,Italy,Florence,30.43
108967,307,2025-10-09,2025-10-22,2025-10-12,USA,Boston,5.54
108968,32,2025-10-09,2025-10-19,2025-10-14,United Kingdom,Manchester,8.78
108969,336,2025-10-09,2025-10-14,2025-10-10,Poland,Poznan,29.12
108970,453,2025-10-09,2025-10-21,,United Kingdom,Manchester,7.66
108971,419,2025-10-09,2025-10-16,2025-10-17,Germany,Cologne,8.6
108972,59,2025-10-09,2025-10-21,2025-10-12,Austria,Salzburg,21.96
108973,398,2025-10-09,2025-10-17,2025-10-13,Poland,Wroclaw,25.48
108974,436,2025-10-10,2025-10-18,2025-10-18,Italy,Florence,19.35
108975,484,2025-10-10,2025-10-17,,Czech Republic,Brno,37.95
108976,226,2025-10-10,2025-10-16,2025-10-15,France,Nice,25.44
108977,162,2025-10-10,2025-10-20,2025-10-15,Poland,Lodz,11.21
108978,295,2025-10-10,2025-10-23,2025-10-18,USA,Chicago,6.92
108979,387,2025-10-10,2025-10-14,2025-10-11,Spain,Bilbao,13.22
108980,307,2025-10-10,2025-10-15,2025-10-20,USA,Boston,14.76
108981,141,2025-10-10,2025-10-18,2025-10-20,Spain,Madrid,3.61
108982,231,2025-10-10,2025-10-19,2025-10-13,Sweden,Stockholm,13.15
108983,474,2025-10-10,2025-10-14,,Czech Republic,Pilsen,14.76
108984,345,2025-10-10,2025-10-13,2025-10-13,Poland,Gdansk,11.6
108985,140,2025-10-10,2025-10-18,2025-10-15,Germany,Berlin,25.46
108986,267,2025-10-10,2025-10-13,2025-10-12,Germany,Munich,30.18
108987,70,2025-10-10,2025-10-18,2025-10-11,Spain,Madrid,15.13
108988,140,2025-10-11,2025-10-16,2025-10-16,Germany,Berlin,10.42
108989,289,2025-10-11,2025-10-16,2025-10-17,United Kingdom,Liverpool,24.76
108990,26,2025-10-11,2025-10-22,2025-10-12,USA,Chicago,15.02
108991,356,2025-10-11,2025-10-22,2025-10-19,Poland,Poznan,13.33
108992,347,2025-10-11,2025-10-20,2025-10-18,Canada,Ottawa,19.38
108993,65,2025-10-11,2025-10-24,2025-10-18,Austria,Salzburg,22.61
108994,228,2025-10-11,2025-10-20,,Austria,Linz,12.49
108995,256,2025-10-11,2025-10-23,2025-10-22,USA,Chicago,18.46
108996,63,2025-10-11,2025-10-14,,Netherlands,Eindhoven,6.22
108997,332,2025-10-11,2025-10-20,2025-10-22,Spain,Madrid,18.43
108998,173,2025-10-11,2025-10-16,2025-10-19,Germany,Hamburg,23.62
108999,37,2025-10-11,2025-10-18,2025-10-19,Spain,Valencia,16.77
109000,179,2025-10-11,2025-10-15,2025-10-13,USA,Denver,32.53
109001,140,2025-10-11,2025-10-15,2025-10-17,Germany,Berlin,9.18
109002,214,2025-10-11,2025-10-18,2025-10-18,Austria,Linz,31.93
109003,46,2025-10-11,2025-10-21,2025-10-19,Germany,Hamburg,13.62
109004,120,2025-10-11,2025-10-22,,Netherlands,Utrecht,8.06
109005,369,2025-10-12,2025-10-19,2025-10-22,Czech Republic,Brno,6.44
109006,33,2025-10-12,2025-10-17,2025-10-20,USA,Seattle,31.5
109007,209,2025-10-12,2025-10-15,2025-10-16,United Kingdom,Manchester,14.72
109008,148,2025-10-12,2025-10-18,2025-10-14,Germany,Berlin,20.47
109009,181,2025-10-12,2025-10-16,2025-10-20,Germany,Munich,21.81
109010,252,2025-10-12,2025-10-17,2025-10-13,Netherlands,Amsterdam,30.53
109011,415,2025-10-12,2025-10-24,2025-10-17,Poland,Lodz,8.83
109012,59,2025-10-12,2025-10-24,,Austria,Salzburg,14.18
109013,371,2025-10-12,2025-10-25,,France,Paris,8.5
109014,30,2025-10-12,2025-10-19,2025-10-14,Germany,Frankfurt,29.15
109015,263,2025-10-12,2025-10-19,2025-10-20,Germany,Cologne,16.02
109016,484,2025-10-12,2025-10-19,2025-10-17,Czech Republic,Brno,9.54
109017,248,2025-10-12,2025-10-22,2025-10-23,Poland,Wroclaw,21.72
109018,318,2025-10-13,2025-10-17,2025-10-24,Poland,Warsaw,14.11
109019,141,2025-10-13,2025-10-19,2025-10-19,Spain,Madrid,10.76
109020,26,2025-10-13,2025-10-24,2025-10-17,USA,Chicago,10.04
109021,398,2025-10-13,2025-10-21,2025-10-21,Poland,Wroclaw,11.91
109022,201,2025-10-13,2025-10-26,2025-10-18,United Kingdom,Manchester,23.96
109023,83,2025-10-13,2025-10-22,2025-10-16,United Kingdom,Manchester,14.63
109024,88,2025-10-13,2025-10-24,,Norway,Stavanger,12.9
109025,267,2025-10-13,2025-10-17,2025-10-24,Germany,Munich,21.24
109026,403,2025-10-13,2025-10-17,2025-10-16,Poland,Gdansk,20.09
109027,276,2025-10-13,2025-10-26,2025-10-16,Italy,Florence,7.09
109028,241,2025-10-13,2025-10-24,2025-10-15,USA,New York,23.57
109029,338,2025-10-13,2025-10-26,2025-10-14,United Kingdom,Liverpool,10.78
109030,42,2025-10-13,2025-10-18,2025-10-23,Poland,Lodz,13.2
109031,475,2025-10-13,2025-10-19,2025-10-14,Poland,Wroclaw,4.08
109032,82,2025-10-13,2025-10-21,2025-10-14,Germany,Berlin,8.97
109033,148,2025-10-13,2025-10-25,,Germany,Berlin,9.23
109034,50,2025-10-13,2025-10-18,2025-10-15,Poland,Wroclaw,9.29
109035,438,2025-10-13,2025-10-18,2025-10-23,Germany,Munich,4.58
109036,326,2025-10-14,2025-10-17,2025-10-20,Poland,Poznan,21.48
109037,369,2025-10-14,2025-10-21,2025-10-17,Czech Republic,Brno,11.5
109038,55,2025-10-14,2025-10-19,2025-10-20,USA,Seattle,8.29
109039,394,2025-10-14,2025-10-18,2025-10-24,Canada,Calgary,14.21
109040,114,2025-10-14,2025-10-19,2025-10-21,Spain,Bilbao,57.15
109041,325,2025-10-14,2025-10-26,2025-10-25,Netherlands,Eindhoven,35.96
109042,368,2025-10-14,2025-10-20,2025-10-16,Poland,Gdansk,20.76
109043,452,2025-10-14,2025-10-17,2025-10-20,Italy,Florence,6.19
109044,48,2025-10-15,2025-10-28,2025-10-16,USA,Denver,9.86
109045,224,2025-10-15,2025-10-28,2025-10-25,Spain,Barcelona,27.23
109046,298,2025-10-15,2025-10-27,2025-10-22,USA,Boston,23.26
109047,258,2025-10-15,2025-10-24,2025-10-19,Netherlands,Eindhoven,41.13
109048,25,2025-10-15,2025-10-28,2025-10-16,Netherlands,Amsterdam,14.85
109049,387,2025-10-15,2025-10-27,2025-10-22,Spain,Bilbao,16.64
109050,403,2025-10-15,2025-10-18,2025-10-17,Poland,Gdansk,8.36
109051,26,2025-10-15,2025-10-20,,USA,Chicago,27.47
109052,62,2025-10-15,2025-10-22,2025-10-26,Poland,Lodz,24.8
109053,58,2025-10-16,2025-10-19,2025-10-19,Czech Republic,Ostrava,6.44
109054,424,2025-10-16,2025-10-25,2025-10-20,United Kingdom,Bristol,6.23
109055,276,2025-10-16,2025-10-25,2025-10-27,Italy,Florence,5.62
109056,250,2025-10-16,2025-10-20,2025-10-19,Czech Republic,Pilsen,8.97
109057,58,2025-10-16,2025-10-21,2025-10-25,Czech Republic,Ostrava,32.09
109058,206,2025-10-16,2025-10-24,2025-10-27,Germany,Hamburg,18.1
109059,387,2025-10-16,2025-10-19,2025-10-26,Spain,Bilbao,13.51
109060,201,2025-10-16,2025-10-27,2025-10-17,United Kingdom,Manchester,18.54
109061,33,2025-10-16,2025-10-21,2025-10-19,USA,Seattle,24.5
109062,326,2025-10-16,2025-10-23,2025-10-22,Poland,Poznan,11.64
109063,426,2025-10-16,2025-10-29,2025-10-20,France,Marseille,13.03
109064,436,2025-10-16,2025-10-23,2025-10-27,Italy,Florence,22.25
109065,266,2025-10-16,2025-10-28,2025-10-21,Norway,Oslo,19.59
109066,436,2025-10-16,2025-10-26,2025-10-26,Italy,Florence,23.93
109067,371,2025-10-16,2025-10-19,2025-10-21,France,Paris,24.57
109068,351,2025-10-16,2025-10-19,2025-10-17,Italy,Florence,10.22
109069,27,2025-10-16,2025-10-23,2025-10-24,Poland,Krakow,12.32
109070,394,2025-10-17,2025-10-28,2025-10-28,Canada,Calgary,22.09
109071,83,2025-10-17,2025-10-27,2025-10-21,United Kingdom,Manchester,17.26
109072,120,2025-10-17,2025-10-24,2025-10-22,Netherlands,Utrecht,27.61
109073,200,2025-10-17,2025-10-26,2025-10-26,Spain,Bilbao,13.36
109074,337,2025-10-17,2025-10-23,2025-10-23,Canada,Toronto,17.82
109075,429,2025-10-17,2025-10-30,,Netherlands,Rotterdam,27.53
109076,47,2025-10-17,2025-10-22,2025-10-26,France,Paris,18.46
109077,19,2025-10-17,2025-10-29,2025-10-24,USA,Denver,20.34
109078,346,2025-10-17,2025-10-21,2025-10-28,Italy,Milan,9.94
109079,420,2025-10-17,2025-10-29,,Poland,Krakow,5.1
109080,381,2025-10-17,2025-10-26,2025-10-19,Sweden,Malmo,27.72
109081,380,2025-10-17,2025-10-24,2025-10-27,Netherlands,Rotterdam,10.64
109082,9,2025-10-17,2025-10-26,2025-10-19,Spain,Barcelona,7.62
109083,330,2025-10-18,2025-10-28,2025-10-19,Spain,Seville,39.61
109084,363,2025-10-18,2025-10-29,2025-10-23,United Kingdom,Manchester,9.5
109085,332,2025-10-18,2025-10-24,2025-10-20,Spain,Madrid,21.19
109086,114,2025-10-18,2025-10-31,2025-10-22,Spain,Bilbao,21.72
109087,54,2025-10-18,2025-10-25,2025-10-26,France,Marseille,15.02
109088,74,2025-10-18,2025-10-22,2025-10-29,Italy,Rome,20.7
109089,32,2025-10-18,2025-10-30,2025-10-24,United Kingdom,Manchester,16.78
109090,70,2025-10-18,2025-10-21,2025-10-24,Spain,Madrid,6.69
109091,206,2025-10-18,2025-10-22,,Germany,Hamburg,11.33
109092,369,2025-10-18,2025-10-24,2025-10-21,Czech Republic,Brno,11.21
109093,313,2025-10-18,2025-10-21,,Czech Republic,Ostrava,12.66
109094,436,2025-10-18,2025-10-26,2025-10-20,Italy,Florence,29.34
109095,205,2025-10-19,2025-10-23,2025-10-26,Poland,Wroclaw,9.24
109096,450,2025-10-19,2025-10-24,,Poland,Wroclaw,24.9
109097,269,2025-10-19,2025-11-01,2025-10-24,Norway,Bergen,10.44
109098,81,2025-10-19,2025-10-27,2025-10-23,Germany,Munich,7.23
109099,90,2025-10-19,2025-10-27,2025-10-24,Italy,Naples,21.5
109100,475,2025-10-19,2025-10-30,2025-10-30,Poland,Wroclaw,26.24
109101,117,2025-10-19,2025-10-22,2025-10-27,France,Nice,13.09
109102,432,2025-10-19,2025-10-24,2025-10-27,Poland,Wroclaw,36.83
109103,340,2025-10-19,2025-11-01,2025-10-29,Austria,Vienna,19.91
109104,460,2025-10-19,2025-10-30,2025-10-30,USA,Denver,10.96
109105,350,2025-10-19,2025-11-01,2025-10-25,Germany,Munich,20.35
109106,275,2025-10-20,2025-10-27,2025-10-31,Germany,Berlin,5.82
109107,383,2025-10-20,2025-10-27,2025-10-27,Italy,Rome,16.07
109108,305,2025-10-20,2025-10-29,,France,Marseille,21.02
109109,93,2025-10-20,2025-10-23,2025-10-26,Canada,Vancouver,14.08
109110,226,2025-10-20,2025-10-29,2025-10-25,France,Nice,13.49
109111,250,2025-10-20,2025-10-30,2025-10-22,Czech Republic,Pilsen,27.47
109112,62,2025-10-20,2025-10-29,2025-10-22,Poland,Lodz,22.76
109113,347,2025-10-20,2025-11-02,2025-10-27,Canada,Ottawa,14.15
109114,352,2025-10-20,2025-10-30,2025-10-27,Poland,Krakow,20.93
109115,256,2025-10-20,2025-10-31,2025-10-28,USA,Chicago,13.85
109116,12,2025-10-20,2025-11-02,2025-10-27,Sweden,Stockholm,12.57
109117,284,2025-10-20,2025-10-23,,United Kingdom,Liverpool,21.26
109118,472,2025-10-20,2025-10-24,2025-10-25,Czech Republic,Brno,8.05
109119,33,2025-10-20,2025-10-27,2025-10-31,USA,Seattle,34.1
109120,97,2025-10-20,2025-10-24,2025-10-26,Poland,Gdansk,28.92
109121,452,2025-10-20,2025-10-26,2025-10-21,Italy,Florence,13.63
109122,394,2025-10-20,2025-10-25,2025-10-24,Canada,Calgary,4.86
109123,109,2025-10-20,2025-11-02,2025-10-31,Spain,Bilbao,11.96
109124,172,2025-10-21,2025-10-26,2025-10-29,Norway,Trondheim,27.93
109125,13,2025-10-21,2025-10-28,2025-10-27,Italy,Florence,21.59
109126,437,2025-10-21,2025-10-28,2025-10-26,Poland,Lodz,18.12
109127,33,2025-10-21,2025-10-30,2025-11-01,USA,Seattle,26.71
109128,466,2025-10-21,2025-10-26,2025-10-29,United Kingdom,Bristol,20.34
109129,351,2025-10-21,2025-10-31,2025-10-25,Italy,Florence,19.55
109130,252,2025-10-21,2025-10-28,2025-10-23,Netherlands,Amsterdam,35.49
109131,10,2025-10-21,2025-11-03,2025-10-25,Poland,Gdansk,7.67
109132,215,2025-10-21,2025-10-25,2025-10-24,Italy,Milan,20.47
109133,318,2025-10-21,2025-10-26,2025-10-29,Poland,Warsaw,22.33
109134,11,2025-10-21,2025-10-29,2025-10-31,France,Toulouse,20.73
109135,170,2025-10-22,2025-10-26,2025-11-02,Netherlands,Utrecht,9.04
109136,60,2025-10-22,2025-11-04,2025-10-25,Netherlands,Eindhoven,20.16
109137,70,2025-10-22,2025-11-01,2025-10-30,Spain,Madrid,15.49
109138,324,2025-10-22,2025-10-29,2025-10-28,Czech Republic,Ostrava,18.52
109139,340,2025-10-22,2025-11-03,2025-10-31,Austria,Vienna,14.22
109140,328,2025-10-22,2025-10-25,2025-10-31,United Kingdom,Liverpool,35.83
109141,436,2025-10-22,2025-11-03,,Italy,Florence,38.49
109142,259,2025-10-22,2025-10-29,2025-10-26,USA,Boston,7.64
109143,411,2025-10-22,2025-11-03,2025-11-01,France,Lyon,11.02
109144,139,2025-10-22,2025-10-30,2025-10-29,Spain,Valencia,12.86
109145,73,2025-10-22,2025-10-28,2025-10-27,USA,Denver,18.44
109146,499,2025-10-22,2025-10-29,2025-10-31,Italy,Milan,10.16
109147,109,2025-10-22,2025-10-26,2025-10-27,Spain,Bilbao,21.2
109148,487,2025-10-22,2025-10-30,2025-10-24,Poland,Gdansk,12.82
109149,463,2025-10-23,2025-11-01,2025-10-25,Spain,Madrid,30.85
109150,434,2025-10-23,2025-10-28,2025-10-25,Sweden,Gothenburg,16.97
109151,399,2025-10-23,2025-10-26,2025-11-02,Poland,Poznan,21.77
109152,319,2025-10-23,2025-11-05,2025-10-24,Italy,Milan,29.38
109153,153,2025-10-23,2025-11-04,2025-10-31,Norway,Bergen,11.5
109154,52,2025-10-23,2025-10-26,2025-11-02,Canada,Vancouver,23.38
109155,123,2025-10-23,2025-10-27,2025-11-03,Sweden,Uppsala,18.73
109156,44,2025-10-23,2025-10-27,2025-10-30,Spain,Madrid,11.33
109157,32,2025-10-23,2025-11-01,2025-10-25,United Kingdom,Manchester,41.75
109158,61,2025-10-23,2025-10-27,2025-10-27,Poland,Wroclaw,17.84
109159,201,2025-10-24,2025-10-29,2025-10-29,United Kingdom,Manchester,21.59
109160,320,2025-10-24,2025-10-29,2025-10-30,Italy,Florence,21.35
109161,467,2025-10-24,2025-10-29,2025-10-26,Poland,Warsaw,31.85
109162,191,2025-10-24,2025-11-03,2025-11-04,USA,Seattle,20.58
109163,184,2025-10-24,2025-11-05,2025-10-31,Germany,Berlin,10.61
109164,412,2025-10-24,2025-11-04,2025-10-30,Germany,Cologne,20.51
109165,472,2025-10-24,2025-10-28,2025-10-26,Czech Republic,Brno,13.27
109166,204,2025-10-24,2025-11-04,2025-11-04,Poland,Gdansk,23.99
109167,22,2025-10-24,2025-10-30,,USA,New York,9.71
109168,260,2025-10-24,2025-11-02,2025-10-25,Norway,Oslo,19.23
109169,87,2025-10-24,2025-11-03,2025-10-27,Austria,Graz,31.74
109170,227,2025-10-24,2025-11-06,2025-11-02,Germany,Frankfurt,18.71
109171,250,2025-10-24,2025-10-31,2025-10-27,Czech Republic,Pilsen,52.89
109172,307,2025-10-24,2025-11-03,2025-10-31,USA,Boston,28.93
109173,307,2025-10-24,2025-10-29,,USA,Boston,29.9
109174,236,2025-10-24,2025-10-30,2025-11-03,Canada,Calgary,27.28
109175,443,2025-10-24,2025-10-28,2025-10-26,Spain,Bilbao,26.59
109176,110,2025-10-25,2025-10-28,2025-10-26,USA,Boston,50.28
109177,304,2025-10-25,2025-10-28,2025-10-30,USA,Austin,25.98
109178,239,2025-10-25,2025-10-28,2025-10-29,Canada,Toronto,12.56
109179,17,2025-10-25,2025-10-28,2025-11-05,France,Lyon,13.39
109180,369,2025-10-25,2025-11-05,2025-10-26,Czech Republic,Brno,5.74
109181,352,2025-10-25,2025-11-02,,Poland,Krakow,16.41
109182,51,2025-10-25,2025-11-03,2025-10-29,Austria,Graz,6.46
109183,443,2025-10-25,2025-10-28,2025-10-31,Spain,Bilbao,13.25
109184,391,2025-10-25,2025-11-07,2025-10-26,Germany,Berlin,23.11
109185,491,2025-10-25,2025-10-30,2025-11-02,Canada,Ottawa,10.63
109186,359,2025-10-25,2025-10-30,2025-10-29,France,Paris,20.19
109187,473,2025-10-26,2025-11-03,2025-10-31,United Kingdom,Leeds,14.41
109188,115,2025-10-26,2025-10-29,2025-10-30,USA,Denver,7.3
109189,345,2025-10-26,2025-11-05,2025-11-04,Poland,Gdansk,25.54
109190,54,2025-10-26,2025-11-06,2025-11-01,France,Marseille,11.54
109191,335,2025-10-26,2025-11-06,2025-11-05,Italy,Milan,12.71
109192,62,2025-10-26,2025-11-03,2025-10-30,Poland,Lodz,6.91
109193,120,2025-10-26,2025-11-01,2025-11-02,Netherlands,Utrecht,31.96
109194,70,2025-10-26,2025-11-06,2025-11-03,Spain,Madrid,6.73
109195,371,2025-10-26,2025-11-07,2025-11-03,France,Paris,7.53
109196,464,2025-10-26,2025-11-07,2025-11-01,Spain,Barcelona,16.87
109197,59,2025-10-26,2025-11-04,2025-11-02,Austria,Salzburg,27.19
109198,13,2025-10-26,2025-10-29,2025-11-02,Italy,Florence,24.02
109199,186,2025-10-27,2025-10-30,2025-11-06,Netherlands,Eindhoven,8.37
109200,59,2025-10-27,2025-11-02,2025-11-04,Austria,Salzburg,9.89
109201,479,2025-10-27,2025-11-08,2025-10-30,Poland,Wroclaw,6.4
109202,166,2025-10-27,2025-11-01,2025-11-01,USA,Seattle,14.47
109203,487,2025-10-27,2025-10-30,2025-11-05,Poland,Gdansk,43.49
109204,351,2025-10-27,2025-11-05,2025-11-01,Italy,Florence,13.7
109205,403,2025-10-27,2025-11-05,2025-11-06,Poland,Gdansk,12.79
109206,240,2025-10-27,2025-11-07,2025-10-30,France,Lyon,5.64
109207,182,2025-10-27,2025-11-01,2025-10-29,Canada,Ottawa,14.55
109208,223,2025-10-27,2025-11-08,2025-11-03,Germany,Berlin,17.34
109209,215,2025-10-28,2025-11-01,2025-10-31,Italy,Milan,36.38
109210,473,2025-10-28,2025-11-01,2025-11-06,United Kingdom,Leeds,7.38
109211,13,2025-10-28,2025-11-05,2025-11-07,Italy,Florence,19.37
109212,226,2025-10-28,2025-10-31,2025-11-08,France,Nice,18.9
109213,33,2025-10-28,2025-11-05,2025-11-04,USA,Seattle,8.94
109214,429,2025-10-28,2025-11-08,2025-11-06,Netherlands,Rotterdam,12.04
109215,487,2025-10-28,2025-11-07,2025-11-04,Poland,Gdansk,20.99
109216,3,2025-10-29,2025-11-08,2025-10-31,Spain,Bilbao,15.48
109217,440,2025-10-29,2025-11-05,2025-11-07,Netherlands,Rotterdam,25.01
109218,461,2025-10-29,2025-11-09,2025-11-03,Italy,Turin,20.31
109219,308,2025-10-29,2025-11-04,2025-10-31,Canada,Toronto,11.99
109220,200,2025-10-29,2025-11-09,2025-11-06,Spain,Bilbao,10.05
109221,201,2025-10-29,2025-11-04,,United Kingdom,Manchester,4.76
109222,174,2025-10-29,2025-11-09,2025-11-02,United Kingdom,Bristol,6.04
109223,12,2025-10-29,2025-11-11,2025-10-31,Sweden,Stockholm,17.56
109224,438,2025-10-29,2025-11-08,2025-11-08,Germany,Munich,33.18
109225,449,2025-10-30,2025-11-09,2025-11-03,Poland,Krakow,12.11
109226,476,2025-10-30,2025-11-05,2025-11-03,Germany,Frankfurt,10.77
109227,140,2025-10-30,2025-11-05,2025-11-01,Germany,Berlin,11.09
109228,71,2025-10-30,2025-11-10,2025-11-03,Canada,Vancouver,20.09
109229,201,2025-10-30,2025-11-02,2025-11-10,United Kingdom,Manchester,16.82
109230,185,2025-10-30,2025-11-07,2025-11-07,Spain,Barcelona,9.21
109231,166,2025-10-30,2025-11-10,,USA,Seattle,18.41
109232,490,2025-10-30,2025-11-06,2025-11-05,USA,Seattle,42.1
109233,118,2025-10-30,2025-11-06,2025-11-05,Germany,Frankfurt,45.22
109234,298,2025-10-31,2025-11-05,2025-11-11,USA,Boston,12.65
109235,170,2025-10-31,2025-11-03,,Netherlands,Utrecht,13.51
109236,247,2025-10-31,2025-11-07,2025-11-10,Germany,Hamburg,21.81
109237,230,2025-10-31,2025-11-04,2025-11-08,Sweden,Malmo,23.56
109238,256,2025-10-31,2025-11-09,2025-11-07,USA,Chicago,10.09
109239,253,2025-10-31,2025-11-10,2025-11-02,Germany,Hamburg,40.77
109240,224,2025-10-31,2025-11-08,2025-11-10,Spain,Barcelona,12.18
109241,258,2025-10-31,2025-11-04,2025-11-01,Netherlands,Eindhoven,31.05
109242,371,2025-10-31,2025-11-12,2025-11-05,France,Paris,11.64
109243,239,2025-10-31,2025-11-07,2025-11-03,Canada,Toronto,23.15
109244,90,2025-11-01,2025-11-13,2025-11-03,Italy,Naples,11.86
109245,394,2025-11-01,2025-11-09,,Canada,Calgary,26.02
109246,30,2025-11-01,2025-11-09,2025-11-11,Germany,Frankfurt,15.33
109247,308,2025-11-01,2025-11-08,2025-11-09,Canada,Toronto,47.75
109248,481,2025-11-01,2025-11-13,2025-11-12,Germany,Frankfurt,15.36
109249,276,2025-11-01,2025-11-05,2025-11-02,Italy,Florence,12.01
109250,100,2025-11-01,2025-11-14,2025-11-03,Netherlands,Utrecht,7.9
109251,158,2025-11-01,2025-11-14,2025-11-12,USA,New York,18.0
109252,118,2025-11-01,2025-11-09,2025-11-09,Germany,Frankfurt,38.61
109253,198,2025-11-01,2025-11-08,2025-11-07,Poland,Gdansk,29.43
109254,59,2025-11-01,2025-11-09,2025-11-05,Austria,Salzburg,26.06
109255,195,2025-11-02,2025-11-13,2025-11-11,Canada,Ottawa,12.73
109256,285,2025-11-02,2025-11-12,,Austria,Linz,30.12
109257,331,2025-11-02,2025-11-12,2025-11-09,Poland,Poznan,25.96
109258,1,2025-11-02,2025-11-09,2025-11-13,Germany,Frankfurt,19.09
109259,3,2025-11-02,2025-11-11,2025-11-06,Spain,Bilbao,3.91
109260,266,2025-11-02,2025-11-07,2025-11-06,Norway,Oslo,23.65
109261,177,2025-11-02,2025-11-15,2025-11-03,Germany,Hamburg,26.94
109262,436,2025-11-02,2025-11-06,2025-11-05,Italy,Florence,49.24
109263,231,2025-11-02,2025-11-08,2025-11-11,Sweden,Stockholm,6.27
109264,351,2025-11-02,2025-11-06,2025-11-12,Italy,Florence,10.89
109265,298,2025-11-03,2025-11-07,2025-11-09,USA,Boston,20.13
109266,57,2025-11-03,2025-11-16,2025-11-09,United Kingdom,Manchester,9.27
109267,47,2025-11-03,2025-11-12,2025-11-05,France,Paris,18.57
109268,237,2025-11-03,2025-11-08,2025-11-11,Poland,Krakow,27.9
109269,37,2025-11-03,2025-11-13,2025-11-08,Spain,Valencia,4.6
109270,472,2025-11-03,2025-11-09,2025-11-14,Czech Republic,Brno,59.3
109271,420,2025-11-03,2025-11-12,2025-11-05,Poland,Krakow,7.84
109272,453,2025-11-03,2025-11-13,2025-11-12,United Kingdom,Manchester,36.95
109273,258,2025-11-03,2025-11-14,2025-11-07,Netherlands,Eindhoven,12.4
109274,107,2025-11-03,2025-11-07,2025-11-14,Italy,Turin,12.2
109275,320,2025-11-03,2025-11-08,2025-11-05,Italy,Florence,104.32
109276,93,2025-11-03,2025-11-08,2025-11-14,Canada,Vancouver,5.33
109277,176,2025-11-03,2025-11-06,2025-11-14,Germany,Cologne,20.6
109278,405,2025-11-03,2025-11-10,2025-11-04,Netherlands,Amsterdam,9.14
109279,421,2025-11-03,2025-11-16,2025-11-04,Poland,Warsaw,7.43
109280,484,2025-11-04,2025-11-16,,Czech Republic,Brno,22.96
109281,272,2025-11-04,2025-11-11,2025-11-15,Germany,Munich,23.17
109282,304,2025-11-04,2025-11-09,2025-11-08,USA,Austin,15.6
109283,206,2025-11-04,2025-11-11,2025-11-07,Germany,Hamburg,33.34
109284,46,2025-11-04,2025-11-11,2025-11-07,Germany,Hamburg,17.86
109285,18,2025-11-04,2025-11-11,2025-11-08,Sweden,Malmo,16.42
109286,293,2025-11-04,2025-11-09,2025-11-10,Poland,Poznan,8.0
109287,217,2025-11-04,2025-11-17,2025-11-09,Germany,Munich,12.34
109288,307,2025-11-04,2025-11-08,2025-11-10,USA,Boston,18.51
109289,238,2025-11-04,2025-11-16,2025-11-06,Germany,Hamburg,39.19
109290,407,2025-11-05,2025-11-16,2025-11-11,Germany,Cologne,10.43
109291,184,2025-11-05,2025-11-12,,Germany,Berlin,50.08
109292,326,2025-11-05,2025-11-18,2025-11-15,Poland,Poznan,24.71
109293,260,2025-11-05,2025-11-12,2025-11-08,Norway,Oslo,49.04
109294,320,2025-11-05,2025-11-13,2025-11-11,Italy,Florence,17.44
109295,407,2025-11-05,2025-11-13,2025-11-16,Germany,Cologne,29.15
109296,271,2025-11-05,2025-11-14,2025-11-16,USA,Chicago,11.31
109297,131,2025-11-05,2025-11-18,2025-11-06,Spain,Seville,21.51
109298,466,2025-11-05,2025-11-09,2025-11-10,United Kingdom,Bristol,12.39
109299,208,2025-11-05,2025-11-10,2025-11-07,Norway,Trondheim,15.52
109300,468,2025-11-05,2025-11-11,2025-11-13,France,Nice,7.21
109301,167,2025-11-05,2025-11-14,2025-11-14,USA,Chicago,17.03
109302,87,2025-11-06,2025-11-13,2025-11-16,Austria,Graz,37.9
109303,234,2025-11-06,2025-11-09,2025-11-16,United Kingdom,Bristol,13.22
109304,492,2025-11-06,2025-11-09,2025-11-15,United Kingdom,Leeds,25.51
109305,195,2025-11-06,2025-11-18,2025-11-08,Canada,Ottawa,8.76
109306,371,2025-11-06,2025-11-14,2025-11-13,France,Paris,14.94
109307,99,2025-11-06,2025-11-19,2025-11-09,Canada,Vancouver,13.13
109308,183,2025-11-06,2025-11-14,2025-11-09,Austria,Salzburg,13.33
109309,89,2025-11-06,2025-11-11,2025-11-08,Italy,Florence,37.64
109310,62,2025-11-06,2025-11-16,2025-11-08,Poland,Lodz,10.32
109311,391,2025-11-06,2025-11-14,2025-11-17,Germany,Berlin,20.9
109312,397,2025-11-06,2025-11-18,2025-11-09,Poland,Warsaw,24.11
109313,151,2025-11-06,2025-11-14,2025-11-12,Germany,Hamburg,17.4
109314,201,2025-11-07,2025-11-11,2025-11-18,United Kingdom,Manchester,11.43
109315,116,2025-11-07,2025-11-20,2025-11-10,Spain,Barcelona,18.39
109316,274,2025-11-07,2025-11-19,2025-11-08,United Kingdom,London,12.92
109317,255,2025-11-07,2025-11-14,2025-11-08,Austria,Graz,5.28
109318,453,2025-11-07,2025-11-19,2025-11-13,United Kingdom,Manchester,15.48
109319,78,2025-11-07,2025-11-17,2025-11-15,United Kingdom,London,19.23
109320,323,2025-11-07,2025-11-11,2025-11-14,Czech Republic,Ostrava,31.18
109321,403,2025-11-07,2025-11-12,2025-11-17,Poland,Gdansk,35.75
109322,186,2025-11-07,2025-11-11,2025-11-11,Netherlands,Eindhoven,16.79
109323,341,2025-11-07,2025-11-19,2025-11-16,Italy,Rome,22.94
109324,109,2025-11-07,2025-11-16,2025-11-14,Spain,Bilbao,18.45
109325,95,2025-11-07,2025-11-16,2025-11-09,Italy,Florence,35.22
109326,247,2025-11-08,2025-11-14,2025-11-10,Germany,Hamburg,10.14
109327,93,2025-11-08,2025-11-20,2025-11-09,Canada,Vancouver,5.34
109328,176,2025-11-08,2025-11-14,2025-11-18,Germany,Cologne,16.35
109329,479,2025-11-08,2025-11-21,2025-11-17,Poland,Wroclaw,6.23
109330,54,2025-11-08,2025-11-19,2025-11-10,France,Marseille,17.82
109331,428,2025-11-08,2025-11-19,2025-11-16,Poland,Gdansk,28.56
109332,349,2025-11-08,2025-11-12,2025-11-17,Poland,Lodz,27.14
109333,323,2025-11-08,2025-11-13,2025-11-14,Czech Republic,Ostrava,18.11
109334,323,2025-11-08,2025-11-15,,Czech Republic,Ostrava,7.3
109335,234,2025-11-09,2025-11-17,2025-11-19,United Kingdom,Bristol,16.08
109336,19,2025-11-09,2025-11-18,2025-11-18,USA,Denver,13.06
109337,310,2025-11-09,2025-11-19,,Poland,Lodz,21.78
109338,371,2025-11-09,2025-11-19,2025-11-16,France,Paris,19.05
109339,328,2025-11-09,2025-11-17,2025-11-10,United Kingdom,Liverpool,6.8
109340,252,2025-11-09,2025-11-16,2025-11-11,Netherlands,Amsterdam,9.87
109341,153,2025-11-09,2025-11-19,2025-11-11,Norway,Bergen,24.04
109342,60,2025-11-09,2025-11-13,2025-11-19,Netherlands,Eindhoven,15.39
109343,22,2025-11-10,2025-11-20,,USA,New York,28.32
109344,231,2025-11-10,2025-11-13,2025-11-17,Sweden,Stockholm,4.56
109345,60,2025-11-10,2025-11-21,2025-11-18,Netherlands,Eindhoven,13.08
109346,472,2025-11-10,2025-11-20,2025-11-17,Czech Republic,Brno,21.48
109347,465,2025-11-10,2025-11-15,2025-11-16,France,Paris,5.04
109348,414,2025-11-10,2025-11-15,2025-11-14,United Kingdom,Leeds,12.2
109349,475,2025-11-10,2025-11-21,2025-11-17,Poland,Wroclaw,12.46
109350,423,2025-11-10,2025-11-22,2025-11-12,Spain,Barcelona,7.48
109351,119,2025-11-10,2025-11-19,2025-11-16,Italy,Milan,18.93
109352,340,2025-11-11,2025-11-15,,Austria,Vienna,13.13
109353,345,2025-11-11,2025-11-22,2025-11-15,Poland,Gdansk,10.6
109354,266,2025-11-11,2025-11-18,2025-11-21,Norway,Oslo,19.17
109355,341,2025-11-11,2025-11-17,2025-11-13,Italy,Rome,26.56
109356,72,2025-11-11,2025-11-17,2025-11-14,France,Paris,8.68
109357,351,2025-11-11,2025-11-23,2025-11-15,Italy,Florence,12.37
109358,449,2025-11-11,2025-11-17,2025-11-15,Poland,Krakow,9.71
109359,389,2025-11-11,2025-11-17,2025-11-16,USA,Seattle,13.56
109360,73,2025-11-11,2025-11-20,,USA,Denver,15.61
109361,265,2025-11-11,2025-11-23,2025-11-12,Poland,Krakow,15.78
109362,3,2025-11-11,2025-11-20,2025-11-13,Spain,Bilbao,18.2
109363,94,2025-11-11,2025-11-15,2025-11-20,Czech Republic,Brno,31.12
109364,463,2025-11-11,2025-11-16,2025-11-19,Spain,Madrid,22.82
109365,478,2025-11-11,2025-11-21,,USA,Austin,9.18
109366,110,2025-11-11,2025-11-20,2025-11-16,USA,Boston,7.27
109367,267,2025-11-12,2025-11-20,2025-11-16,Germany,Munich,19.41
109368,13,2025-11-12,2025-11-22,2025-11-18,Italy,Florence,3.89
109369,140,2025-11-12,2025-11-21,2025-11-15,Germany,Berlin,9.79
109370,140,2025-11-12,2025-11-22,2025-11-13,Germany,Berlin,7.53
109371,371,2025-11-12,2025-11-22,2025-11-23,France,Paris,15.52
109372,13,2025-11-12,2025-11-15,2025-11-15,Italy,Florence,18.26
109373,329,2025-11-13,2025-11-25,2025-11-24,Poland,Wroclaw,15.13
109374,38,2025-11-13,2025-11-25,2025-11-19,Netherlands,Amsterdam,19.14
109375,55,2025-11-13,2025-11-16,2025-11-14,USA,Seattle,7.01
109376,437,2025-11-13,2025-11-21,2025-11-14,Poland,Lodz,10.05
109377,216,2025-11-13,2025-11-18,2025-11-20,Poland,Krakow,12.19
109378,394,2025-11-13,2025-11-24,2025-11-15,Canada,Calgary,31.05
109379,201,2025-11-13,2025-11-17,2025-11-22,United Kingdom,Manchester,19.04
109380,92,2025-11-13,2025-11-25,2025-11-14,Austria,Vienna,30.1
109381,412,2025-11-13,2025-11-17,2025-11-17,Germany,Cologne,18.38
109382,94,2025-11-13,2025-11-23,2025-11-15,Czech Republic,Brno,15.0
109383,5,2025-11-14,2025-11-27,2025-11-20,Poland,Wroclaw,15.06
109384,225,2025-11-14,2025-11-23,2025-11-15,Czech Republic,Pilsen,10.97
109385,276,2025-11-14,2025-11-19,2025-11-17,Italy,Florence,15.79
109386,305,2025-11-14,2025-11-24,2025-11-20,France,Marseille,33.93
109387,413,2025-11-14,2025-11-25,2025-11-20,Germany,Hamburg,13.24
109388,329,2025-11-14,2025-11-18,2025-11-23,Poland,Wroclaw,21.07
109389,228,2025-11-14,2025-11-17,,Austria,Linz,8.03
109390,37,2025-11-14,2025-11-19,2025-11-15,Spain,Valencia,30.77
109391,90,2025-11-14,2025-11-18,2025-11-22,Italy,Naples,14.52
109392,484,2025-11-14,2025-11-18,2025-11-20,Czech Republic,Brno,9.88
109393,331,2025-11-14,2025-11-19,2025-11-24,Poland,Poznan,9.68
109394,481,2025-11-14,2025-11-21,2025-11-16,Germany,Frankfurt,15.41
109395,314,2025-11-14,2025-11-25,2025-11-19,Sweden,Gothenburg,14.18
109396,399,2025-11-15,2025-11-24,2025-11-19,Poland,Poznan,20.43
109397,436,2025-11-15,2025-11-28,2025-11-20,Italy,Florence,7.26
109398,30,2025-11-15,2025-11-23,2025-11-21,Germany,Frankfurt,12.73
109399,371,2025-11-15,2025-11-27,2025-11-25,France,Paris,14.16
109400,371,2025-11-15,2025-11-25,2025-11-21,France,Paris,6.5
109401,412,2025-11-15,2025-11-28,,Germany,Cologne,11.98
109402,430,2025-11-15,2025-11-28,2025-11-21,Germany,Hamburg,17.42
109403,165,2025-11-15,2025-11-28,2025-11-18,Netherlands,Eindhoven,16.67
109404,369,2025-11-15,2025-11-18,2025-11-24,Czech Republic,Brno,34.62
109405,280,2025-11-15,2025-11-25,2025-11-23,United Kingdom,Liverpool,18.91
109406,479,2025-11-15,2025-11-28,2025-11-23,Poland,Wroclaw,26.96
109407,57,2025-11-16,2025-11-21,2025-11-18,United Kingdom,Manchester,23.76
109408,238,2025-11-16,2025-11-23,2025-11-24,Germany,Hamburg,20.42
109409,239,2025-11-16,2025-11-19,2025-11-20,Canada,Toronto,32.86
109410,48,2025-11-16,2025-11-22,,USA,Denver,9.94
109411,286,2025-11-16,2025-11-20,2025-11-27,Spain,Bilbao,22.9
109412,351,2025-11-16,2025-11-25,2025-11-21,Italy,Florence,7.59
109413,369,2025-11-16,2025-11-20,2025-11-20,Czech Republic,Brno,9.39
109414,205,2025-11-16,2025-11-19,2025-11-22,Poland,Wroclaw,33.71
109415,369,2025-11-17,2025-11-26,2025-11-24,Czech Republic,Brno,14.57
109416,201,2025-11-17,2025-11-24,2025-11-21,United Kingdom,Manchester,14.77
109417,475,2025-11-17,2025-11-22,2025-11-21,Poland,Wroclaw,34.64
109418,110,2025-11-17,2025-11-22,2025-11-28,USA,Boston,33.13
109419,209,2025-11-17,2025-11-22,2025-11-23,United Kingdom,Manchester,12.15
109420,376,2025-11-17,2025-11-28,2025-11-20,USA,Boston,6.25
109421,447,2025-11-17,2025-11-27,2025-11-26,United Kingdom,Bristol,11.62
109422,224,2025-11-17,2025-11-30,2025-11-26,Spain,Barcelona,24.44
109423,166,2025-11-17,2025-11-22,2025-11-18,USA,Seattle,13.98
109424,254,2025-11-17,2025-11-21,2025-11-28,USA,Chicago,9.98
109425,451,2025-11-17,2025-11-23,2025-11-21,Italy,Naples,18.37
109426,325,2025-11-17,2025-11-24,2025-11-18,Netherlands,Eindhoven,42.83
109427,307,2025-11-17,2025-11-28,2025-11-22,USA,Boston,16.01
109428,222,2025-11-17,2025-11-30,2025-11-20,USA,Seattle,24.53
109429,496,2025-11-18,2025-11-22,2025-11-22,Austria,Salzburg,18.23
109430,37,2025-11-18,2025-11-24,2025-11-22,Spain,Valencia,33.85
109431,22,2025-11-18,2025-11-21,2025-11-26,USA,New York,11.61
109432,345,2025-11-18,2025-11-28,2025-11-19,Poland,Gdansk,8.69
109433,37,2025-11-18,2025-11-22,2025-11-25,Spain,Valencia,6.39
109434,414,2025-11-18,2025-11-23,2025-11-25,United Kingdom,Leeds,44.38
109435,290,2025-11-18,2025-11-27,2025-11-24,Austria,Vienna,8.38
109436,369,2025-11-18,2025-11-28,2025-11-26,Czech Republic,Brno,20.15
109437,472,2025-11-18,2025-12-01,2025-11-23,Czech Republic,Brno,12.49
109438,355,2025-11-18,2025-11-28,2025-11-28,Germany,Hamburg,24.86
109439,4,2025-11-19,2025-12-01,2025-11-21,Italy,Turin,18.23
109440,166,2025-11-19,2025-11-27,2025-11-30,USA,Seattle,16.53
109441,212,2025-11-19,2025-11-25,2025-11-24,France,Paris,50.07
109442,475,2025-11-19,2025-11-23,2025-11-23,Poland,Wroclaw,19.69
109443,472,2025-11-20,2025-11-29,,Czech Republic,Brno,31.45
109444,356,2025-11-20,2025-12-01,2025-11-29,Poland,Poznan,28.21
109445,38,2025-11-20,2025-11-28,,Netherlands,Amsterdam,18.11
109446,487,2025-11-20,2025-11-30,2025-11-25,Poland,Gdansk,11.51
109447,19,2025-11-20,2025-11-25,2025-11-24,USA,Denver,18.72
109448,269,2025-11-20,2025-11-25,2025-11-30,Norway,Bergen,20.53
109449,252,2025-11-20,2025-11-29,2025-11-30,Netherlands,Amsterdam,13.85
109450,92,2025-11-20,2025-11-23,2025-11-24,Austria,Vienna,11.94
109451,443,2025-11-20,2025-11-29,2025-11-24,Spain,Bilbao,22.54
109452,83,2025-11-20,2025-12-01,2025-11-26,United Kingdom,Manchester,9.74
109453,403,2025-11-20,2025-11-26,2025-11-27,Poland,Gdansk,7.53
109454,331,2025-11-20,2025-11-28,2025-11-21,Poland,Poznan,38.24
109455,258,2025-11-20,2025-11-27,2025-11-28,Netherlands,Eindhoven,14.26
109456,331,2025-11-20,2025-11-30,2025-11-25,Poland,Poznan,7.01
109457,13,2025-11-20,2025-11-24,2025-11-30,Italy,Florence,7.4
109458,473,2025-11-20,2025-12-01,2025-11-26,United Kingdom,Leeds,31.52
109459,341,2025-11-21,2025-12-03,2025-11-30,Italy,Rome,18.42
109460,94,2025-11-21,2025-11-28,2025-11-23,Czech Republic,Brno,30.88
109461,58,2025-11-21,2025-11-25,2025-11-26,Czech Republic,Ostrava,10.98
109462,96,2025-11-21,2025-11-27,2025-11-22,Germany,Cologne,10.99
109463,14,2025-11-21,2025-12-01,2025-11-29,Netherlands,Eindhoven,20.15
109464,420,2025-11-21,2025-11-30,2025-12-01,Poland,Krakow,35.43
109465,349,2025-11-21,2025-12-02,2025-11-22,Poland,Lodz,8.27
109466,411,2025-11-21,2025-11-30,2025-11-25,France,Lyon,31.1
109467,414,2025-11-21,2025-12-01,2025-11-22,United Kingdom,Leeds,5.78
109468,258,2025-11-21,2025-11-26,2025-12-01,Netherlands,Eindhoven,16.27
109469,423,2025-11-21,2025-12-04,2025-11-29,Spain,Barcelona,7.05
109470,351,2025-11-21,2025-11-30,2025-11-24,Italy,Florence,31.71
109471,100,2025-11-21,2025-11-24,2025-11-25,Netherlands,Utrecht,13.04
109472,201,2025-11-22,2025-12-04,2025-11-29,United Kingdom,Manchester,23.66
109473,374,2025-11-22,2025-12-01,2025-11-27,USA,New York,22.38
109474,363,2025-11-22,2025-12-02,2025-11-28,United Kingdom,Manchester,26.53
109475,353,2025-11-22,2025-11-28,,Czech Republic,Pilsen,29.51
109476,62,2025-11-22,2025-11-27,2025-12-03,Poland,Lodz,11.57
109477,142,2025-11-22,2025-11-25,,Czech Republic,Brno,8.64
109478,359,2025-11-22,2025-12-04,2025-11-25,France,Paris,24.79
109479,387,2025-11-22,2025-12-02,2025-11-25,Spain,Bilbao,13.52
109480,350,2025-11-22,2025-12-02,2025-11-30,Germany,Munich,15.85
109481,73,2025-11-23,2025-12-06,2025-11-28,USA,Denver,19.52
109482,236,2025-11-23,2025-12-04,2025-12-01,Canada,Calgary,21.72
109483,317,2025-11-23,2025-12-01,2025-12-01,Norway,Bergen,12.29
109484,355,2025-11-23,2025-12-06,2025-11-30,Germany,Hamburg,16.92
109485,305,2025-11-23,2025-12-01,2025-11-26,France,Marseille,11.46
109486,184,2025-11-23,2025-12-05,2025-11-29,Germany,Berlin,11.43
109487,291,2025-11-23,2025-11-30,2025-11-25,United Kingdom,Bristol,33.64
109488,102,2025-11-23,2025-12-01,2025-12-02,Poland,Poznan,21.54
109489,410,2025-11-23,2025-12-06,2025-11-27,Netherlands,Rotterdam,10.79
109490,55,2025-11-23,2025-12-04,2025-12-02,USA,Seattle,26.95
109491,490,2025-11-23,2025-11-28,2025-12-01,USA,Seattle,22.96
109492,209,2025-11-24,2025-11-28,2025-11-29,United Kingdom,Manchester,31.21
109493,467,2025-11-24,2025-11-30,2025-11-26,Poland,Warsaw,5.25
109494,166,2025-11-24,2025-11-28,2025-11-25,USA,Seattle,11.0
109495,93,2025-11-24,2025-11-29,2025-12-02,Canada,Vancouver,8.3
109496,121,2025-11-24,2025-11-30,2025-12-03,Austria,Vienna,9.79
109497,337,2025-11-24,2025-12-01,2025-12-05,Canada,Toronto,20.45
109498,184,2025-11-24,2025-12-03,2025-12-05,Germany,Berlin,15.76
109499,115,2025-11-24,2025-11-28,2025-11-29,USA,Denver,17.72
109500,403,2025-11-24,2025-12-01,2025-11-27,Poland,Gdansk,12.07
109501,475,2025-11-24,2025-12-04,2025-11-27,Poland,Wroclaw,38.16
109502,249,2025-11-24,2025-11-29,2025-12-01,Poland,Lodz,37.57
109503,87,2025-11-24,2025-11-30,2025-11-29,Austria,Graz,9.62
109504,425,2025-11-24,2025-11-29,2025-12-04,Czech Republic,Prague,11.69
109505,244,2025-11-24,2025-11-30,2025-12-03,Germany,Frankfurt,14.09
109506,320,2025-11-25,2025-12-01,2025-11-30,Italy,Florence,18.71
109507,342,2025-11-25,2025-11-28,2025-11-28,United Kingdom,Manchester,36.31
109508,318,2025-11-25,2025-12-05,2025-11-30,Poland,Warsaw,33.24
109509,359,2025-11-25,2025-12-08,2025-12-03,France,Paris,28.61
109510,355,2025-11-25,2025-12-05,2025-12-06,Germany,Hamburg,15.85
109511,201,2025-11-25,2025-12-04,2025-12-01,United Kingdom,Manchester,58.95
109512,256,2025-11-26,2025-12-05,,USA,Chicago,19.99
109513,63,2025-11-26,2025-12-05,,Netherlands,Eindhoven,17.64
109514,463,2025-11-26,2025-12-07,2025-12-01,Spain,Madrid,17.47
109515,19,2025-11-26,2025-12-04,2025-11-28,USA,Denver,26.5
109516,6,2025-11-26,2025-11-30,2025-11-27,Poland,Gdansk,16.02
109517,58,2025-11-26,2025-12-05,2025-12-02,Czech Republic,Ostrava,13.93
109518,426,2025-11-26,2025-12-02,2025-12-03,France,Marseille,8.7
109519,313,2025-11-26,2025-12-05,,Czech Republic,Ostrava,13.15
109520,60,2025-11-26,2025-12-03,2025-12-03,Netherlands,Eindhoven,33.34
109521,99,2025-11-26,2025-12-03,2025-11-28,Canada,Vancouver,10.58
109522,78,2025-11-26,2025-12-01,2025-12-07,United Kingdom,London,5.66
109523,306,2025-11-26,2025-12-06,,Czech Republic,Ostrava,20.02
109524,28,2025-11-26,2025-12-08,2025-12-03,USA,Chicago,41.03
109525,13,2025-11-26,2025-12-06,2025-12-01,Italy,Florence,13.1
109526,453,2025-11-26,2025-11-30,2025-12-07,United Kingdom,Manchester,20.1
109527,355,2025-11-27,2025-12-06,2025-12-03,Germany,Hamburg,20.84
109528,356,2025-11-27,2025-12-09,2025-12-05,Poland,Poznan,15.39
109529,479,2025-11-27,2025-12-02,2025-12-06,Poland,Wroclaw,12.98
109530,120,2025-11-27,2025-11-30,2025-12-02,Netherlands,Utrecht,13.99
109531,475,2025-11-27,2025-11-30,2025-12-07,Poland,Wroclaw,26.75
109532,447,2025-11-27,2025-12-02,2025-11-30,United Kingdom,Bristol,17.99
109533,179,2025-11-27,2025-12-06,2025-12-04,USA,Denver,5.76
109534,73,2025-11-27,2025-12-01,2025-11-30,USA,Denver,26.21
109535,159,2025-11-27,2025-12-05,2025-12-03,United Kingdom,Liverpool,30.81
109536,82,2025-11-27,2025-12-02,2025-11-28,Germany,Berlin,42.78
109537,319,2025-11-27,2025-12-07,2025-11-28,Italy,Milan,6.04
109538,276,2025-11-27,2025-12-04,2025-12-06,Italy,Florence,35.47
109539,391,2025-11-27,2025-12-09,2025-12-02,Germany,Berlin,15.46
109540,209,2025-11-27,2025-12-10,2025-11-29,United Kingdom,Manchester,20.95
109541,252,2025-11-27,2025-12-02,,Netherlands,Amsterdam,8.57
109542,384,2025-11-27,2025-11-30,2025-12-05,Norway,Oslo,10.96
109543,492,2025-11-28,2025-12-11,2025-12-05,United Kingdom,Leeds,15.07
109544,251,2025-11-28,2025-12-11,2025-12-09,United Kingdom,Bristol,27.27
109545,384,2025-11-28,2025-12-08,2025-12-04,Norway,Oslo,20.9
109546,181,2025-11-28,2025-12-07,2025-12-09,Germany,Munich,33.69
109547,176,2025-11-28,2025-12-10,2025-12-02,Germany,Cologne,5.42
109548,106,2025-11-28,2025-12-08,2025-12-02,Spain,Bilbao,10.74
109549,271,2025-11-28,2025-12-02,2025-11-29,USA,Chicago,18.24
109550,304,2025-11-29,2025-12-03,2025-12-02,USA,Austin,25.53
109551,472,2025-11-29,2025-12-07,2025-11-30,Czech Republic,Brno,28.74
109552,166,2025-11-29,2025-12-11,2025-12-02,USA,Seattle,18.09
109553,22,2025-11-29,2025-12-05,2025-12-03,USA,New York,46.14
109554,370,2025-11-29,2025-12-06,2025-12-08,Germany,Munich,9.36
109555,183,2025-11-29,2025-12-03,2025-12-05,Austria,Salzburg,8.68
109556,369,2025-11-29,2025-12-02,2025-12-01,Czech Republic,Brno,31.66
109557,468,2025-11-29,2025-12-12,2025-12-10,France,Nice,6.76
109558,180,2025-11-30,2025-12-07,2025-12-06,Sweden,Uppsala,19.83
109559,276,2025-11-30,2025-12-07,2025-12-11,Italy,Florence,8.37
109560,50,2025-11-30,2025-12-09,2025-12-10,Poland,Wroclaw,8.28
109561,116,2025-11-30,2025-12-04,2025-12-11,Spain,Barcelona,10.89
109562,430,2025-11-30,2025-12-08,2025-12-11,Germany,Hamburg,45.12
109563,103,2025-11-30,2025-12-13,2025-12-04,Poland,Gdansk,12.52
109564,338,2025-11-30,2025-12-12,,United Kingdom,Liverpool,18.26
109565,36,2025-11-30,2025-12-05,2025-12-07,Germany,Cologne,18.89
109566,11,2025-11-30,2025-12-06,2025-12-11,France,Toulouse,7.78
109567,94,2025-11-30,2025-12-04,2025-12-03,Czech Republic,Brno,42.5
109568,304,2025-11-30,2025-12-09,2025-12-06,USA,Austin,7.87
109569,355,2025-11-30,2025-12-06,2025-12-08,Germany,Hamburg,16.71
109570,197,2025-12-01,2025-12-09,2025-12-09,Germany,Munich,15.41
109571,412,2025-12-01,2025-12-05,2025-12-09,Germany,Cologne,8.61
109572,59,2025-12-01,2025-12-09,2025-12-05,Austria,Salzburg,18.86
109573,468,2025-12-01,2025-12-14,2025-12-05,France,Nice,12.4
109574,90,2025-12-01,2025-12-06,2025-12-10,Italy,Naples,10.73
109575,370,2025-12-01,2025-12-05,2025-12-07,Germany,Munich,33.0
109576,289,2025-12-01,2025-12-07,2025-12-06,United Kingdom,Liverpool,12.76
109577,453,2025-12-01,2025-12-09,2025-12-10,United Kingdom,Manchester,8.56
109578,424,2025-12-01,2025-12-12,2025-12-03,United Kingdom,Bristol,11.57
109579,234,2025-12-01,2025-12-07,2025-12-07,United Kingdom,Bristol,16.46
109580,201,2025-12-01,2025-12-13,2025-12-09,United Kingdom,Manchester,43.46
109581,83,2025-12-01,2025-12-04,2025-12-06,United Kingdom,Manchester,9.76
109582,11,2025-12-01,2025-12-08,2025-12-10,France,Toulouse,44.56
109583,58,2025-12-01,2025-12-06,2025-12-12,Czech Republic,Ostrava,14.53
109584,351,2025-12-02,2025-12-06,2025-12-08,Italy,Florence,7.96
109585,166,2025-12-02,2025-12-13,2025-12-09,USA,Seattle,14.33
109586,164,2025-12-02,2025-12-14,2025-12-03,Netherlands,Eindhoven,6.39
109587,83,2025-12-02,2025-12-12,2025-12-13,United Kingdom,Manchester,10.94
109588,372,2025-12-02,2025-12-10,2025-12-04,United Kingdom,Manchester,9.96
109589,148,2025-12-02,2025-12-14,2025-12-09,Germany,Berlin,29.79
109590,55,2025-12-02,2025-12-14,2025-12-05,USA,Seattle,17.44
109591,346,2025-12-02,2025-12-14,2025-12-12,Italy,Milan,40.86
109592,269,2025-12-03,2025-12-11,2025-12-13,Norway,Bergen,21.89
109593,109,2025-12-03,2025-12-09,2025-12-14,Spain,Bilbao,13.18
109594,274,2025-12-03,2025-12-07,2025-12-12,United Kingdom,London,40.16
109595,436,2025-12-03,2025-12-10,2025-12-05,Italy,Florence,17.62
109596,452,2025-12-04,2025-12-08,2025-12-09,Italy,Florence,16.07
109597,22,2025-12-04,2025-12-15,,USA,New York,8.16
109598,132,2025-12-04,2025-12-17,2025-12-08,Netherlands,Utrecht,18.07
109599,459,2025-12-04,2025-12-11,2025-12-09,Italy,Naples,38.42
109600,475,2025-12-04,2025-12-14,2025-12-07,Poland,Wroclaw,15.24
109601,226,2025-12-04,2025-12-13,2025-12-15,France,Nice,15.49
109602,119,2025-12-04,2025-12-15,2025-12-09,Italy,Milan,22.28
109603,172,2025-12-04,2025-12-17,2025-12-07,Norway,Trondheim,20.58
109604,421,2025-12-04,2025-12-14,2025-12-14,Poland,Warsaw,10.12
109605,394,2025-12-04,2025-12-07,2025-12-14,Canada,Calgary,18.38
109606,338,2025-12-04,2025-12-17,2025-12-11,United Kingdom,Liverpool,24.05
109607,479,2025-12-05,2025-12-10,2025-12-13,Poland,Wroclaw,7.9
109608,146,2025-12-05,2025-12-08,2025-12-07,Germany,Hamburg,17.95
109609,173,2025-12-05,2025-12-16,2025-12-16,Germany,Hamburg,53.18
109610,276,2025-12-05,2025-12-14,2025-12-14,Italy,Florence,23.19
109611,234,2025-12-05,2025-12-09,2025-12-13,United Kingdom,Bristol,30.06
109612,89,2025-12-05,2025-12-16,2025-12-14,Italy,Florence,10.68
109613,142,2025-12-05,2025-12-15,2025-12-10,Czech Republic,Brno,24.13
109614,22,2025-12-05,2025-12-11,2025-12-12,USA,New York,6.74
109615,44,2025-12-05,2025-12-10,2025-12-12,Spain,Madrid,22.76
109616,49,2025-12-05,2025-12-12,2025-12-13,Canada,Montreal,26.18
109617,279,2025-12-05,2025-12-18,2025-12-07,Austria,Salzburg,6.44
109618,110,2025-12-05,2025-12-09,2025-12-06,USA,Boston,15.23
109619,358,2025-12-05,2025-12-14,2025-12-06,Italy,Rome,39.01
109620,352,2025-12-05,2025-12-16,2025-12-15,Poland,Krakow,10.3
109621,258,2025-12-05,2025-12-09,2025-12-14,Netherlands,Eindhoven,7.71
109622,238,2025-12-05,2025-12-09,2025-12-16,Germany,Hamburg,9.04
109623,374,2025-12-05,2025-12-18,,USA,New York,8.95
109624,345,2025-12-05,2025-12-14,2025-12-09,Poland,Gdansk,5.69
109625,147,2025-12-05,2025-12-14,2025-12-12,Austria,Linz,14.38
109626,292,2025-12-06,2025-12-19,2025-12-14,Spain,Valencia,4.86
109627,300,2025-12-06,2025-12-16,2025-12-16,Netherlands,Eindhoven,16.53
109628,354,2025-12-06,2025-12-13,2025-12-15,USA,Denver,28.61
109629,77,2025-12-06,2025-12-11,2025-12-08,Spain,Madrid,42.12
109630,265,2025-12-06,2025-12-09,2025-12-08,Poland,Krakow,29.48
109631,451,2025-12-06,2025-12-11,2025-12-09,Italy,Naples,14.68
109632,175,2025-12-06,2025-12-15,2025-12-07,Austria,Salzburg,7.49
109633,416,2025-12-06,2025-12-14,2025-12-10,Germany,Hamburg,4.13
109634,226,2025-12-06,2025-12-09,2025-12-13,France,Nice,24.58
109635,186,2025-12-06,2025-12-09,2025-12-12,Netherlands,Eindhoven,12.81
109636,315,2025-12-06,2025-12-18,2025-12-13,Canada,Ottawa,16.09
109637,421,2025-12-06,2025-12-12,2025-12-10,Poland,Warsaw,17.86
109638,117,2025-12-06,2025-12-11,2025-12-13,France,Nice,53.83
109639,290,2025-12-07,2025-12-16,2025-12-13,Austria,Vienna,24.97
109640,64,2025-12-07,2025-12-12,,Poland,Wroclaw,11.8
109641,75,2025-12-07,2025-12-15,2025-12-17,Austria,Salzburg,11.67
109642,307,2025-12-07,2025-12-10,2025-12-15,USA,Boston,8.19
109643,254,2025-12-07,2025-12-11,2025-12-17,USA,Chicago,21.27
109644,497,2025-12-07,2025-12-13,2025-12-13,Germany,Cologne,21.5
109645,258,2025-12-07,2025-12-10,2025-12-14,Netherlands,Eindhoven,19.95
109646,62,2025-12-07,2025-12-13,2025-12-17,Poland,Lodz,15.35
109647,315,2025-12-07,2025-12-16,2025-12-14,Canada,Ottawa,9.13
109648,103,2025-12-07,2025-12-13,2025-12-08,Poland,Gdansk,9.8
109649,341,2025-12-08,2025-12-17,2025-12-17,Italy,Rome,11.5
109650,445,2025-12-08,2025-12-12,,Canada,Calgary,28.76
109651,145,2025-12-08,2025-12-15,2025-12-15,Poland,Lodz,10.85
109652,308,2025-12-08,2025-12-12,2025-12-10,Canada,Toronto,10.18
109653,237,2025-12-08,2025-12-19,2025-12-13,Poland,Krakow,22.95
109654,237,2025-12-08,2025-12-17,2025-12-11,Poland,Krakow,23.3
109655,314,2025-12-08,2025-12-19,2025-12-15,Sweden,Gothenburg,15.76
109656,351,2025-12-08,2025-12-19,2025-12-13,Italy,Florence,20.51
109657,19,2025-12-08,2025-12-17,2025-12-13,USA,Denver,18.21
109658,83,2025-12-08,2025-12-20,2025-12-11,United Kingdom,Manchester,8.99
109659,166,2025-12-09,2025-12-19,2025-12-17,USA,Seattle,42.62
109660,130,2025-12-09,2025-12-16,2025-12-14,Poland,Wroclaw,19.79
109661,160,2025-12-09,2025-12-19,2025-12-20,United Kingdom,Manchester,21.97
109662,23,2025-12-09,2025-12-13,2025-12-19,USA,Chicago,5.53
109663,144,2025-12-09,2025-12-19,2025-12-10,Spain,Barcelona,26.06
109664,167,2025-12-09,2025-12-16,2025-12-17,USA,Chicago,13.83
109665,489,2025-12-09,2025-12-19,2025-12-13,Germany,Berlin,13.59
109666,110,2025-12-09,2025-12-16,2025-12-13,USA,Boston,6.99
109667,390,2025-12-09,2025-12-13,2025-12-13,Czech Republic,Pilsen,13.12
109668,114,2025-12-09,2025-12-19,2025-12-19,Spain,Bilbao,32.95
109669,212,2025-12-10,2025-12-14,2025-12-16,France,Paris,35.24
109670,39,2025-12-10,2025-12-13,2025-12-16,Poland,Wroclaw,15.72
109671,451,2025-12-10,2025-12-21,,Italy,Naples,8.68
109672,154,2025-12-10,2025-12-19,2025-12-17,France,Marseille,13.8
109673,415,2025-12-10,2025-12-17,2025-12-13,Poland,Lodz,5.91
109674,462,2025-12-10,2025-12-18,2025-12-18,Spain,Barcelona,6.51
109675,381,2025-12-10,2025-12-19,2025-12-15,Sweden,Malmo,6.47
109676,409,2025-12-10,2025-12-19,2025-12-21,USA,Austin,9.27
109677,32,2025-12-10,2025-12-19,2025-12-17,United Kingdom,Manchester,43.9
109678,151,2025-12-10,2025-12-17,2025-12-18,Germany,Hamburg,16.88
109679,116,2025-12-10,2025-12-18,2025-12-13,Spain,Barcelona,30.37
109680,94,2025-12-10,2025-12-18,2025-12-15,Czech Republic,Brno,5.86
109681,397,2025-12-11,2025-12-24,2025-12-19,Poland,Warsaw,38.11
109682,314,2025-12-11,2025-12-15,2025-12-20,Sweden,Gothenburg,9.3
109683,93,2025-12-11,2025-12-16,2025-12-18,Canada,Vancouver,15.1
109684,394,2025-12-11,2025-12-19,2025-12-16,Canada,Calgary,18.24
109685,3,2025-12-11,2025-12-22,2025-12-16,Spain,Bilbao,6.21
109686,219,2025-12-11,2025-12-24,2025-12-21,Netherlands,Amsterdam,9.24
109687,160,2025-12-11,2025-12-14,2025-12-19,United Kingdom,Manchester,17.1
109688,115,2025-12-11,2025-12-20,2025-12-21,USA,Denver,29.18
109689,38,2025-12-11,2025-12-23,2025-12-15,Netherlands,Amsterdam,19.0
109690,350,2025-12-11,2025-12-22,2025-12-21,Germany,Munich,20.17
109691,25,2025-12-12,2025-12-16,2025-12-14,Netherlands,Amsterdam,7.65
109692,483,2025-12-12,2025-12-15,2025-12-14,Sweden,Gothenburg,48.15
109693,324,2025-12-12,2025-12-20,2025-12-23,Czech Republic,Ostrava,16.95
109694,280,2025-12-12,2025-12-18,2025-12-19,United Kingdom,Liverpool,45.63
109695,48,2025-12-12,2025-12-15,2025-12-15,USA,Denver,8.01
109696,345,2025-12-12,2025-12-18,2025-12-23,Poland,Gdansk,28.19
109697,356,2025-12-12,2025-12-20,2025-12-22,Poland,Poznan,16.18
109698,201,2025-12-12,2025-12-20,2025-12-23,United Kingdom,Manchester,31.81
109699,356,2025-12-12,2025-12-18,2025-12-16,Poland,Poznan,10.12
109700,250,2025-12-12,2025-12-20,2025-12-13,Czech Republic,Pilsen,23.94
109701,447,2025-12-13,2025-12-18,2025-12-16,United Kingdom,Bristol,9.47
109702,323,2025-12-13,2025-12-19,2025-12-16,Czech Republic,Ostrava,29.67
109703,282,2025-12-13,2025-12-24,,Germany,Cologne,40.96
109704,107,2025-12-13,2025-12-19,2025-12-17,Italy,Turin,8.74
109705,120,2025-12-13,2025-12-25,2025-12-23,Netherlands,Utrecht,23.01
109706,291,2025-12-13,2025-12-23,2025-12-19,United Kingdom,Bristol,9.81
109707,59,2025-12-13,2025-12-18,2025-12-21,Austria,Salzburg,12.34
109708,422,2025-12-13,2025-12-23,2025-12-16,Spain,Seville,27.08
109709,402,2025-12-13,2025-12-24,2025-12-15,Spain,Barcelona,16.76
109710,94,2025-12-14,2025-12-21,2025-12-15,Czech Republic,Brno,35.62
109711,271,2025-12-14,2025-12-25,2025-12-18,USA,Chicago,36.05
109712,224,2025-12-14,2025-12-27,2025-12-21,Spain,Barcelona,6.04
109713,350,2025-12-14,2025-12-22,2025-12-25,Germany,Munich,21.38
109714,173,2025-12-14,2025-12-22,2025-12-23,Germany,Hamburg,16.1
109715,301,2025-12-14,2025-12-20,2025-12-19,France,Paris,15.97
109716,22,2025-12-14,2025-12-22,,USA,New York,16.25
109717,51,2025-12-14,2025-12-18,2025-12-22,Austria,Graz,6.97
109718,62,2025-12-14,2025-12-17,2025-12-17,Poland,Lodz,33.26
109719,84,2025-12-14,2025-12-24,2025-12-18,USA,Seattle,39.24
109720,338,2025-12-14,2025-12-22,2025-12-17,United Kingdom,Liverpool,11.83
109721,22,2025-12-14,2025-12-26,,USA,New York,11.9
109722,497,2025-12-14,2025-12-21,2025-12-24,Germany,Cologne,15.54
109723,295,2025-12-14,2025-12-24,,USA,Chicago,7.63
109724,224,2025-12-14,2025-12-20,2025-12-25,Spain,Barcelona,17.7
109725,11,2025-12-14,2025-12-26,2025-12-15,France,Toulouse,9.88
109726,425,2025-12-14,2025-12-22,2025-12-16,Czech Republic,Prague,20.29
109727,342,2025-12-14,2025-12-21,2025-12-16,United Kingdom,Manchester,17.87
109728,425,2025-12-14,2025-12-25,,Czech Republic,Prague,21.96
109729,443,2025-12-14,2025-12-20,2025-12-17,Spain,Bilbao,15.37
109730,399,2025-12-14,2025-12-21,2025-12-16,Poland,Poznan,7.73
109731,231,2025-12-14,2025-12-20,2025-12-17,Sweden,Stockholm,4.14
109732,373,2025-12-14,2025-12-20,2025-12-15,United Kingdom,Bristol,6.23
109733,180,2025-12-14,2025-12-22,,Sweden,Uppsala,19.86
109734,57,2025-12-15,2025-12-19,2025-12-21,United Kingdom,Manchester,5.12
109735,52,2025-12-15,2025-12-20,2025-12-16,Canada,Vancouver,36.89
109736,338,2025-12-15,2025-12-28,2025-12-24,United Kingdom,Liverpool,5.05
109737,338,2025-12-15,2025-12-27,2025-12-20,United Kingdom,Liverpool,5.67
109738,179,2025-12-15,2025-12-18,2025-12-16,USA,Denver,28.4
109739,66,2025-12-15,2025-12-18,2025-12-21,Spain,Valencia,16.74
109740,420,2025-12-15,2025-12-22,2025-12-22,Poland,Krakow,11.77
109741,474,2025-12-15,2025-12-18,2025-12-26,Czech Republic,Pilsen,7.22
109742,192,2025-12-15,2025-12-27,2025-12-20,Poland,Gdansk,24.08
109743,182,2025-12-15,2025-12-18,2025-12-17,Canada,Ottawa,23.43
109744,380,2025-12-15,2025-12-24,2025-12-24,Netherlands,Rotterdam,6.17
109745,258,2025-12-15,2025-12-26,2025-12-18,Netherlands,Eindhoven,14.36
109746,391,2025-12-15,2025-12-27,2025-12-23,Germany,Berlin,8.17
109747,394,2025-12-15,2025-12-23,2025-12-21,Canada,Calgary,38.06
109748,37,2025-12-15,2025-12-28,2025-12-17,Spain,Valencia,8.27
109749,331,2025-12-15,2025-12-19,2025-12-19,Poland,Poznan,29.98
109750,37,2025-12-15,2025-12-23,2025-12-19,Spain,Valencia,36.74
109751,94,2025-12-15,2025-12-28,2025-12-25,Czech Republic,Brno,20.15
109752,92,2025-12-15,2025-12-27,2025-12-19,Austria,Vienna,6.32
109753,172,2025-12-15,2025-12-25,2025-12-21,Norway,Trondheim,18.09
109754,280,2025-12-15,2025-12-20,2025-12-25,United Kingdom,Liverpool,11.2
109755,208,2025-12-15,2025-12-27,2025-12-19,Norway,Trondheim,8.28
109756,180,2025-12-15,2025-12-19,2025-12-23,Sweden,Uppsala,16.67
109757,349,2025-12-15,2025-12-20,2025-12-20,Poland,Lodz,13.88
109758,164,2025-12-15,2025-12-25,2025-12-24,Netherlands,Eindhoven,26.54
109759,146,2025-12-15,2025-12-24,2025-12-16,Germany,Hamburg,12.73
109760,200,2025-12-15,2025-12-27,2025-12-22,Spain,Bilbao,41.15
109761,436,2025-12-15,2025-12-20,2025-12-18,Italy,Florence,10.26
109762,70,2025-12-15,2025-12-18,2025-12-16,Spain,Madrid,15.17
109763,166,2025-12-15,2025-12-28,2025-12-20,USA,Seattle,5.61
109764,222,2025-12-15,2025-12-18,2025-12-25,USA,Seattle,17.53
109765,93,2025-12-15,2025-12-21,2025-12-16,Canada,Vancouver,18.8
109766,381,2025-12-15,2025-12-24,2025-12-24,Sweden,Malmo,8.39
109767,351,2025-12-15,2025-12-18,2025-12-25,Italy,Florence,12.69
109768,326,2025-12-15,2025-12-19,2025-12-25,Poland,Poznan,34.32
109769,44,2025-12-15,2025-12-28,2025-12-25,Spain,Madrid,8.23
109770,117,2025-12-15,2025-12-22,2025-12-21,France,Nice,7.79
109771,25,2025-12-15,2025-12-19,2025-12-24,Netherlands,Amsterdam,50.39
109772,317,2025-12-15,2025-12-26,2025-12-19,Norway,Bergen,25.22
109773,405,2025-12-15,2025-12-20,,Netherlands,Amsterdam,16.41
109774,342,2025-12-15,2025-12-20,,United Kingdom,Manchester,12.15
109775,374,2025-12-15,2025-12-24,2025-12-23,USA,New York,12.98
109776,417,2025-12-15,2025-12-26,2025-12-19,Italy,Naples,15.43
109777,256,2025-12-15,2025-12-22,2025-12-16,USA,Chicago,8.93
109778,309,2025-12-15,2025-12-25,2025-12-17,France,Toulouse,13.08
109779,99,2025-12-15,2025-12-18,2025-12-24,Canada,Vancouver,18.77
109780,41,2025-12-15,2025-12-21,2025-12-23,Germany,Hamburg,12.38
109781,298,2025-12-15,2025-12-18,2025-12-23,USA,Boston,22.41
109782,443,2025-12-15,2025-12-23,2025-12-16,Spain,Bilbao,52.69
109783,114,2025-12-15,2025-12-21,2025-12-25,Spain,Bilbao,16.28
109784,315,2025-12-15,2025-12-26,2025-12-24,Canada,Ottawa,10.97
109785,208,2025-12-15,2025-12-23,2025-12-17,Norway,Trondheim,32.44
109786,353,2025-12-15,2025-12-18,2025-12-19,Czech Republic,Pilsen,10.18
109787,459,2025-12-15,2025-12-26,,Italy,Naples,9.21
109788,368,2025-12-15,2025-12-23,2025-12-21,Poland,Gdansk,10.98
109789,396,2025-12-15,2025-12-28,,United Kingdom,Manchester,31.87
109790,140,2025-12-15,2025-12-19,2025-12-21,Germany,Berlin,17.79
109791,146,2025-12-15,2025-12-22,2025-12-21,Germany,Hamburg,13.36
109792,340,2025-12-15,2025-12-21,,Austria,Vienna,20.52
109793,439,2025-12-15,2025-12-28,2025-12-16,Germany,Berlin,34.68
109794,57,2025-12-15,2025-12-24,2025-12-26,United Kingdom,Manchester,24.97
109795,117,2025-12-15,2025-12-21,2025-12-18,France,Nice,9.2
109796,474,2025-12-15,2025-12-24,2025-12-17,Czech Republic,Pilsen,7.97
109797,356,2025-12-15,2025-12-22,2025-12-20,Poland,Poznan,10.65
109798,205,2025-12-15,2025-12-22,2025-12-21,Poland,Wroclaw,10.06
109799,183,2025-12-15,2025-12-27,2025-12-17,Austria,Salzburg,16.35
109800,296,2025-12-15,2025-12-21,2025-12-18,United Kingdom,Bristol,8.27
109801,32,2025-12-15,2025-12-24,2025-12-19,United Kingdom,Manchester,25.08
109802,371,2025-12-15,2025-12-25,2025-12-20,France,Paris,7.09
109803,107,2025-12-16,2025-12-19,2025-12-25,Italy,Turin,7.15
109804,19,2025-12-16,2025-12-21,2025-12-26,USA,Denver,12.53
109805,349,2025-12-16,2025-12-27,2025-12-19,Poland,Lodz,42.52
109806,257,2025-12-16,2025-12-25,2025-12-19,France,Marseille,30.91
109807,142,2025-12-16,2025-12-21,2025-12-23,Czech Republic,Brno,12.96
109808,320,2025-12-16,2025-12-19,2025-12-24,Italy,Florence,39.41
109809,93,2025-12-16,2025-12-24,,Canada,Vancouver,15.68
109810,166,2025-12-16,2025-12-20,2025-12-22,USA,Seattle,10.21
109811,25,2025-12-16,2025-12-28,2025-12-26,Netherlands,Amsterdam,27.07
109812,340,2025-12-16,2025-12-22,2025-12-18,Austria,Vienna,11.56
109813,280,2025-12-16,2025-12-19,2025-12-20,United Kingdom,Liverpool,9.63
109814,276,2025-12-16,2025-12-28,2025-12-18,Italy,Florence,65.11
109815,475,2025-12-16,2025-12-23,2025-12-20,Poland,Wroclaw,6.24
109816,61,2025-12-16,2025-12-25,2025-12-24,Poland,Wroclaw,9.48
109817,399,2025-12-16,2025-12-20,2025-12-25,Poland,Poznan,9.16
109818,306,2025-12-16,2025-12-19,,Czech Republic,Ostrava,14.13
109819,97,2025-12-16,2025-12-22,2025-12-25,Poland,Gdansk,14.12
109820,298,2025-12-16,2025-12-21,2025-12-21,USA,Boston,12.73
109821,451,2025-12-16,2025-12-20,2025-12-24,Italy,Naples,5.65
109822,22,2025-12-16,2025-12-20,2025-12-17,USA,New York,35.18
109823,464,2025-12-17,2025-12-22,2025-12-24,Spain,Barcelona,24.51
109824,380,2025-12-17,2025-12-23,2025-12-24,Netherlands,Rotterdam,11.42
109825,229,2025-12-17,2025-12-24,,Spain,Madrid,16.12
109826,29,2025-12-17,2025-12-21,2025-12-19,USA,Chicago,36.38
109827,324,2025-12-17,2025-12-28,2025-12-24,Czech Republic,Ostrava,5.94
109828,166,2025-12-17,2025-12-20,2025-12-24,USA,Seattle,10.02
109829,307,2025-12-17,2025-12-25,2025-12-19,USA,Boston,17.92
109830,394,2025-12-17,2025-12-30,2025-12-28,Canada,Calgary,30.58
109831,206,2025-12-17,2025-12-30,2025-12-28,Germany,Hamburg,12.33
109832,22,2025-12-17,2025-12-23,2025-12-19,USA,New York,23.64
109833,323,2025-12-17,2025-12-26,2025-12-24,Czech Republic,Ostrava,25.31
109834,283,2025-12-17,2025-12-21,2025-12-24,Poland,Lodz,12.74
109835,265,2025-12-17,2025-12-30,2025-12-20,Poland,Krakow,10.09
109836,382,2025-12-18,2025-12-21,2025-12-21,Sweden,Stockholm,22.38
109837,258,2025-12-18,2025-12-29,2025-12-19,Netherlands,Eindhoven,12.35
109838,13,2025-12-18,2025-12-29,2025-12-28,Italy,Florence,9.89
109839,280,2025-12-18,2025-12-27,2025-12-26,United Kingdom,Liverpool,30.62
109840,452,2025-12-18,2025-12-21,2025-12-21,Italy,Florence,8.08
109841,380,2025-12-18,2025-12-28,2025-12-25,Netherlands,Rotterdam,20.87
109842,208,2025-12-18,2025-12-21,2025-12-27,Norway,Trondheim,9.94
109843,147,2025-12-18,2025-12-28,2025-12-25,Austria,Linz,16.39
109844,429,2025-12-18,2025-12-29,2025-12-22,Netherlands,Rotterdam,13.45
109845,326,2025-12-19,2025-12-27,2025-12-20,Poland,Poznan,20.89
109846,269,2025-12-19,2025-12-28,2025-12-21,Norway,Bergen,12.39
109847,371,2025-12-19,2025-12-24,2025-12-28,France,Paris,39.83
109848,293,2025-12-19,2025-12-29,2025-12-28,Poland,Poznan,21.35
109849,427,2025-12-19,2025-12-29,2025-12-24,Spain,Barcelona,8.6
109850,423,2025-12-19,2025-12-25,2025-12-26,Spain,Barcelona,8.04
109851,399,2025-12-19,2025-12-28,2025-12-25,Poland,Poznan,12.81
109852,272,2025-12-19,2025-12-29,2025-12-20,Germany,Munich,36.94
109853,309,2025-12-19,2025-12-25,2025-12-20,France,Toulouse,45.8
109854,116,2025-12-19,2025-12-25,,Spain,Barcelona,20.12
109855,199,2025-12-19,2025-12-31,2025-12-23,Norway,Bergen,33.21
109856,440,2025-12-20,2025-12-24,2025-12-21,Netherlands,Rotterdam,5.38
109857,255,2025-12-20,2025-12-30,2025-12-27,Austria,Graz,12.2
109858,182,2025-12-20,2026-01-01,2025-12-24,Canada,Ottawa,26.76
109859,368,2025-12-20,2025-12-23,2025-12-23,Poland,Gdansk,5.89
109860,59,2025-12-20,2025-12-24,2025-12-27,Austria,Salzburg,29.44
109861,329,2025-12-20,2026-01-01,2025-12-23,Poland,Wroclaw,7.58
109862,381,2025-12-20,2025-12-28,2025-12-29,Sweden,Malmo,11.14
109863,325,2025-12-20,2025-12-31,2025-12-23,Netherlands,Eindhoven,9.87
109864,151,2025-12-20,2026-01-01,2025-12-25,Germany,Hamburg,16.38
109865,363,2025-12-20,2025-12-26,2025-12-25,United Kingdom,Manchester,17.41
109866,22,2025-12-20,2025-12-28,2025-12-31,USA,New York,22.14
109867,380,2025-12-20,2025-12-24,2025-12-29,Netherlands,Rotterdam,38.17
109868,315,2025-12-20,2025-12-31,2025-12-21,Canada,Ottawa,17.28
109869,170,2025-12-20,2025-12-26,,Netherlands,Utrecht,7.5
109870,363,2025-12-20,2025-12-30,2025-12-21,United Kingdom,Manchester,13.99
109871,83,2025-12-20,2025-12-28,2025-12-30,United Kingdom,Manchester,17.84
109872,425,2025-12-20,2026-01-02,,Czech Republic,Prague,10.65
109873,356,2025-12-21,2025-12-30,2026-01-01,Poland,Poznan,9.44
109874,253,2025-12-21,2025-12-26,2025-12-31,Germany,Hamburg,24.44
109875,96,2025-12-21,2026-01-02,,Germany,Cologne,12.46
109876,32,2025-12-21,2025-12-28,2025-12-28,United Kingdom,Manchester,27.77
109877,13,2025-12-21,2025-12-28,2025-12-22,Italy,Florence,6.81
109878,425,2025-12-21,2025-12-26,2025-12-27,Czech Republic,Prague,14.93
109879,365,2025-12-21,2025-12-28,2025-12-24,Sweden,Uppsala,12.39
109880,93,2025-12-21,2025-12-24,,Canada,Vancouver,20.09
109881,241,2025-12-21,2025-12-29,2025-12-30,USA,New York,9.0
109882,350,2025-12-21,2026-01-03,2025-12-24,Germany,Munich,19.15
109883,403,2025-12-21,2026-01-02,2025-12-30,Poland,Gdansk,9.1
109884,24,2025-12-22,2025-12-31,2026-01-01,Poland,Warsaw,49.33
109885,84,2025-12-22,2026-01-03,2025-12-29,USA,Seattle,13.25
109886,18,2025-12-22,2025-12-26,2025-12-28,Sweden,Malmo,4.27
109887,399,2025-12-22,2025-12-26,2025-12-31,Poland,Poznan,34.07
109888,200,2025-12-22,2026-01-03,2025-12-24,Spain,Bilbao,14.85
109889,349,2025-12-22,2026-01-01,2025-12-31,Poland,Lodz,20.77
109890,468,2025-12-22,2026-01-04,2025-12-29,France,Nice,9.99
109891,423,2025-12-22,2026-01-01,2025-12-30,Spain,Barcelona,7.42
109892,420,2025-12-22,2026-01-01,2025-12-31,Poland,Krakow,7.45
109893,52,2025-12-22,2025-12-28,2025-12-26,Canada,Vancouver,34.86
109894,390,2025-12-22,2025-12-25,2025-12-31,Czech Republic,Pilsen,23.96
109895,307,2025-12-23,2026-01-05,2025-12-24,USA,Boston,9.16
109896,217,2025-12-23,2025-12-28,2025-12-31,Germany,Munich,10.45
109897,70,2025-12-23,2025-12-29,2025-12-31,Spain,Madrid,21.33
109898,409,2025-12-23,2026-01-01,2026-01-01,USA,Austin,14.85
109899,394,2025-12-23,2025-12-30,2026-01-02,Canada,Calgary,20.61
109900,420,2025-12-23,2025-12-27,2026-01-02,Poland,Krakow,12.47
109901,320,2025-12-23,2026-01-05,2025-12-27,Italy,Florence,25.46
109902,358,2025-12-23,2025-12-30,2025-12-26,Italy,Rome,37.68
109903,134,2025-12-23,2025-12-26,2025-12-31,Germany,Cologne,34.43
109904,323,2025-12-23,2025-12-29,2026-01-02,Czech Republic,Ostrava,15.88
109905,351,2025-12-23,2026-01-05,2025-12-27,Italy,Florence,9.25
109906,155,2025-12-23,2026-01-04,2025-12-29,Spain,Madrid,21.46
109907,371,2025-12-23,2025-12-31,2025-12-25,France,Paris,12.08
109908,332,2025-12-23,2026-01-02,2025-12-27,Spain,Madrid,18.06
109909,254,2025-12-24,2026-01-06,2026-01-04,USA,Chicago,9.89
109910,253,2025-12-24,2025-12-31,2025-12-29,Germany,Hamburg,12.89
109911,208,2025-12-24,2025-12-30,2025-12-29,Norway,Trondheim,15.77
109912,380,2025-12-24,2026-01-03,2025-12-29,Netherlands,Rotterdam,12.21
109913,239,2025-12-24,2025-12-27,2025-12-28,Canada,Toronto,16.18
109914,315,2025-12-24,2026-01-03,,Canada,Ottawa,16.42
109915,253,2025-12-24,2025-12-29,2025-12-25,Germany,Hamburg,19.42
109916,142,2025-12-24,2025-12-30,2025-12-26,Czech Republic,Brno,32.19
109917,145,2025-12-24,2025-12-27,2026-01-04,Poland,Lodz,4.83
109918,332,2025-12-24,2025-12-30,2025-12-30,Spain,Madrid,18.71
109919,266,2025-12-24,2026-01-06,2025-12-30,Norway,Oslo,9.3
109920,73,2025-12-24,2025-12-27,2025-12-29,USA,Denver,15.46
109921,119,2025-12-24,2026-01-04,2025-12-25,Italy,Milan,4.08
109922,291,2025-12-25,2025-12-31,2025-12-26,United Kingdom,Bristol,12.88
109923,295,2025-12-25,2025-12-31,2026-01-03,USA,Chicago,11.12
109924,295,2025-12-25,2026-01-01,,USA,Chicago,35.87
109925,328,2025-12-25,2026-01-07,2026-01-05,United Kingdom,Liverpool,28.14
109926,291,2025-12-25,2026-01-04,2025-12-31,United Kingdom,Bristol,13.09
109927,63,2025-12-25,2026-01-01,2025-12-26,Netherlands,Eindhoven,18.51
109928,342,2025-12-25,2026-01-04,2025-12-28,United Kingdom,Manchester,13.91
109929,252,2025-12-25,2025-12-29,2025-12-26,Netherlands,Amsterdam,14.23
109930,304,2025-12-25,2025-12-29,2025-12-29,USA,Austin,12.59
109931,208,2025-12-25,2026-01-07,2025-12-30,Norway,Trondheim,4.79
109932,473,2025-12-25,2026-01-05,2025-12-31,United Kingdom,Leeds,25.5
109933,327,2025-12-25,2026-01-07,2026-01-01,Italy,Turin,44.14
109934,420,2025-12-25,2025-12-30,2026-01-01,Poland,Krakow,11.46
109935,437,2025-12-25,2026-01-05,2025-12-26,Poland,Lodz,7.46
109936,310,2025-12-25,2026-01-03,2026-01-02,Poland,Lodz,13.84
109937,233,2025-12-25,2025-12-30,2026-01-04,Poland,Gdansk,14.62
109938,24,2025-12-26,2026-01-03,2026-01-06,Poland,Warsaw,5.34
109939,46,2025-12-26,2026-01-08,2026-01-01,Germany,Hamburg,23.45
109940,452,2025-12-26,2025-12-29,2025-12-30,Italy,Florence,34.6
109941,452,2025-12-26,2026-01-03,2026-01-01,Italy,Florence,41.16
109942,453,2025-12-26,2026-01-02,2025-12-27,United Kingdom,Manchester,18.02
109943,142,2025-12-26,2026-01-04,2025-12-27,Czech Republic,Brno,23.18
109944,22,2025-12-26,2026-01-01,2026-01-02,USA,New York,8.82
109945,83,2025-12-26,2026-01-02,2026-01-06,United Kingdom,Manchester,22.29
109946,170,2025-12-26,2026-01-06,2026-01-01,Netherlands,Utrecht,9.5
109947,131,2025-12-26,2025-12-29,2025-12-30,Spain,Seville,24.64
109948,100,2025-12-26,2026-01-07,,Netherlands,Utrecht,30.88
109949,313,2025-12-26,2026-01-06,2026-01-02,Czech Republic,Ostrava,21.41
109950,13,2025-12-26,2025-12-30,2026-01-01,Italy,Florence,6.12
109951,436,2025-12-26,2026-01-04,2026-01-06,Italy,Florence,22.49
109952,81,2025-12-27,2026-01-09,2026-01-04,Germany,Munich,18.28
109953,30,2025-12-27,2025-12-31,2025-12-29,Germany,Frankfurt,18.72
109954,391,2025-12-27,2026-01-01,2026-01-06,Germany,Berlin,21.34
109955,175,2025-12-27,2025-12-31,2025-12-28,Austria,Salzburg,19.66
109956,378,2025-12-27,2025-12-31,2025-12-28,Italy,Rome,20.3
109957,387,2025-12-27,2026-01-06,2026-01-05,Spain,Bilbao,10.42
109958,403,2025-12-27,2026-01-08,2026-01-05,Poland,Gdansk,6.51
109959,426,2025-12-27,2026-01-09,2026-01-04,France,Marseille,8.88
109960,452,2025-12-27,2025-12-31,2025-12-29,Italy,Florence,12.01
109961,350,2025-12-27,2026-01-02,2026-01-04,Germany,Munich,21.84
109962,33,2025-12-27,2026-01-07,2025-12-31,USA,Seattle,17.87
109963,215,2025-12-27,2026-01-03,,Italy,Milan,20.02
109964,406,2025-12-27,2026-01-02,2026-01-06,United Kingdom,Liverpool,5.38
109965,17,2025-12-27,2026-01-05,2026-01-06,France,Lyon,32.67
109966,288,2025-12-27,2026-01-06,2026-01-07,Italy,Florence,6.68
109967,351,2025-12-27,2026-01-09,2026-01-05,Italy,Florence,6.85
109968,54,2025-12-28,2026-01-08,2026-01-04,France,Marseille,13.77
109969,278,2025-12-28,2026-01-02,2025-12-30,USA,Chicago,5.35
109970,105,2025-12-28,2026-01-02,2026-01-07,Czech Republic,Pilsen,10.29
109971,97,2025-12-28,2026-01-10,2025-12-30,Poland,Gdansk,11.39
109972,366,2025-12-28,2026-01-05,2026-01-02,Spain,Valencia,9.29
109973,186,2025-12-28,2025-12-31,2026-01-05,Netherlands,Eindhoven,12.8
109974,87,2025-12-28,2026-01-02,2026-01-06,Austria,Graz,20.03
109975,30,2025-12-28,2026-01-09,2026-01-04,Germany,Frankfurt,25.19
109976,153,2025-12-29,2026-01-09,2026-01-02,Norway,Bergen,22.52
109977,426,2025-12-29,2026-01-11,2026-01-02,France,Marseille,15.25
109978,164,2025-12-29,2026-01-08,2026-01-02,Netherlands,Eindhoven,11.73
109979,16,2025-12-29,2026-01-09,2025-12-30,Sweden,Uppsala,13.27
109980,306,2025-12-29,2026-01-08,2026-01-05,Czech Republic,Ostrava,23.26
109981,396,2025-12-29,2026-01-11,,United Kingdom,Manchester,4.2
109982,444,2025-12-29,2026-01-04,2026-01-04,Netherlands,Rotterdam,14.52
109983,452,2025-12-29,2026-01-01,2026-01-06,Italy,Florence,8.02
109984,500,2025-12-29,2026-01-09,2026-01-07,United Kingdom,Bristol,12.28
109985,231,2025-12-30,2026-01-05,2026-01-03,Sweden,Stockholm,10.73
109986,371,2025-12-30,2026-01-08,2026-01-04,France,Paris,29.12
109987,351,2025-12-30,2026-01-10,2025-12-31,Italy,Florence,10.18
109988,356,2025-12-30,2026-01-05,2026-01-05,Poland,Poznan,27.13
109989,115,2025-12-30,2026-01-10,2026-01-06,USA,Denver,12.8
109990,3,2025-12-30,2026-01-11,2026-01-06,Spain,Bilbao,18.28
109991,307,2025-12-30,2026-01-04,2026-01-07,USA,Boston,11.42
109992,356,2025-12-30,2026-01-12,2026-01-08,Poland,Poznan,14.73
109993,178,2025-12-30,2026-01-08,2025-12-31,United Kingdom,Liverpool,12.47
109994,358,2025-12-30,2026-01-03,,Italy,Rome,7.54
109995,327,2025-12-31,2026-01-08,,Italy,Turin,20.09
109996,475,2025-12-31,2026-01-10,2026-01-03,Poland,Wroclaw,15.06
109997,244,2025-12-31,2026-01-05,2026-01-05,Germany,Frankfurt,16.74
109998,195,2025-12-31,2026-01-04,2026-01-11,Canada,Ottawa,21.31
109999,180,2025-12-31,2026-01-11,2026-01-06,Sweden,Uppsala,11.18
110000,475,2025-12-31,2026-01-11,2026-01-01,Poland,Wroclaw,15.31
