customer_id,company_name,country,city,customer_type,registration_date,phone
1,Silver Gourmet 00001,Italy,Florence,retail,01/01/2021,+49 560 607 273
2,Amber Stores 00002,France,Lyon,horeca,2021-01-01,+48 116 178 289
3,Beta Trading 00003,Austria,Linz,retail,01/03/2021,+39 387 068 016
4, Silver Distribution 00004 ,,Gdansk,horeca,2021-01-04,+48 313 990 695
5,Green Stores 00005,FR,Lyon,wholesale,2021-01-04,+39 802 955 733
6,Global Trading 00006,Netherlands,Utrecht,retail,04.01.2021,+48 370 081 703
7,Urban Restaurant 00007,poland,Krakow,online,04/01/2021,+39 395 380 640
8,Amber Foods 00008,Netherlands,Utrecht,horeca,05/01/2021,+49 254 837 704
9,Global Gourmet 00009,,Salzburg,retail,2021-01-06,+44 218 492 784
10,Global Foods 00010,Czech Republic,Ostrava,retail,2021-01-07,+1 923 395 382
11,Central Trading 00011,Germany,Hamburg,retail,2021-01-08,+34 984 092 043
12,Global Gourmet 00012,Germany,Berlin,wholesale,01/08/2021,+49 883 729 607
13,Fresh Foods 00013,Italy,Rome,retail,"Jan 08, 2021",+34 975 518 583
14,Delta Kitchen 00014,USA,Boston,online,"Jan 08, 2021",+33 533 125 689
15,Amber Trading 00015,United Kingdom,Liverpool,online,09/01/2021,+34 590 062 585
16,Delta Foods 00016,Norway,Bergen,retail,2021-01-09,+44 272 570 942
17,Beta Trading 00017,Poland,Lodz,horeca,2021-01-09,+33 348 475 416
18,East Gourmet 00018,Sweden,Gothenburg,retail,09/01/2021,+39 330 143 128
19,Global Group 00019,Poland,Wroclaw,retail,2021-01-10,+48 146 342 585
20,Beta Gourmet 00020,Poland,Krakow,wholesale,10.01.2021,+33 453 322 651
21,Delta Partners 00021,austria,Linz,online,2021-01-10,
22,Gamma Trading 00022,Norway,Trondheim,retail,"Jan 10, 2021",+33 944 376 843
23,Gamma Wholesale 00023,Polska,Wroclaw,retail,11/01/2021,+1 709 494 818
24,Amber Kitchen 00024,,Ostrava,retail,2021-01-11,+48 858 182 083
25,Royal Market 00025,poland,Wroclaw,retail,13/01/2021,+39 715 539 365
26,Global Foods 00026,,Brno,retail,14/01/2021,+48 507 605 182
27,Royal Cafe 00027,Czech Republic,Pilsen,retail,01/15/2021,+1 665 124 022
28,Green Deli 00028,france,Paris,horeca,16.01.2021,+34 648 626 218
29,East Supplies 00029,Great Britain,Manchester,online,16.01.2021,+34 525 129 058
30, Fresh Restaurant 00030 ,Poland,Warsaw,wholesale,16.01.2021,+33 081 174 814
31,Baltic Trading 00031,Netherlands,Rotterdam,online,"Jan 17, 2021",+44 868 975 898
32, Prime Group 00032 ,Sweden,Stockholm,retail,17/01/2021,+33 867 465 604
33,Euro Supplies 00033,Norway,Bergen,distributor,17/01/2021,+34 884 159 740
34,Beta Group 00034,,Gdansk,retail,"Jan 18, 2021",+33 721 532 881
35,Amber Deli 00035,Netherlands,Utrecht,online,20/01/2021,+34 268 264 743
36,West Foods 00036,spain,Seville,retail,20.01.2021,+34 749 922 742
37,Euro Kitchen 00037,US,Denver,wholesale,21/01/2021,+1 569 982 106
38,Nova Group 00038,Deutschland,Munich,wholesale,2021-01-22,+1 317 705 202
39,Silver Distribution 00039,poland,Lodz,online,2021-01-23,+49 302 430 127
40,Silver Partners 00040,Poland,Gdansk,retail,23/01/2021,+39 488 534 297
41,Silver Trading 00041,PL,Poznan,wholesale,23/01/2021,+39 491 246 021
42,Fresh Wholesale 00042,Italy,Naples,wholesale,25.01.2021,+39 414 328 298
43,Baltic Trading 00043,France,Toulouse,retail,26/01/2021,+1 319 340 141
44,Green Deli 00044,Poland,Wroclaw,retail,2021-01-27,+1 672 944 046
45, Beta Restaurant 00045 ,Czech Republic,Brno,horeca,"Jan 28, 2021",+49 049 479 295
46,Prime Foods 00046,Canada,Calgary,online,"Jan 28, 2021",+49 337 991 413
47,Gamma Gourmet 00047,DE,Cologne,horeca,28/01/2021,+34 436 369 668
48,Blue Market 00048,Germany,Munich,wholesale,01/29/2021,+34 534 466 364
49,Baltic Restaurant 00049,Norway,Trondheim,wholesale,29/01/2021,+49 995 284 569
50,Nova Restaurant 00050,Canada,Vancouver,wholesale,"Jan 30, 2021",+33 894 387 524
51,Green Stores 00051,Spain,Valencia,retail,2021-01-30,+39 197 811 440
52,Silver Market 00052,spain,Barcelona,retail,30/01/2021,+33 151 638 733
53,Prime Foods 00053,Italy,Rome,online,01/02/2021,+33 730 790 343
54,West Distribution 00054,Germany,Frankfurt,wholesale,01.02.2021,+44 562 998 221
55,Gamma Group 00055,Netherlands,Amsterdam,retail,2021-02-02,+48 432 554 576
56,Prime Trading 00056,Sweden,Uppsala,wholesale,2021-02-03,+49 114 367 773
57,Amber Foods 00057,USA,Austin,retail,2021-02-04,+33 537 587 260
58,Amber Partners 00058,Sweden,Gothenburg,retail,2021-02-05,+34 605 362 772
59,Silver Distribution 00059,uk,Liverpool,online,2021-02-06,+44 644 949 135
60,Fresh Market 00060,sweden,Gothenburg,retail,02/07/2021,+48 479 616 497
61,Global Market 00061,austria,Linz,retail,2021-02-07,
62,Alfa Wholesale 00062,DE,Berlin,retail,2021-02-07,+39 958 668 673
63,Gamma Market 00063,Canada,Montreal,wholesale,07.02.2021,+44 122 891 919
64,Gamma Distribution 00064,Germany,Cologne,retail,07/02/2021,+49 487 696 495
65,Global Kitchen 00065,Canada,Vancouver,retail,2021-02-07,+33 419 668 765
66,Prime Cafe 00066,Czech Republic,Prague,wholesale,2021-02-08,+1 704 973 407
67,Baltic Kitchen 00067,Spain,Barcelona,retail,2021-02-08,+33 008 095 718
68,Fresh Gourmet 00068,DE,Hamburg,retail,2021-02-08,+39 216 281 957
69,Prime Restaurant 00069,france,Toulouse,online,2021-02-09,+44 458 395 632
70,Prime Deli 00070,UK,Bristol,online,02/09/2021,+48 007 211 285
71,Fresh Group 00071,Czech Republic,Brno,horeca,"Feb 09, 2021",+39 351 681 215
72,Fresh Deli 00072,germany,Cologne,horeca,2021-02-09,+44 132 334 309
73,Royal Trading 00073,Italy,Naples,retail,2021-02-10,+33 889 863 063
74,Baltic Restaurant 00074,DE,Hamburg,horeca,"Feb 11, 2021",+33 396 836 180
75,Prime Kitchen 00075,United Kingdom,Liverpool,horeca,12/02/2021,+39 392 646 690
76,Gamma Trading 00076,Germany,Hamburg,retail,2021-02-14,+48 527 328 680
77,Green Kitchen 00077,United Kingdom,Bristol,online,2021-02-14,
78,East Cafe 00078,Italy,Rome,online,15.02.2021,+39 075 770 116
79,Euro Kitchen 00079,Canada,Vancouver,online,16/02/2021,+48 122 476 243
80,West Foods 00080,Canada,Toronto,retail,16/02/2021,+33 402 209 369
81,Baltic Foods 00081,Poland,Poznan,retail,16/02/2021,+48 764 741 003
82,Amber Deli 00082,FR,Lyon,online,2021-02-16,+49 092 869 872
83,Alfa Wholesale 00083,poland,Lodz,online,2021-02-17,+33 759 523 024
84,Fresh Distribution 00084,Spain,Seville,horeca,17/02/2021,+48 969 679 989
85,West Partners 00085,canada,Calgary,horeca,02/17/2021,+39 898 724 060
86,Prime Foods 00086,austria,Salzburg,horeca,2021-02-18,+33 892 868 013
87,Global Partners 00087,czech republic,Ostrava,wholesale,"Feb 18, 2021",+1 454 726 334
88,Prime Market 00088,usa,Denver,horeca,"Feb 19, 2021",+48 549 077 800
89,Gamma Stores 00089,usa,Denver,retail,2021-02-19,+1 923 762 467
90,Alfa Distribution 00090,United Kingdom,Leeds,retail,2021-02-19,+33 556 293 153
91,Beta Partners 00091,Deutschland,Cologne,retail,2021-02-22,
92,Central Group 00092,germany,Berlin,horeca,2021-02-23,+34 777 599 964
93, Euro Gourmet 00093 ,Spain,Madrid,retail,"Feb 24, 2021",+1 254 722 421
94,Central Cafe 00094,uk,Leeds,wholesale,02/24/2021,+1 385 586 045
95, Euro Restaurant 00095 ,Spain,Madrid,online,2021-02-24,+44 627 212 542
96,Gamma Deli 00096,FR,Paris,wholesale,"Feb 26, 2021",+48 414 387 884
97,Euro Foods 00097,Italy,Naples,retail,02/27/2021,+48 796 899 274
98,Amber Market 00098,Polska,Wroclaw,horeca,03/02/2021,+39 843 367 171
99,Amber Foods 00099,FR,Paris,online,02/03/2021,+48 622 910 346
100,Central Restaurant 00100,Netherlands,Amsterdam,retail,03/03/2021,
101,North Group 00101,Norway,Stavanger,retail,2021-03-03,+39 772 078 226
102,Nova Restaurant 00102,DE,Munich,retail,03/04/2021,
103,North Cafe 00103,Great Britain,Liverpool,wholesale,05.03.2021,+39 615 618 066
104,Central Distribution 00104,France,Paris,horeca,05/03/2021,+34 065 008 463
105,Global Gourmet 00105,Poland,Wroclaw,online,03/05/2021,
106,Alfa Wholesale 00106,Germany,Munich,wholesale,07/03/2021,+49 015 886 862
107,Nova Market 00107,FR,Lyon,horeca,03/07/2021,+48 031 787 635
108,Euro Kitchen 00108,Germany,Cologne,online,2021-03-08,+44 424 123 205
109,Royal Kitchen 00109,germany,Hamburg,wholesale,09/03/2021,+34 598 263 178
110,Delta Foods 00110,Canada,Ottawa,horeca,10/03/2021,+34 443 609 256
111,East Distribution 00111,Canada,Ottawa,online,03/11/2021,+49 653 379 401
112, Alfa Wholesale 00112 ,France,Lyon,retail,11/03/2021,+44 838 803 811
113,Silver Deli 00113,Spain,Seville,wholesale,2021-03-11,+1 105 121 584
114,Nova Group 00114,Germany,Hamburg,retail,12.03.2021,+1 984 730 180
115,Urban Foods 00115,PL,Lodz,horeca,2021-03-14,
116,Silver Kitchen 00116,United Kingdom,London,online,2021-03-16,+1 579 620 501
117,Silver Supplies 00117,UK,London,retail,17/03/2021,+39 731 114 530
118,Fresh Trading 00118,,London,horeca,17/03/2021,+1 819 359 703
119,Central Foods 00119,,Vienna,retail,17/03/2021,+44 853 003 789
120,North Cafe 00120,Italy,Rome,wholesale,2021-03-18,+39 740 515 296
121, Beta Restaurant 00121 ,Germany,Frankfurt,horeca,2021-03-19,+44 551 567 081
122,Beta Group 00122,Spain,Madrid,wholesale,20.03.2021,+1 686 352 115
123,Beta Cafe 00123,Deutschland,Cologne,retail,2021-03-20,+49 396 717 991
124,Baltic Restaurant 00124,germany,Cologne,online,20/03/2021,
125,Gamma Kitchen 00125,austria,Vienna,wholesale,2021-03-20,+33 309 281 065
126,Central Market 00126,Canada,Toronto,online,25.03.2021,+34 215 319 031
127,Central Wholesale 00127,USA,Chicago,online,"Mar 25, 2021",+48 573 602 923
128,Blue Trading 00128,Italy,Milan,horeca,25/03/2021,+39 128 830 315
129,Delta Partners 00129,USA,Chicago,retail,2021-03-26,+44 655 882 394
130,Amber Gourmet 00130,Poland,Lodz,retail,"Mar 26, 2021",+49 898 316 837
131,Silver Supplies 00131,Netherlands,Rotterdam,horeca,27.03.2021,+34 332 147 137
132,Blue Wholesale 00132,USA,New York,retail,"Mar 28, 2021",
133,Prime Restaurant 00133,Great Britain,Liverpool,online,03/28/2021,+34 479 359 170
134,Global Deli 00134,france,Marseille,retail,"Mar 29, 2021",+1 254 100 270
135,Green Deli 00135,UK,London,wholesale,03/30/2021,+49 526 869 993
136,Baltic Kitchen 00136,Sweden,Uppsala,online,"Mar 30, 2021",
137,Central Trading 00137,poland,Wroclaw,retail,2021-04-01,+49 676 021 517
138,Urban Deli 00138,Spain,Seville,online,2021-04-01,+48 572 876 358
139, Beta Kitchen 00139 ,USA,Chicago,online,02/04/2021,+33 269 478 033
140,West Market 00140,netherlands,Utrecht,online,2021-04-02,+33 803 831 822
141,Central Stores 00141,France,Paris,retail,"Apr 03, 2021",+33 515 790 499
142,Urban Kitchen 00142,Italy,Turin,retail,2021-04-04,
143,Central Partners 00143,U.S.A.,Austin,wholesale,04/04/2021,+49 879 668 257
144,Royal Deli 00144,United Kingdom,Leeds,horeca,04/05/2021,+44 294 829 989
145,Urban Distribution 00145,Italy,Florence,wholesale,2021-04-06,+34 045 094 169
146,Global Distribution 00146,Netherlands,Amsterdam,wholesale,07/04/2021,+1 051 056 442
147, Prime Deli 00147 ,Germany,Hamburg,wholesale,04/07/2021,+49 199 305 085
148,Baltic Restaurant 00148,United States,Austin,retail,2021-04-07,
149,Global Deli 00149,Netherlands,Rotterdam,wholesale,2021-04-07,+33 639 296 778
150,West Partners 00150,Germany,Munich,retail,2021-04-08,+39 446 504 437
151,Beta Stores 00151,FR,Lyon,horeca,04/08/2021,+1 171 789 284
152,Prime Stores 00152,France,Nice,horeca,09.04.2021,+39 974 619 730
153,Beta Trading 00153,United Kingdom,Liverpool,retail,2021-04-10,+48 303 798 814
154,Silver Deli 00154,PL,Lodz,online,2021-04-10,+48 577 351 479
155,Alfa Group 00155,Poland,Wroclaw,online,2021-04-12,+34 676 679 605
156,Delta Gourmet 00156,Czech Republic,Ostrava,horeca,2021-04-12,+48 339 145 235
157,Global Cafe 00157,Netherlands,Utrecht,wholesale,2021-04-13,+1 614 594 341
158,Global Market 00158,austria,Salzburg,retail,2021-04-13,+33 009 473 940
159,Urban Supplies 00159,Norway,Trondheim,wholesale,2021-04-13,+34 526 978 236
160,Green Distribution 00160,United Kingdom,Manchester,retail,2021-04-13,+34 057 423 109
161,West Trading 00161,usa,Seattle,retail,04/14/2021,+49 340 835 708
162,Nova Supplies 00162,USA,Chicago,online,2021-04-14,+49 372 402 703
163,Fresh Kitchen 00163,Czech Republic,Ostrava,horeca,15/04/2021,+34 318 877 793
164,East Wholesale 00164,Italy,Milan,retail,16/04/2021,
165,North Cafe 00165,Germany,Hamburg,retail,16/04/2021,+34 535 883 999
166,East Group 00166,usa,Denver,retail,16.04.2021,+44 477 608 517
167,Prime Gourmet 00167,italy,Naples,wholesale,2021-04-17,+1 301 518 507
168,Global Supplies 00168,Austria,Vienna,wholesale,2021-04-17,+48 133 892 344
169,North Deli 00169,germany,Munich,distributor,17/04/2021,
170,West Supplies 00170,Austria,Graz,horeca,04/21/2021,+33 733 974 916
171,Alfa Foods 00171,Italy,Florence,horeca,21/04/2021,+39 507 993 598
172,West Group 00172,Italy,Turin,horeca,2021-04-22,+48 896 584 963
173,Amber Cafe 00173,poland,Warsaw,horeca,23/04/2021,+39 006 325 668
174,Royal Group 00174,germany,Berlin,distributor,2021-04-23,+34 495 737 564
175,West Stores 00175,Spain,Madrid,retail,24/04/2021,+44 487 794 218
176,Alfa Cafe 00176,usa,Seattle,wholesale,2021-04-24,+44 200 393 229
177, Euro Wholesale 00177 ,usa,Austin,online,24/04/2021,+39 837 584 513
178,Global Gourmet 00178,Norway,Stavanger,horeca,04/24/2021,+39 446 478 319
179,Gamma Wholesale 00179,Spain,Bilbao,horeca,25/04/2021,+48 860 319 034
180,Royal Distribution 00180,Netherlands,Utrecht,retail,2021-04-26,+33 921 489 169
181, Fresh Market 00181 ,Poland,Gdansk,online,26.04.2021,+44 288 932 969
182,East Stores 00182,Sweden,Uppsala,retail,2021-04-27,+48 961 997 297
183,Royal Foods 00183,Italy,Milan,retail,2021-04-27,+48 231 316 197
184,Global Restaurant 00184,United Kingdom,Manchester,horeca,2021-04-27,+34 418 372 431
185,East Market 00185,Poland,Gdansk,retail,2021-05-01,+33 133 085 528
186,Euro Cafe 00186,Deutschland,Berlin,retail,2021-05-01,
187,Silver Trading 00187,France,Marseille,retail,01/05/2021,+34 521 145 515
188,Green Wholesale 00188,Czech Republic,Pilsen,distributor,2021-05-02,
189,Prime Restaurant 00189,USA,Denver,online,05/03/2021,+39 521 591 382
190,West Kitchen 00190,Czech Republic,Pilsen,horeca,2021-05-03,+34 251 609 953
191,North Gourmet 00191,poland,Wroclaw,online,05/04/2021,+39 906 350 100
192,Green Stores 00192,France,Nice,wholesale,2021-05-04,+49 425 566 738
193,Royal Supplies 00193,France,Paris,distributor,05.05.2021,+39 597 511 934
194,Central Deli 00194,Italy,Naples,retail,2021-05-05,+48 644 247 013
195,Baltic Stores 00195,Sweden,Gothenburg,online,"May 06, 2021",+48 893 252 137
196,Nova Deli 00196,Austria,Graz,retail,07.05.2021,+44 907 797 785
197,Beta Wholesale 00197,UK,Liverpool,retail,2021-05-08,+48 929 395 110
198,Baltic Stores 00198,UK,Liverpool,horeca,2021-05-10,+49 396 710 141
199, Delta Cafe 00199 ,United Kingdom,Bristol,horeca,"May 10, 2021",+1 747 174 754
200,North Restaurant 00200,Germany,Berlin,retail,11/05/2021,+34 122 458 679
201,West Restaurant 00201,Czech Republic,Pilsen,distributor,"May 12, 2021",+33 578 702 157
202,Green Deli 00202,Germany,Berlin,wholesale,2021-05-14,+49 876 497 485
203,Central Group 00203,Polska,Wroclaw,retail,2021-05-15,+48 281 364 426
204,Nova Cafe 00204,czech republic,Ostrava,horeca,15/05/2021,+1 329 248 993
205,Green Market 00205,Deutschland,Frankfurt,retail,2021-05-17,+39 434 388 443
206,Green Group 00206,Sweden,Stockholm,horeca,17.05.2021,+33 824 252 434
207,Gamma Trading 00207,Canada,Calgary,retail,"May 17, 2021",+44 856 741 208
208,East Kitchen 00208,Polska,Warsaw,wholesale,2021-05-17,+48 184 107 387
209,Royal Foods 00209,Norway,Oslo,wholesale,"May 17, 2021",+44 090 611 659
210,Urban Group 00210,France,Lyon,horeca,2021-05-18,+48 126 795 708
211,Global Deli 00211,usa,Denver,wholesale,18/05/2021,+1 413 811 990
212,Fresh Stores 00212,usa,Boston,retail,2021-05-18,+48 632 109 241
213,Urban Stores 00213,USA,New York,online,19.05.2021,+48 668 071 416
214,Urban Kitchen 00214,Poland,Wroclaw,horeca,2021-05-19,+44 298 804 620
215,Royal Stores 00215,Germany,Berlin,distributor,2021-05-19,+34 993 840 552
216,Silver Gourmet 00216,Czech Republic,Prague,wholesale,"May 20, 2021",+49 546 695 855
217,West Gourmet 00217,Czech Republic,Pilsen,retail,2021-05-20,+34 870 167 991
218,East Trading 00218,Norway,Oslo,retail,21.05.2021,+34 716 235 577
219,East Stores 00219,Norway,Stavanger,online,"May 21, 2021",+33 379 299 778
220,Gamma Wholesale 00220,Polska,Warsaw,retail,22.05.2021,
221,Silver Market 00221,italy,Turin,wholesale,2021-05-23,
222,Alfa Gourmet 00222,Italy,Naples,wholesale,2021-05-23,+39 658 560 201
223,Silver Stores 00223,FR,Toulouse,wholesale,2021-05-23,+49 067 244 828
224,West Market 00224,Sweden,Gothenburg,retail,"May 23, 2021",+44 225 222 021
225,Gamma Restaurant 00225,,Paris,retail,05/23/2021,
226,Central Distribution 00226,Poland,Krakow,wholesale,05/24/2021,+49 920 569 550
227,Euro Restaurant 00227,Germany,Berlin,wholesale,25/05/2021,+44 970 814 921
228,Nova Stores 00228,Deutschland,Frankfurt,online,2021-05-25,+49 521 260 336
229,Gamma Wholesale 00229,United States,New York,retail,2021-05-25,+1 705 781 956
230,Beta Wholesale 00230,Spain,Valencia,retail,26/05/2021,+44 397 603 462
231,Euro Gourmet 00231,united kingdom,Bristol,wholesale,26.05.2021,+39 612 641 467
232,Alfa Supplies 00232,PL,Warsaw,retail,26/05/2021,+34 749 305 847
233,Blue Stores 00233,Spain,Madrid,retail,"May 27, 2021",+39 092 129 891
234,Royal Supplies 00234,DE,Cologne,online,27.05.2021,+44 062 087 822
235,Green Gourmet 00235,france,Lyon,retail,28.05.2021,+33 262 826 666
236,Amber Stores 00236,USA,Boston,distributor,2021-05-29,+48 269 286 732
237,Green Gourmet 00237,italy,Naples,retail,"May 30, 2021",+44 395 230 931
238,Prime Market 00238,Austria,Vienna,online,2021-05-30,+1 806 964 787
239,Gamma Deli 00239,USA,New York,retail,30.05.2021,+48 976 823 946
240,Alfa Stores 00240,Polska,Poznan,wholesale,2021-05-31,+34 948 647 510
241,Alfa Cafe 00241,Poland,Wroclaw,retail,31.05.2021,+39 846 880 352
242, Central Distribution 00242 ,italy,Florence,online,2021-06-01,+48 967 450 391
243,Central Foods 00243,Spain,Madrid,wholesale,2021-06-01,+33 006 820 758
244,Gamma Cafe 00244,poland,Poznan,retail,01.06.2021,+49 889 743 817
245,East Partners 00245,Netherlands,Eindhoven,retail,2021-06-02,+44 132 106 630
246,Nova Group 00246,Italy,Turin,online,02/06/2021,+34 066 770 747
247,Central Market 00247,Deutschland,Cologne,online,03/06/2021,+49 139 967 209
248,Urban Distribution 00248,Austria,Linz,online,"Jun 03, 2021",+1 427 817 277
249,Amber Trading 00249,Austria,Vienna,wholesale,05/06/2021,+48 594 521 702
250,North Cafe 00250,Austria,Linz,online,05/06/2021,+48 071 724 037
251,West Supplies 00251,Germany,Berlin,online,06/06/2021,+1 274 040 860
252,Silver Market 00252,germany,Munich,horeca,06/07/2021,+44 507 420 305
253,Beta Market 00253,DE,Hamburg,online,2021-06-09,+49 244 511 243
254,Silver Distribution 00254,Spain,Seville,online,06/09/2021,+33 832 113 958
255,Green Kitchen 00255,Norway,Stavanger,online,09.06.2021,+49 524 475 771
256,Prime Distribution 00256,Netherlands,Eindhoven,retail,2021-06-10,+48 270 674 602
257,Baltic Supplies 00257,France,Lyon,wholesale,10/06/2021,+49 122 218 327
258, Delta Stores 00258 ,Italy,Florence,retail,10/06/2021,+39 522 479 581
259,Royal Stores 00259,Poland,Poznan,horeca,06/10/2021,+34 779 550 653
260, Silver Trading 00260 ,Germany,Frankfurt,online,2021-06-10,+34 244 829 241
261,Green Distribution 00261,Spain,Seville,retail,2021-06-10,+44 717 638 380
262,Fresh Group 00262,Polska,Gdansk,horeca,2021-06-11,+39 184 491 996
263,West Stores 00263,Czech Republic,Brno,horeca,06/11/2021,+49 028 999 745
264,Fresh Trading 00264,Germany,Cologne,retail,11.06.2021,+34 734 602 573
265,East Partners 00265,USA,Denver,horeca,"Jun 12, 2021",+49 915 917 269
266,Gamma Group 00266,Canada,Montreal,online,06/12/2021,+44 224 014 410
267,West Distribution 00267,Poland,Lodz,retail,06/12/2021,+44 543 273 838
268,Fresh Cafe 00268,,London,horeca,12.06.2021,+44 015 196 479
269,Royal Deli 00269,Poland,Warsaw,retail,13.06.2021,+48 910 821 759
270,Euro Supplies 00270,USA,Denver,distributor,2021-06-14,+39 692 312 500
271,Fresh Deli 00271,Italy,Naples,online,"Jun 16, 2021",
272,Prime Deli 00272,italy,Florence,retail,16/06/2021,+34 883 053 376
273,Central Distribution 00273,United States,Chicago,online,"Jun 17, 2021",+33 088 841 102
274,Nova Distribution 00274,,Florence,online,2021-06-17,+1 266 783 622
275,Blue Restaurant 00275,USA,New York,retail,2021-06-17,+1 628 645 821
276,East Stores 00276,norway,Oslo,retail,2021-06-17,+34 483 247 146
277,Urban Trading 00277,Poland,Warsaw,online,17.06.2021,+48 542 373 220
278,Green Cafe 00278,PL,Poznan,online,2021-06-19,+39 801 473 862
279,Urban Cafe 00279,US,New York,horeca,20.06.2021,+34 165 294 207
280,Gamma Deli 00280,france,Toulouse,wholesale,2021-06-21,+1 906 085 469
281, Silver Cafe 00281 ,canada,Montreal,retail,22/06/2021,+1 981 397 418
282,Nova Kitchen 00282,Poland,Warsaw,distributor,2021-06-23,+33 198 804 228
283,Central Gourmet 00283,UK,London,retail,23.06.2021,+44 401 606 845
284,North Market 00284,Czech Republic,Pilsen,retail,24/06/2021,+48 273 029 228
285,East Gourmet 00285,Spain,Barcelona,online,24.06.2021,+1 588 121 044
286,North Distribution 00286,Canada,Ottawa,horeca,2021-06-24,+39 374 647 570
287,East Foods 00287,Austria,Graz,retail,2021-06-25,+49 648 113 433
288,Silver Group 00288,United Kingdom,Leeds,online,2021-06-26,
289,East Partners 00289,Spain,Seville,wholesale,2021-06-27,+44 671 054 864
290,Gamma Foods 00290,US,Boston,wholesale,28/06/2021,+39 830 855 695
291,Baltic Restaurant 00291,Italy,Naples,retail,29/06/2021,+48 152 734 921
292,Urban Deli 00292,Germany,Cologne,retail,07/01/2021,+1 950 054 906
293,North Deli 00293,poland,Warsaw,wholesale,2021-07-02,
294,Beta Cafe 00294,Poland,Poznan,horeca,2021-07-02,+34 366 166 397
295,Urban Market 00295,norway,Bergen,horeca,07/03/2021,+44 010 108 468
296,East Wholesale 00296,U.S.A.,Boston,online,03.07.2021,+48 948 937 526
297,Blue Deli 00297,Austria,Linz,wholesale,2021-07-04,+49 342 362 171
298,Baltic Deli 00298,France,Marseille,distributor,05/07/2021,+34 168 306 667
299,Delta Gourmet 00299,,Toulouse,retail,2021-07-05,+49 166 098 187
300,Alfa Trading 00300,United Kingdom,London,online,2021-07-07,+39 673 645 450
301,Alfa Partners 00301,Netherlands,Amsterdam,online,08/07/2021,+1 015 713 369
302,Amber Foods 00302,,Gothenburg,horeca,07/09/2021,+1 854 148 050
303,Fresh Distribution 00303,Netherlands,Eindhoven,distributor,07/09/2021,+44 144 336 279
304, Central Group 00304 ,Czech Republic,Prague,wholesale,"Jul 11, 2021",+34 535 570 301
305,Blue Foods 00305,United Kingdom,London,wholesale,11.07.2021,+48 145 994 603
306,Gamma Deli 00306,germany,Munich,retail,2021-07-11,+44 848 045 012
307,Blue Gourmet 00307,czech republic,Prague,horeca,11/07/2021,
308,Silver Cafe 00308,United States,New York,wholesale,2021-07-12,+34 307 924 952
309,Royal Partners 00309,Italy,Turin,distributor,2021-07-12,+44 504 447 085
310,Urban Market 00310,Canada,Vancouver,online,"Jul 12, 2021",+44 441 931 077
311,Central Group 00311,Sweden,Stockholm,wholesale,"Jul 12, 2021",+49 139 455 505
312,Nova Restaurant 00312,czech republic,Ostrava,retail,2021-07-13,
313,Green Restaurant 00313,Czech Republic,Ostrava,retail,2021-07-13,+44 344 673 123
314,Nova Deli 00314,Polska,Gdansk,wholesale,2021-07-13,+39 460 648 558
315,Gamma Distribution 00315,UK,Leeds,horeca,07/13/2021,+39 104 527 073
316,West Foods 00316,U.S.A.,Boston,horeca,13.07.2021,
317,Gamma Stores 00317,UK,Leeds,wholesale,07/15/2021,+39 543 115 211
318,Silver Gourmet 00318,United States,Chicago,horeca,2021-07-15,+33 385 321 315
319,Urban Market 00319,Great Britain,London,distributor,"Jul 16, 2021",+39 070 661 359
320,Royal Foods 00320,Germany,Munich,retail,"Jul 16, 2021",
321,Blue Supplies 00321,USA,New York,online,07/16/2021,+33 361 091 659
322,Urban Partners 00322,Spain,Madrid,wholesale,2021-07-16,
323,Central Cafe 00323,USA,Boston,horeca,"Jul 18, 2021",+34 624 574 173
324,Baltic Deli 00324,FR,Paris,wholesale,18.07.2021,+33 055 668 617
325,Alfa Gourmet 00325,Netherlands,Eindhoven,wholesale,"Jul 19, 2021",+48 652 690 523
326,Euro Trading 00326,USA,Denver,retail,2021-07-19,+34 109 495 247
327,Silver Deli 00327,Sweden,Stockholm,horeca,2021-07-19,+34 808 734 581
328,Euro Supplies 00328,USA,Boston,retail,"Jul 21, 2021",+49 971 543 714
329,North Stores 00329,Canada,Vancouver,horeca,07/23/2021,+33 906 274 213
330,Urban Foods 00330,Poland,Warsaw,wholesale,24.07.2021,+49 086 360 550
331,Baltic Group 00331,Poland,Gdansk,online,2021-07-24,+34 485 652 065
332,Delta Deli 00332,france,Lyon,retail,24/07/2021,+33 973 637 280
333,North Supplies 00333,usa,Boston,horeca,25/07/2021,+39 214 190 636
334,East Gourmet 00334,United Kingdom,London,wholesale,2021-07-25,+49 700 305 726
335,North Distribution 00335,Austria,Salzburg,horeca,2021-07-25,+44 651 606 079
336,Baltic Partners 00336,austria,Linz,retail,26/07/2021,+49 064 105 053
337,Urban Restaurant 00337,Great Britain,Manchester,online,2021-07-26,
338,Alfa Market 00338,Germany,Frankfurt,wholesale,2021-07-27,+34 209 070 010
339,Gamma Wholesale 00339,UK,London,horeca,2021-07-27,+44 201 408 486
340,Gamma Stores 00340,United Kingdom,Liverpool,wholesale,28.07.2021,+39 473 442 084
341,Baltic Foods 00341,Spain,Bilbao,retail,28/07/2021,+39 239 827 525
342,Prime Gourmet 00342,Sweden,Uppsala,horeca,28/07/2021,
343, Green Foods 00343 ,Sweden,Stockholm,online,2021-07-29,+44 373 838 837
344,Royal Cafe 00344,France,Toulouse,wholesale,"Jul 29, 2021",+48 561 334 750
345,Global Market 00345,FR,Paris,online,31/07/2021,+1 768 163 667
346,Amber Kitchen 00346,Germany,Berlin,retail,2021-08-01,+49 786 385 902
347,Urban Foods 00347,,Gdansk,online,2021-08-02,+48 010 429 537
348,Delta Gourmet 00348,Deutschland,Berlin,retail,02/08/2021,+1 187 196 949
349,Amber Restaurant 00349,Austria,Vienna,horeca,2021-08-03,+49 832 182 242
350,North Market 00350,Spain,Valencia,horeca,08/03/2021,+34 937 889 317
351,East Distribution 00351,Sweden,Stockholm,wholesale,03/08/2021,+44 295 827 820
352,Green Stores 00352,USA,Chicago,wholesale,03/08/2021,+39 120 220 873
353,Euro Wholesale 00353,France,Paris,horeca,03.08.2021,+39 118 086 001
354,Alfa Group 00354,Deutschland,Frankfurt,retail,"Aug 04, 2021",+34 636 176 931
355,Beta Cafe 00355,PL,Warsaw,online,05/08/2021,+44 368 058 721
356,Beta Stores 00356,USA,Chicago,online,2021-08-06,+33 811 903 597
357,Blue Group 00357,Germany,Frankfurt,horeca,08/07/2021,+1 148 700 470
358,Nova Trading 00358,poland,Warsaw,retail,2021-08-07,
359,Euro Foods 00359,germany,Munich,retail,08/07/2021,+48 731 278 101
360,Royal Restaurant 00360,uk,Manchester,retail,09.08.2021,+39 705 460 103
361,Beta Cafe 00361,Spain,Barcelona,online,2021-08-09,+1 702 803 199
362,Nova Deli 00362,Canada,Toronto,horeca,2021-08-09,+1 394 911 413
363,Royal Foods 00363,France,Marseille,retail,2021-08-10,+34 135 440 368
364,Prime Gourmet 00364,USA,Seattle,horeca,11/08/2021,+34 695 888 284
365,Euro Market 00365,USA,New York,wholesale,"Aug 12, 2021",+39 739 194 456
366,Delta Distribution 00366,United Kingdom,Bristol,online,2021-08-13,
367,Delta Stores 00367,Spain,Madrid,wholesale,2021-08-13,+44 587 250 567
368,Green Cafe 00368,USA,Austin,distributor,15.08.2021,+1 307 663 170
369,Urban Wholesale 00369,poland,Gdansk,online,2021-08-16,+49 456 831 892
370,North Distribution 00370,Germany,Cologne,distributor,2021-08-16,+1 810 369 191
371,Central Cafe 00371,Deutschland,Cologne,wholesale,08/17/2021,+33 089 090 798
372,Blue Trading 00372,Canada,Toronto,wholesale,2021-08-17,+1 501 419 883
373,West Partners 00373,Germany,Hamburg,retail,2021-08-18,+48 919 476 683
374,Urban Cafe 00374,United States,New York,retail,20.08.2021,+44 781 258 848
375,Green Kitchen 00375,Spain,Madrid,online,2021-08-20,+39 041 080 619
376,Silver Supplies 00376,Poland,Poznan,distributor,20/08/2021,+39 485 170 030
377,Nova Stores 00377,Spain,Seville,retail,2021-08-21,+39 986 148 092
378,Blue Deli 00378,Great Britain,Manchester,online,21/08/2021,+34 717 409 080
379,Alfa Stores 00379,Netherlands,Eindhoven,horeca,"Aug 21, 2021",+39 756 121 606
380,Global Gourmet 00380,germany,Munich,retail,21/08/2021,+48 229 872 788
381,East Distribution 00381,Italy,Milan,retail,"Aug 22, 2021",+44 252 434 309
382,Royal Partners 00382,germany,Cologne,wholesale,08/22/2021,+34 231 422 420
383,West Kitchen 00383,Italy,Florence,retail,23/08/2021,+33 725 705 861
384,Blue Supplies 00384,poland,Krakow,retail,2021-08-23,+49 961 855 841
385,Fresh Trading 00385,italy,Turin,horeca,2021-08-23,
386,Blue Partners 00386,,Poznan,retail,24/08/2021,+49 800 531 053
387,North Gourmet 00387,france,Paris,horeca,"Aug 24, 2021",+44 711 275 852
388,West Trading 00388,Sweden,Gothenburg,wholesale,2021-08-24,+48 442 446 458
389,Alfa Wholesale 00389,poland,Wroclaw,wholesale,08/24/2021,+39 829 223 158
390,Urban Wholesale 00390,Czech Republic,Pilsen,horeca,24.08.2021,+48 690 945 129
391,Central Restaurant 00391,usa,Austin,retail,25.08.2021,+34 472 039 924
392,Royal Gourmet 00392,PL,Gdansk,horeca,08/26/2021,+39 715 394 592
393,Gamma Market 00393,france,Marseille,retail,2021-08-26,+39 141 608 717
394, West Market 00394 ,France,Paris,distributor,30/08/2021,+34 826 282 201
395,Alfa Wholesale 00395,Italy,Rome,distributor,"Aug 31, 2021",+33 410 928 714
396,Green Trading 00396,USA,Chicago,horeca,31/08/2021,
397,Central Deli 00397,,Seattle,horeca,31/08/2021,+49 539 309 666
398,Royal Kitchen 00398,Czech Republic,Ostrava,online,2021-09-01,+33 242 785 952
399,East Trading 00399,Czech Republic,Pilsen,wholesale,02/09/2021,+33 109 256 159
400,Gamma Wholesale 00400,,Lodz,retail,03/09/2021,+1 457 817 171
401,Royal Distribution 00401,France,Nice,wholesale,03.09.2021,
402,Beta Distribution 00402,Poland,Warsaw,distributor,2021-09-03,+44 977 581 233
403,East Supplies 00403,U.S.A.,Boston,wholesale,2021-09-03,+33 871 729 188
404,Royal Cafe 00404,FR,Nice,retail,04.09.2021,
405,Prime Group 00405,PL,Poznan,online,2021-09-05,+34 764 336 858
406,Prime Foods 00406,Spain,Bilbao,retail,05/09/2021,+33 545 769 828
407,Urban Trading 00407,Poland,Poznan,wholesale,09/09/2021,+1 911 862 766
408, Beta Distribution 00408 ,Poland,Lodz,retail,09/09/2021,+49 807 193 418
409,Global Restaurant 00409,Spain,Bilbao,retail,09/09/2021,+44 518 461 364
410,Amber Market 00410,FR,Nice,online,2021-09-09,+1 237 771 616
411,Beta Distribution 00411,PL,Lodz,horeca,"Sep 09, 2021",+33 099 626 133
412,Urban Foods 00412,Poland,Warsaw,wholesale,10/09/2021,+34 545 509 676
413,Baltic Restaurant 00413,Netherlands,Utrecht,retail,11.09.2021,+34 106 616 019
414,Baltic Restaurant 00414,US,Boston,online,2021-09-11,+44 479 807 924
415,Baltic Supplies 00415,Germany,Hamburg,retail,2021-09-12,+1 554 524 336
416,Fresh Group 00416,United Kingdom,Bristol,horeca,12.09.2021,+39 626 783 607
417,West Trading 00417,Spain,Bilbao,horeca,2021-09-13,+49 029 431 266
418,Beta Supplies 00418,Austria,Linz,retail,2021-09-14,+34 730 980 832
419,Delta Group 00419,USA,Chicago,horeca,17/09/2021,+49 324 627 047
420,Amber Group 00420,United Kingdom,London,retail,"Sep 17, 2021",+44 187 175 911
421,Baltic Trading 00421,,Turin,retail,2021-09-17,+49 675 299 457
422,Gamma Kitchen 00422,germany,Cologne,wholesale,17/09/2021,+34 121 004 496
423, Euro Partners 00423 ,Netherlands,Amsterdam,retail,"Sep 18, 2021",+48 314 848 412
424,East Stores 00424,UK,Liverpool,horeca,2021-09-18,+39 729 958 915
425,West Supplies 00425,Italy,Naples,online,2021-09-19,+49 256 444 407
426,Urban Distribution 00426,france,Nice,online,20.09.2021,+49 379 318 823
427,Delta Supplies 00427,Spain,Valencia,wholesale,09/21/2021,+48 095 502 748
428,Central Cafe 00428,germany,Berlin,wholesale,21/09/2021,+44 830 749 795
429,Silver Cafe 00429,DE,Frankfurt,wholesale,09/21/2021,+48 253 224 201
430,Nova Restaurant 00430,France,Lyon,wholesale,2021-09-21,+48 357 604 819
431,Central Group 00431,Netherlands,Utrecht,retail,2021-09-23,+48 538 439 615
432,Baltic Stores 00432,Italy,Naples,horeca,2021-09-25,+1 657 744 405
433,Silver Market 00433,Polska,Lodz,online,09/25/2021,+1 378 948 952
434,Baltic Distribution 00434,US,Seattle,horeca,2021-09-26,+33 509 573 751
435,Blue Wholesale 00435,Italy,Milan,horeca,27.09.2021,+44 243 221 247
436,North Partners 00436,Poland,Wroclaw,online,27.09.2021,+44 666 950 821
437, Fresh Stores 00437 ,Spain,Madrid,retail,"Sep 28, 2021",
438,East Market 00438,US,Chicago,wholesale,2021-09-28,+48 545 933 313
439,Gamma Kitchen 00439,,Brno,retail,2021-09-28,+33 822 825 513
440,Prime Stores 00440,Italy,Milan,wholesale,09/28/2021,+49 391 440 531
441,Silver Supplies 00441,Czech Republic,Brno,retail,2021-09-29,+48 764 806 916
442,Green Supplies 00442,Canada,Calgary,horeca,01.10.2021,+49 479 006 758
443,Baltic Deli 00443,Spain,Madrid,online,2021-10-01,+39 568 537 049
444,Euro Group 00444,United States,New York,online,2021-10-01,+33 446 805 562
445,Amber Cafe 00445,Poland,Krakow,horeca,2021-10-01,+49 510 228 651
446,Gamma Group 00446,Poland,Lodz,wholesale,01/10/2021,+1 529 205 643
447,Green Group 00447,France,Marseille,retail,"Oct 02, 2021",+33 280 151 504
448,Gamma Market 00448,Czech Republic,Brno,horeca,02/10/2021,+39 872 698 520
449,Royal Foods 00449,Deutschland,Frankfurt,horeca,"Oct 02, 2021",+44 740 704 404
450,North Partners 00450,France,Nice,online,2021-10-02,+48 880 414 951
451,Beta Market 00451,Poland,Poznan,online,2021-10-02,+33 247 854 429
452,Silver Deli 00452,USA,New York,online,02/10/2021,+1 847 790 708
453,Green Gourmet 00453,Austria,Salzburg,retail,2021-10-03,+48 070 689 942
454,Fresh Distribution 00454,Italy,Milan,wholesale,03.10.2021,+49 910 521 829
455,Prime Wholesale 00455,U.S.A.,Boston,distributor,2021-10-03,+48 683 703 900
456,Royal Stores 00456,france,Paris,distributor,03.10.2021,+39 576 934 187
457,Central Gourmet 00457,Poland,Poznan,wholesale,04/10/2021,+49 063 658 932
458,Beta Restaurant 00458,germany,Hamburg,wholesale,2021-10-04,+1 484 694 149
459,Fresh Deli 00459,United Kingdom,Bristol,wholesale,"Oct 04, 2021",+34 132 041 603
460,Blue Supplies 00460,Norway,Trondheim,distributor,2021-10-05,+44 853 818 524
461,Central Market 00461,Spain,Valencia,retail,05/10/2021,+44 765 757 944
462, Green Deli 00462 ,Canada,Toronto,distributor,05.10.2021,+33 533 954 970
463,West Supplies 00463,Germany,Frankfurt,online,2021-10-06,+34 327 262 784
464,Blue Stores 00464,FR,Paris,retail,2021-10-06,+44 169 905 286
465,Amber Deli 00465,Norway,Oslo,retail,10/06/2021,
466,North Trading 00466,France,Toulouse,horeca,06/10/2021,+39 993 555 409
467, North Restaurant 00467 ,France,Paris,retail,07/10/2021,+1 454 582 677
468,Central Restaurant 00468,France,Marseille,horeca,2021-10-07,+49 876 044 315
469,Baltic Supplies 00469,France,Marseille,wholesale,2021-10-08,
470,Amber Partners 00470,USA,Denver,horeca,2021-10-08,+48 477 386 110
471,Fresh Partners 00471,Austria,Graz,retail,2021-10-09,+48 819 624 707
472,Beta Trading 00472,France,Marseille,retail,09/10/2021,+44 280 897 485
473,Prime Stores 00473,Germany,Frankfurt,distributor,11/10/2021,+44 997 924 434
474,Urban Kitchen 00474,Canada,Calgary,wholesale,"Oct 11, 2021",+33 080 352 973
475,Silver Partners 00475,Germany,Hamburg,online,"Oct 11, 2021",+49 567 276 594
476,Global Kitchen 00476,uk,Leeds,online,2021-10-12,+1 152 656 741
477,Beta Market 00477,U.S.A.,Chicago,retail,2021-10-13,+33 726 311 227
478,Green Restaurant 00478,USA,Boston,retail,2021-10-13,+33 801 259 006
479,Gamma Wholesale 00479,United Kingdom,Liverpool,wholesale,2021-10-13,+44 369 182 001
480,Global Partners 00480,Sweden,Gothenburg,horeca,13/10/2021,+1 584 240 885
481,Euro Restaurant 00481,Canada,Ottawa,horeca,2021-10-13,+39 176 331 606
482,West Partners 00482,,Berlin,retail,10/14/2021,
483,Urban Gourmet 00483,germany,Berlin,retail,2021-10-14,+33 024 885 271
484,Alfa Supplies 00484,Germany,Cologne,wholesale,15/10/2021,+48 585 255 683
485,Prime Supplies 00485,france,Toulouse,wholesale,15/10/2021,+1 692 302 059
486,Blue Restaurant 00486,Spain,Valencia,horeca,10/16/2021,+44 265 429 908
487,Central Stores 00487,Spain,Madrid,horeca,17/10/2021,+48 574 521 088
488,North Market 00488,United Kingdom,Liverpool,online,2021-10-17,+33 971 033 944
489,Baltic Group 00489,US,Denver,retail,10/17/2021,+48 849 713 827
490,Prime Distribution 00490,Italy,Milan,wholesale,10/17/2021,+33 564 789 718
491,West Wholesale 00491,Polska,Wroclaw,retail,17/10/2021,+49 459 515 580
492,Royal Trading 00492,United Kingdom,Leeds,retail,2021-10-18,+34 774 448 426
493,Central Supplies 00493,france,Paris,online,2021-10-19,+33 558 839 527
494,Blue Partners 00494,Sweden,Uppsala,wholesale,19/10/2021,+44 710 137 818
495,Alfa Distribution 00495,france,Paris,retail,19/10/2021,+48 082 576 944
496,West Gourmet 00496,France,Lyon,wholesale,20.10.2021,+48 140 018 365
497,Blue Deli 00497,Polska,Warsaw,retail,2021-10-21,+49 882 156 021
498,Delta Partners 00498,Spain,Valencia,wholesale,21.10.2021,+33 814 489 218
499,North Distribution 00499,Italy,Rome,wholesale,2021-10-21,+48 329 657 392
500,Delta Wholesale 00500,Polska,Lodz,horeca,21/10/2021,+1 193 473 104
501,Silver Foods 00501,netherlands,Amsterdam,retail,2021-10-22,+48 233 001 083
502,Central Kitchen 00502,United Kingdom,London,horeca,22.10.2021,+34 085 328 683
503,Baltic Group 00503,Spain,Seville,horeca,2021-10-23,+49 945 332 096
504,Beta Deli 00504,DE,Cologne,horeca,10/23/2021,
505,Delta Supplies 00505,norway,Stavanger,horeca,2021-10-23,+49 985 539 637
506,Silver Supplies 00506,USA,Chicago,retail,2021-10-23,+49 717 367 829
507,Global Partners 00507,United Kingdom,Leeds,retail,2021-10-23,+34 277 943 094
508,Silver Market 00508,Canada,Ottawa,wholesale,23/10/2021,+39 345 606 546
509,West Trading 00509,Norway,Trondheim,online,24.10.2021,+49 282 624 823
510,Royal Gourmet 00510,Spain,Valencia,wholesale,"Oct 24, 2021",+49 168 864 813
511,Blue Deli 00511,Norway,Stavanger,retail,2021-10-24,+33 112 145 980
512,Baltic Supplies 00512,italy,Rome,wholesale,24/10/2021,
513,Gamma Foods 00513,USA,Denver,horeca,10/24/2021,+48 529 743 140
514,Gamma Gourmet 00514,USA,Seattle,wholesale,2021-10-24,+44 643 334 775
515,Fresh Distribution 00515,Czech Republic,Pilsen,retail,2021-10-25,+48 668 990 065
516,Amber Partners 00516,US,Chicago,online,2021-10-25,+44 638 421 914
517,Nova Trading 00517,Spain,Valencia,horeca,2021-10-26,+44 462 716 172
518,Amber Supplies 00518,Germany,Hamburg,horeca,26.10.2021,+44 743 218 524
519,Delta Kitchen 00519,Italy,Naples,distributor,10/26/2021,+49 011 404 823
520,Blue Supplies 00520,Polska,Poznan,horeca,"Oct 27, 2021",+1 196 786 610
521,Fresh Foods 00521,Austria,Salzburg,wholesale,27/10/2021,+39 836 796 365
522,Blue Deli 00522,france,Lyon,online,29/10/2021,
523,Beta Gourmet 00523,France,Lyon,wholesale,2021-10-29,+33 409 440 104
524,Delta Stores 00524,france,Lyon,retail,30/10/2021,+44 987 640 432
525,Gamma Foods 00525,DE,Cologne,online,"Oct 30, 2021",+44 973 843 921
526,Gamma Group 00526,uk,London,online,2021-10-30,+49 231 436 368
527,Central Supplies 00527,Polska,Warsaw,retail,30/10/2021,+48 108 640 930
528, Royal Group 00528 ,Netherlands,Amsterdam,retail,"Oct 30, 2021",+33 887 839 654
529,Silver Foods 00529,uk,Bristol,wholesale,2021-10-30,+33 597 970 732
530,Nova Kitchen 00530,Austria,Linz,horeca,2021-10-31,+33 862 683 831
531,Central Restaurant 00531,poland,Krakow,horeca,2021-11-01,+44 744 023 893
532,Central Partners 00532,PL,Gdansk,retail,02.11.2021,+34 623 397 803
533,Prime Market 00533,DE,Hamburg,wholesale,02/11/2021,+34 069 905 361
534,North Wholesale 00534,Germany,Hamburg,horeca,2021-11-02,
535,Alfa Market 00535,poland,Warsaw,distributor,11/02/2021,+1 462 829 300
536,Alfa Wholesale 00536,Poland,Krakow,distributor,2021-11-02,+44 011 908 884
537,Beta Supplies 00537,Germany,Frankfurt,wholesale,04/11/2021,+33 500 749 378
538,West Supplies 00538,Germany,Hamburg,horeca,04/11/2021,+49 073 217 771
539,Global Market 00539,Austria,Graz,distributor,04/11/2021,+39 986 558 325
540,Gamma Wholesale 00540,United States,Boston,online,2021-11-05,+1 006 825 692
541,Silver Market 00541,France,Marseille,retail,11/05/2021,+1 917 420 708
542,North Gourmet 00542,Deutschland,Frankfurt,horeca,2021-11-05,+49 243 829 221
543,Amber Market 00543,,Bristol,wholesale,06.11.2021,+44 101 613 067
544,Beta Wholesale 00544,Austria,Graz,wholesale,11/06/2021,+39 676 305 279
545,North Wholesale 00545,Poland,Lodz,retail,07/11/2021,+39 292 812 860
546,Gamma Market 00546,uk,Liverpool,wholesale,08.11.2021,+49 409 343 268
547, Silver Trading 00547 ,Austria,Vienna,horeca,2021-11-08,+44 247 653 231
548,Central Market 00548,France,Nice,wholesale,09.11.2021,+39 791 504 494
549,West Foods 00549,Poland,Warsaw,wholesale,2021-11-09,+39 253 028 287
550,Delta Cafe 00550,USA,Austin,retail,"Nov 09, 2021",+34 628 939 731
551,Alfa Gourmet 00551,Poland,Gdansk,distributor,10.11.2021,+1 553 334 581
552,Urban Trading 00552,Italy,Florence,wholesale,11/11/2021,+39 570 501 284
553,Gamma Gourmet 00553,usa,Seattle,online,11/11/2021,+1 145 182 719
554,Amber Deli 00554,Deutschland,Cologne,online,11/11/2021,+1 875 071 402
555,West Wholesale 00555,Germany,Cologne,wholesale,11.11.2021,+1 068 992 019
556,Amber Market 00556,Sweden,Uppsala,retail,2021-11-12,+39 949 213 483
557,Beta Distribution 00557,Spain,Valencia,wholesale,12/11/2021,+48 808 507 121
558,Euro Group 00558,Spain,Seville,distributor,"Nov 13, 2021",+48 312 030 519
559,Royal Group 00559,spain,Barcelona,online,13/11/2021,+33 935 741 436
560,Beta Foods 00560,,Lyon,retail,13/11/2021,+39 731 980 278
561,Alfa Restaurant 00561,germany,Berlin,wholesale,14/11/2021,+49 405 164 944
562,Royal Gourmet 00562,Czech Republic,Prague,retail,2021-11-14,+34 882 641 222
563,Delta Wholesale 00563,Norway,Trondheim,wholesale,14/11/2021,+39 759 090 963
564,Nova Wholesale 00564,Italy,Milan,retail,15/11/2021,+33 961 081 331
565,Silver Stores 00565,,Warsaw,retail,2021-11-15,+39 084 274 044
566,Green Cafe 00566,france,Paris,retail,2021-11-15,+34 529 147 026
567,Amber Market 00567,Austria,Vienna,online,15/11/2021,+44 527 521 130
568,Central Distribution 00568,Canada,Toronto,wholesale,2021-11-16,+34 081 259 660
569,Fresh Restaurant 00569,uk,London,online,"Nov 16, 2021",+39 508 781 687
570,West Deli 00570,France,Nice,retail,11/16/2021,+1 407 731 523
571,Prime Cafe 00571,Czech Republic,Brno,wholesale,2021-11-16,+48 705 027 574
572,Fresh Trading 00572,Spain,Bilbao,horeca,11/16/2021,
573,Baltic Cafe 00573,poland,Gdansk,retail,16.11.2021,+48 008 580 873
574, East Market 00574 ,Deutschland,Frankfurt,wholesale,17/11/2021,+1 883 580 594
575,Baltic Group 00575,Netherlands,Utrecht,horeca,17/11/2021,+49 403 367 729
576,Royal Stores 00576,Italy,Milan,distributor,"Nov 18, 2021",+1 627 152 313
577,Urban Deli 00577,United Kingdom,Liverpool,wholesale,18.11.2021,+44 487 903 891
578,Blue Stores 00578,Canada,Calgary,retail,18.11.2021,+44 297 282 897
579,Alfa Stores 00579,poland,Wroclaw,online,18/11/2021,+49 604 642 610
580,Royal Distribution 00580,poland,Warsaw,wholesale,2021-11-19,
581,Baltic Distribution 00581,Austria,Salzburg,retail,2021-11-19,+39 102 840 255
582,Delta Stores 00582,Polska,Warsaw,retail,20/11/2021,+48 448 710 591
583,Delta Gourmet 00583,Germany,Hamburg,wholesale,20/11/2021,+1 417 565 771
584,Delta Wholesale 00584,Polska,Lodz,horeca,20/11/2021,+34 981 636 883
585,Prime Deli 00585,Germany,Berlin,wholesale,2021-11-20,+1 718 139 830
586,Amber Cafe 00586,France,Paris,retail,21/11/2021,
587,West Trading 00587,USA,Chicago,wholesale,21/11/2021,+48 057 915 567
588,Prime Partners 00588,Spain,Madrid,retail,11/21/2021,+34 632 276 327
589,Green Cafe 00589,Netherlands,Eindhoven,horeca,2021-11-21,+33 187 916 927
590,Green Group 00590,Poland,Wroclaw,horeca,"Nov 21, 2021",+39 473 196 311
591,Beta Cafe 00591,Netherlands,Amsterdam,wholesale,11/22/2021,+1 653 779 705
592,Beta Supplies 00592,Italy,Naples,wholesale,11/23/2021,+39 466 587 109
593,Royal Group 00593,United States,New York,horeca,2021-11-25,
594,West Group 00594,Italy,Naples,horeca,2021-11-25,+34 613 378 136
595,Royal Wholesale 00595,Germany,Frankfurt,online,25.11.2021,+44 793 398 688
596,West Restaurant 00596,PL,Warsaw,wholesale,"Nov 25, 2021",+48 998 578 500
597,Silver Deli 00597,UK,Liverpool,retail,2021-11-25,+39 479 170 774
598,Fresh Group 00598,FR,Paris,wholesale,2021-11-26,+49 068 190 134
599,Gamma Wholesale 00599,DE,Munich,online,2021-11-27,+39 877 458 164
600,Delta Cafe 00600,United Kingdom,Leeds,wholesale,2021-11-29,+49 298 643 791
601,Euro Restaurant 00601,Austria,Graz,retail,2021-12-02,+33 907 965 971
602,Alfa Trading 00602,Great Britain,Bristol,retail,12/02/2021,+44 848 787 987
603,Amber Wholesale 00603,Great Britain,Manchester,retail,2021-12-03,+44 362 995 174
604,Baltic Stores 00604,Poland,Krakow,online,2021-12-03,+39 076 688 791
605,North Supplies 00605,Spain,Barcelona,horeca,03.12.2021,+33 607 550 255
606,Baltic Supplies 00606,Sweden,Gothenburg,retail,03/12/2021,+48 905 290 604
607,Alfa Trading 00607,France,Lyon,distributor,"Dec 04, 2021",+39 677 566 253
608,Silver Wholesale 00608,United States,New York,distributor,2021-12-05,+49 276 981 896
609,Beta Cafe 00609,,Madrid,horeca,12/05/2021,+39 880 940 184
610,East Distribution 00610,Canada,Calgary,distributor,05/12/2021,+33 312 741 813
611,Prime Deli 00611,Italy,Rome,online,2021-12-06,+44 422 961 928
612,Global Stores 00612,Netherlands,Amsterdam,horeca,06.12.2021,+48 814 708 697
613,Global Wholesale 00613,,Leeds,wholesale,06/12/2021,+33 791 192 929
614,Nova Group 00614,italy,Florence,retail,2021-12-07,+44 351 191 879
615,Blue Market 00615,Spain,Madrid,wholesale,2021-12-07,+34 445 478 973
616,Gamma Foods 00616,spain,Barcelona,wholesale,2021-12-08,+34 705 596 757
617,Blue Kitchen 00617,,Amsterdam,online,2021-12-08,+33 200 498 858
618,Central Foods 00618,Germany,Cologne,online,2021-12-09,+39 586 496 873
619,Alfa Trading 00619,Spain,Valencia,wholesale,"Dec 09, 2021",+1 977 845 300
620, West Stores 00620 ,United Kingdom,Bristol,distributor,12/09/2021,+49 831 196 541
621,Central Group 00621,United Kingdom,Leeds,online,09/12/2021,
622,Gamma Kitchen 00622,poland,Wroclaw,online,10/12/2021,+48 697 419 059
623,Nova Distribution 00623,Spain,Madrid,wholesale,10/12/2021,+33 260 355 742
624,Baltic Wholesale 00624,USA,Austin,online,"Dec 12, 2021",+34 838 331 929
625,Euro Market 00625,UK,Liverpool,online,12/12/2021,+48 436 483 786
626,East Group 00626,Italy,Turin,retail,12/12/2021,+34 603 781 704
627,Green Foods 00627,Poland,Gdansk,horeca,13/12/2021,+49 174 358 215
628,Blue Gourmet 00628,Great Britain,London,retail,2021-12-14,
629, Urban Distribution 00629 ,Italy,Milan,retail,2021-12-15,+39 639 968 037
630,Nova Supplies 00630,Netherlands,Amsterdam,horeca,12/16/2021,+34 041 805 603
631,East Trading 00631,spain,Bilbao,horeca,2021-12-16,+49 764 509 151
632,Fresh Deli 00632,,Lyon,retail,12/16/2021,+49 332 061 192
633,Urban Partners 00633,Netherlands,Utrecht,wholesale,2021-12-16,+39 074 026 680
634,Royal Partners 00634,USA,Austin,wholesale,2021-12-16,+1 591 412 523
635,Urban Deli 00635,Canada,Vancouver,online,17/12/2021,
636,Amber Trading 00636,Poland,Wroclaw,online,2021-12-17,+44 687 355 498
637,Nova Foods 00637,,Boston,horeca,17/12/2021,+1 218 835 116
638,Green Partners 00638,Italy,Rome,horeca,18/12/2021,+48 373 717 881
639,Urban Supplies 00639,FR,Paris,wholesale,2021-12-19,+49 912 650 326
640,Euro Trading 00640,italy,Milan,retail,2021-12-19,+34 074 878 513
641,Alfa Wholesale 00641,United Kingdom,Liverpool,horeca,12/20/2021,+34 466 919 052
642,Gamma Restaurant 00642,poland,Wroclaw,online,21.12.2021,+44 428 390 188
643,Green Distribution 00643,USA,Denver,horeca,2021-12-21,+48 713 665 167
644,Green Gourmet 00644,Italy,Florence,online,12/22/2021,+48 399 451 377
645,Global Gourmet 00645,Sweden,Uppsala,retail,12/22/2021,+34 463 726 245
646,East Distribution 00646,Germany,Cologne,online,22/12/2021,+39 644 501 043
647,Blue Foods 00647,Italy,Turin,retail,22/12/2021,+49 550 337 375
648, Nova Trading 00648 ,France,Marseille,online,2021-12-24,+44 810 912 868
649,Baltic Stores 00649,Spain,Seville,wholesale,2021-12-24,+44 735 756 095
650,Gamma Partners 00650,Germany,Cologne,online,2021-12-25,
651,Alfa Trading 00651,Italy,Naples,retail,2021-12-25,+49 474 336 586
652,Beta Market 00652,Spain,Seville,online,2021-12-25,+1 814 413 864
653, Urban Wholesale 00653 ,germany,Hamburg,retail,12/26/2021,+1 281 427 084
654,Delta Group 00654,Germany,Berlin,online,12/26/2021,+33 330 905 527
655,Blue Restaurant 00655,Sweden,Stockholm,wholesale,"Dec 26, 2021",+1 288 484 694
656,Royal Distribution 00656,Italy,Turin,wholesale,26/12/2021,
657,East Cafe 00657,Poland,Lodz,online,27.12.2021,+49 537 558 709
658,East Group 00658,poland,Wroclaw,online,27/12/2021,+44 207 324 472
659,Beta Wholesale 00659,Poland,Poznan,retail,2021-12-27,+1 258 344 066
660,Urban Restaurant 00660,PL,Gdansk,horeca,27/12/2021,+34 238 406 591
661,Silver Wholesale 00661,United States,Boston,horeca,28/12/2021,+39 562 683 171
662,West Gourmet 00662,Austria,Linz,distributor,28.12.2021,
663,West Cafe 00663,Germany,Hamburg,horeca,2021-12-28,
664,Alfa Partners 00664,germany,Cologne,online,12/28/2021,+48 493 164 153
665,Gamma Deli 00665,Great Britain,Manchester,online,"Dec 29, 2021",+44 766 234 993
666,East Deli 00666,Czech Republic,Ostrava,wholesale,12/30/2021,+1 857 743 221
667,Prime Kitchen 00667,Czech Republic,Pilsen,retail,"Dec 31, 2021",+1 751 296 726
668,Fresh Kitchen 00668,,Munich,distributor,2021-12-31,+33 996 224 732
669,Gamma Stores 00669,PL,Poznan,retail,2022-01-01,+44 837 045 560
670,Green Restaurant 00670,germany,Hamburg,horeca,02/01/2022,+49 176 328 870
671, North Partners 00671 ,USA,Boston,retail,01/03/2022,+33 556 972 684
672,East Gourmet 00672,France,Lyon,retail,2022-01-03,+44 690 383 620
673,Beta Stores 00673,United Kingdom,Manchester,horeca,2022-01-03,+1 336 996 758
674, Prime Foods 00674 ,FR,Toulouse,online,2022-01-03,+49 490 259 357
675, Prime Stores 00675 ,FR,Marseille,online,01/04/2022,+49 380 538 318
676,Royal Restaurant 00676,United Kingdom,Bristol,retail,2022-01-05,+33 944 502 143
677,Euro Wholesale 00677,France,Toulouse,retail,05.01.2022,+33 466 701 644
678,West Gourmet 00678,Italy,Turin,online,01/06/2022,+33 601 973 628
679,Global Gourmet 00679,Czech Republic,Pilsen,retail,"Jan 07, 2022",+49 075 343 021
680,Beta Supplies 00680,Spain,Madrid,wholesale,2022-01-07,+1 766 644 913
681,Delta Supplies 00681,USA,Boston,online,"Jan 08, 2022",
682,East Supplies 00682,DE,Munich,distributor,09.01.2022,+49 637 967 164
683,Silver Cafe 00683,Germany,Berlin,retail,09/01/2022,+33 429 873 958
684,Gamma Partners 00684,Polska,Krakow,horeca,"Jan 09, 2022",+33 998 596 983
685,Beta Wholesale 00685,spain,Valencia,distributor,2022-01-10,+1 833 586 530
686,North Partners 00686,Czech Republic,Pilsen,wholesale,2022-01-10,+1 397 192 500
687,West Trading 00687,FR,Lyon,online,10/01/2022,
688,Alfa Stores 00688,Netherlands,Utrecht,online,2022-01-10,+44 075 567 228
689,Nova Cafe 00689,Czech Republic,Ostrava,horeca,11/01/2022,+39 653 423 343
690,Silver Wholesale 00690,Sweden,Uppsala,horeca,11.01.2022,+34 020 098 001
691,Amber Partners 00691,Italy,Milan,online,12.01.2022,+1 001 570 158
692,Alfa Kitchen 00692,Austria,Graz,wholesale,2022-01-13,+48 763 591 028
693, Beta Kitchen 00693 ,Czech Republic,Brno,horeca,2022-01-13,+33 799 529 466
694,Green Group 00694,germany,Frankfurt,wholesale,2022-01-13,+33 370 346 010
695,Euro Cafe 00695,U.S.A.,Chicago,horeca,13.01.2022,+49 985 683 157
696,Global Supplies 00696,Great Britain,Liverpool,wholesale,2022-01-13,+33 015 586 637
697,East Cafe 00697,poland,Krakow,distributor,2022-01-16,+1 269 118 938
698,Delta Foods 00698,Germany,Frankfurt,online,01/17/2022,+49 310 238 338
699,Fresh Foods 00699,France,Lyon,wholesale,17/01/2022,+49 418 558 245
700,Gamma Trading 00700,spain,Barcelona,horeca,"Jan 17, 2022",
701,East Distribution 00701,United Kingdom,Liverpool,wholesale,01/18/2022,+39 359 409 977
702,Prime Foods 00702,Germany,Cologne,horeca,2022-01-18,+1 443 642 975
703,Delta Group 00703,FR,Paris,distributor,19.01.2022,+34 074 618 073
704, Euro Market 00704 ,Norway,Stavanger,retail,2022-01-20,+48 567 007 694
705,Fresh Supplies 00705,PL,Poznan,wholesale,21/01/2022,+34 474 682 732
706,West Group 00706,USA,Chicago,retail,"Jan 22, 2022",
707,Blue Gourmet 00707,Poland,Gdansk,horeca,2022-01-23,+44 290 348 212
708,Blue Partners 00708,Germany,Frankfurt,online,23.01.2022,+33 763 408 412
709,Urban Deli 00709,france,Marseille,retail,2022-01-25,+33 694 669 003
710,Green Partners 00710,Germany,Hamburg,wholesale,26/01/2022,+1 034 066 226
711,Gamma Cafe 00711,Canada,Montreal,retail,01/26/2022,+39 290 534 551
712, Central Wholesale 00712 ,Norway,Oslo,retail,2022-01-26,+1 247 221 829
713,North Market 00713,France,Lyon,online,2022-01-28,+1 953 355 365
714,Amber Deli 00714,United Kingdom,London,retail,28/01/2022,+49 292 536 327
715, Global Gourmet 00715 ,PL,Krakow,retail,2022-01-29,+49 066 025 695
716,Green Group 00716,Poland,Poznan,retail,30/01/2022,+1 338 633 013
717,Blue Cafe 00717,Norway,Bergen,retail,2022-01-30,+34 475 146 819
718,Delta Partners 00718,Polska,Warsaw,retail,2022-01-30,+48 436 528 089
719,Central Distribution 00719,united kingdom,Bristol,online,2022-01-31,+34 036 818 634
720,West Stores 00720,Netherlands,Eindhoven,distributor,"Feb 01, 2022",+49 846 523 972
721,Blue Group 00721,usa,Boston,retail,01.02.2022,+49 817 954 272
722,West Deli 00722,Spain,Bilbao,retail,2022-02-02,+39 716 466 381
723,Gamma Group 00723,canada,Ottawa,retail,"Feb 02, 2022",+44 075 897 739
724,Baltic Trading 00724,,Manchester,retail,2022-02-02,+34 150 384 656
725,Nova Trading 00725,Italy,Rome,horeca,2022-02-04,+34 459 939 309
726,Baltic Group 00726,Spain,Bilbao,online,02/05/2022,+33 319 058 808
727,Urban Deli 00727,Italy,Turin,online,05/02/2022,+48 162 079 567
728, Royal Group 00728 ,canada,Vancouver,online,2022-02-06,+34 797 681 306
729,Blue Restaurant 00729,France,Toulouse,online,"Feb 06, 2022",+44 963 539 436
730,West Supplies 00730,Canada,Ottawa,retail,07.02.2022,+1 963 695 569
731,Silver Market 00731,,Seattle,wholesale,2022-02-07,+1 166 789 836
732,Amber Stores 00732,Spain,Valencia,retail,2022-02-08,+44 638 257 345
733,Blue Kitchen 00733,italy,Florence,online,09/02/2022,+48 895 189 146
734,Beta Group 00734,Norway,Stavanger,horeca,2022-02-09,+33 643 806 306
735,Euro Supplies 00735,Spain,Madrid,horeca,10/02/2022,+44 666 839 215
736,Alfa Trading 00736,USA,Boston,online,2022-02-10,+49 689 781 694
737,Euro Restaurant 00737,Poland,Warsaw,online,2022-02-11,
738,Baltic Cafe 00738,Austria,Graz,retail,12/02/2022,+34 309 598 527
739,Global Stores 00739,Norway,Trondheim,retail,13.02.2022,+44 932 481 345
740,North Gourmet 00740,Netherlands,Utrecht,retail,02/14/2022,+1 607 760 173
741,Delta Stores 00741,Sweden,Malmo,distributor,2022-02-14,+39 830 601 351
742,Nova Partners 00742,germany,Hamburg,retail,14/02/2022,+48 906 619 165
743,Central Trading 00743,Spain,Madrid,wholesale,2022-02-14,+39 268 562 324
744, Royal Kitchen 00744 ,germany,Cologne,retail,02/15/2022,+33 343 798 614
745, Green Group 00745 ,Italy,Florence,distributor,2022-02-16,+49 124 551 832
746,West Restaurant 00746,france,Nice,wholesale,16/02/2022,+33 177 991 611
747,Gamma Distribution 00747,United Kingdom,London,retail,02/16/2022,+1 733 882 840
748,Euro Kitchen 00748,,Berlin,retail,2022-02-18,+33 387 440 233
749,Nova Stores 00749,Italy,Naples,wholesale,2022-02-18,+1 178 604 115
750,Blue Restaurant 00750,US,Chicago,wholesale,2022-02-19,+39 648 057 569
751,Beta Market 00751,france,Toulouse,retail,22/02/2022,+1 926 860 015
752,North Restaurant 00752,US,Denver,retail,22/02/2022,+34 097 827 328
753,Urban Stores 00753,France,Toulouse,horeca,2022-02-23,+48 117 023 204
754,Silver Group 00754,USA,Chicago,wholesale,2022-02-24,+49 134 632 858
755,West Supplies 00755,PL,Gdansk,online,02/24/2022,+39 942 938 206
756,Alfa Market 00756,Poland,Krakow,horeca,2022-02-24,+49 891 011 842
757,Prime Deli 00757,France,Lyon,horeca,"Feb 25, 2022",+48 597 728 163
758,Beta Restaurant 00758,France,Toulouse,distributor,"Feb 25, 2022",+44 512 014 422
759,Royal Restaurant 00759,Germany,Cologne,wholesale,25/02/2022,+49 280 245 004
760,East Distribution 00760,FR,Toulouse,wholesale,02/25/2022,+34 207 900 535
761,Royal Cafe 00761,Poland,Gdansk,horeca,25/02/2022,+1 206 004 886
762,Prime Supplies 00762,FR,Paris,online,02/26/2022,+44 776 234 554
763,North Market 00763,Netherlands,Utrecht,retail,26/02/2022,+48 891 091 973
764,Delta Deli 00764,Sweden,Gothenburg,wholesale,02/26/2022,+34 476 011 726
765,Beta Partners 00765,FR,Paris,online,2022-02-28,+44 063 708 325
766,Blue Market 00766,Spain,Seville,retail,02/28/2022,+1 618 789 929
767,Gamma Kitchen 00767,UK,London,retail,2022-02-28,+1 019 688 103
768, Nova Gourmet 00768 ,Poland,Poznan,horeca,03/01/2022,+44 939 045 044
769,Urban Distribution 00769,Netherlands,Rotterdam,retail,"Mar 01, 2022",+39 297 376 861
770,Blue Trading 00770,czech republic,Ostrava,horeca,2022-03-01,+49 866 667 799
771, Baltic Gourmet 00771 ,,Boston,horeca,01/03/2022,+34 329 292 582
772,Nova Supplies 00772,Spain,Bilbao,distributor,2022-03-02,+49 313 346 098
773,Beta Cafe 00773,Norway,Stavanger,retail,2022-03-03,+1 052 188 532
774,Alfa Market 00774,uk,Leeds,online,03/04/2022,
775,Blue Deli 00775,Spain,Madrid,wholesale,2022-03-04,+49 400 026 837
776,Fresh Stores 00776,usa,Boston,retail,2022-03-04,+44 755 446 640
777,North Trading 00777,uk,London,retail,2022-03-07,+49 607 769 580
778,Central Stores 00778,Germany,Frankfurt,wholesale,2022-03-07,+49 022 857 140
779,Green Stores 00779,Poland,Warsaw,online,2022-03-08,+39 659 677 206
780, Euro Partners 00780 ,france,Nice,retail,2022-03-08,+49 312 263 710
781,Central Cafe 00781,italy,Florence,horeca,2022-03-10,+1 277 938 612
782, North Partners 00782 ,germany,Berlin,online,2022-03-11,+44 749 855 774
783,Royal Supplies 00783,France,Lyon,distributor,13/03/2022,+48 255 274 050
784, Amber Stores 00784 ,U.S.A.,Seattle,horeca,13/03/2022,+44 607 059 029
785,West Kitchen 00785,United Kingdom,Liverpool,retail,2022-03-15,+39 729 214 740
786,Central Supplies 00786,PL,Poznan,online,2022-03-15,+44 525 300 413
787,Green Group 00787,USA,Austin,distributor,16/03/2022,+1 059 460 704
788,East Deli 00788,Norway,Bergen,retail,2022-03-16,+44 555 941 039
789,Global Distribution 00789,U.S.A.,Denver,retail,"Mar 19, 2022",+44 625 934 556
790, Green Market 00790 ,Netherlands,Amsterdam,online,2022-03-19,+33 858 788 229
791,Royal Kitchen 00791,USA,Chicago,horeca,2022-03-19,+34 321 831 384
792,Prime Supplies 00792,US,Boston,online,20/03/2022,+39 768 887 309
793,Beta Cafe 00793,Poland,Gdansk,wholesale,21/03/2022,+39 392 413 648
794,Gamma Distribution 00794,Spain,Madrid,wholesale,2022-03-21,+39 162 875 747
795,Fresh Deli 00795,United Kingdom,Manchester,retail,03/22/2022,+33 632 613 354
796,Alfa Wholesale 00796,Netherlands,Amsterdam,horeca,2022-03-22,+34 450 330 077
797,Blue Distribution 00797,United Kingdom,London,retail,23/03/2022,+33 619 541 352
798,Nova Wholesale 00798,Poland,Krakow,distributor,23.03.2022,+44 125 219 933
799,Prime Restaurant 00799,Italy,Turin,horeca,2022-03-25,+49 473 642 019
800,North Foods 00800,USA,Chicago,online,2022-03-26,
801,Central Market 00801,Italy,Rome,wholesale,26/03/2022,+39 545 028 652
802,Prime Trading 00802,Netherlands,Rotterdam,distributor,03/28/2022,+39 571 173 865
803,Gamma Foods 00803,Canada,Montreal,distributor,2022-03-28,+48 813 068 564
804,Baltic Partners 00804,United Kingdom,Leeds,wholesale,03/29/2022,+1 555 940 790
805,Baltic Kitchen 00805,Germany,Munich,distributor,2022-03-29,+48 399 062 280
806,Central Gourmet 00806,Deutschland,Hamburg,wholesale,30/03/2022,+34 568 837 632
807,Euro Cafe 00807,Spain,Madrid,retail,30.03.2022,+34 350 847 736
808,East Foods 00808,Spain,Barcelona,retail,2022-03-30,+44 350 206 548
809,Gamma Foods 00809,DE,Cologne,distributor,31/03/2022,+1 551 651 166
810,North Trading 00810,,Ottawa,retail,2022-04-01,+34 873 584 703
811,Silver Stores 00811,Czech Republic,Prague,wholesale,"Apr 02, 2022",
812,Green Deli 00812,Italy,Turin,online,2022-04-03,+48 567 734 601
813,Delta Gourmet 00813,uk,London,distributor,2022-04-03,+49 835 857 482
814,Gamma Group 00814,poland,Lodz,wholesale,2022-04-03,+49 573 953 073
815,Gamma Distribution 00815,Austria,Vienna,retail,"Apr 03, 2022",+44 877 488 312
816,Silver Partners 00816,spain,Seville,horeca,2022-04-03,+33 194 338 185
817,Central Kitchen 00817,Germany,Frankfurt,retail,"Apr 04, 2022",+1 765 492 172
818,Nova Cafe 00818,germany,Hamburg,distributor,2022-04-05,
819,Nova Trading 00819,Sweden,Malmo,wholesale,05/04/2022,+48 206 891 858
820,Beta Gourmet 00820,United Kingdom,Leeds,horeca,"Apr 05, 2022",+39 913 818 403
821,Fresh Restaurant 00821,FR,Paris,distributor,04/08/2022,+1 546 283 348
822,Green Supplies 00822,Czech Republic,Brno,wholesale,2022-04-08,+33 308 745 185
823,North Market 00823,Czech Republic,Ostrava,wholesale,2022-04-08,+39 900 418 157
824,Urban Partners 00824,PL,Lodz,horeca,09/04/2022,+1 730 805 906
825,Blue Market 00825,Deutschland,Frankfurt,wholesale,2022-04-10,+48 852 788 258
826,Prime Supplies 00826,Austria,Linz,wholesale,"Apr 10, 2022",+1 171 704 398
827,Global Gourmet 00827,Spain,Bilbao,wholesale,2022-04-10,+34 953 638 406
828,Urban Cafe 00828,UK,Manchester,online,"Apr 11, 2022",
829,Silver Trading 00829,sweden,Gothenburg,distributor,04/12/2022,+44 369 815 743
830,Beta Group 00830,Germany,Frankfurt,wholesale,13/04/2022,+49 897 219 280
831,Alfa Foods 00831,Poland,Wroclaw,retail,2022-04-16,+1 287 645 841
832,Fresh Restaurant 00832,uk,London,retail,2022-04-16,+39 272 463 363
833,Fresh Market 00833,Austria,Vienna,online,"Apr 17, 2022",+44 512 704 743
834, North Distribution 00834 ,france,Lyon,wholesale,2022-04-17,+33 130 331 326
835,Prime Wholesale 00835,France,Toulouse,retail,18/04/2022,+33 867 909 802
836,North Trading 00836,Spain,Madrid,retail,04/18/2022,+34 917 210 275
837,Euro Foods 00837,italy,Rome,wholesale,19.04.2022,+1 312 621 715
838,Urban Foods 00838,germany,Berlin,retail,2022-04-20,+33 637 508 004
839,Beta Market 00839,USA,Boston,horeca,2022-04-21,+48 550 322 877
840,Global Partners 00840,italy,Naples,retail,21/04/2022,+1 566 609 460
841,Green Foods 00841,United States,Boston,wholesale,2022-04-22,+39 221 491 978
842,Global Deli 00842,France,Toulouse,wholesale,22/04/2022,+34 982 703 881
843,Blue Gourmet 00843,Netherlands,Amsterdam,horeca,"Apr 22, 2022",+1 747 725 073
844,Global Kitchen 00844,Sweden,Gothenburg,online,23/04/2022,+39 963 868 002
845,Royal Kitchen 00845,Poland,Krakow,wholesale,04/24/2022,+39 083 564 359
846,Royal Group 00846,Poland,Poznan,wholesale,"Apr 24, 2022",+44 624 274 930
847,Silver Market 00847,italy,Rome,online,2022-04-24,+39 638 262 813
848,Beta Gourmet 00848,Spain,Madrid,online,25/04/2022,+44 438 332 546
849,Alfa Partners 00849,Sweden,Stockholm,horeca,25.04.2022,+44 891 615 311
850,Prime Foods 00850,DE,Frankfurt,retail,2022-04-25,+1 435 956 417
851,West Kitchen 00851,Spain,Barcelona,horeca,"Apr 27, 2022",+33 975 156 054
852,Fresh Supplies 00852,Sweden,Uppsala,retail,2022-04-30,+34 787 341 903
853,Fresh Group 00853,,Prague,wholesale,2022-04-30,+33 918 045 193
854,Green Trading 00854,,Madrid,distributor,2022-05-01,+48 366 367 796
855,Alfa Wholesale 00855,Spain,Madrid,wholesale,02.05.2022,+34 272 446 029
856,Silver Stores 00856,Germany,Hamburg,retail,03/05/2022,+1 164 887 909
857,Gamma Trading 00857,Austria,Salzburg,retail,05/05/2022,+48 646 161 366
858,Alfa Trading 00858,Poland,Lodz,wholesale,2022-05-06,+39 568 998 650
859,Nova Deli 00859,United Kingdom,Leeds,online,07/05/2022,
860,Prime Kitchen 00860,France,Nice,retail,09.05.2022,+49 060 488 550
861,Delta Kitchen 00861,Czech Republic,Prague,online,2022-05-09,+39 508 752 495
862,Prime Stores 00862,Deutschland,Munich,distributor,"May 10, 2022",+39 822 666 187
863,Blue Stores 00863,United States,Austin,retail,11/05/2022,+44 446 361 058
864,Nova Supplies 00864,France,Paris,wholesale,"May 12, 2022",+33 377 347 062
865,Green Kitchen 00865,poland,Poznan,retail,05/12/2022,+39 099 314 232
866,Alfa Restaurant 00866,Poland,Krakow,wholesale,"May 13, 2022",+48 761 630 605
867,Baltic Group 00867,France,Nice,horeca,05/13/2022,
868,Royal Stores 00868,Poland,Lodz,retail,"May 14, 2022",+44 237 744 420
869,West Supplies 00869,germany,Frankfurt,retail,2022-05-14,+33 931 470 151
870,West Deli 00870,Spain,Bilbao,retail,2022-05-14,+33 271 006 717
871,Delta Group 00871,Poland,Lodz,online,15/05/2022,+34 973 317 405
872,Baltic Kitchen 00872,Netherlands,Rotterdam,wholesale,16/05/2022,+1 675 842 034
873,West Gourmet 00873,US,Austin,online,2022-05-16,+33 165 803 325
874,Global Restaurant 00874,germany,Cologne,retail,2022-05-17,+44 112 144 019
875,Green Distribution 00875,US,Seattle,wholesale,2022-05-18,+33 547 174 696
876,Prime Trading 00876,Netherlands,Eindhoven,online,05/21/2022,
877,Fresh Stores 00877,,Utrecht,retail,2022-05-21,+44 523 723 765
878,Delta Wholesale 00878,Italy,Florence,online,21.05.2022,+34 871 965 817
879,Alfa Deli 00879,Italy,Rome,distributor,2022-05-22,+44 422 663 906
880,Gamma Kitchen 00880,Spain,Valencia,wholesale,2022-05-22,+33 046 411 003
881,West Market 00881,Netherlands,Eindhoven,wholesale,2022-05-22,+34 808 866 379
882,Nova Wholesale 00882,france,Lyon,online,23.05.2022,+33 887 683 755
883,Delta Market 00883,PL,Warsaw,retail,2022-05-23,+39 398 640 211
884,Nova Wholesale 00884,poland,Gdansk,horeca,2022-05-24,+39 928 920 145
885,Fresh Trading 00885,Germany,Frankfurt,retail,05/25/2022,+48 182 436 861
886,Gamma Foods 00886,Italy,Milan,retail,05/26/2022,+44 935 469 425
887,Royal Stores 00887,france,Marseille,horeca,05/26/2022,
888,Royal Stores 00888,Canada,Ottawa,retail,27.05.2022,+39 292 570 861
889, Urban Kitchen 00889 ,U.S.A.,New York,wholesale,27/05/2022,+39 393 110 317
890,Royal Restaurant 00890,USA,Austin,retail,28.05.2022,+33 833 493 420
891,Fresh Restaurant 00891,czech republic,Prague,wholesale,05/29/2022,+33 144 940 599
892,Euro Market 00892,France,Marseille,horeca,2022-05-29,+34 444 754 545
893,Alfa Partners 00893,Spain,Valencia,wholesale,"May 30, 2022",+33 428 465 973
894,North Trading 00894,Sweden,Gothenburg,online,01.06.2022,+49 876 532 940
895,Beta Stores 00895,Netherlands,Rotterdam,retail,06/01/2022,+44 559 874 150
896,Green Partners 00896,United Kingdom,Liverpool,online,03/06/2022,+49 967 230 006
897,Amber Market 00897,FR,Paris,horeca,2022-06-03,+44 471 413 792
898,Delta Supplies 00898,U.S.A.,Austin,horeca,"Jun 03, 2022",+1 075 818 312
899,Amber Foods 00899,usa,New York,retail,04.06.2022,+33 047 576 567
900,Blue Foods 00900,UK,Liverpool,online,2022-06-04,+1 029 800 224
901,West Group 00901,FR,Toulouse,online,04/06/2022,+44 470 503 122
902,Euro Supplies 00902,United States,Seattle,retail,05/06/2022,+34 895 409 106
903,Delta Supplies 00903,UK,Manchester,online,2022-06-05,+48 071 825 306
904,Royal Supplies 00904,France,Nice,horeca,2022-06-05,+48 404 778 052
905,Green Partners 00905,Spain,Bilbao,retail,06/06/2022,+49 845 076 855
906,Green Cafe 00906,DE,Munich,retail,2022-06-07,+48 840 797 182
907,Amber Kitchen 00907,Germany,Hamburg,wholesale,2022-06-07,+49 829 188 698
908,Alfa Kitchen 00908,united kingdom,Bristol,horeca,2022-06-07,+39 468 868 066
909,Prime Gourmet 00909,Sweden,Stockholm,wholesale,08/06/2022,+44 147 459 153
910,Beta Market 00910,germany,Cologne,distributor,2022-06-08,+33 990 278 275
911,North Distribution 00911,Czech Republic,Pilsen,distributor,2022-06-08,+44 652 219 434
912,Amber Market 00912,France,Paris,horeca,08.06.2022,+1 897 522 329
913,Silver Stores 00913,Norway,Oslo,retail,09.06.2022,+49 247 064 443
914,Amber Cafe 00914,spain,Barcelona,distributor,2022-06-09,+33 973 935 725
915,Fresh Trading 00915,United Kingdom,Liverpool,retail,"Jun 09, 2022",
916,Euro Cafe 00916,United States,Seattle,wholesale,10/06/2022,+44 517 090 212
917,Beta Gourmet 00917,Spain,Valencia,online,10/06/2022,+34 043 665 528
918,Amber Trading 00918,usa,Chicago,distributor,2022-06-10,+44 148 519 006
919,Nova Deli 00919,Czech Republic,Prague,online,06/11/2022,+34 802 342 987
920,Gamma Market 00920,France,Paris,wholesale,11/06/2022,+34 565 665 089
921,East Group 00921,Spain,Madrid,horeca,"Jun 13, 2022",+49 043 461 360
922,Royal Cafe 00922,Deutschland,Berlin,retail,14/06/2022,+44 160 767 181
923,Silver Distribution 00923,usa,Chicago,wholesale,2022-06-14,+49 281 113 855
924,Beta Gourmet 00924,germany,Berlin,online,06/14/2022,+1 719 251 867
925,East Foods 00925,,Toulouse,wholesale,2022-06-15,+44 206 059 457
926,Blue Restaurant 00926,Polska,Krakow,retail,2022-06-15,+48 752 417 696
927,Central Gourmet 00927,Germany,Munich,horeca,15.06.2022,+44 486 395 956
928,Silver Gourmet 00928,uk,Liverpool,online,2022-06-15,+49 269 667 575
929,Blue Deli 00929,UK,Leeds,retail,2022-06-16,+39 908 280 831
930,Euro Market 00930,U.S.A.,Austin,wholesale,06/16/2022,+33 525 807 206
931,Baltic Market 00931,Spain,Seville,horeca,2022-06-16,+48 878 261 109
932,Central Supplies 00932,usa,Boston,online,2022-06-18,+49 013 966 701
933,East Kitchen 00933,Germany,Cologne,distributor,2022-06-18,+48 518 874 700
934,Blue Distribution 00934,France,Marseille,horeca,2022-06-19,+33 052 302 972
935,Global Restaurant 00935,Sweden,Gothenburg,online,2022-06-19,+44 397 042 711
936,Gamma Restaurant 00936,Netherlands,Eindhoven,online,20.06.2022,+44 651 233 609
937,Silver Partners 00937,Sweden,Uppsala,online,2022-06-22,+33 499 151 606
938,Blue Restaurant 00938,Spain,Bilbao,wholesale,2022-06-23,+48 530 354 782
939,East Kitchen 00939,poland,Gdansk,online,2022-06-23,+33 839 498 260
940,North Group 00940,USA,Seattle,horeca,23/06/2022,+48 366 050 007
941,Global Supplies 00941,Poland,Warsaw,retail,2022-06-23,+48 588 186 693
942,Gamma Deli 00942,Italy,Turin,distributor,24.06.2022,+33 232 513 987
943,Nova Deli 00943,Spain,Seville,distributor,24.06.2022,+33 169 027 434
944,West Group 00944,France,Paris,online,2022-06-24,+49 431 019 767
945,Gamma Partners 00945,USA,Boston,horeca,2022-06-25,+39 224 665 810
946,North Partners 00946,Czech Republic,Brno,retail,2022-06-25,
947,Amber Supplies 00947,,Austin,retail,06/26/2022,+34 687 496 904
948,Royal Wholesale 00948,Austria,Salzburg,retail,26.06.2022,+48 935 241 542
949,Delta Stores 00949,Czech Republic,Brno,wholesale,26/06/2022,+44 422 668 944
950,Fresh Gourmet 00950,USA,Boston,wholesale,2022-06-26,+48 681 703 514
951, Silver Kitchen 00951 ,Poland,Wroclaw,horeca,26/06/2022,+34 467 369 463
952, Central Trading 00952 ,uk,Manchester,retail,27/06/2022,+48 599 435 956
953,Global Supplies 00953,France,Paris,horeca,28.06.2022,+34 654 390 154
954,East Kitchen 00954,,Ostrava,retail,06/29/2022,+44 765 233 837
955,Euro Distribution 00955,Norway,Oslo,wholesale,"Jun 29, 2022",+49 003 806 043
956,Royal Supplies 00956,Italy,Florence,wholesale,2022-06-29,+39 721 390 657
957,Delta Distribution 00957,Norway,Oslo,retail,29/06/2022,+39 743 248 225
958,Silver Cafe 00958,poland,Poznan,retail,06/29/2022,+33 260 005 625
959,Amber Distribution 00959,france,Paris,online,"Jun 30, 2022",+33 813 530 455
960,North Supplies 00960,Germany,Cologne,retail,2022-06-30,+48 386 660 222
961,Baltic Partners 00961,austria,Vienna,retail,07/01/2022,+34 742 993 234
962,West Market 00962,poland,Wroclaw,retail,01/07/2022,+33 258 271 855
963,Fresh Gourmet 00963,france,Toulouse,wholesale,"Jul 01, 2022",+44 549 381 512
964,Blue Gourmet 00964,Netherlands,Utrecht,retail,2022-07-02,+44 336 046 619
965,Silver Restaurant 00965,,Pilsen,wholesale,03/07/2022,
966,Global Foods 00966,Netherlands,Eindhoven,distributor,2022-07-04,+48 259 885 963
967,Gamma Group 00967,Spain,Bilbao,horeca,"Jul 04, 2022",+39 832 182 281
968,Baltic Supplies 00968,Germany,Munich,wholesale,07/04/2022,+44 507 474 848
969,Global Stores 00969,Netherlands,Utrecht,wholesale,2022-07-05,
970,Silver Distribution 00970,Great Britain,Bristol,online,2022-07-06,+34 253 948 136
971,West Trading 00971,Norway,Trondheim,retail,2022-07-06,
972,Blue Wholesale 00972,PL,Krakow,retail,"Jul 06, 2022",+48 028 760 552
973,West Gourmet 00973,czech republic,Brno,wholesale,07/07/2022,+44 255 139 142
974,Euro Foods 00974,germany,Frankfurt,retail,2022-07-08,+1 383 574 713
975,Fresh Trading 00975,Germany,Hamburg,horeca,08.07.2022,+34 916 421 917
976,Blue Partners 00976,U.S.A.,Austin,retail,08/07/2022,+44 363 194 074
977,Global Foods 00977,sweden,Uppsala,retail,09/07/2022,+39 889 170 297
978,West Group 00978,Spain,Seville,wholesale,"Jul 11, 2022",
979,Fresh Market 00979,Poland,Wroclaw,retail,"Jul 11, 2022",+39 303 163 116
980,Prime Wholesale 00980,Austria,Salzburg,wholesale,11.07.2022,+34 056 345 514
981,Urban Distribution 00981,Austria,Vienna,retail,"Jul 11, 2022",+39 370 090 160
982,West Stores 00982,,Austin,retail,11/07/2022,
983,Central Partners 00983,Spain,Valencia,wholesale,"Jul 12, 2022",+34 994 751 345
984,Gamma Wholesale 00984,france,Lyon,retail,2022-07-13,
985,Central Group 00985,Poland,Wroclaw,horeca,2022-07-13,+49 790 233 497
986,Alfa Supplies 00986,france,Lyon,horeca,07/14/2022,+49 528 434 636
987,Nova Gourmet 00987,Czech Republic,Brno,distributor,"Jul 14, 2022",+39 086 940 402
988,Beta Foods 00988,U.S.A.,Denver,online,16/07/2022,+1 072 785 931
989,North Restaurant 00989,germany,Hamburg,wholesale,16/07/2022,+48 534 592 136
990,Fresh Group 00990,Austria,Linz,online,2022-07-17,
991,Beta Market 00991,spain,Valencia,wholesale,07/17/2022,+49 727 086 707
992,Delta Distribution 00992,Spain,Madrid,distributor,2022-07-17,+39 995 848 689
993,Royal Group 00993,USA,Denver,horeca,2022-07-18,+1 988 670 679
994,Central Foods 00994,Netherlands,Amsterdam,retail,2022-07-19,+1 074 362 006
995,Central Supplies 00995,sweden,Stockholm,retail,"Jul 19, 2022",+33 104 281 954
996,Central Supplies 00996,Czech Republic,Ostrava,retail,07/20/2022,+1 954 045 786
997,Blue Supplies 00997,germany,Berlin,wholesale,"Jul 21, 2022",+1 877 002 260
998,Euro Stores 00998,Germany,Cologne,wholesale,07/22/2022,+48 685 231 685
999, Euro Supplies 00999 ,Canada,Montreal,retail,2022-07-22,+48 537 914 742
1000,Urban Distribution 01000,FR,Paris,horeca,2022-07-22,+49 556 190 226
1001,Royal Deli 01001,Austria,Linz,online,22/07/2022,+1 685 784 097
1002,Delta Foods 01002,United States,Chicago,retail,"Jul 23, 2022",+48 844 851 343
1003,Royal Market 01003,france,Toulouse,horeca,07/24/2022,+1 668 969 328
1004,Delta Trading 01004,Norway,Oslo,wholesale,2022-07-24,+44 667 585 813
1005,East Kitchen 01005,,Warsaw,online,25.07.2022,
1006,Alfa Market 01006,Czech Republic,Brno,wholesale,2022-07-25,+49 914 045 392
1007,North Foods 01007,USA,Chicago,retail,25.07.2022,+34 515 382 395
1008,Green Distribution 01008,USA,Boston,wholesale,2022-07-26,+33 226 173 133
1009,Fresh Market 01009,france,Toulouse,wholesale,2022-07-26,+49 355 087 554
1010,Nova Cafe 01010,Czech Republic,Prague,horeca,2022-07-27,+1 608 927 781
1011,Urban Wholesale 01011,Spain,Seville,retail,27.07.2022,+39 332 841 742
1012,Nova Partners 01012,DE,Munich,wholesale,28.07.2022,+49 106 588 481
1013,North Stores 01013,Czech Republic,Prague,retail,2022-07-28,+39 774 662 287
1014,North Group 01014,,Turin,horeca,"Jul 28, 2022",+1 697 650 122
1015,Blue Market 01015,Poland,Poznan,wholesale,07/28/2022,+44 646 447 069
1016,Delta Kitchen 01016,Spain,Seville,wholesale,28/07/2022,+1 689 785 890
1017,Royal Supplies 01017,Spain,Madrid,online,2022-07-28,+34 330 113 317
1018,Global Cafe 01018,DE,Berlin,distributor,2022-07-29,+33 842 606 303
1019,North Distribution 01019,Czech Republic,Brno,retail,29.07.2022,+33 501 674 161
1020,East Distribution 01020,germany,Frankfurt,wholesale,07/29/2022,+1 378 520 992
1021,Fresh Foods 01021,Netherlands,Eindhoven,wholesale,"Jul 30, 2022",+34 969 312 116
1022,Amber Market 01022,Netherlands,Rotterdam,retail,07/30/2022,+44 671 277 449
1023,Delta Foods 01023,Italy,Milan,online,2022-08-01,+48 236 560 684
1024,Urban Cafe 01024,Spain,Bilbao,retail,"Aug 02, 2022",+33 612 814 298
1025,Fresh Cafe 01025,Poland,Gdansk,retail,2022-08-02,+33 718 905 646
1026,Amber Partners 01026,italy,Milan,distributor,03.08.2022,+44 826 291 622
1027,Global Distribution 01027,Polska,Gdansk,retail,03/08/2022,+34 356 169 409
1028,Amber Restaurant 01028,,Poznan,retail,03/08/2022,+33 974 907 191
1029,West Stores 01029,,Montreal,wholesale,03/08/2022,+48 745 458 568
1030,Global Restaurant 01030,Germany,Frankfurt,wholesale,04.08.2022,
1031,Fresh Supplies 01031,poland,Wroclaw,retail,"Aug 05, 2022",+48 919 539 471
1032,North Market 01032,Czech Republic,Pilsen,retail,08/06/2022,+34 772 303 699
1033,Blue Stores 01033,Poland,Lodz,horeca,07/08/2022,
1034,Fresh Market 01034,Germany,Berlin,retail,"Aug 08, 2022",+39 194 564 853
1035,Prime Supplies 01035,Netherlands,Utrecht,online,2022-08-08,+33 631 591 957
1036,Silver Stores 01036,USA,Boston,online,2022-08-08,+33 768 644 260
1037,Urban Deli 01037,Canada,Montreal,horeca,2022-08-09,+48 995 112 103
1038,Prime Wholesale 01038,Sweden,Stockholm,online,"Aug 09, 2022",+49 421 973 660
1039,Urban Restaurant 01039,italy,Rome,retail,10.08.2022,+33 208 300 729
1040,Royal Gourmet 01040,Polska,Poznan,horeca,2022-08-10,+48 973 927 184
1041,Beta Trading 01041,Spain,Seville,retail,2022-08-10,+48 501 772 865
1042,West Distribution 01042,Netherlands,Rotterdam,horeca,2022-08-11,+34 858 074 431
1043,West Restaurant 01043,USA,Chicago,wholesale,2022-08-12,+44 964 576 682
1044, West Trading 01044 ,Sweden,Uppsala,horeca,08/12/2022,
1045,North Supplies 01045,United States,Boston,wholesale,13/08/2022,+48 342 926 632
1046,Global Deli 01046,Canada,Vancouver,horeca,13/08/2022,+44 940 565 460
1047,Alfa Stores 01047,Germany,Frankfurt,wholesale,"Aug 13, 2022",+48 667 268 382
1048,West Wholesale 01048,Italy,Florence,wholesale,13.08.2022,+34 673 149 596
1049,Beta Restaurant 01049,Czech Republic,Ostrava,retail,"Aug 14, 2022",+33 395 260 387
1050,Delta Wholesale 01050,Poland,Krakow,retail,2022-08-14,+39 925 591 135
1051,Delta Foods 01051,Sweden,Malmo,retail,15/08/2022,+33 094 016 624
1052,Silver Supplies 01052,Canada,Ottawa,retail,2022-08-15,+39 118 594 803
1053,Alfa Trading 01053,Netherlands,Utrecht,wholesale,2022-08-16,+1 306 073 605
1054,North Kitchen 01054,netherlands,Amsterdam,wholesale,16.08.2022,+44 587 333 284
1055,Prime Stores 01055,,Vienna,wholesale,16.08.2022,+48 579 126 863
1056,Gamma Foods 01056,netherlands,Eindhoven,wholesale,08/17/2022,+48 120 555 827
1057,Royal Foods 01057,Spain,Valencia,distributor,18.08.2022,+1 436 891 848
1058,Urban Trading 01058,France,Marseille,retail,2022-08-19,+48 905 335 860
1059,Central Foods 01059,FR,Lyon,online,19/08/2022,+1 940 540 317
1060,Blue Deli 01060,United Kingdom,Leeds,retail,2022-08-21,+49 149 144 998
1061,North Cafe 01061,spain,Valencia,wholesale,22.08.2022,+48 753 564 043
1062,Central Foods 01062,Czech Republic,Brno,retail,2022-08-22,+48 426 047 229
1063,Royal Wholesale 01063,Italy,Milan,horeca,2022-08-22,+1 190 607 614
1064, Amber Partners 01064 ,Polska,Poznan,wholesale,22.08.2022,+44 920 987 485
1065,Baltic Partners 01065,Italy,Florence,retail,"Aug 23, 2022",+39 526 537 616
1066,Urban Wholesale 01066,United Kingdom,Liverpool,retail,"Aug 24, 2022",+33 519 193 017
1067,Prime Kitchen 01067,France,Paris,wholesale,2022-08-25,+33 016 605 460
1068,Fresh Group 01068,Austria,Salzburg,horeca,26.08.2022,
1069,Euro Foods 01069,US,Chicago,online,26/08/2022,+33 301 836 809
1070,Urban Supplies 01070,Polska,Lodz,distributor,2022-08-27,+39 761 478 855
1071,Baltic Kitchen 01071,United Kingdom,Liverpool,online,2022-08-27,+48 805 685 760
1072,Silver Foods 01072,,Austin,retail,2022-08-27,+39 184 198 173
1073,Green Deli 01073,USA,Seattle,retail,08/28/2022,+48 322 827 739
1074,East Market 01074,France,Marseille,retail,2022-08-29,+34 997 742 407
1075,Global Kitchen 01075,Czech Republic,Pilsen,wholesale,2022-08-29,+39 428 273 741
1076,Alfa Trading 01076,Czech Republic,Pilsen,retail,2022-08-30,+1 018 409 115
1077,Gamma Partners 01077,Spain,Bilbao,retail,30/08/2022,+44 731 366 284
1078,Amber Supplies 01078,UK,Liverpool,retail,2022-08-31,+1 189 449 819
1079,Silver Deli 01079,France,Paris,horeca,2022-09-01,+34 126 170 388
1080,Central Supplies 01080,,Wroclaw,distributor,01/09/2022,+48 460 201 125
1081,Urban Trading 01081,uk,Bristol,online,01/09/2022,+49 825 095 311
1082,Blue Kitchen 01082,United Kingdom,Manchester,wholesale,01.09.2022,+44 785 481 198
1083,Urban Foods 01083,United Kingdom,London,retail,"Sep 01, 2022",
1084, Gamma Partners 01084 ,Austria,Salzburg,retail,2022-09-02,+33 240 734 336
1085,Alfa Trading 01085,sweden,Stockholm,online,03/09/2022,+39 404 441 883
1086,Blue Partners 01086,Poland,Gdansk,horeca,2022-09-05,+34 290 360 645
1087,Amber Group 01087,France,Lyon,retail,2022-09-06,+44 951 147 519
1088,Amber Market 01088,Germany,Berlin,horeca,09/06/2022,+49 020 021 302
1089,Global Restaurant 01089,Sweden,Malmo,retail,"Sep 06, 2022",+44 691 888 084
1090,Blue Restaurant 01090,PL,Poznan,horeca,06.09.2022,+48 585 471 906
1091,Beta Group 01091,USA,Denver,retail,2022-09-07,+34 288 385 586
1092,Beta Restaurant 01092,Spain,Seville,retail,2022-09-09,+34 888 790 015
1093,Alfa Partners 01093,netherlands,Rotterdam,online,2022-09-09,+49 671 001 696
1094,Nova Foods 01094,Poland,Wroclaw,online,2022-09-09,+44 683 184 310
1095,Global Kitchen 01095,Great Britain,London,wholesale,"Sep 09, 2022",
1096,North Deli 01096,United States,Boston,wholesale,2022-09-10,
1097,Nova Distribution 01097,spain,Barcelona,horeca,2022-09-11,+33 680 789 709
1098,Baltic Partners 01098,,Berlin,distributor,2022-09-12,+49 943 947 542
1099, Urban Kitchen 01099 ,poland,Warsaw,online,2022-09-12,+33 199 964 736
1100,Nova Foods 01100,Poland,Krakow,retail,12/09/2022,+34 790 796 207
1101,Global Wholesale 01101,Poland,Krakow,wholesale,14.09.2022,+1 397 943 625
1102,North Foods 01102,Sweden,Gothenburg,retail,"Sep 16, 2022",+48 171 417 356
1103,Fresh Distribution 01103,Netherlands,Eindhoven,retail,2022-09-17,+33 104 779 671
1104,Green Deli 01104,poland,Gdansk,online,17.09.2022,+48 649 402 190
1105,East Deli 01105,USA,Chicago,retail,09/17/2022,+1 918 504 395
1106,Alfa Gourmet 01106,Poland,Wroclaw,retail,2022-09-18,+33 407 019 055
1107,West Cafe 01107,Czech Republic,Prague,wholesale,2022-09-21,+34 615 491 492
1108,Baltic Cafe 01108,USA,New York,retail,2022-09-22,+34 337 861 053
1109,Baltic Restaurant 01109,Canada,Montreal,horeca,2022-09-22,+34 363 948 326
1110,Urban Cafe 01110,United States,New York,wholesale,22/09/2022,+39 937 262 052
1111,Global Wholesale 01111,netherlands,Rotterdam,horeca,2022-09-23,+44 819 384 687
1112,Gamma Cafe 01112,Sweden,Malmo,wholesale,23.09.2022,+33 647 679 068
1113,Global Market 01113,United Kingdom,Manchester,distributor,09/24/2022,+1 932 294 877
1114,Nova Stores 01114,France,Nice,retail,25/09/2022,+39 436 478 473
1115,Blue Kitchen 01115,usa,Seattle,distributor,26.09.2022,+39 159 630 174
1116,Urban Group 01116,Norway,Trondheim,wholesale,26.09.2022,+39 336 489 797
1117,Alfa Distribution 01117,Italy,Florence,online,2022-09-26,+39 613 781 323
1118, Nova Supplies 01118 ,Spain,Bilbao,distributor,"Sep 27, 2022",+44 190 467 336
1119,Urban Trading 01119,Germany,Cologne,retail,27/09/2022,+44 322 677 485
1120,Beta Cafe 01120,Netherlands,Utrecht,wholesale,27/09/2022,+49 085 800 810
1121,West Distribution 01121,Sweden,Malmo,retail,2022-09-28,+39 139 063 823
1122, Green Wholesale 01122 ,France,Toulouse,horeca,2022-09-28,+39 778 870 043
1123,North Supplies 01123,UK,Leeds,online,2022-09-29,+34 535 077 979
1124,Beta Gourmet 01124,Netherlands,Rotterdam,horeca,10/01/2022,
1125,Beta Distribution 01125,Germany,Frankfurt,retail,01/10/2022,+34 723 389 355
1126,Nova Restaurant 01126,United Kingdom,Leeds,retail,2022-10-01,+49 295 389 249
1127,East Cafe 01127,US,Seattle,wholesale,2022-10-02,+44 903 557 463
1128,Beta Foods 01128,Germany,Frankfurt,horeca,03/10/2022,+1 799 743 138
1129,Prime Supplies 01129,United Kingdom,Leeds,wholesale,03/10/2022,+1 381 352 246
1130,West Stores 01130,France,Nice,retail,2022-10-04,+49 056 812 505
1131,East Kitchen 01131,Italy,Naples,online,2022-10-04,+44 739 572 103
1132,Royal Stores 01132,,Brno,distributor,2022-10-04,+49 778 561 428
1133,Alfa Gourmet 01133,Sweden,Uppsala,retail,2022-10-04,+39 487 701 752
1134,Amber Foods 01134,spain,Bilbao,online,2022-10-05,+48 423 971 402
1135,North Foods 01135,Canada,Montreal,online,"Oct 06, 2022",+34 607 659 900
1136,Green Supplies 01136,Poland,Wroclaw,wholesale,2022-10-06,+1 592 416 412
1137,Beta Stores 01137,United Kingdom,Leeds,horeca,2022-10-06,+49 469 011 583
1138,Urban Cafe 01138,Spain,Seville,wholesale,2022-10-07,
1139,Gamma Foods 01139,U.S.A.,Seattle,wholesale,2022-10-07,+44 674 418 883
1140,North Restaurant 01140,Germany,Berlin,retail,08/10/2022,+34 519 786 144
1141,Baltic Partners 01141,UK,London,wholesale,2022-10-08,+33 000 037 160
1142,Alfa Group 01142,Deutschland,Cologne,retail,"Oct 09, 2022",+49 225 047 078
1143,Prime Deli 01143,Polska,Warsaw,horeca,2022-10-10,+39 480 493 812
1144, East Partners 01144 ,United Kingdom,Leeds,wholesale,10/10/2022,+44 672 811 768
1145,Silver Restaurant 01145,DE,Munich,wholesale,2022-10-11,+33 868 991 580
1146,Alfa Gourmet 01146,Austria,Linz,horeca,12.10.2022,+34 972 174 853
1147,Green Supplies 01147,Great Britain,London,online,2022-10-12,+34 058 840 542
1148,Gamma Deli 01148,Sweden,Malmo,online,2022-10-12,+49 145 976 676
1149,North Partners 01149,Austria,Vienna,retail,2022-10-12,+34 801 062 461
1150,Baltic Group 01150,usa,Chicago,retail,2022-10-13,+48 515 546 411
1151,Alfa Supplies 01151,UK,Liverpool,wholesale,2022-10-14,+49 899 470 598
1152,Delta Wholesale 01152,Italy,Naples,online,"Oct 14, 2022",+33 051 256 716
1153,Urban Group 01153,USA,Austin,retail,10/15/2022,+34 921 664 172
1154,Gamma Deli 01154,Norway,Trondheim,online,"Oct 15, 2022",+44 504 470 038
1155,Green Stores 01155,United Kingdom,Manchester,wholesale,2022-10-15,+33 785 285 399
1156,Fresh Cafe 01156,czech republic,Prague,retail,16/10/2022,+33 595 910 093
1157,North Market 01157,USA,New York,retail,16/10/2022,+39 473 095 605
1158,Nova Distribution 01158,france,Lyon,horeca,16.10.2022,+33 586 347 314
1159,Fresh Foods 01159,sweden,Malmo,wholesale,16.10.2022,+48 261 180 209
1160,Baltic Foods 01160,DE,Frankfurt,retail,2022-10-17,+44 648 485 135
1161,Amber Cafe 01161,Netherlands,Rotterdam,wholesale,"Oct 17, 2022",+48 591 712 695
1162,Gamma Stores 01162,United Kingdom,Bristol,online,17/10/2022,+48 821 852 707
1163,Baltic Kitchen 01163,Austria,Vienna,retail,2022-10-18,+33 188 813 209
1164,East Wholesale 01164,Spain,Barcelona,online,2022-10-18,+44 479 672 687
1165,Beta Stores 01165,,Gdansk,horeca,18.10.2022,+44 066 281 532
1166,Green Partners 01166,Sweden,Uppsala,retail,19/10/2022,+34 636 823 140
1167,Blue Partners 01167,France,Lyon,distributor,2022-10-19,
1168,Fresh Restaurant 01168,USA,Chicago,wholesale,19.10.2022,+1 605 063 407
1169,Alfa Trading 01169,USA,Boston,distributor,"Oct 19, 2022",+48 773 201 085
1170,Central Trading 01170,France,Toulouse,wholesale,2022-10-19,+49 673 343 032
1171,Nova Distribution 01171,france,Toulouse,horeca,10/19/2022,+1 114 345 669
1172,Delta Distribution 01172,USA,Boston,wholesale,2022-10-21,+39 356 520 227
1173,Royal Kitchen 01173,Austria,Graz,retail,21/10/2022,+49 941 196 029
1174,Alfa Distribution 01174,USA,Austin,wholesale,2022-10-22,+34 915 626 194
1175,Amber Trading 01175,,Wroclaw,horeca,2022-10-22,+48 550 713 003
1176,Prime Group 01176,US,Denver,retail,"Oct 22, 2022",+48 975 688 188
1177,North Group 01177,Germany,Berlin,wholesale,10/22/2022,+48 371 618 132
1178,Urban Trading 01178,DE,Berlin,retail,2022-10-23,+34 016 534 892
1179,Silver Supplies 01179,Polska,Wroclaw,retail,23/10/2022,
1180,Delta Restaurant 01180,germany,Cologne,horeca,2022-10-24,+49 256 327 578
1181,Nova Deli 01181,USA,Chicago,retail,2022-10-24,+49 157 214 713
1182,Green Trading 01182,Netherlands,Rotterdam,wholesale,2022-10-24,+34 894 963 888
1183,Beta Supplies 01183,Norway,Bergen,wholesale,25/10/2022,+1 147 457 425
1184, Global Cafe 01184 ,italy,Turin,online,2022-10-25,+39 801 178 025
1185,Central Group 01185,USA,Austin,online,25/10/2022,+44 999 425 981
1186,Euro Market 01186,Netherlands,Utrecht,wholesale,26/10/2022,+44 300 770 563
1187, Euro Cafe 01187 ,France,Paris,horeca,2022-10-26,
1188,Nova Kitchen 01188,Netherlands,Amsterdam,retail,27.10.2022,+1 254 156 032
1189,Amber Stores 01189,Canada,Ottawa,horeca,2022-10-27,+44 627 792 230
1190,Amber Wholesale 01190,Poland,Gdansk,horeca,2022-10-27,+39 443 191 582
1191,Alfa Stores 01191,germany,Hamburg,wholesale,2022-10-28,+33 839 549 196
1192,Royal Wholesale 01192,Spain,Bilbao,wholesale,2022-10-28,+48 790 902 893
1193,Urban Supplies 01193,france,Paris,online,"Oct 28, 2022",+39 688 765 409
1194,Urban Kitchen 01194,United Kingdom,Leeds,retail,29.10.2022,+1 102 715 278
1195,Global Supplies 01195,PL,Warsaw,distributor,2022-10-31,+1 449 203 979
1196,Blue Deli 01196,france,Nice,online,31.10.2022,+44 205 590 232
1197,Alfa Partners 01197,Netherlands,Amsterdam,retail,2022-10-31,+34 971 788 773
1198,Blue Wholesale 01198,Czech Republic,Brno,horeca,2022-11-01,+1 716 790 402
1199,West Gourmet 01199,USA,Seattle,retail,2022-11-03,+34 322 811 606
1200,Urban Market 01200,Netherlands,Utrecht,retail,11/04/2022,+39 778 471 641
1201,Gamma Cafe 01201,Poland,Warsaw,online,04.11.2022,+1 899 075 446
1202,Beta Supplies 01202,Great Britain,Liverpool,horeca,"Nov 05, 2022",+34 812 711 847
1203,West Restaurant 01203,usa,Boston,retail,2022-11-05,+34 148 740 593
1204,Royal Supplies 01204,poland,Poznan,horeca,2022-11-06,
1205,East Partners 01205,netherlands,Amsterdam,online,08.11.2022,+33 275 322 776
1206,Prime Partners 01206,Italy,Rome,wholesale,11/09/2022,
1207,Amber Gourmet 01207,poland,Poznan,horeca,09.11.2022,+1 658 383 060
1208,Silver Wholesale 01208,UK,London,retail,2022-11-09,+39 103 701 311
1209,North Cafe 01209,Netherlands,Utrecht,distributor,11/09/2022,+48 111 390 494
1210,Amber Group 01210,UK,London,retail,10/11/2022,+1 575 793 101
1211,Prime Partners 01211,Germany,Frankfurt,distributor,2022-11-10,+34 295 173 418
1212,Delta Partners 01212,Canada,Montreal,retail,11/11/2022,+34 167 830 273
1213,Alfa Group 01213,France,Toulouse,online,2022-11-11,+39 618 635 773
1214,Beta Restaurant 01214,Polska,Gdansk,horeca,11/11/2022,+39 190 773 390
1215,Beta Wholesale 01215,Italy,Rome,online,2022-11-12,+33 705 933 879
1216,Central Foods 01216,France,Paris,distributor,"Nov 12, 2022",+34 152 540 517
1217,Blue Wholesale 01217,United Kingdom,Bristol,retail,2022-11-13,+44 902 642 381
1218,Royal Market 01218,Germany,Munich,retail,2022-11-13,+49 501 111 959
1219,North Gourmet 01219,Spain,Valencia,wholesale,2022-11-13,+44 899 269 058
1220,East Wholesale 01220,Czech Republic,Ostrava,retail,2022-11-14,+48 596 134 567
1221,Prime Kitchen 01221,Netherlands,Eindhoven,wholesale,14.11.2022,+1 269 826 397
1222,West Group 01222,Poland,Gdansk,retail,2022-11-14,+48 251 509 250
1223,Nova Restaurant 01223,Spain,Seville,retail,15/11/2022,+33 042 581 699
1224,Prime Restaurant 01224,Netherlands,Eindhoven,retail,16.11.2022,
1225,East Supplies 01225,Spain,Valencia,wholesale,"Nov 17, 2022",+1 646 547 975
1226,Baltic Stores 01226,poland,Lodz,distributor,17/11/2022,+49 269 555 136
1227,Green Supplies 01227,germany,Munich,retail,2022-11-17,+33 437 413 798
1228,Alfa Supplies 01228,DE,Berlin,online,18.11.2022,+39 507 559 590
1229,Delta Foods 01229,Italy,Naples,online,11/18/2022,+48 168 111 975
1230,Euro Wholesale 01230,Polska,Krakow,retail,18/11/2022,
1231,Global Distribution 01231,Poland,Warsaw,retail,2022-11-18,+1 041 524 781
1232,Blue Group 01232,France,Lyon,wholesale,18/11/2022,+48 955 257 983
1233,East Kitchen 01233,Germany,Berlin,retail,2022-11-19,+44 397 242 243
1234,Urban Group 01234,Canada,Toronto,horeca,2022-11-19,+33 402 232 649
1235,Silver Gourmet 01235,Sweden,Gothenburg,retail,2022-11-19,+49 687 010 316
1236,Beta Supplies 01236,norway,Bergen,retail,19/11/2022,+1 154 872 456
1237,Fresh Restaurant 01237,US,Boston,wholesale,2022-11-19,
1238,Delta Group 01238,uk,Liverpool,distributor,2022-11-20,+49 441 483 084
1239,Gamma Wholesale 01239,usa,Seattle,wholesale,2022-11-20,+44 990 353 019
1240, Green Trading 01240 ,Poland,Poznan,wholesale,21/11/2022,+33 766 906 317
1241,West Foods 01241,Czech Republic,Pilsen,retail,11/21/2022,
1242,Green Wholesale 01242,France,Paris,retail,21/11/2022,+34 369 920 920
1243,Alfa Stores 01243,Canada,Ottawa,retail,"Nov 22, 2022",
1244,Urban Foods 01244,USA,Chicago,wholesale,2022-11-22,+48 460 941 548
1245,Prime Group 01245,Poland,Gdansk,retail,2022-11-23,+48 584 062 571
1246,Global Partners 01246,Norway,Stavanger,retail,24.11.2022,+39 162 804 474
1247,Delta Foods 01247,France,Nice,online,2022-11-24,+34 162 654 151
1248,Fresh Deli 01248,Spain,Bilbao,wholesale,2022-11-24,+39 256 340 024
1249,Euro Partners 01249,UK,London,retail,"Nov 25, 2022",+1 967 519 135
1250,Global Foods 01250,poland,Warsaw,online,25/11/2022,+1 414 995 055
1251,Global Market 01251,,Valencia,online,11/27/2022,
1252,Beta Group 01252,Sweden,Stockholm,retail,"Nov 28, 2022",+33 761 316 983
1253,North Stores 01253,PL,Poznan,retail,28/11/2022,+33 289 408 410
1254,Alfa Supplies 01254,Austria,Graz,retail,28/11/2022,+39 999 828 875
1255,Baltic Supplies 01255,FR,Toulouse,distributor,2022-11-28,+49 814 352 514
1256,Urban Partners 01256,USA,New York,wholesale,28/11/2022,+44 891 389 076
1257,Nova Partners 01257,Germany,Hamburg,retail,2022-11-28,+49 835 982 438
1258,Nova Kitchen 01258,spain,Bilbao,horeca,2022-11-28,+33 045 415 990
1259,Global Deli 01259,US,Denver,retail,2022-11-28,+44 993 353 648
1260,Prime Market 01260,U.S.A.,Denver,retail,"Nov 29, 2022",+49 585 818 074
1261,Urban Deli 01261,United Kingdom,Manchester,online,"Nov 29, 2022",+44 418 524 767
1262,Urban Kitchen 01262,france,Paris,distributor,29.11.2022,+49 992 186 906
1263,Silver Deli 01263,PL,Krakow,retail,11/30/2022,+49 396 024 297
1264,Beta Group 01264,,Denver,retail,2022-11-30,+33 665 384 908
1265,West Stores 01265,USA,New York,horeca,"Nov 30, 2022",+48 808 186 464
1266,Amber Kitchen 01266,France,Paris,retail,2022-12-01,+44 915 642 319
1267,Amber Gourmet 01267,Great Britain,Liverpool,retail,2022-12-01,+1 667 738 447
1268,Silver Wholesale 01268,FR,Marseille,horeca,02.12.2022,+39 228 204 887
1269,Central Restaurant 01269,Czech Republic,Ostrava,wholesale,02/12/2022,
1270,West Restaurant 01270,poland,Gdansk,horeca,2022-12-03,+33 732 837 094
1271,Urban Kitchen 01271,United Kingdom,Manchester,wholesale,2022-12-03,+48 672 149 573
1272,Green Supplies 01272,United Kingdom,Liverpool,retail,2022-12-04,+34 015 306 032
1273,Central Group 01273,Sweden,Malmo,horeca,04/12/2022,+39 034 974 280
1274,Blue Deli 01274,Czech Republic,Prague,retail,2022-12-04,+44 416 925 100
1275,Alfa Restaurant 01275,FR,Toulouse,retail,12/05/2022,+34 659 277 176
1276,Amber Distribution 01276,,Vienna,online,2022-12-05,+34 815 304 870
1277,West Trading 01277,uk,Manchester,online,2022-12-06,+34 657 370 256
1278,Silver Kitchen 01278,Sweden,Gothenburg,retail,2022-12-07,+48 376 303 117
1279,Prime Kitchen 01279,uk,Liverpool,horeca,2022-12-07,+44 305 495 633
1280,Gamma Market 01280,Netherlands,Rotterdam,retail,2022-12-08,+1 418 218 119
1281,North Gourmet 01281,FR,Nice,wholesale,"Dec 08, 2022",+48 709 955 339
1282,Amber Trading 01282,France,Toulouse,wholesale,2022-12-08,+34 886 083 453
1283,Blue Trading 01283,France,Marseille,wholesale,2022-12-08,+44 097 129 019
1284,Gamma Stores 01284,FR,Paris,retail,2022-12-09,+48 807 773 939
1285,Beta Group 01285,usa,Boston,distributor,09.12.2022,
1286,North Group 01286,Poland,Krakow,online,2022-12-10,+1 231 998 829
1287,Amber Wholesale 01287,Italy,Turin,retail,2022-12-10,+49 979 275 983
1288,Alfa Kitchen 01288,Canada,Ottawa,wholesale,2022-12-10,+33 441 335 841
1289,Beta Restaurant 01289,poland,Krakow,distributor,"Dec 10, 2022",
1290,West Market 01290,U.S.A.,Chicago,wholesale,2022-12-11,+48 585 982 322
1291,Global Trading 01291,Germany,Cologne,online,2022-12-11,+49 297 628 652
1292,Amber Trading 01292,France,Paris,online,12/12/2022,+44 225 492 112
1293,Gamma Foods 01293,United States,New York,distributor,13/12/2022,+39 925 559 156
1294,East Cafe 01294,Italy,Milan,online,2022-12-13,+49 533 163 273
1295,Nova Supplies 01295,USA,Denver,retail,2022-12-14,+48 088 411 382
1296,West Supplies 01296,FR,Nice,horeca,14/12/2022,+33 540 984 157
1297,Euro Gourmet 01297,Czech Republic,Ostrava,retail,2022-12-15,+1 760 806 526
1298,Beta Stores 01298,Czech Republic,Brno,wholesale,12/15/2022,+48 675 288 446
1299,Beta Group 01299,germany,Hamburg,horeca,2022-12-15,+33 981 484 093
1300,Fresh Restaurant 01300,Spain,Seville,retail,"Dec 16, 2022",
1301, Fresh Restaurant 01301 ,,Berlin,wholesale,17.12.2022,+39 771 857 603
1302,Central Supplies 01302,Spain,Bilbao,online,17.12.2022,+44 209 576 611
1303,Urban Group 01303,Deutschland,Cologne,retail,2022-12-18,+34 500 834 297
1304,Central Market 01304,Austria,Linz,online,"Dec 18, 2022",+34 009 705 979
1305,East Group 01305,Germany,Frankfurt,horeca,2022-12-18,+33 296 032 746
1306,Baltic Market 01306,DE,Cologne,wholesale,2022-12-19,
1307,Global Distribution 01307,sweden,Malmo,retail,"Dec 19, 2022",+34 565 512 403
1308,North Gourmet 01308,Canada,Montreal,online,2022-12-20,+44 083 874 789
1309,Blue Market 01309,USA,Chicago,distributor,2022-12-21,+49 117 082 084
1310,Gamma Foods 01310,usa,Chicago,online,2022-12-21,+49 642 573 554
1311,Nova Stores 01311,United Kingdom,Leeds,horeca,21.12.2022,+1 484 993 636
1312,Silver Kitchen 01312,PL,Krakow,wholesale,21.12.2022,+34 632 819 191
1313,Euro Distribution 01313,Polska,Wroclaw,distributor,12/22/2022,+48 569 500 729
1314,Beta Wholesale 01314,Netherlands,Rotterdam,wholesale,"Dec 23, 2022",+33 284 737 902
1315,Blue Restaurant 01315,Czech Republic,Ostrava,online,24/12/2022,+48 269 807 994
1316,Prime Deli 01316,france,Toulouse,online,25/12/2022,+33 650 584 945
1317,Silver Trading 01317,Germany,Berlin,online,25/12/2022,+33 261 794 827
1318,Urban Distribution 01318,usa,Boston,distributor,2022-12-25,+39 291 485 031
1319, Alfa Restaurant 01319 ,United Kingdom,Liverpool,wholesale,12/26/2022,+33 840 463 054
1320,Beta Kitchen 01320,France,Marseille,wholesale,27.12.2022,+33 134 183 775
1321,Green Partners 01321,usa,Seattle,retail,2022-12-27,+39 986 282 060
1322,Global Gourmet 01322,Spain,Barcelona,wholesale,2022-12-27,+39 476 480 602
1323,Beta Stores 01323,Sweden,Malmo,wholesale,2022-12-27,+49 850 683 738
1324,Delta Stores 01324,Austria,Linz,horeca,29/12/2022,+44 042 304 310
1325,Blue Distribution 01325,poland,Krakow,distributor,2022-12-29,+34 162 941 723
1326,Green Gourmet 01326,PL,Krakow,wholesale,29.12.2022,+1 956 474 641
1327,Fresh Stores 01327,Italy,Rome,retail,2022-12-30,+39 341 123 227
1328,Euro Stores 01328,Spain,Barcelona,retail,30/12/2022,+48 947 332 635
1329,Beta Supplies 01329,france,Lyon,online,2022-12-30,
1330,Gamma Deli 01330,Poland,Poznan,retail,"Dec 30, 2022",+1 505 139 091
1331,Baltic Deli 01331,France,Toulouse,horeca,"Dec 30, 2022",+49 819 966 369
1332,West Group 01332,Austria,Graz,retail,2022-12-30,+33 219 878 804
1333,West Foods 01333,france,Marseille,retail,31/12/2022,+34 968 664 466
1334,Green Partners 01334,Spain,Madrid,horeca,2023-01-01,+48 417 564 882
1335,Urban Market 01335,Germany,Berlin,online,"Jan 02, 2023",+1 245 856 912
1336,Nova Restaurant 01336,Spain,Bilbao,retail,2023-01-02,+48 797 553 377
1337,Gamma Deli 01337,Poland,Lodz,horeca,01/02/2023,+49 956 010 047
1338,Euro Foods 01338,Germany,Frankfurt,distributor,"Jan 03, 2023",+44 284 383 085
1339,Delta Supplies 01339,Spain,Seville,retail,04/01/2023,+49 643 185 511
1340,North Deli 01340,United Kingdom,Liverpool,distributor,2023-01-04,+39 873 783 679
1341,Nova Wholesale 01341,United Kingdom,London,wholesale,2023-01-04,+1 315 348 693
1342,Beta Wholesale 01342,USA,Seattle,retail,04/01/2023,+48 456 923 765
1343,West Kitchen 01343,Czech Republic,Ostrava,retail,2023-01-04,+44 455 706 920
1344,Beta Stores 01344,United Kingdom,Leeds,wholesale,2023-01-04,+39 135 041 609
1345, North Stores 01345 ,Spain,Seville,retail,2023-01-05,+39 049 833 570
1346,Euro Distribution 01346,Sweden,Uppsala,retail,05.01.2023,+44 625 637 046
1347,Gamma Group 01347,germany,Berlin,horeca,06.01.2023,+49 451 711 376
1348,Global Partners 01348,France,Nice,horeca,01/06/2023,+48 449 607 633
1349,Euro Supplies 01349,Deutschland,Cologne,wholesale,07/01/2023,+39 401 571 773
1350,Urban Restaurant 01350,Norway,Trondheim,retail,01/07/2023,+1 718 960 393
1351,Fresh Foods 01351,Netherlands,Utrecht,distributor,2023-01-07,
1352,Gamma Trading 01352,poland,Gdansk,retail,2023-01-08,+34 122 473 697
1353,Euro Trading 01353,Germany,Cologne,retail,01/08/2023,+49 957 784 904
1354,North Trading 01354,United Kingdom,Liverpool,retail,09/01/2023,+1 465 558 521
1355,Green Wholesale 01355,Spain,Madrid,wholesale,2023-01-11,+34 193 907 433
1356,Silver Foods 01356,Netherlands,Amsterdam,wholesale,2023-01-12,+33 398 736 114
1357,Fresh Stores 01357,uk,Bristol,wholesale,2023-01-13,+39 372 959 571
1358,Beta Deli 01358,USA,New York,wholesale,2023-01-13,+34 108 447 041
1359, Silver Restaurant 01359 ,PL,Lodz,distributor,2023-01-15,+34 733 649 363
1360,Global Distribution 01360,Sweden,Gothenburg,online,2023-01-15,+48 773 161 109
1361,West Trading 01361,Czech Republic,Prague,horeca,2023-01-15,
1362,Royal Partners 01362,Italy,Rome,distributor,2023-01-16,+48 817 583 266
1363,East Group 01363,Austria,Salzburg,online,2023-01-16,+33 576 542 803
1364,North Stores 01364,Canada,Vancouver,wholesale,2023-01-19,+48 415 291 746
1365,Royal Kitchen 01365,Sweden,Gothenburg,wholesale,"Jan 19, 2023",+44 356 909 324
1366,Global Wholesale 01366,DE,Cologne,horeca,19/01/2023,+48 364 890 972
1367,East Partners 01367,UK,Manchester,retail,2023-01-20,+33 442 300 248
1368,Amber Restaurant 01368,france,Nice,wholesale,2023-01-20,+33 509 592 236
1369, East Foods 01369 ,USA,Seattle,horeca,2023-01-20,+34 112 286 254
1370,Green Group 01370,,Seville,online,2023-01-21,
1371,Prime Foods 01371,Norway,Oslo,retail,"Jan 22, 2023",
1372,North Stores 01372,United Kingdom,Manchester,online,22.01.2023,+1 698 237 107
1373,West Deli 01373,Sweden,Stockholm,retail,22/01/2023,+49 861 672 492
1374,Silver Restaurant 01374,France,Lyon,horeca,23/01/2023,+39 073 881 540
1375,West Trading 01375,Austria,Vienna,horeca,2023-01-23,+39 677 314 512
1376,West Deli 01376,Austria,Vienna,wholesale,27.01.2023,+48 336 322 024
1377, Amber Wholesale 01377 ,Italy,Rome,distributor,2023-01-27,+49 877 997 607
1378,Royal Supplies 01378,PL,Wroclaw,retail,2023-01-27,+34 495 463 025
1379,Baltic Kitchen 01379,Germany,Cologne,distributor,"Jan 28, 2023",+48 382 787 539
1380,Gamma Stores 01380,norway,Oslo,retail,28/01/2023,+39 601 217 139
1381,Global Gourmet 01381,USA,Austin,retail,"Jan 29, 2023",+33 911 403 144
1382,Alfa Gourmet 01382,Czech Republic,Brno,wholesale,"Jan 29, 2023",+1 924 609 090
1383,Alfa Stores 01383,Sweden,Stockholm,online,2023-01-30,+34 396 224 025
1384,East Cafe 01384,Spain,Valencia,online,31/01/2023,
1385,Fresh Distribution 01385,Germany,Cologne,wholesale,2023-02-01,
1386,East Market 01386,Poland,Poznan,retail,01/02/2023,+1 638 642 580
1387,Baltic Trading 01387,United Kingdom,Leeds,wholesale,02/03/2023,+1 853 310 193
1388,Blue Gourmet 01388,poland,Poznan,wholesale,04/02/2023,+44 163 998 677
1389,North Restaurant 01389,United Kingdom,Bristol,retail,02/05/2023,+39 184 246 918
1390,East Restaurant 01390,Germany,Frankfurt,retail,2023-02-05,+48 609 464 832
1391,Royal Supplies 01391,norway,Trondheim,wholesale,05/02/2023,+44 951 344 010
1392,Global Kitchen 01392,USA,New York,online,2023-02-06,+33 855 542 370
1393,North Stores 01393,Italy,Turin,online,07/02/2023,+34 825 616 198
1394,East Stores 01394,netherlands,Amsterdam,horeca,08/02/2023,+39 587 613 688
1395,Gamma Cafe 01395,Italy,Naples,horeca,2023-02-08,+33 069 049 946
1396,Amber Gourmet 01396,United States,Austin,retail,"Feb 08, 2023",+39 154 794 646
1397,Green Distribution 01397,Germany,Hamburg,wholesale,09.02.2023,+1 803 144 632
1398,Euro Supplies 01398,france,Nice,online,2023-02-11,+34 943 348 487
1399,Royal Trading 01399,Spain,Valencia,retail,2023-02-11,+48 264 092 048
1400,Green Partners 01400,Poland,Gdansk,online,2023-02-12,+33 191 086 917
1401,Global Restaurant 01401,,Paris,distributor,02/12/2023,+44 913 020 328
1402,Nova Deli 01402,Germany,Munich,wholesale,2023-02-13,+1 590 486 684
1403, Euro Restaurant 01403 ,Sweden,Malmo,horeca,13.02.2023,
1404,North Deli 01404,uk,London,horeca,14.02.2023,+39 639 326 448
1405,Royal Gourmet 01405,DE,Berlin,horeca,2023-02-14,+1 926 077 988
1406,East Partners 01406,Austria,Vienna,online,2023-02-15,+48 660 950 534
1407,Green Cafe 01407,Netherlands,Amsterdam,wholesale,15.02.2023,+33 875 001 085
1408,Beta Cafe 01408,PL,Poznan,retail,02/16/2023,+34 256 812 570
1409,Beta Supplies 01409,Spain,Seville,horeca,2023-02-17,+48 017 750 105
1410,West Deli 01410,france,Nice,retail,"Feb 17, 2023",+33 130 843 141
1411,Central Distribution 01411,,Salzburg,distributor,02/18/2023,+49 535 414 074
1412,Delta Wholesale 01412,United Kingdom,Manchester,horeca,02/19/2023,+44 452 808 186
1413,Fresh Trading 01413,Germany,Berlin,wholesale,2023-02-19,+48 636 885 318
1414,Beta Restaurant 01414,,Valencia,online,2023-02-20,+33 058 629 971
1415,West Gourmet 01415,Netherlands,Amsterdam,wholesale,2023-02-20,+48 620 285 993
1416,Global Partners 01416,DE,Berlin,wholesale,2023-02-20,+49 775 505 229
1417,Silver Stores 01417,Poland,Warsaw,retail,2023-02-20,+49 017 754 854
1418,Fresh Gourmet 01418,Germany,Frankfurt,retail,2023-02-21,+48 716 866 489
1419,Baltic Stores 01419,Netherlands,Eindhoven,retail,2023-02-22,+44 370 081 929
1420, Royal Stores 01420 ,FR,Marseille,wholesale,2023-02-23,+49 471 783 649
1421,Green Cafe 01421,Netherlands,Eindhoven,horeca,02/24/2023,+48 521 226 694
1422,Euro Stores 01422,,Gdansk,retail,2023-02-24,+44 612 594 780
1423,Gamma Market 01423,Germany,Cologne,wholesale,02/24/2023,+1 887 562 225
1424,Baltic Wholesale 01424,Great Britain,Manchester,horeca,2023-02-25,+1 209 460 847
1425,Beta Restaurant 01425,sweden,Uppsala,online,02/26/2023,+33 395 559 704
1426,Royal Distribution 01426,france,Nice,retail,2023-02-26,+44 613 049 881
1427,Central Deli 01427,Netherlands,Utrecht,wholesale,27/02/2023,+34 880 617 588
1428,North Cafe 01428,Netherlands,Utrecht,horeca,2023-02-27,+44 085 943 081
1429,Baltic Trading 01429,uk,Leeds,wholesale,2023-02-28,+1 201 317 088
1430,Silver Cafe 01430,france,Toulouse,horeca,2023-02-28,+44 178 491 918
1431,Alfa Wholesale 01431,Polska,Warsaw,retail,01.03.2023,+39 223 251 110
1432, Prime Wholesale 01432 ,PL,Lodz,retail,03/01/2023,+48 504 370 327
1433,Royal Wholesale 01433,Germany,Munich,retail,2023-03-01,+34 610 010 540
1434,Nova Market 01434,france,Toulouse,retail,2023-03-01,+33 623 075 378
1435,Silver Wholesale 01435,sweden,Stockholm,retail,2023-03-02,+34 924 233 120
1436,East Stores 01436,uk,Liverpool,online,03/03/2023,+39 180 400 451
1437, Royal Deli 01437 ,Czech Republic,Pilsen,wholesale,03/03/2023,+34 609 266 768
1438,Global Foods 01438,Deutschland,Berlin,retail,"Mar 03, 2023",+34 765 171 842
1439,Baltic Deli 01439,poland,Krakow,wholesale,2023-03-04,+39 210 383 566
1440,Beta Deli 01440,uk,Leeds,retail,04/03/2023,+48 647 542 089
1441,Amber Distribution 01441,FR,Nice,horeca,2023-03-05,+49 051 993 040
1442,Central Trading 01442,United Kingdom,Leeds,wholesale,05/03/2023,+49 518 836 238
1443,Amber Group 01443,usa,Seattle,horeca,2023-03-06,+48 843 030 319
1444,Euro Supplies 01444,France,Marseille,wholesale,06/03/2023,+44 601 627 787
1445,Delta Distribution 01445,France,Toulouse,wholesale,03/07/2023,
1446,Fresh Kitchen 01446,Poland,Wroclaw,horeca,07/03/2023,+33 212 328 092
1447,Alfa Kitchen 01447,United Kingdom,Manchester,wholesale,03/08/2023,+34 154 701 669
1448,Fresh Distribution 01448,Sweden,Uppsala,online,2023-03-09,+1 466 638 193
1449, North Group 01449 ,FR,Marseille,retail,11/03/2023,+48 860 601 121
1450,Alfa Market 01450,France,Nice,online,11/03/2023,+44 631 335 136
1451,Global Stores 01451,poland,Krakow,horeca,15/03/2023,+1 259 661 017
1452,Green Supplies 01452,netherlands,Amsterdam,wholesale,16/03/2023,+33 118 337 669
1453,Silver Group 01453,Norway,Oslo,retail,03/17/2023,+44 740 079 662
1454,Nova Partners 01454,USA,Austin,retail,18/03/2023,+1 366 438 206
1455,Blue Distribution 01455,austria,Graz,wholesale,2023-03-19,+33 496 994 826
1456,Silver Trading 01456,PL,Warsaw,wholesale,2023-03-19,+44 287 801 759
1457,Silver Gourmet 01457,Canada,Calgary,horeca,2023-03-21,+48 892 611 920
1458,Global Market 01458,netherlands,Rotterdam,retail,21/03/2023,+33 993 229 828
1459,North Supplies 01459,Norway,Trondheim,horeca,22.03.2023,+48 946 130 242
1460,Silver Partners 01460,Netherlands,Amsterdam,horeca,23/03/2023,+44 682 747 537
1461,Alfa Partners 01461,usa,Denver,horeca,03/24/2023,+34 753 151 860
1462,Gamma Wholesale 01462,Italy,Naples,wholesale,03/24/2023,+34 597 455 784
1463,Fresh Stores 01463,FR,Nice,wholesale,03/24/2023,+1 893 857 662
1464,Blue Group 01464,Italy,Florence,distributor,2023-03-24,+39 864 968 822
1465,West Wholesale 01465,United Kingdom,Liverpool,online,"Mar 25, 2023",+44 142 040 465
1466,East Restaurant 01466,USA,Chicago,horeca,"Mar 26, 2023",+34 521 658 621
1467,West Stores 01467,poland,Krakow,distributor,26.03.2023,+39 059 000 906
1468,Baltic Gourmet 01468,United Kingdom,Manchester,wholesale,2023-03-26,
1469,Global Supplies 01469,Netherlands,Amsterdam,wholesale,29.03.2023,+39 717 353 298
1470,Royal Market 01470,Polska,Poznan,retail,29/03/2023,+49 024 842 840
1471,Global Foods 01471,Spain,Valencia,online,30/03/2023,+33 758 495 754
1472,Global Deli 01472,Italy,Rome,retail,2023-03-30,+34 302 146 539
1473,Beta Market 01473,Canada,Calgary,retail,31/03/2023,+33 750 427 168
1474,Amber Gourmet 01474,France,Toulouse,retail,2023-03-31,+39 765 578 485
1475,Euro Deli 01475,Spain,Bilbao,wholesale,2023-04-01,+1 296 129 339
1476,East Wholesale 01476,poland,Krakow,retail,2023-04-02,+33 574 412 751
1477,Silver Partners 01477,US,Boston,retail,02/04/2023,+49 918 002 247
1478,Blue Supplies 01478,uk,Leeds,online,2023-04-02,+34 017 145 891
1479,Euro Restaurant 01479,Germany,Berlin,retail,2023-04-03,+39 074 012 005
1480,Blue Partners 01480,United Kingdom,Bristol,wholesale,04/03/2023,+33 730 739 318
1481,Amber Wholesale 01481,germany,Cologne,retail,2023-04-03,+48 069 352 347
1482,Euro Group 01482,DE,Munich,retail,2023-04-05,+33 923 583 617
1483,Nova Kitchen 01483,United States,Boston,retail,"Apr 05, 2023",+34 101 173 432
1484,Central Foods 01484,FR,Toulouse,retail,2023-04-05,+34 731 433 936
1485,Royal Kitchen 01485,Spain,Bilbao,retail,2023-04-05,+48 915 521 821
1486,West Wholesale 01486,France,Toulouse,horeca,2023-04-06,+34 191 726 182
1487,Alfa Foods 01487,netherlands,Eindhoven,retail,2023-04-06,+1 283 530 478
1488,Green Distribution 01488,Spain,Valencia,horeca,07.04.2023,+39 724 514 008
1489,Amber Cafe 01489,Germany,Berlin,distributor,2023-04-07,+33 585 071 063
1490,Delta Gourmet 01490,Germany,Frankfurt,wholesale,"Apr 08, 2023",+48 760 832 480
1491,Fresh Kitchen 01491,France,Paris,wholesale,04/08/2023,+39 189 034 745
1492,Baltic Trading 01492,France,Lyon,online,"Apr 08, 2023",+39 163 375 865
1493,East Trading 01493,france,Nice,horeca,2023-04-10,+44 029 022 557
1494,Nova Market 01494,poland,Warsaw,retail,"Apr 10, 2023",+1 611 539 335
1495,Baltic Restaurant 01495,Spain,Bilbao,wholesale,2023-04-12,+44 766 854 369
1496,Central Market 01496,Polska,Poznan,retail,2023-04-13,+33 146 973 337
1497,Silver Partners 01497,Spain,Seville,retail,2023-04-13,+48 218 963 277
1498,Delta Gourmet 01498,france,Nice,horeca,14/04/2023,+1 455 458 168
1499,Urban Distribution 01499,France,Paris,horeca,15/04/2023,+44 935 004 064
1500,Blue Trading 01500,USA,Denver,retail,15/04/2023,+48 070 598 913
1501,Beta Gourmet 01501,France,Paris,retail,15/04/2023,+39 219 682 942
1502,Prime Deli 01502,usa,Seattle,wholesale,04/15/2023,+48 749 924 217
1503,Silver Foods 01503,Germany,Frankfurt,retail,16/04/2023,+39 670 671 250
1504,Baltic Trading 01504,United Kingdom,Leeds,wholesale,2023-04-17,+1 748 382 406
1505,Green Deli 01505,Norway,Bergen,horeca,04/18/2023,+49 427 225 967
1506,Gamma Cafe 01506,Czech Republic,Ostrava,retail,"Apr 19, 2023",+34 388 128 359
1507,Euro Kitchen 01507,United Kingdom,London,retail,2023-04-20,+34 877 919 909
1508, Blue Wholesale 01508 ,Sweden,Malmo,retail,2023-04-20,+49 029 070 343
1509,Central Gourmet 01509,Sweden,Malmo,distributor,04/20/2023,+49 563 694 099
1510,Nova Group 01510,poland,Warsaw,retail,04/20/2023,+49 983 992 535
1511,Gamma Deli 01511,Czech Republic,Pilsen,retail,2023-04-21,+44 931 070 694
1512,Baltic Gourmet 01512,poland,Lodz,distributor,2023-04-22,+49 600 590 594
1513,Silver Restaurant 01513,Poland,Warsaw,online,04/23/2023,+33 440 090 106
1514,Fresh Wholesale 01514,france,Marseille,retail,04/24/2023,+33 141 440 292
1515,Central Market 01515,Italy,Rome,horeca,24.04.2023,+33 562 430 733
1516,Baltic Kitchen 01516,Netherlands,Amsterdam,retail,2023-04-27,+44 869 500 851
1517,Royal Partners 01517,Spain,Valencia,retail,2023-04-27,+1 832 684 045
1518,Euro Cafe 01518,Sweden,Malmo,wholesale,27/04/2023,+33 338 540 254
1519,West Supplies 01519,USA,Chicago,retail,2023-04-29,+39 875 020 547
1520, East Market 01520 ,Czech Republic,Prague,retail,04/29/2023,+49 574 979 747
1521,Euro Stores 01521,USA,Chicago,retail,30/04/2023,
1522,Global Supplies 01522,Czech Republic,Prague,horeca,01.05.2023,+48 762 661 922
1523,West Distribution 01523,Polska,Lodz,online,01/05/2023,+44 026 388 931
1524,Delta Restaurant 01524,Netherlands,Amsterdam,retail,05/02/2023,+49 675 641 817
1525,North Distribution 01525,france,Lyon,online,03/05/2023,+48 201 070 700
1526,East Kitchen 01526,US,Chicago,retail,2023-05-05,+34 449 372 512
1527,Delta Distribution 01527,Germany,Munich,retail,"May 06, 2023",
1528,Green Distribution 01528,Poland,Lodz,distributor,07.05.2023,+1 148 407 745
1529,North Deli 01529,USA,Boston,online,"May 07, 2023",+1 025 671 264
1530,Royal Partners 01530,United Kingdom,Liverpool,wholesale,2023-05-07,+49 340 255 659
1531,Nova Restaurant 01531,Germany,Hamburg,retail,2023-05-08,+33 726 604 012
1532,East Stores 01532,canada,Toronto,online,2023-05-09,+39 638 861 173
1533, Prime Distribution 01533 ,canada,Ottawa,distributor,2023-05-09,+39 414 337 638
1534,Beta Market 01534,Germany,Munich,retail,2023-05-09,+44 702 128 113
1535,Prime Distribution 01535,Deutschland,Frankfurt,online,2023-05-10,+34 991 800 589
1536,Alfa Partners 01536,Netherlands,Eindhoven,online,05/12/2023,+1 854 621 292
1537,Gamma Deli 01537,US,Austin,horeca,2023-05-12,+1 005 890 927
1538,Nova Trading 01538,Netherlands,Utrecht,online,05/12/2023,+44 810 713 632
1539,Prime Group 01539,Czech Republic,Pilsen,wholesale,2023-05-12,+34 643 657 329
1540,North Partners 01540,Czech Republic,Pilsen,retail,2023-05-13,+48 502 251 425
1541,East Foods 01541,PL,Krakow,retail,2023-05-14,+33 304 530 302
1542,East Market 01542,Poland,Poznan,retail,2023-05-14,+39 696 535 992
1543,Fresh Partners 01543,France,Lyon,wholesale,2023-05-15,+1 792 351 945
1544,Baltic Market 01544,Germany,Cologne,retail,2023-05-15,+44 258 439 624
1545,Beta Wholesale 01545,France,Nice,horeca,2023-05-15,+39 596 526 726
1546,Baltic Cafe 01546,USA,Boston,retail,2023-05-17,+39 994 466 893
1547,North Group 01547,france,Toulouse,retail,18/05/2023,+39 174 917 206
1548,Blue Market 01548,france,Lyon,online,18/05/2023,+1 531 816 121
1549,Urban Restaurant 01549,FR,Toulouse,retail,2023-05-18,+39 014 998 907
1550,Prime Wholesale 01550,France,Paris,wholesale,20.05.2023,+33 913 021 919
1551,Nova Cafe 01551,Poland,Lodz,wholesale,2023-05-20,
1552,Nova Gourmet 01552,italy,Rome,horeca,2023-05-20,+44 618 951 939
1553,Fresh Group 01553,netherlands,Amsterdam,online,21/05/2023,+1 150 770 798
1554,Royal Distribution 01554,PL,Lodz,distributor,21.05.2023,+44 847 002 274
1555,Silver Stores 01555,Czech Republic,Brno,horeca,21.05.2023,+44 446 210 888
1556,Prime Kitchen 01556,Germany,Hamburg,retail,2023-05-22,+1 220 318 107
1557,North Group 01557,italy,Turin,retail,2023-05-23,
1558,Euro Gourmet 01558,United Kingdom,Liverpool,retail,05/23/2023,
1559,Green Distribution 01559,Germany,Cologne,retail,2023-05-24,+49 627 190 219
1560,Euro Stores 01560,Austria,Graz,retail,2023-05-25,+39 525 484 831
1561,Baltic Stores 01561,Spain,Madrid,retail,05/25/2023,+48 185 850 997
1562,Baltic Stores 01562,Deutschland,Hamburg,wholesale,2023-05-25,+44 532 051 113
1563,Gamma Kitchen 01563,netherlands,Amsterdam,retail,27/05/2023,+34 127 760 531
1564,Nova Foods 01564,Italy,Florence,wholesale,05/28/2023,+44 996 591 526
1565,Global Wholesale 01565,U.S.A.,New York,retail,29.05.2023,+48 739 901 585
1566,Blue Market 01566,Germany,Berlin,wholesale,29/05/2023,+34 208 800 579
1567,East Supplies 01567,US,Austin,retail,2023-05-29,+39 647 581 761
1568,Central Stores 01568,PL,Warsaw,retail,2023-05-30,+49 509 152 882
1569,Delta Group 01569,USA,Austin,retail,30.05.2023,+44 663 158 394
1570,Gamma Deli 01570,DE,Cologne,horeca,01.06.2023,+34 915 790 025
1571,Green Foods 01571,Sweden,Malmo,wholesale,"Jun 01, 2023",+1 861 139 516
1572,Delta Distribution 01572,Spain,Bilbao,horeca,01/06/2023,+33 972 895 114
1573, Nova Stores 01573 ,Canada,Vancouver,wholesale,02.06.2023,+39 502 800 509
1574,Global Kitchen 01574,germany,Hamburg,horeca,02/06/2023,
1575,Urban Distribution 01575,UK,Liverpool,retail,2023-06-02,+44 990 904 057
1576,Delta Kitchen 01576,France,Lyon,online,06/02/2023,+49 502 404 262
1577,Royal Restaurant 01577,germany,Cologne,online,2023-06-03,+34 154 386 153
1578,Royal Restaurant 01578,Poland,Poznan,distributor,2023-06-03,+34 237 256 800
1579,West Partners 01579,france,Lyon,retail,03/06/2023,
1580,Amber Supplies 01580,Poland,Warsaw,wholesale,06/03/2023,
1581,Euro Gourmet 01581,Spain,Valencia,wholesale,04/06/2023,+39 704 191 622
1582,Amber Gourmet 01582,France,Nice,retail,2023-06-04,+48 226 642 132
1583,Central Wholesale 01583,FR,Marseille,distributor,2023-06-05,+49 906 115 012
1584,Nova Foods 01584,United Kingdom,Manchester,retail,2023-06-06,+49 081 466 471
1585,Silver Group 01585,Czech Republic,Prague,online,2023-06-06,+39 588 536 764
1586,Royal Supplies 01586,usa,Denver,horeca,07.06.2023,+33 383 881 984
1587,Baltic Foods 01587,poland,Lodz,retail,07.06.2023,+1 075 578 017
1588,Prime Supplies 01588,Spain,Bilbao,horeca,08/06/2023,+39 745 016 059
1589,Beta Partners 01589,uk,Bristol,wholesale,08.06.2023,+49 743 247 856
1590,Beta Kitchen 01590,Norway,Bergen,wholesale,2023-06-09,+1 648 034 672
1591,Beta Trading 01591,Canada,Vancouver,horeca,09/06/2023,+48 700 793 827
1592,Central Restaurant 01592,france,Nice,retail,09.06.2023,+39 433 101 872
1593,Gamma Stores 01593,Poland,Wroclaw,retail,10.06.2023,+39 263 665 912
1594,Royal Gourmet 01594,France,Lyon,wholesale,10.06.2023,+34 492 922 242
1595,Prime Trading 01595,USA,Seattle,horeca,10/06/2023,+49 931 836 608
1596,Prime Distribution 01596,USA,Austin,online,10/06/2023,+1 603 433 299
1597, Beta Wholesale 01597 ,poland,Krakow,horeca,2023-06-12,+49 801 039 361
1598,Prime Supplies 01598,USA,Seattle,online,2023-06-12,+48 970 845 789
1599,Amber Gourmet 01599,Netherlands,Rotterdam,wholesale,2023-06-13,+44 105 075 978
1600,Alfa Wholesale 01600,Poland,Poznan,retail,13.06.2023,+34 674 098 582
1601,Amber Foods 01601,FR,Marseille,wholesale,06/13/2023,+49 606 547 596
1602,Green Trading 01602,Sweden,Malmo,online,06/14/2023,+39 946 348 404
1603,Alfa Wholesale 01603,Sweden,Uppsala,horeca,06/16/2023,+39 067 185 225
1604,Urban Deli 01604,germany,Frankfurt,retail,2023-06-17,+39 162 826 471
1605,Delta Restaurant 01605,Italy,Naples,horeca,2023-06-17,+34 148 137 189
1606,East Supplies 01606,Spain,Bilbao,retail,2023-06-17,+48 269 757 744
1607,North Market 01607,United Kingdom,Leeds,retail,2023-06-17,+49 487 537 123
1608,Urban Market 01608,Netherlands,Eindhoven,horeca,2023-06-19,+33 080 713 266
1609, Amber Distribution 01609 ,Netherlands,Rotterdam,retail,22/06/2023,+1 361 034 628
1610,Euro Stores 01610,Spain,Bilbao,retail,23/06/2023,+48 140 610 547
1611,Urban Cafe 01611,Sweden,Malmo,retail,2023-06-25,+39 813 185 242
1612,East Cafe 01612,italy,Rome,online,27/06/2023,+48 018 661 191
1613, Green Kitchen 01613 ,France,Nice,horeca,2023-06-28,+39 110 311 235
1614,Prime Market 01614,Germany,Munich,wholesale,"Jun 28, 2023",+48 558 724 955
1615,Gamma Cafe 01615,Czech Republic,Brno,wholesale,"Jun 28, 2023",
1616,Beta Wholesale 01616,FR,Nice,online,2023-06-29,+33 907 829 783
1617,East Distribution 01617,Netherlands,Amsterdam,online,29.06.2023,+49 766 998 928
1618,West Foods 01618,,Ottawa,retail,2023-06-29,+33 253 543 786
1619,Global Kitchen 01619,Sweden,Stockholm,horeca,2023-06-29,+44 213 595 567
1620,Urban Market 01620,germany,Frankfurt,horeca,"Jun 30, 2023",+44 777 614 466
1621,Green Wholesale 01621,Italy,Florence,online,30.06.2023,+34 902 965 423
1622,Silver Market 01622,UK,Liverpool,horeca,30.06.2023,+49 038 710 282
1623,Green Partners 01623,United Kingdom,Bristol,horeca,"Jul 01, 2023",+44 454 373 535
1624,North Distribution 01624,Spain,Bilbao,retail,07/01/2023,+39 856 442 491
1625,Delta Gourmet 01625,Norway,Trondheim,retail,2023-07-01,+44 752 430 806
1626,Amber Kitchen 01626,Norway,Trondheim,horeca,"Jul 01, 2023",+49 910 302 764
1627,North Group 01627,PL,Lodz,wholesale,02.07.2023,+1 121 809 696
1628,Beta Restaurant 01628,France,Paris,wholesale,03.07.2023,+33 766 330 078
1629, Amber Gourmet 01629 ,Austria,Linz,retail,2023-07-03,+48 636 296 250
1630, Urban Cafe 01630 ,Canada,Vancouver,retail,2023-07-03,+49 722 756 203
1631,Baltic Deli 01631,Norway,Trondheim,distributor,2023-07-04,+34 155 867 190
1632,Global Kitchen 01632,Austria,Linz,wholesale,07/04/2023,
1633,Royal Gourmet 01633,france,Nice,horeca,2023-07-05,+39 606 589 331
1634,Gamma Stores 01634,Italy,Florence,horeca,2023-07-05,+39 346 064 084
1635,West Deli 01635,PL,Poznan,retail,"Jul 05, 2023",+49 195 245 096
1636,Central Gourmet 01636,france,Paris,horeca,06.07.2023,+33 575 797 995
1637,West Supplies 01637,Czech Republic,Ostrava,wholesale,"Jul 06, 2023",+48 467 174 656
1638,Gamma Stores 01638,,Lodz,online,07/07/2023,+33 305 476 607
1639, Gamma Kitchen 01639 ,Poland,Warsaw,wholesale,2023-07-07,+48 431 324 473
1640,Central Supplies 01640,Spain,Seville,retail,08.07.2023,+39 812 337 091
1641,Alfa Gourmet 01641,Spain,Barcelona,retail,2023-07-08,+33 439 898 807
1642,Delta Deli 01642,usa,New York,retail,08/07/2023,+44 342 793 705
1643,Delta Foods 01643,united kingdom,Manchester,wholesale,2023-07-09,
1644,East Group 01644,Poland,Poznan,horeca,09/07/2023,+49 019 795 750
1645,Urban Wholesale 01645,United States,New York,retail,09/07/2023,+1 759 103 413
1646,Silver Wholesale 01646,France,Lyon,distributor,07/10/2023,
1647,Euro Gourmet 01647,france,Toulouse,retail,2023-07-11,+44 781 530 571
1648,Prime Partners 01648,germany,Hamburg,wholesale,12/07/2023,+44 626 046 815
1649,Silver Partners 01649,Deutschland,Hamburg,horeca,2023-07-12,+49 735 993 901
1650,Gamma Gourmet 01650,Poland,Lodz,horeca,2023-07-12,+39 105 436 005
1651,Nova Gourmet 01651,Spain,Madrid,distributor,2023-07-12,+49 428 749 872
1652,Global Wholesale 01652,,Munich,wholesale,13/07/2023,+44 955 493 746
1653,Delta Group 01653,Germany,Munich,retail,2023-07-14,+33 275 848 318
1654,Delta Gourmet 01654,Italy,Rome,online,2023-07-14,+1 294 401 155
1655,Green Deli 01655,usa,Boston,retail,15/07/2023,+39 022 152 448
1656,Fresh Gourmet 01656,Poland,Krakow,wholesale,2023-07-16,+49 589 096 107
1657,East Foods 01657,Poland,Warsaw,wholesale,2023-07-16,+1 642 714 933
1658,Royal Stores 01658,France,Lyon,retail,"Jul 16, 2023",+48 440 802 798
1659,Delta Supplies 01659,usa,Chicago,retail,17.07.2023,+48 904 590 032
1660,West Trading 01660,Czech Republic,Brno,wholesale,2023-07-17,
1661,Green Distribution 01661,Norway,Trondheim,retail,07/17/2023,+49 895 144 922
1662,Silver Distribution 01662,usa,Denver,horeca,19/07/2023,+44 012 306 470
1663,Fresh Trading 01663,Sweden,Stockholm,wholesale,19.07.2023,+49 721 735 915
1664,East Gourmet 01664,Norway,Oslo,wholesale,2023-07-19,+49 349 335 641
1665,Silver Restaurant 01665,France,Lyon,horeca,19.07.2023,+33 016 220 799
1666,Silver Stores 01666,France,Nice,horeca,21/07/2023,+33 812 089 394
1667,East Stores 01667,US,New York,distributor,07/21/2023,+34 597 653 642
1668,Fresh Cafe 01668,U.S.A.,Seattle,retail,2023-07-23,+44 992 989 401
1669,East Restaurant 01669,Italy,Rome,horeca,07/24/2023,+34 387 311 073
1670,Royal Market 01670,PL,Warsaw,online,2023-07-25,+39 769 365 413
1671,Delta Distribution 01671,US,New York,horeca,26.07.2023,+33 046 325 980
1672,Alfa Trading 01672,United States,New York,online,26/07/2023,+34 806 467 069
1673,Urban Stores 01673,United Kingdom,London,horeca,2023-07-26,+44 464 563 561
1674, East Supplies 01674 ,Netherlands,Eindhoven,online,2023-07-27,+49 366 013 738
1675,Silver Cafe 01675,USA,New York,wholesale,2023-07-27,+33 975 470 947
1676,Amber Restaurant 01676,Polska,Gdansk,online,2023-07-27,+39 386 335 820
1677,Prime Wholesale 01677,france,Toulouse,retail,27/07/2023,+48 158 245 196
1678,Blue Supplies 01678,Norway,Bergen,retail,2023-07-28,+1 902 598 112
1679,Delta Distribution 01679,Polska,Poznan,retail,"Jul 28, 2023",+49 879 286 914
1680,Beta Supplies 01680,FR,Marseille,online,29.07.2023,
1681,Gamma Wholesale 01681,Canada,Vancouver,retail,"Jul 29, 2023",
1682,Nova Kitchen 01682,Italy,Rome,retail,07/29/2023,+39 668 405 415
1683,Central Partners 01683,USA,New York,retail,29.07.2023,+44 482 459 912
1684,North Group 01684,Deutschland,Hamburg,retail,29/07/2023,+33 188 930 455
1685,East Wholesale 01685,Netherlands,Amsterdam,wholesale,2023-07-30,+1 495 786 966
1686,Blue Deli 01686,Norway,Bergen,online,30/07/2023,+39 002 604 496
1687,Nova Deli 01687,netherlands,Utrecht,retail,2023-07-31,+34 847 002 863
1688,Amber Supplies 01688,Canada,Montreal,distributor,2023-07-31,+48 708 866 165
1689,Gamma Partners 01689,Germany,Hamburg,online,2023-08-01,+34 308 242 323
1690,Euro Market 01690,Canada,Calgary,wholesale,2023-08-04,+33 628 673 134
1691,Delta Gourmet 01691,Poland,Lodz,online,04/08/2023,+49 783 723 084
1692,Gamma Cafe 01692,Deutschland,Berlin,wholesale,2023-08-04,+39 575 867 234
1693,Central Foods 01693,france,Paris,online,04.08.2023,+1 518 289 657
1694,North Supplies 01694,Poland,Krakow,horeca,05/08/2023,+48 073 619 436
1695,Urban Deli 01695,Netherlands,Rotterdam,wholesale,"Aug 06, 2023",+33 395 659 575
1696,Blue Market 01696,U.S.A.,New York,retail,2023-08-06,+48 570 897 871
1697,Royal Trading 01697,USA,Chicago,wholesale,2023-08-07,+49 965 349 698
1698,Amber Deli 01698,Poland,Gdansk,horeca,08/08/2023,+44 544 576 575
1699,Baltic Foods 01699,Austria,Vienna,online,2023-08-08,+39 605 979 990
1700,Amber Trading 01700,US,Chicago,retail,2023-08-08,+1 644 753 932
1701,Euro Stores 01701,Italy,Turin,online,2023-08-09,+44 540 992 458
1702,Gamma Stores 01702,Canada,Vancouver,retail,"Aug 09, 2023",+49 147 106 016
1703,Baltic Group 01703,Sweden,Gothenburg,retail,2023-08-13,+49 929 624 410
1704,Delta Foods 01704,PL,Gdansk,online,2023-08-13,+33 375 139 847
1705,Blue Foods 01705,Italy,Naples,horeca,08/13/2023,+48 384 833 545
1706,Beta Distribution 01706,United Kingdom,Manchester,retail,08/13/2023,+34 371 484 579
1707,Euro Restaurant 01707,austria,Linz,distributor,08/14/2023,
1708, Beta Stores 01708 ,Germany,Frankfurt,distributor,17.08.2023,+48 416 901 768
1709,West Partners 01709,Austria,Graz,retail,"Aug 18, 2023",+49 450 216 342
1710,East Cafe 01710,DE,Hamburg,online,20/08/2023,+39 816 951 204
1711,Fresh Foods 01711,PL,Lodz,online,08/20/2023,+49 007 798 117
1712,North Distribution 01712,Spain,Seville,wholesale,"Aug 20, 2023",+49 496 679 277
1713,Gamma Distribution 01713,USA,Austin,horeca,2023-08-21,
1714,Blue Market 01714,Poland,Wroclaw,wholesale,08/22/2023,+49 255 746 539
1715,Prime Kitchen 01715,Spain,Seville,wholesale,2023-08-22,+48 499 662 172
1716,Alfa Group 01716,,Austin,retail,08/22/2023,+49 966 282 486
1717,North Trading 01717,Germany,Cologne,horeca,2023-08-22,+48 131 332 391
1718,Green Supplies 01718,FR,Marseille,retail,2023-08-23,+49 159 752 381
1719,Alfa Market 01719,Netherlands,Eindhoven,retail,08/23/2023,+39 608 768 150
1720,West Stores 01720,poland,Warsaw,retail,2023-08-23,+33 428 967 796
1721,Delta Cafe 01721,Norway,Stavanger,retail,2023-08-23,+44 279 807 645
1722,Amber Kitchen 01722,Czech Republic,Ostrava,retail,24/08/2023,+1 232 272 024
1723,East Market 01723,germany,Munich,horeca,08/24/2023,+49 681 418 657
1724,Royal Trading 01724,Canada,Montreal,wholesale,2023-08-25,+1 567 875 510
1725,Global Deli 01725,United Kingdom,Manchester,online,2023-08-25,+49 251 996 435
1726,West Group 01726,Polska,Gdansk,online,2023-08-25,
1727,North Market 01727,Czech Republic,Prague,retail,"Aug 26, 2023",+34 027 375 481
1728,Nova Kitchen 01728,Netherlands,Utrecht,distributor,"Aug 27, 2023",+39 480 633 370
1729,Silver Distribution 01729,Sweden,Uppsala,horeca,27/08/2023,+34 069 020 066
1730,East Partners 01730,Spain,Barcelona,retail,08/28/2023,+33 613 884 234
1731,Euro Stores 01731,Canada,Calgary,retail,2023-08-28,
1732,Delta Foods 01732,Czech Republic,Brno,distributor,2023-08-28,+39 186 141 827
1733,Beta Wholesale 01733,U.S.A.,Seattle,horeca,08/30/2023,+1 753 321 972
1734,West Wholesale 01734,Norway,Oslo,horeca,"Aug 30, 2023",+1 892 452 080
1735,Silver Kitchen 01735,Netherlands,Rotterdam,wholesale,30/08/2023,+48 002 999 426
1736,Baltic Cafe 01736,Netherlands,Utrecht,retail,08/31/2023,+44 066 697 999
1737,Fresh Stores 01737,Czech Republic,Pilsen,online,2023-09-01,+48 582 269 728
1738,East Group 01738,Austria,Vienna,wholesale,2023-09-01,
1739,Prime Foods 01739,Norway,Bergen,distributor,"Sep 02, 2023",+34 686 515 621
1740,Global Stores 01740,USA,Chicago,distributor,2023-09-02,+1 339 613 484
1741,Gamma Market 01741,United States,Boston,online,2023-09-03,+39 250 097 953
1742,Blue Restaurant 01742,Sweden,Stockholm,horeca,2023-09-03,+39 838 249 927
1743,Delta Trading 01743,USA,Boston,horeca,09/04/2023,+34 362 440 901
1744,Green Supplies 01744,USA,Chicago,horeca,04.09.2023,+1 485 540 945
1745,Fresh Gourmet 01745,Czech Republic,Prague,horeca,04/09/2023,+44 667 308 411
1746,Fresh Deli 01746,poland,Krakow,horeca,"Sep 04, 2023",+44 789 364 404
1747,Urban Foods 01747,Polska,Lodz,retail,2023-09-04,+48 799 322 749
1748,Gamma Gourmet 01748,Italy,Rome,wholesale,06/09/2023,+1 074 714 516
1749,Green Group 01749,Great Britain,Leeds,retail,06/09/2023,+34 191 043 362
1750,Euro Kitchen 01750,,Lyon,distributor,07/09/2023,+39 081 964 083
1751,Delta Trading 01751,DE,Cologne,retail,08.09.2023,+49 746 535 625
1752,Fresh Restaurant 01752,poland,Warsaw,horeca,2023-09-08,+33 506 364 605
1753,Green Cafe 01753,Great Britain,Bristol,horeca,09/09/2023,+33 505 109 249
1754,Beta Stores 01754,Norway,Oslo,retail,09/10/2023,+39 347 267 192
1755,Gamma Partners 01755,France,Marseille,online,10/09/2023,+33 187 021 284
1756,Silver Group 01756,austria,Linz,online,09/10/2023,+48 859 360 870
1757, Central Foods 01757 ,USA,Austin,retail,10.09.2023,
1758,Silver Trading 01758,Canada,Montreal,retail,2023-09-11,+33 663 237 909
1759, Royal Cafe 01759 ,Germany,Munich,retail,2023-09-12,
1760,Silver Group 01760,Czech Republic,Prague,retail,13/09/2023,+49 350 388 202
1761,Central Supplies 01761,Germany,Cologne,retail,13/09/2023,+34 439 266 479
1762,Blue Trading 01762,PL,Lodz,horeca,2023-09-14,+1 575 516 728
1763,Gamma Cafe 01763,Austria,Salzburg,retail,2023-09-14,+44 478 262 942
1764,Urban Market 01764,FR,Lyon,retail,15/09/2023,+39 015 651 370
1765,Fresh Market 01765,,Stavanger,retail,"Sep 15, 2023",+39 298 589 488
1766,West Supplies 01766,Sweden,Malmo,retail,2023-09-15,+49 442 205 704
1767,East Trading 01767,Polska,Wroclaw,retail,2023-09-15,
1768,Delta Kitchen 01768,Italy,Rome,retail,"Sep 17, 2023",
1769,Urban Deli 01769,poland,Warsaw,retail,17.09.2023,+49 911 685 237
1770,Global Group 01770,Norway,Stavanger,wholesale,17/09/2023,+48 278 545 678
1771,Prime Gourmet 01771,netherlands,Eindhoven,horeca,2023-09-18,+44 251 278 015
1772,Central Trading 01772,Germany,Berlin,online,18/09/2023,+1 731 287 871
1773,Prime Cafe 01773,United Kingdom,London,horeca,2023-09-18,+48 072 008 568
1774,Delta Market 01774,Poland,Lodz,distributor,09/19/2023,
1775,Prime Partners 01775,France,Toulouse,wholesale,19.09.2023,+33 463 378 916
1776,Gamma Group 01776,Austria,Vienna,retail,09/19/2023,+48 833 307 314
1777,West Cafe 01777,usa,Chicago,distributor,2023-09-19,+33 439 281 144
1778,Blue Restaurant 01778,usa,Austin,wholesale,21/09/2023,+39 572 551 433
1779,North Partners 01779,usa,New York,wholesale,2023-09-22,+48 971 775 189
1780,North Gourmet 01780,France,Toulouse,distributor,22/09/2023,+34 572 188 987
1781,Royal Stores 01781,,Toulouse,retail,2023-09-22,+48 527 111 578
1782,Prime Supplies 01782,United Kingdom,London,distributor,22/09/2023,+33 495 224 597
1783,Blue Distribution 01783,uk,Bristol,retail,2023-09-23,+48 479 740 075
1784,West Trading 01784,United Kingdom,Leeds,retail,2023-09-24,+44 842 468 866
1785,Green Cafe 01785,Spain,Madrid,online,24/09/2023,
1786,Global Market 01786,Netherlands,Amsterdam,online,25/09/2023,+44 404 381 172
1787,Euro Gourmet 01787,Italy,Florence,distributor,25/09/2023,+33 127 196 713
1788,North Group 01788,Sweden,Stockholm,online,26/09/2023,+44 395 510 039
1789,Urban Deli 01789,DE,Hamburg,retail,2023-09-27,+34 727 715 991
1790,Blue Gourmet 01790,USA,Denver,online,09/27/2023,+33 315 348 820
1791,Silver Group 01791,Poland,Gdansk,online,2023-09-27,+34 515 093 624
1792,Global Kitchen 01792,norway,Oslo,retail,30/09/2023,+1 960 880 845
1793,Blue Wholesale 01793,US,Boston,retail,2023-09-30,+44 399 452 920
1794,Prime Kitchen 01794,Sweden,Gothenburg,horeca,2023-09-30,+48 773 226 040
1795,Alfa Stores 01795,USA,Denver,retail,01/10/2023,+1 124 733 265
1796,Gamma Restaurant 01796,,Pilsen,retail,2023-10-01,+48 959 881 495
1797,Nova Kitchen 01797,U.S.A.,Austin,retail,2023-10-01,+49 853 008 150
1798,Euro Kitchen 01798,DE,Frankfurt,retail,2023-10-02,+39 414 243 042
1799, Beta Wholesale 01799 ,Germany,Munich,online,2023-10-03,+33 294 643 108
1800, Green Wholesale 01800 ,Austria,Vienna,retail,2023-10-03,+1 616 302 958
1801,Baltic Cafe 01801,Italy,Milan,retail,03/10/2023,+39 601 852 287
1802,Royal Kitchen 01802,Poland,Lodz,wholesale,2023-10-03,+39 985 940 076
1803,Euro Distribution 01803,Sweden,Gothenburg,online,2023-10-03,
1804,Silver Trading 01804,USA,Chicago,wholesale,10/05/2023,+33 404 296 663
1805,Central Market 01805,Sweden,Gothenburg,wholesale,10/05/2023,+39 477 900 052
1806,Urban Supplies 01806,Netherlands,Utrecht,retail,"Oct 06, 2023",
1807,North Distribution 01807,Netherlands,Utrecht,retail,2023-10-06,+48 500 630 189
1808,Green Stores 01808,poland,Warsaw,online,2023-10-07,+39 632 517 983
1809,Euro Cafe 01809,Canada,Toronto,retail,2023-10-07,+1 533 250 526
1810,Delta Stores 01810,france,Lyon,retail,07/10/2023,+44 003 698 363
1811,Royal Supplies 01811,U.S.A.,Seattle,distributor,08/10/2023,+44 500 332 636
1812,Green Deli 01812,,Gdansk,retail,2023-10-10,
1813,Global Distribution 01813,Netherlands,Eindhoven,retail,10/10/2023,+48 649 747 706
1814,West Kitchen 01814,germany,Munich,horeca,10/10/2023,+33 722 421 624
1815,Amber Foods 01815,DE,Berlin,wholesale,2023-10-11,+1 917 839 040
1816,Beta Gourmet 01816,US,Seattle,distributor,"Oct 11, 2023",+49 555 246 708
1817, Silver Kitchen 01817 ,Poland,Warsaw,horeca,2023-10-12,+33 276 979 309
1818,Baltic Deli 01818,,Calgary,retail,10/12/2023,
1819,Beta Wholesale 01819,Germany,Cologne,wholesale,12.10.2023,+49 402 443 142
1820,Delta Foods 01820,USA,Boston,retail,2023-10-12,+49 717 828 823
1821,Silver Deli 01821,Germany,Cologne,retail,"Oct 13, 2023",+49 793 190 162
1822,Green Stores 01822,Spain,Barcelona,horeca,2023-10-13,+48 938 967 418
1823,Euro Deli 01823,Norway,Oslo,retail,2023-10-13,+48 340 880 033
1824,East Cafe 01824,Germany,Berlin,retail,2023-10-14,+44 918 405 900
1825,Fresh Trading 01825,United States,Austin,online,14/10/2023,+44 030 618 299
1826,Nova Partners 01826,Spain,Madrid,wholesale,10/15/2023,
1827,Central Foods 01827,Sweden,Gothenburg,wholesale,10/15/2023,+39 019 096 279
1828,Nova Restaurant 01828,Austria,Vienna,online,16/10/2023,+34 995 308 627
1829, West Partners 01829 ,Netherlands,Eindhoven,retail,2023-10-17,+44 931 236 636
1830,Euro Gourmet 01830,italy,Florence,wholesale,10/18/2023,+39 966 496 146
1831,Blue Stores 01831,Spain,Seville,horeca,"Oct 18, 2023",+39 639 864 311
1832,Blue Distribution 01832,USA,Boston,retail,2023-10-18,+49 668 258 262
1833,Blue Restaurant 01833,,Malmo,retail,2023-10-19,+39 583 043 347
1834,Alfa Distribution 01834,Netherlands,Utrecht,retail,2023-10-19,+44 651 243 357
1835,Royal Gourmet 01835,United Kingdom,Leeds,online,10/19/2023,+48 604 622 225
1836,East Trading 01836,Netherlands,Rotterdam,distributor,2023-10-20,+34 172 664 123
1837,Global Kitchen 01837,Poland,Warsaw,retail,20/10/2023,+1 792 444 964
1838,Delta Partners 01838,United Kingdom,Liverpool,distributor,"Oct 21, 2023",+33 458 114 499
1839,Nova Foods 01839,FR,Marseille,wholesale,2023-10-23,+44 943 400 956
1840,Central Gourmet 01840,Poland,Wroclaw,wholesale,2023-10-23,+49 707 556 440
1841,East Trading 01841,Spain,Valencia,retail,23.10.2023,+33 460 584 702
1842,Green Gourmet 01842,France,Lyon,horeca,"Oct 25, 2023",+48 435 729 519
1843,Green Group 01843,Austria,Vienna,online,2023-10-25,+33 844 379 811
1844,Green Group 01844,Deutschland,Frankfurt,retail,26.10.2023,+34 285 460 978
1845,Nova Foods 01845,United Kingdom,London,distributor,10/27/2023,+49 547 137 770
1846,Baltic Group 01846,France,Marseille,horeca,2023-10-27,+44 828 283 796
1847,East Supplies 01847,Netherlands,Amsterdam,horeca,2023-10-28,+39 006 371 693
1848, Nova Gourmet 01848 ,France,Nice,distributor,28.10.2023,+34 444 943 514
1849,North Kitchen 01849,France,Toulouse,wholesale,2023-10-29,+33 658 886 948
1850,North Deli 01850,Poland,Gdansk,wholesale,2023-10-29,+33 897 854 224
1851,Green Kitchen 01851,Spain,Seville,horeca,2023-10-29,
1852,Nova Cafe 01852,Netherlands,Eindhoven,online,30.10.2023,+33 980 906 689
1853,Delta Gourmet 01853,Germany,Hamburg,horeca,2023-10-30,+44 654 392 745
1854,Prime Partners 01854,Austria,Linz,distributor,2023-10-30,+34 040 927 498
1855,Delta Distribution 01855,UK,Bristol,retail,2023-10-30,+48 090 779 185
1856,Beta Market 01856,USA,Denver,retail,"Oct 31, 2023",+39 461 758 815
1857,Green Partners 01857,Italy,Naples,retail,2023-11-01,+33 563 980 118
1858,Central Wholesale 01858,Deutschland,Hamburg,online,01/11/2023,+1 869 048 873
1859,Global Stores 01859,Deutschland,Frankfurt,retail,2023-11-02,+34 273 905 053
1860,Global Deli 01860,Germany,Frankfurt,horeca,02.11.2023,+1 358 679 745
1861,Prime Kitchen 01861,Sweden,Gothenburg,wholesale,2023-11-03,+34 339 811 801
1862,West Wholesale 01862,Czech Republic,Ostrava,online,2023-11-04,+33 745 577 710
1863,Central Trading 01863,U.S.A.,Austin,retail,04/11/2023,+33 224 015 752
1864,Royal Cafe 01864,Netherlands,Utrecht,horeca,05/11/2023,+48 284 672 644
1865,Alfa Foods 01865,france,Toulouse,horeca,05/11/2023,+1 161 948 904
1866,Global Group 01866,Norway,Stavanger,retail,"Nov 06, 2023",+34 963 284 562
1867,Nova Gourmet 01867,Poland,Krakow,retail,09.11.2023,+39 623 965 538
1868,Global Gourmet 01868,USA,Chicago,wholesale,10.11.2023,+1 306 067 958
1869,Nova Restaurant 01869,Sweden,Gothenburg,online,2023-11-10,+34 281 016 022
1870,Amber Market 01870,Czech Republic,Prague,wholesale,10/11/2023,+49 585 773 776
1871,Fresh Gourmet 01871,Netherlands,Utrecht,horeca,11.11.2023,+48 504 370 892
1872,Gamma Cafe 01872,Czech Republic,Ostrava,distributor,"Nov 11, 2023",+48 509 779 839
1873,North Distribution 01873,spain,Bilbao,distributor,"Nov 11, 2023",+33 491 241 126
1874,Beta Deli 01874,uk,Manchester,online,2023-11-11,+39 246 786 447
1875,Beta Stores 01875,PL,Warsaw,wholesale,11/11/2023,+48 520 996 907
1876,Fresh Market 01876,Sweden,Uppsala,online,"Nov 11, 2023",+34 992 753 636
1877,Euro Deli 01877,Germany,Frankfurt,retail,2023-11-11,+44 522 100 883
1878,Royal Gourmet 01878,Canada,Vancouver,wholesale,12/11/2023,+39 537 560 414
1879,Nova Market 01879,Czech Republic,Prague,horeca,2023-11-12,+49 664 886 110
1880, Euro Market 01880 ,,Toronto,online,13/11/2023,+33 872 851 483
1881,Alfa Deli 01881,DE,Munich,wholesale,14/11/2023,+49 050 926 946
1882,Urban Foods 01882,Italy,Rome,wholesale,2023-11-15,
1883,Delta Cafe 01883,norway,Oslo,wholesale,2023-11-15,+39 570 326 506
1884,Blue Stores 01884,Spain,Barcelona,wholesale,2023-11-16,+49 612 662 346
1885, Fresh Partners 01885 ,Spain,Madrid,distributor,2023-11-16,+39 237 805 268
1886,Euro Wholesale 01886,Germany,Frankfurt,wholesale,2023-11-16,+1 955 032 032
1887,Gamma Wholesale 01887,United Kingdom,Leeds,wholesale,2023-11-16,+39 943 636 472
1888,Prime Cafe 01888,canada,Toronto,horeca,17.11.2023,+34 186 817 253
1889,North Trading 01889,Polska,Gdansk,distributor,2023-11-17,+1 603 609 146
1890,Baltic Market 01890,France,Toulouse,online,17/11/2023,+49 972 433 102
1891,North Wholesale 01891,US,New York,retail,2023-11-17,+44 594 133 761
1892,Silver Market 01892,Germany,Hamburg,horeca,2023-11-18,+1 546 880 557
1893,Gamma Foods 01893,usa,Chicago,wholesale,2023-11-18,+49 947 880 607
1894,West Kitchen 01894,Italy,Turin,horeca,"Nov 19, 2023",+48 196 143 125
1895,Alfa Group 01895,Austria,Salzburg,retail,2023-11-20,+48 949 710 714
1896,Nova Foods 01896,US,Denver,horeca,20.11.2023,+48 692 253 340
1897,Urban Kitchen 01897,USA,Boston,wholesale,"Nov 21, 2023",+39 503 345 016
1898,Baltic Wholesale 01898,United States,Austin,retail,22.11.2023,+48 586 064 255
1899,Nova Distribution 01899,usa,New York,wholesale,22/11/2023,+33 317 184 740
1900,Alfa Cafe 01900,germany,Berlin,distributor,"Nov 23, 2023",+34 706 062 345
1901,Nova Wholesale 01901,Sweden,Gothenburg,horeca,2023-11-23,+44 468 570 178
1902,East Distribution 01902,Sweden,Uppsala,wholesale,11/23/2023,+39 953 364 734
1903,Green Wholesale 01903,USA,Seattle,wholesale,2023-11-23,+1 689 829 270
1904,Green Deli 01904,US,Denver,retail,2023-11-23,+39 037 946 694
1905,Global Stores 01905,Sweden,Gothenburg,horeca,2023-11-23,+39 964 822 163
1906,Global Cafe 01906,poland,Krakow,horeca,"Nov 24, 2023",+48 072 341 322
1907,Baltic Trading 01907,United Kingdom,London,online,2023-11-24,+48 182 060 122
1908,Euro Kitchen 01908,france,Toulouse,horeca,24.11.2023,+33 801 092 830
1909,Fresh Stores 01909,Austria,Salzburg,retail,24.11.2023,+39 574 840 550
1910,Baltic Supplies 01910,france,Lyon,horeca,2023-11-24,+49 450 188 290
1911,Gamma Trading 01911,Poland,Poznan,wholesale,11/24/2023,+44 029 664 662
1912,Urban Partners 01912,United Kingdom,Manchester,wholesale,2023-11-24,+48 854 902 425
1913,Fresh Trading 01913,Italy,Milan,wholesale,11/24/2023,+34 406 091 403
1914,Delta Partners 01914,U.S.A.,Austin,retail,24/11/2023,+33 611 010 425
1915,Fresh Deli 01915,Poland,Poznan,online,2023-11-25,+39 131 741 639
1916,East Market 01916,United States,Denver,horeca,"Nov 25, 2023",+48 516 958 635
1917,Blue Market 01917,Sweden,Stockholm,retail,"Nov 25, 2023",+1 046 243 694
1918,Urban Trading 01918,US,New York,retail,"Nov 25, 2023",+33 269 358 448
1919,Baltic Deli 01919,Sweden,Malmo,online,2023-11-26,+39 453 492 435
1920,Alfa Distribution 01920,France,Paris,retail,2023-11-26,+34 432 383 794
1921,Green Kitchen 01921,Netherlands,Amsterdam,wholesale,26/11/2023,+44 524 421 537
1922, Global Supplies 01922 ,Spain,Madrid,retail,27.11.2023,+1 401 625 463
1923,North Restaurant 01923,USA,Denver,distributor,2023-11-27,+44 023 766 817
1924, Euro Wholesale 01924 ,France,Lyon,retail,2023-11-28,+1 152 277 183
1925,Central Wholesale 01925,,Oslo,retail,11/29/2023,+44 507 284 317
1926,Euro Trading 01926,France,Nice,retail,2023-11-29,+1 648 913 640
1927,North Stores 01927,Deutschland,Hamburg,retail,29/11/2023,
1928,Euro Market 01928,Italy,Turin,online,11/29/2023,+44 167 520 851
1929,Fresh Deli 01929,United Kingdom,Manchester,retail,29/11/2023,+34 362 786 623
1930,Blue Kitchen 01930,Austria,Vienna,wholesale,2023-11-29,+1 134 822 114
1931,Gamma Supplies 01931,Spain,Barcelona,online,11/29/2023,+1 841 223 825
1932,Global Partners 01932,Deutschland,Berlin,wholesale,2023-11-30,
1933,Beta Kitchen 01933,usa,Chicago,wholesale,2023-11-30,+39 465 663 558
1934,North Gourmet 01934,Netherlands,Amsterdam,retail,2023-11-30,+39 852 215 529
1935,Gamma Foods 01935,Spain,Seville,online,2023-12-01,+49 052 456 713
1936,Fresh Deli 01936,USA,Denver,online,01/12/2023,+34 640 327 903
1937,Silver Restaurant 01937,Czech Republic,Ostrava,horeca,"Dec 01, 2023",+33 553 645 518
1938,Euro Cafe 01938,Germany,Cologne,distributor,2023-12-01,+48 388 494 915
1939,Gamma Group 01939,Germany,Berlin,retail,01/12/2023,+44 503 792 225
1940,Silver Wholesale 01940,PL,Poznan,retail,2023-12-02,+44 895 151 265
1941,Beta Distribution 01941,Poland,Gdansk,wholesale,02/12/2023,+39 854 325 329
1942,North Kitchen 01942,UK,London,horeca,2023-12-02,
1943,Delta Partners 01943,Sweden,Uppsala,horeca,12/02/2023,
1944,West Partners 01944,Czech Republic,Prague,retail,2023-12-02,+39 035 053 668
1945, Baltic Supplies 01945 ,Polska,Warsaw,retail,2023-12-02,+34 304 841 317
1946,East Foods 01946,spain,Seville,online,2023-12-03,+33 493 563 562
1947,Silver Group 01947,canada,Calgary,retail,"Dec 04, 2023",+1 564 410 560
1948,Green Partners 01948,Spain,Madrid,horeca,04.12.2023,+44 670 063 736
1949,Silver Gourmet 01949,Spain,Madrid,retail,2023-12-05,+48 485 639 846
1950,Silver Cafe 01950,uk,Bristol,horeca,06.12.2023,+49 431 754 159
1951,West Distribution 01951,United Kingdom,Bristol,online,06.12.2023,+49 067 215 232
1952,Delta Deli 01952,Netherlands,Eindhoven,horeca,07/12/2023,+44 191 970 307
1953,Blue Foods 01953,spain,Valencia,online,2023-12-07,+48 277 941 413
1954,North Trading 01954,poland,Warsaw,wholesale,08/12/2023,
1955,Beta Kitchen 01955,USA,Boston,online,2023-12-08,+34 753 498 796
1956,Urban Supplies 01956,Spain,Bilbao,horeca,2023-12-08,+39 907 188 241
1957,Silver Restaurant 01957,Germany,Frankfurt,retail,2023-12-09,+34 214 800 792
1958,Euro Wholesale 01958,sweden,Malmo,online,2023-12-09,+34 324 915 960
1959,Gamma Gourmet 01959,Sweden,Gothenburg,wholesale,10.12.2023,+39 642 813 658
1960,Green Trading 01960,,Cologne,retail,2023-12-10,+34 322 035 663
1961,Green Wholesale 01961,Netherlands,Utrecht,retail,10/12/2023,+49 866 861 125
1962,Green Supplies 01962,italy,Milan,horeca,2023-12-11,+49 447 700 140
1963,Delta Kitchen 01963,France,Nice,wholesale,12/11/2023,+49 578 583 066
1964,Nova Group 01964,Spain,Valencia,online,"Dec 11, 2023",+34 053 688 122
1965,Beta Gourmet 01965,Italy,Florence,retail,11.12.2023,+34 129 908 426
1966, Prime Supplies 01966 ,Canada,Ottawa,wholesale,2023-12-12,+48 179 188 206
1967,Gamma Distribution 01967,Spain,Madrid,horeca,2023-12-12,+49 828 695 546
1968,Prime Supplies 01968,czech republic,Prague,retail,12/13/2023,
1969,Central Partners 01969,germany,Hamburg,retail,2023-12-13,+39 797 542 106
1970,North Stores 01970,DE,Cologne,distributor,"Dec 14, 2023",+1 897 845 532
1971,Beta Trading 01971,Netherlands,Utrecht,horeca,"Dec 14, 2023",+49 905 717 171
1972,Alfa Deli 01972,Italy,Florence,online,2023-12-16,+49 325 357 736
1973,North Wholesale 01973,Deutschland,Frankfurt,retail,12/16/2023,+33 937 524 206
1974,Prime Partners 01974,spain,Seville,retail,2023-12-16,+49 991 651 822
1975,Royal Cafe 01975,Germany,Cologne,distributor,16.12.2023,+44 517 212 505
1976,Amber Deli 01976,poland,Krakow,retail,12/17/2023,+33 077 960 810
1977,Alfa Partners 01977,United Kingdom,Bristol,horeca,17/12/2023,+1 396 619 175
1978,Central Market 01978,Netherlands,Eindhoven,online,2023-12-17,+39 982 151 673
1979,Silver Distribution 01979,France,Toulouse,wholesale,2023-12-18,+44 478 733 158
1980,Fresh Stores 01980,Canada,Montreal,retail,2023-12-18,+49 775 330 874
1981,Green Wholesale 01981,Polska,Krakow,wholesale,18.12.2023,
1982,Euro Wholesale 01982,Germany,Cologne,wholesale,2023-12-19,+1 533 928 553
1983,Blue Market 01983,Norway,Trondheim,wholesale,19/12/2023,+44 690 956 399
1984,Fresh Wholesale 01984,DE,Cologne,wholesale,19/12/2023,+39 832 802 215
1985,Urban Trading 01985,Deutschland,Hamburg,horeca,2023-12-20,+48 209 944 302
1986,Green Partners 01986,France,Marseille,online,20/12/2023,+39 845 119 727
1987,Green Distribution 01987,,Krakow,horeca,2023-12-21,+33 608 359 691
1988,Baltic Supplies 01988,Czech Republic,Brno,wholesale,21/12/2023,+1 861 053 584
1989,Royal Kitchen 01989,Canada,Toronto,online,22/12/2023,+1 772 204 629
1990,Fresh Group 01990,FR,Paris,retail,22/12/2023,
1991,Gamma Group 01991,,Pilsen,horeca,2023-12-22,+1 714 666 816
1992,Beta Stores 01992,poland,Warsaw,wholesale,23/12/2023,+1 400 054 173
1993,Green Gourmet 01993,Italy,Naples,distributor,23/12/2023,+48 936 090 122
1994,West Supplies 01994,USA,Chicago,wholesale,25/12/2023,+39 213 154 902
1995,Central Restaurant 01995,United States,Chicago,retail,2023-12-25,+33 811 912 779
1996,Royal Kitchen 01996,France,Nice,wholesale,2023-12-25,
1997,Fresh Stores 01997,austria,Salzburg,wholesale,2023-12-26,+34 444 616 713
1998,Blue Partners 01998,Spain,Bilbao,wholesale,26/12/2023,+49 967 663 960
1999,Alfa Group 01999,usa,New York,retail,2023-12-27,+39 712 513 425
2000,East Deli 02000,Italy,Naples,retail,2023-12-27,+39 353 365 269
2001,Amber Stores 02001,Germany,Frankfurt,distributor,2023-12-28,+44 260 597 778
2002,Amber Kitchen 02002,poland,Warsaw,wholesale,28/12/2023,+44 788 659 334
2003,Amber Cafe 02003,France,Toulouse,wholesale,2023-12-29,+33 927 467 631
2004,Global Group 02004,PL,Poznan,retail,2023-12-29,
2005,Fresh Foods 02005,Spain,Bilbao,horeca,2023-12-30,+44 753 268 644
2006,Central Gourmet 02006,germany,Munich,online,2023-12-30,+1 459 778 331
2007,Royal Distribution 02007,norway,Trondheim,retail,2023-12-30,+34 500 160 467
2008,Alfa Restaurant 02008,Sweden,Uppsala,retail,30.12.2023,+1 973 409 111
2009,Gamma Supplies 02009,Italy,Naples,wholesale,2023-12-30,+44 484 928 474
2010,Silver Supplies 02010,PL,Warsaw,online,30.12.2023,+48 075 367 046
2011,Nova Wholesale 02011,United Kingdom,Manchester,wholesale,31/12/2023,+1 882 327 165
2012,West Trading 02012,Italy,Milan,wholesale,2024-01-01,+33 497 368 026
2013,West Stores 02013,Canada,Montreal,distributor,01/01/2024,+39 936 621 244
2014,East Stores 02014,,Graz,retail,02.01.2024,+48 245 886 959
2015,Beta Cafe 02015,Deutschland,Munich,distributor,2024-01-02,+1 485 201 816
2016,North Supplies 02016,Germany,Munich,retail,2024-01-02,+48 801 820 122
2017,East Cafe 02017,Spain,Barcelona,horeca,01/03/2024,+49 624 018 206
2018,Global Stores 02018,Spain,Seville,horeca,2024-01-07,+33 882 377 383
2019,East Distribution 02019,,Boston,horeca,2024-01-07,+49 602 099 860
2020,Blue Restaurant 02020,Deutschland,Cologne,retail,2024-01-07,+34 022 028 992
2021,Delta Distribution 02021,Canada,Toronto,distributor,08.01.2024,+39 152 736 237
2022,Alfa Foods 02022,DE,Hamburg,retail,2024-01-08,+34 349 532 333
2023,North Wholesale 02023,France,Lyon,horeca,08/01/2024,+39 657 866 558
2024,Beta Restaurant 02024,USA,Austin,retail,"Jan 12, 2024",+44 477 614 306
2025,Amber Restaurant 02025,France,Toulouse,online,12/01/2024,+33 524 611 155
2026,Blue Market 02026,United Kingdom,Manchester,retail,2024-01-13,
2027,Silver Cafe 02027,Italy,Rome,retail,2024-01-15,+39 980 669 153
2028,Royal Distribution 02028,Poland,Krakow,horeca,2024-01-16,+48 352 234 896
2029,Green Restaurant 02029,usa,Denver,retail,16/01/2024,+39 836 672 249
2030,Beta Supplies 02030,poland,Lodz,retail,"Jan 16, 2024",+48 351 532 843
2031,Baltic Stores 02031,Spain,Madrid,distributor,16/01/2024,+34 210 048 852
2032,Urban Foods 02032,United Kingdom,Liverpool,horeca,18.01.2024,+44 645 639 287
2033,North Gourmet 02033,France,Marseille,retail,19/01/2024,+49 215 364 128
2034,Blue Trading 02034,Germany,Hamburg,online,2024-01-19,+48 295 900 798
2035,North Partners 02035,FR,Nice,retail,01/20/2024,+49 787 825 580
2036,Central Deli 02036,Spain,Seville,horeca,2024-01-20,+1 812 903 527
2037,Alfa Kitchen 02037,UK,Liverpool,retail,2024-01-20,+33 855 886 277
2038,Amber Market 02038,Italy,Turin,online,20.01.2024,+33 125 651 270
2039,Delta Restaurant 02039,Sweden,Gothenburg,retail,2024-01-21,+33 488 480 581
2040,Global Restaurant 02040,U.S.A.,Austin,retail,2024-01-22,+1 120 002 104
2041,Urban Restaurant 02041,Great Britain,Leeds,wholesale,22.01.2024,+44 097 669 809
2042,Alfa Foods 02042,spain,Barcelona,distributor,"Jan 23, 2024",+34 080 825 622
2043,West Restaurant 02043,France,Marseille,online,24/01/2024,+33 308 011 477
2044,North Foods 02044,Deutschland,Berlin,wholesale,2024-01-25,+39 346 368 013
2045,North Market 02045,Germany,Frankfurt,wholesale,26/01/2024,+33 855 524 623
2046,Fresh Market 02046,Austria,Graz,online,2024-01-27,+48 002 813 096
2047,West Restaurant 02047,Czech Republic,Prague,wholesale,"Jan 27, 2024",
2048,East Stores 02048,Czech Republic,Ostrava,horeca,2024-01-27,+33 881 832 128
2049,Fresh Cafe 02049,germany,Hamburg,retail,2024-01-28,+33 234 789 155
2050,Euro Gourmet 02050,Sweden,Malmo,retail,2024-01-29,+33 485 760 453
2051,Prime Supplies 02051,uk,London,wholesale,2024-01-29,+48 598 941 291
2052,Alfa Kitchen 02052,,Prague,horeca,2024-01-29,+49 102 218 540
2053,North Stores 02053,France,Nice,retail,01/29/2024,+39 363 508 754
2054,Euro Cafe 02054,Netherlands,Utrecht,retail,30.01.2024,+1 110 297 254
2055,Global Group 02055,FR,Nice,retail,01/30/2024,+34 396 446 371
2056, Euro Cafe 02056 ,Germany,Cologne,distributor,"Jan 31, 2024",+34 648 904 998
2057,Green Market 02057,,Amsterdam,online,2024-01-31,+1 353 406 212
2058, Prime Foods 02058 ,USA,New York,online,2024-02-01,+44 194 154 849
2059,Royal Foods 02059,poland,Krakow,retail,2024-02-01,+39 863 584 910
2060,Urban Wholesale 02060,Germany,Cologne,online,2024-02-03,+39 745 508 710
2061,Beta Market 02061,United States,New York,retail,2024-02-03,+39 100 977 404
2062,North Wholesale 02062,Netherlands,Utrecht,horeca,04/02/2024,+49 991 505 290
2063,Euro Partners 02063,PL,Krakow,wholesale,2024-02-04,+1 676 666 452
2064,Royal Cafe 02064,France,Toulouse,wholesale,04.02.2024,+49 970 276 089
2065,Blue Wholesale 02065,France,Paris,retail,04.02.2024,+33 509 040 338
2066,Euro Trading 02066,Spain,Valencia,horeca,05/02/2024,+49 808 751 899
2067,Delta Gourmet 02067,USA,Seattle,distributor,05.02.2024,+33 029 454 994
2068,Silver Market 02068,Netherlands,Utrecht,retail,2024-02-05,+39 376 268 088
2069,Nova Partners 02069,poland,Poznan,online,06.02.2024,+33 635 424 364
2070,Amber Deli 02070,Austria,Vienna,horeca,02/07/2024,+34 053 036 978
2071,Blue Partners 02071,Germany,Berlin,wholesale,02/07/2024,+1 572 186 833
2072,Gamma Trading 02072,Germany,Cologne,online,08/02/2024,
2073,Royal Distribution 02073,Austria,Linz,retail,08/02/2024,+33 178 279 270
2074,Silver Kitchen 02074,usa,Chicago,online,09/02/2024,+1 670 745 125
2075,Prime Restaurant 02075,Poland,Warsaw,retail,2024-02-10,+1 144 436 270
2076,Fresh Kitchen 02076,Netherlands,Eindhoven,wholesale,2024-02-11,+49 033 483 105
2077,Euro Restaurant 02077,Poland,Warsaw,retail,12.02.2024,+49 262 458 966
2078,West Supplies 02078,Netherlands,Rotterdam,wholesale,2024-02-12,+33 560 082 804
2079,Amber Wholesale 02079,Spain,Bilbao,retail,2024-02-12,+44 203 935 964
2080,Euro Supplies 02080,Norway,Bergen,retail,12.02.2024,+33 643 968 978
2081,Nova Kitchen 02081,Sweden,Uppsala,retail,13/02/2024,+48 841 878 484
2082,Euro Partners 02082,Polska,Lodz,wholesale,2024-02-13,+39 328 708 557
2083,Amber Wholesale 02083,Spain,Madrid,retail,14.02.2024,+34 464 392 843
2084,Urban Gourmet 02084,germany,Cologne,retail,2024-02-14,+1 232 864 715
2085,Royal Supplies 02085,U.S.A.,Seattle,online,02/15/2024,+44 087 860 967
2086,East Deli 02086,germany,Hamburg,retail,2024-02-15,+48 071 148 836
2087,Baltic Foods 02087,United States,Denver,online,17.02.2024,+48 676 070 240
2088,Central Partners 02088,Poland,Poznan,retail,2024-02-18,
2089,Euro Restaurant 02089,canada,Toronto,retail,2024-02-18,
2090,Delta Cafe 02090,france,Lyon,retail,18/02/2024,+1 251 878 953
2091,Baltic Deli 02091,Canada,Vancouver,retail,18/02/2024,+39 124 976 197
2092,Green Foods 02092,Austria,Linz,online,"Feb 18, 2024",+39 055 804 214
2093,Global Group 02093,Spain,Madrid,retail,2024-02-20,+49 171 289 400
2094,West Supplies 02094,Netherlands,Eindhoven,horeca,2024-02-20,+33 833 335 111
2095,North Cafe 02095,Czech Republic,Ostrava,horeca,"Feb 22, 2024",+1 469 700 029
2096,Urban Supplies 02096,usa,New York,wholesale,2024-02-22,+44 451 568 593
2097,Fresh Trading 02097,USA,Boston,retail,"Feb 22, 2024",+49 975 711 151
2098,Amber Foods 02098,Spain,Barcelona,online,2024-02-22,+39 764 399 557
2099,Fresh Market 02099,Italy,Naples,horeca,02/23/2024,+44 745 507 164
2100,Prime Cafe 02100,Netherlands,Utrecht,distributor,23/02/2024,+48 738 257 601
2101,Urban Cafe 02101,USA,Chicago,retail,2024-02-23,+33 310 696 764
2102, Green Group 02102 ,USA,Chicago,wholesale,2024-02-23,+48 624 502 446
2103,Blue Trading 02103,Spain,Bilbao,retail,2024-02-24,+48 684 237 445
2104,Delta Foods 02104,,Leeds,retail,24.02.2024,+48 041 473 494
2105,Baltic Group 02105,United States,Denver,wholesale,2024-02-25,+39 130 379 607
2106,West Foods 02106,DE,Frankfurt,retail,2024-02-26,+49 067 841 578
2107,Delta Cafe 02107,Czech Republic,Pilsen,horeca,26.02.2024,+33 050 218 156
2108,West Market 02108,sweden,Uppsala,retail,"Feb 26, 2024",+44 509 579 196
2109,Gamma Foods 02109,Austria,Linz,retail,2024-02-26,+34 439 759 064
2110,West Partners 02110,france,Lyon,retail,2024-02-26,+49 201 934 733
2111,Baltic Market 02111,Austria,Vienna,retail,27/02/2024,+39 575 439 347
2112,Baltic Stores 02112,Great Britain,London,wholesale,2024-02-28,+39 892 999 074
2113,Baltic Group 02113,italy,Florence,retail,2024-02-28,+39 949 164 502
2114,Central Stores 02114,Czech Republic,Brno,horeca,2024-02-29,+33 664 765 087
2115,Global Deli 02115,PL,Poznan,retail,"Mar 02, 2024",+48 522 953 618
2116,Delta Trading 02116,Netherlands,Rotterdam,retail,2024-03-02,+44 819 945 796
2117,Delta Deli 02117,PL,Poznan,wholesale,03/03/2024,+48 140 695 428
2118,Nova Market 02118,France,Lyon,retail,2024-03-03,+34 485 211 959
2119,Global Kitchen 02119,DE,Munich,retail,03/03/2024,+39 770 789 419
2120,Royal Gourmet 02120,Italy,Florence,wholesale,04.03.2024,+39 805 432 497
2121,Prime Distribution 02121,Norway,Trondheim,retail,"Mar 04, 2024",+44 963 516 742
2122,Green Supplies 02122,germany,Frankfurt,horeca,2024-03-04,
2123,Urban Market 02123,France,Nice,distributor,06.03.2024,+34 951 792 509
2124,Nova Restaurant 02124,France,Paris,retail,"Mar 06, 2024",+48 060 671 585
2125,Beta Supplies 02125,Germany,Berlin,horeca,2024-03-06,+1 429 702 962
2126,Fresh Group 02126,Spain,Madrid,retail,"Mar 06, 2024",+44 408 491 776
2127,Green Trading 02127,Canada,Toronto,distributor,06/03/2024,+1 721 910 697
2128,Fresh Restaurant 02128,UK,London,online,2024-03-09,+34 185 456 159
2129,Fresh Group 02129,united kingdom,Leeds,wholesale,2024-03-09,+34 154 829 923
2130,Delta Stores 02130,uk,London,wholesale,2024-03-09,+33 995 640 082
2131,Amber Foods 02131,USA,Seattle,horeca,09.03.2024,+39 626 624 561
2132,Amber Stores 02132,Polska,Krakow,retail,10/03/2024,+48 106 591 725
2133,Green Deli 02133,United Kingdom,London,wholesale,2024-03-11,+34 507 134 223
2134,Delta Stores 02134,United States,New York,retail,"Mar 11, 2024",
2135,Urban Group 02135,DE,Cologne,wholesale,2024-03-13,+34 854 651 765
2136,Green Market 02136,germany,Berlin,retail,13/03/2024,+44 130 501 230
2137,Beta Cafe 02137,Great Britain,London,wholesale,"Mar 13, 2024",+1 253 409 431
2138,Gamma Stores 02138,Czech Republic,Prague,retail,"Mar 14, 2024",+34 950 372 263
2139,Amber Restaurant 02139,,Lodz,online,"Mar 15, 2024",+44 423 225 414
2140,Baltic Distribution 02140,US,Boston,retail,03/17/2024,+33 829 852 617
2141,Gamma Restaurant 02141,Deutschland,Frankfurt,horeca,18.03.2024,+39 665 263 155
2142,Global Market 02142,Italy,Florence,retail,19/03/2024,+33 297 505 812
2143,Amber Cafe 02143,Germany,Munich,retail,2024-03-21,
2144,Beta Foods 02144,Sweden,Malmo,horeca,21/03/2024,+49 866 184 116
2145,Amber Market 02145,united kingdom,Leeds,wholesale,2024-03-22,+1 992 382 982
2146,West Stores 02146,Germany,Hamburg,distributor,2024-03-25,+48 076 794 382
2147,Gamma Stores 02147,Austria,Linz,retail,03/26/2024,+33 725 123 264
2148,Baltic Deli 02148,France,Nice,wholesale,2024-03-27,
2149,Royal Deli 02149,Poland,Poznan,retail,2024-03-27,+1 919 891 207
2150,North Wholesale 02150,Spain,Bilbao,wholesale,03/28/2024,+44 594 462 700
2151,Blue Supplies 02151,Italy,Florence,retail,28/03/2024,+48 395 220 329
2152,Royal Trading 02152,Poland,Wroclaw,wholesale,03/28/2024,+34 787 628 049
2153,Amber Market 02153,Canada,Montreal,wholesale,03/29/2024,+33 639 823 948
2154,Global Market 02154,Czech Republic,Brno,horeca,2024-03-30,+34 342 786 790
2155,Prime Group 02155,Czech Republic,Pilsen,online,2024-03-30,+39 981 211 232
2156,Silver Foods 02156,United Kingdom,Liverpool,retail,2024-03-30,+49 951 765 046
2157,Green Wholesale 02157,usa,New York,horeca,"Mar 31, 2024",+44 307 598 568
2158,Central Supplies 02158,Czech Republic,Prague,horeca,01.04.2024,+39 420 089 646
2159,Silver Distribution 02159,spain,Valencia,wholesale,04/01/2024,+39 800 105 271
2160,Amber Kitchen 02160,Polska,Lodz,retail,2024-04-01,+48 009 188 111
2161,East Wholesale 02161,USA,Seattle,retail,2024-04-01,+34 318 869 993
2162,Central Partners 02162,USA,New York,online,"Apr 01, 2024",+44 030 826 030
2163,Nova Deli 02163,PL,Krakow,retail,03/04/2024,+48 433 307 463
2164,Global Supplies 02164,Sweden,Malmo,retail,2024-04-04,+34 295 842 557
2165,Delta Partners 02165,Germany,Berlin,retail,04/04/2024,+33 491 164 118
2166,Delta Kitchen 02166,Italy,Florence,retail,04/06/2024,+1 491 049 049
2167,Prime Wholesale 02167,Canada,Toronto,retail,2024-04-07,+48 444 626 714
2168,Nova Gourmet 02168,United Kingdom,Manchester,retail,2024-04-07,+1 956 402 325
2169,Central Partners 02169,Norway,Trondheim,retail,2024-04-08,+44 562 882 450
2170,Urban Partners 02170,poland,Krakow,retail,2024-04-09,+34 141 300 861
2171,Amber Gourmet 02171,uk,Liverpool,horeca,2024-04-09,+33 045 871 586
2172, Amber Market 02172 ,DE,Munich,wholesale,2024-04-09,
2173,Gamma Restaurant 02173,USA,Denver,online,04/09/2024,+48 775 317 540
2174, West Trading 02174 ,Spain,Seville,retail,10/04/2024,+33 884 510 272
2175,Fresh Cafe 02175,,Rome,retail,2024-04-11,+34 787 213 205
2176,Euro Market 02176,Italy,Turin,wholesale,2024-04-11,+1 615 386 196
2177, Prime Kitchen 02177 ,DE,Berlin,wholesale,11/04/2024,+49 687 183 940
2178,Central Gourmet 02178,France,Paris,retail,2024-04-11,+44 264 203 624
2179,Gamma Kitchen 02179,Canada,Toronto,retail,2024-04-12,+49 798 085 538
2180,Central Distribution 02180,netherlands,Amsterdam,online,2024-04-12,+48 907 761 224
2181,Blue Group 02181,Netherlands,Utrecht,retail,2024-04-14,+39 773 707 155
2182,Nova Market 02182,Czech Republic,Prague,wholesale,2024-04-14,+48 411 685 270
2183,North Deli 02183,UK,Manchester,horeca,2024-04-15,+39 309 758 269
2184,West Supplies 02184,Canada,Calgary,online,2024-04-15,+44 928 517 957
2185,West Gourmet 02185,DE,Cologne,wholesale,16/04/2024,+39 214 992 401
2186,Euro Market 02186,Sweden,Stockholm,retail,2024-04-16,
2187,North Foods 02187,Italy,Rome,wholesale,"Apr 17, 2024",+48 420 044 895
2188,West Kitchen 02188,,Liverpool,distributor,2024-04-17,+33 261 939 065
2189,Euro Stores 02189,Germany,Berlin,wholesale,2024-04-19,+1 315 821 067
2190,Euro Kitchen 02190,united kingdom,Liverpool,online,2024-04-19,+39 409 827 860
2191,Urban Market 02191,Germany,Frankfurt,retail,"Apr 19, 2024",+39 042 080 740
2192,Beta Trading 02192,United Kingdom,Bristol,online,"Apr 21, 2024",+33 168 205 299
2193,Prime Deli 02193,poland,Poznan,wholesale,24/04/2024,+33 520 645 558
2194,Euro Kitchen 02194,France,Toulouse,retail,25/04/2024,
2195,West Restaurant 02195,Germany,Munich,distributor,2024-04-25,
2196,Urban Wholesale 02196,Poland,Gdansk,online,"Apr 25, 2024",+1 674 480 116
2197,Euro Distribution 02197,Italy,Florence,retail,27/04/2024,+44 599 048 271
2198,East Stores 02198,United Kingdom,Manchester,horeca,28/04/2024,+49 255 856 970
2199,Alfa Trading 02199,Italy,Milan,online,2024-04-28,+1 993 050 173
2200,Blue Cafe 02200,US,Austin,wholesale,29/04/2024,+39 901 547 849
2201,Delta Stores 02201,Poland,Gdansk,retail,2024-04-30,+44 864 579 938
2202,Central Foods 02202,poland,Krakow,online,"Apr 30, 2024",+34 822 410 062
2203,Delta Kitchen 02203,France,Nice,retail,2024-04-30,+34 605 062 830
2204, East Cafe 02204 ,spain,Valencia,retail,2024-04-30,+33 738 030 714
2205,Baltic Deli 02205,Spain,Madrid,wholesale,02/05/2024,
2206,Silver Market 02206,DE,Cologne,retail,02/05/2024,
2207,East Cafe 02207,france,Toulouse,retail,2024-05-04,+34 803 912 596
2208,Green Restaurant 02208,PL,Gdansk,retail,05/04/2024,+48 417 575 675
2209,Fresh Supplies 02209,Italy,Florence,wholesale,06/05/2024,+49 433 327 926
2210,Prime Supplies 02210,Germany,Cologne,horeca,2024-05-07,+48 410 643 480
2211,Urban Kitchen 02211,france,Paris,wholesale,2024-05-08,+44 306 843 312
2212,Euro Market 02212,Austria,Linz,horeca,09/05/2024,+48 308 421 717
2213,Euro Deli 02213,Polska,Krakow,retail,2024-05-09,+1 179 567 090
2214,Fresh Distribution 02214,germany,Frankfurt,wholesale,2024-05-09,+44 034 746 330
2215,North Partners 02215,Czech Republic,Prague,online,2024-05-09,+44 805 029 638
2216, West Stores 02216 ,,London,retail,05/10/2024,+48 860 809 145
2217,North Market 02217,Germany,Munich,distributor,05/11/2024,+39 935 832 037
2218,Gamma Stores 02218,united kingdom,London,wholesale,05/11/2024,+44 448 027 249
2219,Prime Gourmet 02219,Italy,Rome,online,2024-05-11,+49 186 327 289
2220,Fresh Deli 02220,Spain,Seville,horeca,2024-05-11,+44 544 622 615
2221,Amber Wholesale 02221,Spain,Seville,retail,2024-05-12,+34 594 486 605
2222, Euro Cafe 02222 ,germany,Cologne,horeca,"May 13, 2024",
2223,Global Stores 02223,germany,Hamburg,retail,13.05.2024,+44 638 917 580
2224,West Cafe 02224,Spain,Barcelona,distributor,13/05/2024,+34 908 278 600
2225,Amber Market 02225,France,Lyon,retail,2024-05-15,+1 648 257 778
2226,Nova Gourmet 02226,United States,New York,horeca,2024-05-15,+44 866 573 389
2227,Royal Supplies 02227,France,Nice,retail,16/05/2024,+49 996 531 715
2228,Gamma Deli 02228,FR,Toulouse,horeca,2024-05-16,+44 349 451 753
2229,Gamma Cafe 02229,United Kingdom,Leeds,horeca,2024-05-16,
2230,Blue Gourmet 02230,,London,retail,2024-05-17,+34 707 067 338
2231,Blue Partners 02231,Germany,Hamburg,distributor,05/18/2024,+34 872 810 066
2232,Amber Foods 02232,Czech Republic,Brno,online,2024-05-18,+1 627 592 139
2233,Silver Gourmet 02233,Italy,Florence,wholesale,19/05/2024,+49 287 539 719
2234,Beta Trading 02234,FR,Lyon,wholesale,05/19/2024,+49 741 038 747
2235,North Partners 02235,Czech Republic,Ostrava,online,2024-05-19,+1 793 820 057
2236,Royal Deli 02236,Poland,Warsaw,retail,2024-05-20,+33 620 077 074
2237,Silver Cafe 02237,Norway,Oslo,distributor,20/05/2024,+48 821 510 277
2238,Baltic Market 02238,Spain,Madrid,retail,"May 20, 2024",+48 518 498 651
2239,Euro Deli 02239,DE,Frankfurt,wholesale,2024-05-20,+1 362 669 359
2240,Amber Wholesale 02240,U.S.A.,New York,retail,05/21/2024,+33 045 802 081
2241,Fresh Trading 02241,Netherlands,Utrecht,online,21.05.2024,+39 585 630 934
2242, East Distribution 02242 ,France,Paris,retail,2024-05-21,+33 180 592 696
2243,Beta Market 02243,Sweden,Malmo,retail,"May 21, 2024",
2244,Delta Gourmet 02244,Netherlands,Utrecht,wholesale,2024-05-22,
2245,Baltic Cafe 02245,Spain,Madrid,horeca,24/05/2024,+49 310 802 679
2246,Silver Gourmet 02246,Sweden,Uppsala,distributor,25/05/2024,+48 558 051 411
2247, Silver Restaurant 02247 ,poland,Gdansk,online,25.05.2024,+34 823 898 290
2248,Baltic Deli 02248,United Kingdom,London,wholesale,2024-05-26,+34 438 157 159
2249,Urban Group 02249,Polska,Wroclaw,retail,26/05/2024,+34 717 581 755
2250,Gamma Supplies 02250,Germany,Berlin,retail,27/05/2024,+1 983 015 708
2251,Global Cafe 02251,Poland,Krakow,wholesale,2024-05-28,+33 750 177 234
2252,Global Foods 02252,Poland,Gdansk,retail,2024-05-30,+49 060 814 628
2253,Delta Wholesale 02253,Poland,Krakow,retail,30/05/2024,+48 971 857 364
2254,West Cafe 02254,Spain,Valencia,retail,2024-05-31,+44 664 224 911
2255, Baltic Distribution 02255 ,poland,Warsaw,online,01.06.2024,+48 566 851 738
2256,Beta Supplies 02256,Poland,Gdansk,retail,2024-06-02,+39 435 504 523
2257,Prime Deli 02257,france,Marseille,wholesale,2024-06-02,+33 679 273 509
2258,Amber Partners 02258,Czech Republic,Brno,retail,2024-06-02,+39 426 397 625
2259,Prime Partners 02259,Spain,Barcelona,distributor,03/06/2024,
2260,Blue Gourmet 02260,united kingdom,Bristol,distributor,"Jun 03, 2024",+39 533 805 190
2261,East Trading 02261,Germany,Munich,horeca,2024-06-03,+33 672 096 063
2262,Euro Trading 02262,France,Paris,retail,03.06.2024,+48 992 626 488
2263,North Stores 02263,US,New York,wholesale,2024-06-03,+34 152 402 248
2264,Prime Group 02264,poland,Warsaw,online,2024-06-03,+48 675 716 139
2265,North Market 02265,Deutschland,Frankfurt,wholesale,03/06/2024,+33 456 736 952
2266,Nova Foods 02266,United Kingdom,Leeds,retail,2024-06-03,+34 854 990 374
2267,North Cafe 02267,uk,London,retail,2024-06-03,+44 153 538 763
2268,Royal Kitchen 02268,United Kingdom,Leeds,retail,04/06/2024,
2269,Fresh Distribution 02269,uk,Manchester,retail,2024-06-04,+39 067 275 139
2270,Euro Deli 02270,United States,Austin,horeca,2024-06-05,+49 324 575 716
2271,Urban Supplies 02271,Polska,Wroclaw,horeca,05/06/2024,+49 831 478 285
2272,Royal Distribution 02272,Austria,Salzburg,retail,2024-06-06,+44 212 780 571
2273,Royal Group 02273,Canada,Ottawa,horeca,06/06/2024,+48 058 994 394
2274,Silver Deli 02274,Poland,Gdansk,distributor,2024-06-06,+44 683 355 538
2275,Silver Kitchen 02275,Deutschland,Berlin,wholesale,2024-06-08,+49 994 408 091
2276,Urban Trading 02276,Austria,Linz,wholesale,2024-06-08,+33 347 175 685
2277,Central Wholesale 02277,poland,Gdansk,retail,2024-06-09,+44 501 131 664
2278,Royal Restaurant 02278,Germany,Munich,online,2024-06-10,+49 778 592 484
2279,Global Kitchen 02279,Poland,Warsaw,horeca,2024-06-10,+44 952 101 605
2280,Euro Partners 02280,Spain,Madrid,online,11.06.2024,+34 676 557 925
2281,Baltic Gourmet 02281,US,Seattle,online,12.06.2024,+34 067 178 177
2282,Prime Distribution 02282,czech republic,Ostrava,retail,2024-06-13,
2283,Amber Partners 02283,uk,Manchester,online,14.06.2024,+44 528 716 198
2284,Amber Wholesale 02284,Spain,Madrid,wholesale,14.06.2024,+48 691 677 463
2285,Blue Supplies 02285,Germany,Hamburg,distributor,06/14/2024,+39 404 340 761
2286,Gamma Foods 02286,Canada,Toronto,wholesale,2024-06-14,+44 439 150 770
2287,North Stores 02287,US,Denver,retail,2024-06-15,+39 728 722 314
2288,Nova Restaurant 02288,United Kingdom,Leeds,wholesale,2024-06-16,+48 213 716 856
2289,Silver Trading 02289,USA,Denver,online,16.06.2024,+1 230 200 792
2290,Nova Stores 02290,Poland,Gdansk,online,16/06/2024,+48 021 083 917
2291,North Wholesale 02291,Italy,Rome,horeca,2024-06-17,+48 690 119 844
2292,Royal Foods 02292,United Kingdom,London,online,2024-06-18,+34 954 570 655
2293,Urban Group 02293,France,Nice,horeca,06/18/2024,
2294, Prime Wholesale 02294 ,austria,Vienna,retail,2024-06-18,
2295,West Stores 02295,Great Britain,Bristol,wholesale,2024-06-18,+39 402 095 208
2296,Central Supplies 02296,United Kingdom,London,retail,18.06.2024,
2297,East Deli 02297,DE,Cologne,wholesale,18/06/2024,
2298,Euro Wholesale 02298,Poland,Poznan,retail,18/06/2024,+33 372 531 429
2299,North Kitchen 02299,US,Austin,retail,"Jun 18, 2024",+1 656 976 405
2300,Fresh Restaurant 02300,France,Marseille,retail,"Jun 19, 2024",+1 300 612 056
2301,Green Wholesale 02301,Polska,Krakow,retail,2024-06-19,+34 420 151 027
2302,Silver Restaurant 02302,Germany,Cologne,wholesale,06/19/2024,+48 850 996 801
2303,Blue Restaurant 02303,Spain,Barcelona,distributor,2024-06-20,+49 411 438 323
2304,East Deli 02304,,Krakow,retail,06/20/2024,+1 589 046 984
2305,Green Restaurant 02305,Austria,Linz,retail,20/06/2024,+1 387 398 189
2306,Euro Deli 02306,Canada,Montreal,retail,20.06.2024,
2307,Blue Market 02307,Polska,Warsaw,online,06/20/2024,+33 505 487 601
2308,Baltic Group 02308,Austria,Linz,retail,2024-06-20,+34 021 338 910
2309,Royal Trading 02309,Great Britain,Liverpool,wholesale,21/06/2024,+44 765 939 845
2310,Fresh Market 02310,Spain,Bilbao,horeca,"Jun 25, 2024",+33 732 262 043
2311,Central Supplies 02311,France,Marseille,online,06/25/2024,
2312,Blue Stores 02312,Austria,Vienna,retail,26/06/2024,+34 719 207 226
2313,Urban Stores 02313,USA,Chicago,wholesale,2024-06-27,+48 841 089 023
2314,Global Gourmet 02314,Austria,Graz,retail,"Jun 28, 2024",+48 679 901 983
2315,Global Group 02315,Italy,Florence,horeca,2024-06-28,+44 678 450 802
2316,Fresh Deli 02316,Sweden,Uppsala,distributor,29/06/2024,+49 858 364 409
2317,Beta Distribution 02317,Germany,Hamburg,wholesale,2024-07-01,+34 019 740 325
2318,West Partners 02318,Italy,Rome,online,2024-07-02,+39 732 273 617
2319,Urban Distribution 02319,Netherlands,Amsterdam,retail,2024-07-02,+44 115 849 722
2320,Alfa Supplies 02320,Czech Republic,Prague,retail,"Jul 03, 2024",+44 181 548 256
2321,Fresh Stores 02321,Germany,Hamburg,retail,07/03/2024,+39 844 375 512
2322,Beta Market 02322,Austria,Graz,online,2024-07-03,+48 664 485 004
2323,Royal Foods 02323,usa,Boston,online,"Jul 04, 2024",+1 563 767 625
2324,Beta Market 02324,Polska,Wroclaw,wholesale,2024-07-04,+48 537 154 087
2325,Gamma Group 02325,Canada,Ottawa,retail,07/06/2024,+44 526 790 025
2326,West Group 02326,Netherlands,Utrecht,horeca,07/07/2024,+34 713 182 131
2327,Royal Cafe 02327,US,Seattle,wholesale,07/07/2024,+39 787 421 448
2328,Euro Kitchen 02328,United Kingdom,Liverpool,horeca,07.07.2024,+48 560 539 113
2329,Baltic Partners 02329,Italy,Milan,retail,2024-07-08,+49 796 412 486
2330,Beta Restaurant 02330,France,Paris,online,2024-07-09,+39 839 911 781
2331, North Distribution 02331 ,USA,Austin,wholesale,2024-07-09,+34 624 237 789
2332,Gamma Group 02332,sweden,Malmo,horeca,09/07/2024,+49 453 161 549
2333,Blue Market 02333,Czech Republic,Prague,wholesale,2024-07-09,+1 358 158 189
2334,Alfa Gourmet 02334,Deutschland,Hamburg,retail,07/11/2024,+33 460 748 327
2335,Euro Market 02335,Germany,Berlin,horeca,2024-07-13,+39 744 269 591
2336,Gamma Foods 02336,Czech Republic,Pilsen,wholesale,13/07/2024,+39 328 047 990
2337,Prime Supplies 02337,Poland,Gdansk,retail,"Jul 14, 2024",+33 802 252 271
2338,East Supplies 02338,PL,Poznan,horeca,07/15/2024,+39 466 819 547
2339,North Group 02339,Polska,Wroclaw,online,2024-07-15,+44 678 486 018
2340,Nova Partners 02340,Italy,Rome,wholesale,2024-07-16,+48 204 990 443
2341,Fresh Group 02341,sweden,Uppsala,horeca,07/17/2024,+39 314 559 776
2342, Urban Supplies 02342 ,canada,Vancouver,online,"Jul 18, 2024",+44 065 035 110
2343, Royal Gourmet 02343 ,DE,Munich,retail,18/07/2024,+49 358 422 811
2344,Delta Stores 02344,Poland,Lodz,retail,2024-07-18,+48 891 825 549
2345,West Market 02345,Canada,Ottawa,wholesale,19/07/2024,+49 814 265 409
2346,Fresh Foods 02346,Spain,Madrid,retail,07/20/2024,+49 006 262 554
2347,Silver Distribution 02347,Spain,Madrid,wholesale,07/22/2024,+34 318 240 937
2348,Prime Kitchen 02348,usa,New York,retail,07/22/2024,+49 062 783 898
2349,Central Deli 02349,UK,Liverpool,distributor,22/07/2024,+49 804 154 875
2350,Green Supplies 02350,Austria,Salzburg,horeca,2024-07-23,+39 293 788 668
2351,Blue Gourmet 02351,,Gothenburg,wholesale,"Jul 24, 2024",+49 778 306 210
2352,Prime Supplies 02352,czech republic,Brno,wholesale,2024-07-25,+33 638 186 936
2353,Gamma Stores 02353,Italy,Turin,wholesale,2024-07-25,+33 148 334 367
2354,Silver Distribution 02354,france,Paris,horeca,2024-07-26,+33 257 678 076
2355,Blue Gourmet 02355,Spain,Madrid,retail,07/27/2024,+34 542 537 341
2356,Urban Partners 02356,Czech Republic,Pilsen,online,2024-07-27,+1 512 839 663
2357,North Partners 02357,FR,Marseille,retail,27.07.2024,+48 735 670 960
2358,Blue Wholesale 02358,United Kingdom,London,retail,"Jul 27, 2024",
2359,West Cafe 02359,France,Nice,online,2024-07-28,+49 131 436 506
2360,Euro Supplies 02360,Italy,Milan,retail,07/29/2024,
2361,East Stores 02361,France,Paris,distributor,2024-07-29,+1 734 820 540
2362, Royal Supplies 02362 ,uk,Leeds,wholesale,29/07/2024,+39 121 832 989
2363,Green Wholesale 02363,United States,Chicago,retail,29.07.2024,+34 577 776 472
2364,Alfa Restaurant 02364,spain,Seville,wholesale,2024-07-29,
2365,Delta Stores 02365,france,Nice,horeca,2024-07-31,+33 223 468 666
2366,West Market 02366,,Trondheim,online,2024-07-31,+48 223 169 604
2367,Fresh Gourmet 02367,,Berlin,horeca,2024-07-31,+1 358 497 128
2368,Urban Trading 02368,usa,Chicago,online,2024-08-02,+34 734 428 363
2369,Nova Deli 02369,Spain,Valencia,wholesale,02/08/2024,+44 115 299 186
2370,Amber Kitchen 02370,Netherlands,Eindhoven,horeca,2024-08-04,+49 694 846 035
2371,Baltic Gourmet 02371,canada,Calgary,online,2024-08-04,+48 729 052 593
2372,East Cafe 02372,FR,Marseille,distributor,2024-08-05,+34 096 874 612
2373,Euro Kitchen 02373,united kingdom,Leeds,wholesale,2024-08-06,
2374,Fresh Kitchen 02374,Spain,Bilbao,online,"Aug 07, 2024",+48 222 667 310
2375,Central Distribution 02375,Netherlands,Rotterdam,online,2024-08-11,+48 826 761 245
2376,East Distribution 02376,FR,Lyon,online,12/08/2024,+44 967 746 505
2377,Urban Wholesale 02377,Spain,Madrid,retail,2024-08-12,+48 018 025 825
2378,Prime Foods 02378,Canada,Ottawa,retail,2024-08-12,+39 741 330 840
2379,Global Trading 02379,Czech Republic,Brno,online,15.08.2024,+33 874 853 570
2380,East Partners 02380,Great Britain,Leeds,online,"Aug 15, 2024",+33 823 031 859
2381,Nova Stores 02381,,Bristol,online,16/08/2024,+39 309 277 101
2382,Beta Trading 02382,Sweden,Gothenburg,retail,"Aug 17, 2024",+39 200 868 080
2383,East Stores 02383,germany,Cologne,horeca,18.08.2024,+49 393 877 528
2384,Silver Deli 02384,US,New York,horeca,2024-08-19,+48 157 091 911
2385,Euro Partners 02385,Spain,Bilbao,wholesale,"Aug 19, 2024",+49 606 644 815
2386,Alfa Foods 02386,Netherlands,Utrecht,retail,08/19/2024,+48 274 281 350
2387,Central Group 02387,Germany,Frankfurt,retail,2024-08-20,+49 924 292 531
2388,Prime Stores 02388,Spain,Valencia,wholesale,22.08.2024,
2389,Beta Supplies 02389,France,Toulouse,online,2024-08-22,+44 477 225 849
2390,Royal Deli 02390,Spain,Barcelona,online,2024-08-22,+34 205 728 641
2391,Global Supplies 02391,Italy,Naples,retail,24/08/2024,+34 374 351 788
2392,Silver Deli 02392,,Hamburg,horeca,2024-08-24,+49 628 372 776
2393,Delta Gourmet 02393,Canada,Calgary,retail,2024-08-25,+48 527 333 654
2394,Royal Foods 02394,Spain,Bilbao,wholesale,2024-08-25,+33 569 515 674
2395,Global Cafe 02395,Netherlands,Eindhoven,retail,25/08/2024,+48 044 073 110
2396,Global Market 02396,United States,Seattle,retail,2024-08-26,+33 856 012 658
2397,Gamma Restaurant 02397,Poland,Poznan,online,2024-08-28,+1 527 755 783
2398,Alfa Deli 02398,Norway,Oslo,online,31.08.2024,+33 623 993 789
2399,Delta Cafe 02399,Italy,Naples,wholesale,"Aug 31, 2024",+49 779 660 664
2400,East Partners 02400,USA,New York,online,"Aug 31, 2024",+44 372 331 540
2401,Prime Supplies 02401,Czech Republic,Pilsen,retail,"Aug 31, 2024",+44 101 844 185
2402,West Cafe 02402,Deutschland,Munich,retail,01.09.2024,+1 074 522 972
2403,West Foods 02403,Netherlands,Eindhoven,retail,01/09/2024,+48 937 151 216
2404,Green Partners 02404,Austria,Salzburg,retail,09/01/2024,+44 855 231 927
2405,Silver Trading 02405,netherlands,Rotterdam,online,01/09/2024,+48 066 003 196
2406,Alfa Group 02406,Norway,Bergen,wholesale,2024-09-02,+48 074 713 915
2407, West Stores 02407 ,Deutschland,Frankfurt,horeca,2024-09-02,+44 861 694 041
2408,Delta Wholesale 02408,France,Nice,online,"Sep 03, 2024",+44 987 804 766
2409,Central Restaurant 02409,poland,Gdansk,retail,03.09.2024,+48 237 580 757
2410,Urban Kitchen 02410,poland,Lodz,online,2024-09-03,+44 214 000 273
2411,North Restaurant 02411,usa,Chicago,retail,04/09/2024,
2412,Global Distribution 02412,Canada,Calgary,wholesale,04/09/2024,+48 854 377 321
2413,Silver Group 02413,germany,Berlin,retail,09/04/2024,+1 449 029 675
2414,Central Group 02414,DE,Munich,retail,2024-09-04,+34 396 160 813
2415,Baltic Restaurant 02415,,Poznan,retail,"Sep 05, 2024",+33 317 802 484
2416,East Supplies 02416,Sweden,Malmo,horeca,09/05/2024,+1 007 095 992
2417,Silver Wholesale 02417,Poland,Wroclaw,online,05/09/2024,+49 094 172 694
2418,Nova Restaurant 02418,poland,Poznan,retail,06/09/2024,+34 511 636 524
2419, Prime Deli 02419 ,Austria,Salzburg,horeca,2024-09-07,+49 500 848 648
2420,Blue Stores 02420,netherlands,Rotterdam,wholesale,2024-09-08,+34 083 024 517
2421,Beta Wholesale 02421,FR,Toulouse,horeca,2024-09-08,
2422,Prime Partners 02422,PL,Poznan,wholesale,09/09/2024,+34 955 274 892
2423,Nova Deli 02423,germany,Hamburg,horeca,09.09.2024,+33 607 992 165
2424,Euro Supplies 02424,DE,Berlin,online,09.09.2024,+49 492 003 552
2425,Silver Wholesale 02425,United States,Austin,retail,10.09.2024,+33 419 806 713
2426,Amber Stores 02426,Norway,Oslo,horeca,10.09.2024,+49 586 631 090
2427,Alfa Restaurant 02427,Netherlands,Rotterdam,wholesale,2024-09-10,+34 878 765 815
2428,East Wholesale 02428,US,Denver,horeca,"Sep 11, 2024",+1 884 886 877
2429,Central Trading 02429,Italy,Naples,online,09/11/2024,+34 490 977 436
2430,Gamma Stores 02430,Czech Republic,Brno,distributor,11/09/2024,
2431,Silver Gourmet 02431,Polska,Krakow,retail,09/12/2024,
2432,Alfa Cafe 02432,Poland,Wroclaw,retail,13.09.2024,+49 028 700 435
2433,Amber Distribution 02433,,Warsaw,horeca,09/13/2024,+44 650 969 763
2434,Green Restaurant 02434,United Kingdom,Bristol,retail,2024-09-13,+39 052 412 259
2435,Central Restaurant 02435,USA,Seattle,online,"Sep 14, 2024",+44 363 510 428
2436, Fresh Stores 02436 ,Austria,Salzburg,wholesale,2024-09-14,+39 990 849 193
2437,Royal Kitchen 02437,Poland,Warsaw,horeca,2024-09-14,+48 266 607 028
2438,Royal Foods 02438,Spain,Madrid,retail,2024-09-15,+48 861 842 336
2439,Urban Supplies 02439,Netherlands,Amsterdam,horeca,"Sep 15, 2024",+34 695 380 462
2440,Baltic Market 02440,Germany,Munich,online,15/09/2024,+1 823 952 237
2441,Royal Market 02441,UK,Manchester,horeca,2024-09-17,+44 075 628 734
2442,West Cafe 02442,Poland,Warsaw,online,2024-09-17,+33 232 310 608
2443,Green Gourmet 02443,Spain,Seville,distributor,2024-09-19,+33 922 255 965
2444,Nova Foods 02444,italy,Florence,distributor,09/19/2024,+48 246 614 950
2445,Green Deli 02445,Italy,Naples,retail,2024-09-20,+33 053 890 018
2446,East Restaurant 02446,Netherlands,Amsterdam,retail,2024-09-20,+33 168 766 752
2447,Fresh Stores 02447,France,Paris,horeca,2024-09-23,+49 426 719 902
2448,Amber Restaurant 02448,Germany,Frankfurt,retail,2024-09-24,+33 091 660 996
2449,Baltic Foods 02449,Canada,Toronto,distributor,"Sep 24, 2024",+34 746 726 054
2450,Central Cafe 02450,Czech Republic,Prague,retail,2024-09-25,+39 086 777 473
2451,West Foods 02451,Spain,Barcelona,retail,09/25/2024,+33 630 149 695
2452,Global Restaurant 02452,Sweden,Uppsala,wholesale,2024-09-25,+49 471 422 872
2453,Delta Deli 02453,spain,Barcelona,horeca,2024-09-25,+48 208 528 634
2454,Gamma Gourmet 02454,Polska,Gdansk,horeca,2024-09-25,+33 822 106 053
2455,Nova Cafe 02455,Canada,Ottawa,wholesale,09/25/2024,+48 290 848 885
2456,Urban Cafe 02456,Polska,Warsaw,online,"Sep 26, 2024",+39 232 796 445
2457,Global Restaurant 02457,USA,Boston,retail,26.09.2024,+34 463 265 570
2458,Baltic Kitchen 02458,United Kingdom,Manchester,wholesale,26/09/2024,+44 432 905 995
2459,East Kitchen 02459,USA,Chicago,horeca,"Sep 27, 2024",+48 350 263 759
2460,Central Partners 02460,Spain,Barcelona,retail,"Sep 27, 2024",+39 050 898 288
2461,Amber Wholesale 02461,USA,New York,retail,"Sep 28, 2024",
2462, Prime Stores 02462 ,Norway,Oslo,retail,2024-09-28,+48 709 051 439
2463,Urban Deli 02463,Polska,Krakow,horeca,2024-09-30,+33 595 615 172
2464,Green Market 02464,Sweden,Malmo,distributor,10/01/2024,+33 369 565 955
2465,West Kitchen 02465,Netherlands,Amsterdam,online,01.10.2024,+48 854 745 150
2466,Alfa Cafe 02466,Poland,Gdansk,online,2024-10-02,+33 073 353 269
2467,Central Supplies 02467,,Chicago,wholesale,2024-10-04,+48 433 569 827
2468,Urban Wholesale 02468,,Boston,wholesale,"Oct 04, 2024",+49 189 265 779
2469,Fresh Market 02469,Germany,Hamburg,retail,2024-10-05,+33 845 966 539
2470,East Gourmet 02470,United Kingdom,Leeds,online,06.10.2024,+49 408 271 478
2471,Gamma Wholesale 02471,USA,Seattle,online,2024-10-06,+48 084 258 221
2472,Amber Stores 02472,Poland,Poznan,wholesale,10/06/2024,+44 295 411 030
2473,Royal Distribution 02473,Czech Republic,Ostrava,online,"Oct 06, 2024",+1 346 588 980
2474,Prime Cafe 02474,Netherlands,Rotterdam,wholesale,"Oct 06, 2024",+1 024 546 251
2475,Baltic Distribution 02475,Germany,Munich,distributor,06.10.2024,+34 623 573 632
2476,Urban Market 02476,Deutschland,Berlin,retail,2024-10-07,+34 623 371 825
2477,Green Cafe 02477,Poland,Krakow,retail,2024-10-08,+1 667 317 714
2478,Global Market 02478,Norway,Bergen,wholesale,2024-10-08,+44 677 562 214
2479,Royal Group 02479,,Rome,online,2024-10-08,+34 692 627 872
2480,Global Deli 02480,Norway,Stavanger,horeca,2024-10-10,+44 613 635 434
2481,West Market 02481,Spain,Valencia,retail,10/10/2024,+44 611 085 449
2482,Amber Market 02482,Spain,Seville,retail,10/10/2024,+1 692 013 948
2483,Baltic Distribution 02483,United Kingdom,London,horeca,"Oct 11, 2024",+1 426 475 415
2484,West Gourmet 02484,Austria,Linz,retail,11/10/2024,
2485,Silver Foods 02485,United States,Chicago,online,"Oct 11, 2024",+34 157 402 128
2486,Fresh Supplies 02486,Poland,Gdansk,online,"Oct 12, 2024",+49 866 656 709
2487,Global Restaurant 02487,Poland,Krakow,retail,13/10/2024,+1 179 612 965
2488,Amber Stores 02488,Germany,Frankfurt,retail,"Oct 14, 2024",+39 234 112 097
2489,Royal Partners 02489,uk,Bristol,online,14/10/2024,+33 079 875 296
2490,North Supplies 02490,PL,Warsaw,horeca,2024-10-16,+49 105 936 785
2491,Fresh Foods 02491,germany,Cologne,wholesale,2024-10-17,+48 384 208 588
2492,Blue Supplies 02492,United States,Chicago,horeca,10/17/2024,+1 174 590 020
2493,Blue Supplies 02493,Germany,Hamburg,retail,18.10.2024,+33 431 263 852
2494,Blue Distribution 02494,spain,Bilbao,retail,19/10/2024,
2495,North Supplies 02495,Netherlands,Rotterdam,retail,19.10.2024,+48 802 568 594
2496,Prime Market 02496,Austria,Graz,online,2024-10-20,+33 810 070 623
2497,Fresh Market 02497,Poland,Gdansk,retail,2024-10-20,+39 548 587 410
2498,Gamma Wholesale 02498,United Kingdom,Manchester,distributor,2024-10-20,+33 749 317 647
2499,Baltic Cafe 02499,Spain,Barcelona,wholesale,2024-10-20,+48 224 445 546
2500, Global Foods 02500 ,Netherlands,Rotterdam,horeca,20/10/2024,+34 764 263 456
2501,Alfa Restaurant 02501,germany,Berlin,wholesale,2024-10-20,+1 691 731 384
2502,Silver Gourmet 02502,FR,Lyon,retail,2024-10-21,+33 370 960 459
2503,Nova Kitchen 02503,Norway,Stavanger,horeca,2024-10-21,+48 861 829 664
2504,Blue Group 02504,Austria,Linz,online,"Oct 22, 2024",+48 683 946 860
2505,Beta Wholesale 02505,france,Toulouse,retail,23/10/2024,+49 742 568 512
2506,Silver Cafe 02506,PL,Lodz,wholesale,"Oct 24, 2024",
2507,Beta Market 02507,Poland,Gdansk,retail,"Oct 25, 2024",+49 790 067 465
2508,Global Foods 02508,France,Marseille,horeca,2024-10-25,
2509, Delta Restaurant 02509 ,U.S.A.,Austin,distributor,2024-10-25,
2510,Royal Wholesale 02510,Italy,Florence,online,2024-10-25,+48 296 238 389
2511,Global Kitchen 02511,Germany,Cologne,online,25/10/2024,+33 390 589 257
2512,Euro Stores 02512,Polska,Krakow,wholesale,2024-10-27,+39 456 486 692
2513,Baltic Wholesale 02513,Netherlands,Eindhoven,retail,2024-10-27,+49 306 155 451
2514,Alfa Supplies 02514,USA,New York,retail,2024-10-27,+48 771 265 383
2515,Royal Gourmet 02515,Germany,Berlin,horeca,2024-10-28,+1 169 055 242
2516,Urban Deli 02516,Norway,Stavanger,wholesale,28/10/2024,+49 404 869 069
2517,Royal Cafe 02517,uk,Bristol,retail,29/10/2024,
2518,Central Stores 02518,Netherlands,Eindhoven,online,2024-10-29,+39 901 614 210
2519,Royal Distribution 02519,PL,Gdansk,retail,2024-10-30,+33 198 668 425
2520,West Trading 02520,poland,Wroclaw,online,30/10/2024,+1 186 057 536
2521,Fresh Cafe 02521,Spain,Valencia,wholesale,2024-10-30,+34 753 187 674
2522,Euro Restaurant 02522,Spain,Bilbao,retail,2024-10-30,+39 103 105 852
2523,Central Restaurant 02523,austria,Vienna,wholesale,2024-10-30,+49 847 764 179
2524,Fresh Partners 02524,Italy,Rome,online,"Oct 31, 2024",
2525,Alfa Partners 02525,Netherlands,Rotterdam,online,31/10/2024,+39 930 736 246
2526,Beta Wholesale 02526,Germany,Berlin,retail,31/10/2024,+34 299 720 511
2527,Gamma Trading 02527,PL,Lodz,horeca,2024-11-01,+39 192 933 214
2528,Green Foods 02528,FR,Nice,online,2024-11-01,+39 510 948 052
2529,Urban Gourmet 02529,DE,Frankfurt,online,2024-11-01,+34 881 108 847
2530,Delta Distribution 02530,,Malmo,online,01/11/2024,
2531,Blue Restaurant 02531,Italy,Milan,online,2024-11-03,+1 653 746 463
2532,Green Distribution 02532,Spain,Valencia,wholesale,"Nov 03, 2024",+48 322 765 679
2533,Alfa Cafe 02533,Czech Republic,Pilsen,retail,2024-11-04,
2534,North Kitchen 02534,United Kingdom,Manchester,retail,2024-11-04,+49 950 493 691
2535, Global Wholesale 02535 ,germany,Cologne,wholesale,11/05/2024,+44 045 492 460
2536,East Market 02536,USA,Denver,distributor,11/05/2024,+49 803 385 404
2537,Green Distribution 02537,france,Marseille,retail,2024-11-05,+48 298 447 786
2538,West Restaurant 02538,Netherlands,Amsterdam,online,11/05/2024,+33 442 151 556
2539,Amber Restaurant 02539,Czech Republic,Brno,online,2024-11-05,+44 322 223 359
2540,Euro Cafe 02540,Austria,Linz,horeca,2024-11-05,+1 381 316 948
2541,Silver Market 02541,Italy,Naples,wholesale,06/11/2024,+49 052 894 666
2542,Alfa Foods 02542,Poland,Poznan,retail,2024-11-06,+44 920 574 384
2543,Gamma Supplies 02543,France,Lyon,online,06.11.2024,+33 016 418 870
2544,Euro Partners 02544,France,Toulouse,wholesale,07/11/2024,+1 624 108 819
2545,Prime Wholesale 02545,Italy,Florence,retail,11/07/2024,+1 459 266 188
2546,Gamma Market 02546,Austria,Salzburg,wholesale,07/11/2024,+48 932 535 812
2547,Baltic Gourmet 02547,Spain,Valencia,online,07/11/2024,
2548,Amber Partners 02548,Austria,Salzburg,wholesale,08/11/2024,+49 632 828 802
2549,West Restaurant 02549,Netherlands,Amsterdam,horeca,2024-11-08,+34 415 978 172
2550,Blue Restaurant 02550,poland,Warsaw,online,2024-11-08,+1 172 972 781
2551,Euro Stores 02551,Austria,Graz,online,11/08/2024,
2552, Baltic Distribution 02552 ,Spain,Madrid,online,11/08/2024,
2553,Amber Market 02553,,Madrid,distributor,09.11.2024,+34 026 293 052
2554,Nova Group 02554,,Krakow,horeca,2024-11-09,+34 471 736 422
2555,Nova Stores 02555,U.S.A.,Chicago,horeca,10/11/2024,+48 168 136 893
2556,Delta Cafe 02556,Spain,Seville,retail,2024-11-11,+34 977 406 194
2557,Royal Wholesale 02557,Poland,Warsaw,distributor,12/11/2024,+49 651 313 156
2558,Alfa Restaurant 02558,Austria,Linz,wholesale,"Nov 12, 2024",+33 495 189 592
2559,Prime Distribution 02559,germany,Frankfurt,online,12/11/2024,
2560,Euro Cafe 02560,Sweden,Gothenburg,wholesale,2024-11-14,+44 798 845 037
2561,Baltic Trading 02561,France,Lyon,retail,14/11/2024,+1 303 339 419
2562,Fresh Partners 02562,USA,Chicago,retail,2024-11-15,+48 750 434 634
2563,Alfa Market 02563,France,Nice,online,"Nov 15, 2024",+48 834 561 668
2564,Alfa Supplies 02564,FR,Nice,retail,15/11/2024,+39 785 545 125
2565,West Restaurant 02565,United States,Boston,retail,2024-11-15,+34 605 338 171
2566,Delta Distribution 02566,Germany,Frankfurt,horeca,"Nov 15, 2024",+39 356 913 481
2567,Silver Kitchen 02567,Poland,Krakow,retail,2024-11-16,
2568,West Wholesale 02568,France,Paris,wholesale,2024-11-16,+33 485 218 856
2569,Silver Market 02569,United Kingdom,Manchester,retail,2024-11-17,+34 330 678 562
2570,Beta Restaurant 02570,,Manchester,wholesale,2024-11-18,+49 613 568 127
2571,North Cafe 02571,France,Lyon,horeca,11/18/2024,+1 309 312 452
2572,Nova Foods 02572,Netherlands,Eindhoven,wholesale,2024-11-18,+48 423 067 066
2573,North Deli 02573,USA,Boston,online,2024-11-18,+44 277 725 772
2574,Delta Supplies 02574,usa,Boston,wholesale,18.11.2024,+34 408 815 592
2575,Amber Market 02575,france,Lyon,retail,2024-11-19,+48 806 205 673
2576,North Market 02576,Deutschland,Hamburg,retail,"Nov 19, 2024",+44 468 803 850
2577,Amber Trading 02577,Polska,Krakow,wholesale,11/19/2024,+33 766 919 596
2578,Urban Group 02578,Italy,Florence,distributor,11/19/2024,+44 964 186 714
2579,Fresh Group 02579,france,Paris,horeca,"Nov 20, 2024",
2580,Euro Wholesale 02580,Great Britain,Liverpool,retail,2024-11-20,+33 901 544 844
2581,Urban Cafe 02581,Spain,Seville,retail,20/11/2024,+1 670 290 204
2582,Royal Market 02582,Canada,Toronto,wholesale,11/20/2024,+49 120 446 762
2583,Silver Cafe 02583,Netherlands,Eindhoven,online,2024-11-21,+48 946 313 721
2584,Baltic Market 02584,uk,London,retail,21.11.2024,
2585,Gamma Partners 02585,Germany,Hamburg,online,"Nov 21, 2024",+39 294 340 993
2586,Gamma Distribution 02586,Netherlands,Rotterdam,horeca,2024-11-22,+33 666 057 787
2587,Urban Deli 02587,France,Marseille,online,22.11.2024,+34 637 903 094
2588,East Stores 02588,DE,Frankfurt,retail,11/22/2024,+48 717 531 948
2589,Silver Deli 02589,Norway,Trondheim,retail,23.11.2024,+34 934 657 505
2590, Gamma Foods 02590 ,United Kingdom,London,distributor,2024-11-23,+33 847 568 969
2591,Beta Market 02591,Italy,Turin,retail,23/11/2024,+1 564 478 323
2592,Prime Market 02592,Norway,Stavanger,wholesale,24/11/2024,+48 601 711 986
2593,Beta Wholesale 02593,Italy,Naples,wholesale,2024-11-24,+34 138 881 447
2594,Amber Trading 02594,Great Britain,Bristol,online,"Nov 25, 2024",+39 588 777 329
2595,Euro Cafe 02595,italy,Naples,distributor,25.11.2024,+44 563 860 354
2596,Prime Stores 02596,Canada,Calgary,horeca,25.11.2024,+49 031 740 685
2597,Silver Distribution 02597,USA,Austin,wholesale,2024-11-26,
2598,North Foods 02598,United Kingdom,Liverpool,horeca,2024-11-26,+39 364 429 595
2599,Alfa Trading 02599,Netherlands,Utrecht,online,"Nov 27, 2024",+34 455 254 036
2600, Green Supplies 02600 ,United Kingdom,Liverpool,retail,2024-11-27,+48 903 396 926
2601,East Kitchen 02601,sweden,Uppsala,online,2024-11-27,+48 536 033 825
2602,Nova Trading 02602,USA,Chicago,retail,28.11.2024,+39 895 242 398
2603,Beta Trading 02603,Canada,Vancouver,horeca,2024-11-28,+44 148 915 312
2604,Fresh Foods 02604,Poland,Wroclaw,wholesale,2024-11-28,+49 641 389 545
2605,West Foods 02605,USA,Denver,horeca,2024-11-28,+44 526 684 611
2606,Beta Trading 02606,United Kingdom,Bristol,wholesale,2024-11-28,+33 272 772 918
2607,Blue Foods 02607,,Madrid,retail,11/29/2024,+39 500 871 902
2608,Baltic Cafe 02608,Italy,Rome,wholesale,"Nov 29, 2024",+48 549 251 088
2609,Green Market 02609,France,Nice,retail,29/11/2024,+33 732 127 319
2610,East Trading 02610,US,Denver,retail,2024-11-29,+1 997 240 056
2611,Urban Trading 02611,Poland,Poznan,distributor,29.11.2024,+34 089 604 664
2612,East Foods 02612,Netherlands,Eindhoven,wholesale,2024-11-29,+44 541 054 873
2613,Global Stores 02613,germany,Munich,distributor,2024-11-29,+39 888 065 987
2614,Central Gourmet 02614,Canada,Montreal,online,2024-11-29,+1 415 844 147
2615,Royal Restaurant 02615,Deutschland,Hamburg,distributor,29.11.2024,+34 657 009 107
2616,East Market 02616,Canada,Montreal,wholesale,2024-11-29,+48 887 430 199
2617,Green Supplies 02617,Germany,Munich,wholesale,29.11.2024,+39 284 566 446
2618,Fresh Gourmet 02618,US,Denver,distributor,2024-11-29,+1 473 246 116
2619,East Kitchen 02619,Sweden,Stockholm,wholesale,2024-11-29,+1 773 681 504
2620,Royal Distribution 02620,FR,Marseille,retail,2024-11-30,+1 184 106 352
2621,Nova Wholesale 02621,Czech Republic,Prague,wholesale,"Dec 01, 2024",+39 933 482 783
2622,Blue Group 02622,Sweden,Gothenburg,retail,12/02/2024,+39 327 442 447
2623,Nova Stores 02623,FR,Toulouse,wholesale,2024-12-02,+49 307 475 322
2624,Global Kitchen 02624,Italy,Rome,retail,02.12.2024,
2625, Delta Gourmet 02625 ,poland,Poznan,retail,2024-12-03,+44 488 312 803
2626,North Market 02626,US,Chicago,distributor,2024-12-03,+39 684 714 929
2627,West Wholesale 02627,poland,Poznan,online,2024-12-04,+39 730 640 046
2628,Beta Distribution 02628,Germany,Munich,retail,2024-12-04,+39 075 385 252
2629,Global Gourmet 02629,United Kingdom,London,online,2024-12-04,+1 526 198 383
2630,Euro Group 02630,United Kingdom,Liverpool,retail,04/12/2024,+33 381 017 035
2631,Global Partners 02631,Spain,Valencia,wholesale,2024-12-04,+39 029 766 259
2632,Global Stores 02632,Italy,Milan,distributor,2024-12-05,+44 859 681 487
2633,Central Trading 02633,Italy,Milan,retail,2024-12-05,+39 398 676 506
2634,Global Deli 02634,Spain,Valencia,retail,06/12/2024,+48 898 153 225
2635,Baltic Distribution 02635,PL,Krakow,online,12/06/2024,+34 870 908 660
2636,Blue Group 02636,Polska,Wroclaw,retail,07.12.2024,+48 138 932 770
2637,West Kitchen 02637,USA,Chicago,online,"Dec 08, 2024",+1 232 146 335
2638,Silver Foods 02638,france,Marseille,horeca,08.12.2024,+34 168 404 716
2639,Gamma Wholesale 02639,,New York,retail,2024-12-10,+39 319 367 703
2640,Royal Supplies 02640,uk,Leeds,wholesale,11/12/2024,+1 723 133 444
2641, Euro Cafe 02641 ,FR,Lyon,retail,12/12/2024,+49 543 889 385
2642,Global Supplies 02642,netherlands,Utrecht,horeca,2024-12-13,+33 517 062 018
2643,West Market 02643,France,Paris,retail,13/12/2024,+39 226 467 563
2644,West Market 02644,Polska,Wroclaw,wholesale,14.12.2024,+49 440 209 935
2645,Blue Distribution 02645,usa,Denver,horeca,2024-12-14,+48 550 521 461
2646,Global Restaurant 02646,United Kingdom,Bristol,wholesale,14.12.2024,+48 038 899 758
2647,Green Cafe 02647,Italy,Florence,wholesale,"Dec 15, 2024",+33 723 307 344
2648,Delta Gourmet 02648,France,Nice,wholesale,2024-12-15,+49 323 202 202
2649,Green Deli 02649,Germany,Berlin,horeca,2024-12-15,+34 608 572 755
2650,Urban Supplies 02650,Germany,Hamburg,distributor,16.12.2024,+48 783 068 126
2651,Prime Distribution 02651,Italy,Rome,wholesale,2024-12-17,
2652,Prime Partners 02652,Germany,Frankfurt,horeca,2024-12-17,
2653,Urban Distribution 02653,france,Paris,wholesale,12/19/2024,+34 523 663 597
2654,Baltic Market 02654,,Florence,wholesale,"Dec 20, 2024",+33 070 965 341
2655,Silver Stores 02655,Poland,Lodz,retail,12/20/2024,+33 227 721 362
2656,Amber Trading 02656,Czech Republic,Brno,online,"Dec 20, 2024",+39 276 281 029
2657,North Foods 02657,UK,Bristol,retail,2024-12-20,+33 310 284 944
2658,Royal Group 02658,Sweden,Gothenburg,wholesale,20/12/2024,+39 811 882 062
2659,Amber Gourmet 02659,France,Toulouse,retail,2024-12-21,+39 189 463 926
2660,Fresh Supplies 02660,Norway,Stavanger,retail,"Dec 21, 2024",+33 858 790 181
2661,Prime Wholesale 02661,Czech Republic,Ostrava,horeca,2024-12-21,+33 613 883 568
2662,Global Deli 02662,USA,Boston,wholesale,2024-12-21,+48 203 373 833
2663,East Distribution 02663,Netherlands,Amsterdam,retail,2024-12-22,+48 794 205 864
2664,East Supplies 02664,Czech Republic,Prague,horeca,22/12/2024,+44 761 445 420
2665,Amber Kitchen 02665,Great Britain,Leeds,wholesale,"Dec 22, 2024",
2666,Silver Market 02666,Poland,Gdansk,horeca,2024-12-23,+49 786 993 407
2667,North Deli 02667,,Madrid,distributor,2024-12-23,+48 913 174 736
2668,Euro Restaurant 02668,Austria,Graz,horeca,12/24/2024,+1 956 917 641
2669,North Market 02669,Norway,Stavanger,retail,12/24/2024,+49 465 772 805
2670,Nova Gourmet 02670,Italy,Florence,retail,2024-12-26,+1 455 920 843
2671,Prime Partners 02671,Poland,Wroclaw,horeca,27.12.2024,+34 648 891 620
2672,Urban Supplies 02672,United Kingdom,Leeds,online,2024-12-28,+44 523 684 776
2673,Global Cafe 02673,Sweden,Uppsala,retail,12/28/2024,+49 119 972 830
2674,Silver Stores 02674,france,Lyon,online,12/28/2024,+48 845 049 793
2675,West Stores 02675,Czech Republic,Prague,horeca,2024-12-28,+33 130 286 715
2676,Nova Trading 02676,Austria,Vienna,distributor,2024-12-29,+39 908 697 618
2677,Royal Supplies 02677,Netherlands,Utrecht,retail,2024-12-29,+33 139 292 603
2678,Euro Foods 02678,USA,New York,distributor,29/12/2024,+49 294 826 106
2679,Baltic Distribution 02679,Sweden,Stockholm,retail,2024-12-29,+1 786 723 815
2680,Global Trading 02680,,Amsterdam,horeca,29.12.2024,+44 031 578 599
2681,Central Supplies 02681,USA,Seattle,retail,30/12/2024,+1 648 395 974
2682,Silver Trading 02682,DE,Frankfurt,horeca,2024-12-30,+39 609 842 485
2683,Silver Kitchen 02683,United Kingdom,Liverpool,retail,2024-12-31,+39 266 892 309
2684,Global Deli 02684,Spain,Barcelona,horeca,31/12/2024,+48 414 910 340
2685,Euro Stores 02685,Sweden,Malmo,horeca,2024-12-31,
2686,Alfa Kitchen 02686,Czech Republic,Prague,horeca,"Dec 31, 2024",+33 372 162 968
2687,Green Restaurant 02687,USA,New York,horeca,"Dec 31, 2024",+49 803 391 174
2688,Silver Restaurant 02688,uk,London,online,"Jan 01, 2025",+44 696 254 022
2689,Beta Restaurant 02689,Canada,Toronto,online,2025-01-02,+48 007 405 328
2690,West Foods 02690,france,Nice,retail,01/04/2025,+48 433 955 588
2691,Fresh Restaurant 02691,USA,Seattle,online,2025-01-04,+48 667 531 060
2692,Prime Cafe 02692,Polska,Poznan,horeca,2025-01-04,+44 184 461 771
2693,Fresh Stores 02693,Deutschland,Frankfurt,wholesale,2025-01-04,+48 355 704 470
2694,Alfa Group 02694,uk,Manchester,online,05/01/2025,+1 602 590 777
2695,Euro Supplies 02695,Spain,Seville,retail,01/05/2025,+48 583 624 856
2696, Urban Trading 02696 ,Norway,Bergen,wholesale,2025-01-06,+39 514 479 790
2697,Prime Market 02697,Canada,Montreal,distributor,06.01.2025,
2698,Urban Trading 02698,,Madrid,retail,2025-01-07,+1 726 185 879
2699,Royal Gourmet 02699,FR,Paris,distributor,2025-01-07,+1 594 293 093
2700,Silver Distribution 02700,Sweden,Malmo,wholesale,2025-01-07,+34 612 358 890
2701,Global Market 02701,Canada,Ottawa,retail,2025-01-08,+49 002 893 961
2702,Gamma Cafe 02702,Poland,Warsaw,retail,2025-01-10,+39 036 402 279
2703,Royal Market 02703,Austria,Graz,retail,2025-01-10,+44 828 423 661
2704,Blue Supplies 02704,Czech Republic,Prague,horeca,10/01/2025,+33 006 600 778
2705,Gamma Kitchen 02705,sweden,Malmo,retail,2025-01-10,+39 661 432 763
2706,Alfa Kitchen 02706,usa,Denver,horeca,01/12/2025,+44 609 522 585
2707,Beta Cafe 02707,Italy,Turin,online,13/01/2025,
2708,North Wholesale 02708,usa,Chicago,horeca,2025-01-14,+33 438 714 368
2709,Delta Cafe 02709,US,New York,online,"Jan 14, 2025",+39 075 003 577
2710,Amber Market 02710,Germany,Frankfurt,retail,15.01.2025,+44 043 535 430
2711,Urban Market 02711,Netherlands,Eindhoven,wholesale,2025-01-15,+48 670 285 864
2712,Delta Market 02712,France,Toulouse,horeca,2025-01-16,+33 043 925 295
2713,Prime Trading 02713,,Uppsala,retail,2025-01-17,+44 946 481 182
2714,Fresh Wholesale 02714,France,Toulouse,wholesale,17/01/2025,+49 050 340 968
2715,Global Partners 02715,Sweden,Gothenburg,retail,2025-01-18,+1 082 401 499
2716,West Trading 02716,poland,Poznan,online,2025-01-19,+49 685 691 585
2717,Euro Deli 02717,Spain,Madrid,wholesale,"Jan 20, 2025",+48 370 003 776
2718,West Supplies 02718,USA,Denver,horeca,20/01/2025,+39 665 745 750
2719,Nova Market 02719,france,Toulouse,wholesale,21/01/2025,+44 025 365 212
2720,Central Stores 02720,germany,Munich,retail,22.01.2025,+1 260 558 678
2721,Silver Gourmet 02721,Poland,Krakow,online,22.01.2025,+33 631 817 129
2722,North Cafe 02722,Netherlands,Eindhoven,retail,"Jan 23, 2025",+1 543 129 411
2723,Euro Trading 02723,Italy,Naples,retail,"Jan 23, 2025",+49 194 006 471
2724,Euro Foods 02724,Canada,Toronto,retail,23/01/2025,+1 636 171 927
2725,Euro Group 02725,Spain,Seville,online,2025-01-24,+1 625 673 038
2726, Amber Supplies 02726 ,Deutschland,Munich,horeca,2025-01-26,+49 796 574 030
2727,West Foods 02727,US,Denver,retail,2025-01-27,+49 664 683 002
2728,Royal Deli 02728,Poland,Gdansk,horeca,2025-01-27,+44 030 838 771
2729,Green Restaurant 02729,France,Marseille,retail,27/01/2025,+48 195 507 316
2730,Alfa Market 02730,Polska,Lodz,retail,2025-01-27,+34 375 266 493
2731, West Cafe 02731 ,Polska,Wroclaw,retail,"Jan 29, 2025",+1 896 876 254
2732,Gamma Deli 02732,Czech Republic,Ostrava,wholesale,2025-01-30,+44 398 111 337
2733,Baltic Kitchen 02733,,Seattle,online,30/01/2025,+39 412 502 042
2734,Fresh Trading 02734,Italy,Turin,online,2025-02-01,+44 127 113 994
2735,Beta Market 02735,usa,Chicago,horeca,02/01/2025,+44 123 020 403
2736,North Cafe 02736,Spain,Madrid,retail,2025-02-01,+48 949 673 345
2737,East Trading 02737,canada,Vancouver,wholesale,04.02.2025,+34 359 002 532
2738,Gamma Distribution 02738,Austria,Linz,distributor,2025-02-04,+48 967 094 776
2739,Royal Market 02739,Norway,Oslo,online,2025-02-05,+34 032 900 876
2740,Global Cafe 02740,Czech Republic,Brno,horeca,2025-02-05,+33 105 583 416
2741,Urban Foods 02741,United Kingdom,Leeds,horeca,06.02.2025,+1 535 952 479
2742,Green Stores 02742,Italy,Florence,retail,2025-02-06,+48 452 991 023
2743,Amber Partners 02743,czech republic,Pilsen,wholesale,2025-02-07,+48 451 425 653
2744,Prime Supplies 02744,Polska,Wroclaw,online,07.02.2025,
2745,North Supplies 02745,Canada,Toronto,retail,2025-02-07,+34 165 994 597
2746, Baltic Distribution 02746 ,United States,Austin,wholesale,07.02.2025,+44 890 773 969
2747,Blue Cafe 02747,sweden,Stockholm,retail,"Feb 08, 2025",
2748,Alfa Cafe 02748,usa,Boston,wholesale,"Feb 09, 2025",+49 001 421 210
2749,Amber Partners 02749,Netherlands,Amsterdam,wholesale,10/02/2025,+49 626 498 397
2750,North Restaurant 02750,Norway,Trondheim,online,2025-02-10,+39 136 719 205
2751,Green Foods 02751,FR,Paris,horeca,11/02/2025,+33 713 392 185
2752,Nova Cafe 02752,netherlands,Eindhoven,horeca,2025-02-11,+33 207 742 237
2753,Silver Trading 02753,Spain,Madrid,horeca,2025-02-12,+1 147 489 352
2754,North Market 02754,U.S.A.,New York,wholesale,2025-02-13,+34 877 958 330
2755,North Trading 02755,Netherlands,Amsterdam,online,13/02/2025,+39 706 903 618
2756,North Supplies 02756,Canada,Toronto,online,2025-02-15,+44 175 451 545
2757,East Wholesale 02757,,Nice,retail,2025-02-15,+1 365 848 952
2758,Fresh Cafe 02758,Netherlands,Rotterdam,retail,2025-02-16,
2759,Fresh Partners 02759,Italy,Turin,retail,2025-02-16,+33 095 601 715
2760,Urban Cafe 02760,Poland,Wroclaw,retail,"Feb 16, 2025",+1 249 947 991
2761,Nova Market 02761,norway,Oslo,wholesale,"Feb 17, 2025",
2762,Fresh Foods 02762,germany,Hamburg,online,"Feb 17, 2025",+49 379 717 245
2763,Beta Supplies 02763,,Barcelona,online,17/02/2025,+34 296 875 930
2764,Euro Distribution 02764,Norway,Bergen,horeca,02/17/2025,+1 384 948 068
2765,Central Market 02765,czech republic,Ostrava,retail,18/02/2025,+49 273 551 500
2766,Fresh Market 02766,,Barcelona,retail,2025-02-18,+49 064 907 351
2767,Urban Partners 02767,Canada,Calgary,horeca,2025-02-18,+39 556 784 852
2768,Alfa Stores 02768,Germany,Hamburg,wholesale,2025-02-18,+34 753 894 196
2769,Central Restaurant 02769,Spain,Seville,online,2025-02-20,+1 188 761 518
2770,East Wholesale 02770,Canada,Vancouver,distributor,20/02/2025,+1 896 064 412
2771,West Partners 02771,usa,New York,horeca,2025-02-21,+33 202 583 474
2772,Royal Stores 02772,france,Toulouse,retail,2025-02-21,+34 027 609 405
2773,Royal Gourmet 02773,poland,Krakow,online,02/22/2025,
2774,Urban Supplies 02774,PL,Gdansk,horeca,2025-02-23,+39 158 156 507
2775,Royal Deli 02775,Germany,Frankfurt,retail,2025-02-24,+44 201 962 000
2776,Amber Market 02776,Spain,Madrid,retail,02/24/2025,
2777,East Gourmet 02777,USA,Denver,online,"Feb 25, 2025",+48 453 669 377
2778,Prime Gourmet 02778,Netherlands,Eindhoven,online,25.02.2025,+44 915 801 693
2779,Amber Foods 02779,France,Paris,horeca,"Feb 25, 2025",+39 338 460 293
2780,Delta Trading 02780,Netherlands,Utrecht,wholesale,2025-02-26,+34 822 382 275
2781,Fresh Wholesale 02781,United Kingdom,Liverpool,horeca,26/02/2025,+48 027 768 813
2782,Central Distribution 02782,Canada,Toronto,retail,2025-02-27,+48 918 594 474
2783,Beta Group 02783,Italy,Milan,online,2025-02-27,+1 156 573 636
2784,Gamma Deli 02784,France,Nice,horeca,02/27/2025,+39 750 597 606
2785, Baltic Foods 02785 ,Polska,Wroclaw,retail,"Feb 27, 2025",+39 097 583 776
2786,Silver Foods 02786,poland,Lodz,distributor,2025-02-27,+1 769 895 952
2787,Blue Group 02787,Canada,Vancouver,wholesale,28/02/2025,+44 340 460 360
2788,Nova Distribution 02788,Netherlands,Amsterdam,retail,2025-02-28,+33 401 751 504
2789,Euro Cafe 02789,Czech Republic,Ostrava,retail,2025-02-28,+34 676 530 018
2790,Prime Distribution 02790,US,Austin,retail,03/01/2025,+1 223 403 122
2791,Baltic Market 02791,PL,Gdansk,horeca,2025-03-01,+34 908 288 313
2792,Alfa Market 02792,United Kingdom,Manchester,horeca,2025-03-01,+34 871 987 984
2793,Nova Wholesale 02793,Norway,Trondheim,online,03/01/2025,+34 048 696 898
2794,Global Kitchen 02794,netherlands,Eindhoven,retail,2025-03-01,
2795,Global Gourmet 02795,Netherlands,Rotterdam,online,2025-03-02,+1 991 237 256
2796,Blue Gourmet 02796,usa,Seattle,wholesale,2025-03-02,+49 945 160 913
2797,Silver Partners 02797,Poland,Poznan,retail,"Mar 03, 2025",+33 064 061 713
2798,Royal Partners 02798,Norway,Oslo,online,2025-03-04,+34 815 034 904
2799,Silver Group 02799,Netherlands,Amsterdam,wholesale,05.03.2025,+34 020 289 822
2800,East Stores 02800,Germany,Munich,wholesale,03/05/2025,+34 858 767 873
2801,West Deli 02801,Poland,Poznan,online,2025-03-06,+49 296 627 561
2802,Nova Restaurant 02802,United Kingdom,London,wholesale,06.03.2025,+49 341 097 232
2803, Royal Distribution 02803 ,Deutschland,Cologne,horeca,06.03.2025,+1 403 931 932
2804,Alfa Trading 02804,Spain,Madrid,retail,2025-03-07,+34 083 998 621
2805,West Restaurant 02805,Spain,Madrid,online,"Mar 07, 2025",+39 588 822 214
2806,Euro Wholesale 02806,US,Denver,retail,2025-03-07,+34 106 299 316
2807,Green Distribution 02807,United Kingdom,Bristol,online,07.03.2025,+49 729 993 750
2808,West Distribution 02808,Poland,Wroclaw,wholesale,2025-03-07,+39 360 578 313
2809,Fresh Restaurant 02809,United Kingdom,Manchester,distributor,2025-03-08,+48 414 150 896
2810,Royal Gourmet 02810,USA,Chicago,horeca,08/03/2025,+1 580 747 039
2811,West Foods 02811,Italy,Florence,retail,2025-03-09,+1 299 676 702
2812,East Gourmet 02812,Austria,Linz,online,10/03/2025,+1 855 217 007
2813,Nova Trading 02813,poland,Gdansk,distributor,2025-03-11,+49 939 356 324
2814,East Restaurant 02814,Italy,Rome,wholesale,03/11/2025,
2815,Beta Restaurant 02815,Poland,Warsaw,wholesale,2025-03-12,+33 020 616 246
2816,Fresh Partners 02816,,Toronto,horeca,12.03.2025,+33 593 599 357
2817,Prime Cafe 02817,Sweden,Uppsala,horeca,2025-03-13,
2818,Beta Group 02818,France,Toulouse,horeca,14/03/2025,+48 753 472 320
2819,East Foods 02819,netherlands,Amsterdam,retail,16/03/2025,+34 900 555 183
2820,Urban Deli 02820,Canada,Vancouver,distributor,2025-03-19,+44 967 439 463
2821,Prime Gourmet 02821,Czech Republic,Pilsen,retail,2025-03-21,+34 368 475 054
2822,Blue Wholesale 02822,United Kingdom,Liverpool,wholesale,2025-03-21,+33 121 720 609
2823,Alfa Wholesale 02823,netherlands,Rotterdam,distributor,22/03/2025,+49 918 003 908
2824,North Supplies 02824,Austria,Salzburg,retail,2025-03-22,+44 488 229 678
2825,Prime Wholesale 02825,France,Nice,wholesale,22.03.2025,+34 219 588 596
2826,Alfa Gourmet 02826,france,Toulouse,online,"Mar 22, 2025",+33 874 741 248
2827,Prime Wholesale 02827,US,Boston,retail,23/03/2025,+1 832 184 893
2828,Amber Kitchen 02828,uk,Bristol,wholesale,2025-03-24,+1 959 589 101
2829,Prime Kitchen 02829,FR,Paris,online,2025-03-25,+49 467 730 074
2830, East Stores 02830 ,Spain,Madrid,distributor,2025-03-26,+34 558 352 993
2831, West Trading 02831 ,Germany,Berlin,distributor,2025-03-27,+44 761 212 152
2832,Beta Stores 02832,Norway,Stavanger,horeca,28.03.2025,+33 987 108 723
2833,North Supplies 02833,Czech Republic,Ostrava,wholesale,03/28/2025,+33 654 574 395
2834,Silver Trading 02834,Polska,Warsaw,horeca,30/03/2025,+48 237 866 271
2835,Beta Deli 02835,Germany,Berlin,distributor,30/03/2025,+48 343 974 741
2836,Amber Deli 02836,US,Boston,retail,30/03/2025,+48 269 643 447
2837,Alfa Supplies 02837,FR,Paris,online,03/30/2025,+34 539 884 064
2838,Nova Gourmet 02838,usa,Denver,retail,03/31/2025,+49 302 469 609
2839,Prime Group 02839,Germany,Frankfurt,retail,2025-03-31,+48 988 018 493
2840,Urban Group 02840,Spain,Madrid,online,03/31/2025,+34 022 184 108
2841,Prime Market 02841,Austria,Linz,retail,2025-03-31,
2842,Alfa Deli 02842,Germany,Hamburg,retail,2025-04-04,+44 822 593 889
2843,West Gourmet 02843,usa,Chicago,wholesale,"Apr 06, 2025",+39 165 227 519
2844,Beta Partners 02844,Sweden,Malmo,retail,06/04/2025,+33 473 913 714
2845,Euro Stores 02845,uk,Bristol,retail,2025-04-09,+33 561 667 579
2846,Blue Stores 02846,USA,Seattle,online,2025-04-10,+34 558 403 694
2847,Alfa Stores 02847,Netherlands,Amsterdam,retail,"Apr 10, 2025",+33 569 135 531
2848,Urban Distribution 02848,Poland,Lodz,wholesale,2025-04-12,+49 494 961 432
2849,North Distribution 02849,Poland,Gdansk,wholesale,2025-04-14,
2850,North Kitchen 02850,Canada,Montreal,distributor,14/04/2025,+34 298 821 061
2851,Global Kitchen 02851,Spain,Seville,retail,"Apr 15, 2025",+48 910 343 783
2852,Baltic Wholesale 02852,Poland,Poznan,online,2025-04-17,+1 926 902 556
2853, Blue Wholesale 02853 ,United Kingdom,Manchester,retail,17.04.2025,+48 330 660 011
2854,Gamma Gourmet 02854,Polska,Lodz,retail,2025-04-18,
2855,Fresh Partners 02855,Italy,Turin,online,04/18/2025,+49 120 195 624
2856,Royal Group 02856,Czech Republic,Brno,online,2025-04-19,+33 924 800 002
2857,West Distribution 02857,uk,Liverpool,online,2025-04-19,+44 797 029 155
2858,Silver Stores 02858,Germany,Munich,horeca,19/04/2025,+48 443 586 655
2859,Prime Cafe 02859,Sweden,Malmo,wholesale,19/04/2025,+49 932 376 487
2860,Silver Supplies 02860,Poland,Warsaw,retail,19/04/2025,+33 255 152 428
2861,Green Cafe 02861,France,Paris,retail,20.04.2025,+33 835 812 496
2862,Alfa Gourmet 02862,Italy,Rome,horeca,"Apr 20, 2025",+34 583 535 319
2863,Delta Gourmet 02863,france,Paris,wholesale,2025-04-22,+49 351 386 365
2864,North Distribution 02864,Polska,Gdansk,online,22/04/2025,+48 142 286 504
2865,Central Cafe 02865,austria,Linz,wholesale,2025-04-22,+1 779 096 920
2866,Global Kitchen 02866,usa,New York,wholesale,2025-04-22,+49 851 513 556
2867,Global Supplies 02867,United States,Austin,retail,2025-04-23,+1 939 627 686
2868,Amber Kitchen 02868,United Kingdom,Bristol,online,04/23/2025,+49 758 226 276
2869,Silver Foods 02869,Germany,Cologne,retail,24/04/2025,+49 423 844 425
2870,Euro Group 02870,Spain,Valencia,horeca,2025-04-27,+33 026 746 030
2871, West Kitchen 02871 ,Austria,Vienna,retail,2025-04-28,+1 811 290 641
2872,Gamma Supplies 02872,FR,Toulouse,wholesale,28.04.2025,+49 109 318 474
2873,Nova Market 02873,Deutschland,Berlin,retail,"Apr 28, 2025",+39 306 615 690
2874,Beta Cafe 02874,Great Britain,Bristol,retail,29/04/2025,+1 749 590 642
2875,Euro Restaurant 02875,Italy,Naples,wholesale,04/29/2025,+34 544 316 066
2876,Silver Supplies 02876,PL,Poznan,retail,2025-05-01,+49 408 749 084
2877,Alfa Restaurant 02877,Germany,Berlin,horeca,05/01/2025,+44 234 318 668
2878,Green Partners 02878,Germany,Cologne,retail,02/05/2025,+1 622 891 806
2879,Delta Group 02879,Spain,Valencia,wholesale,2025-05-02,
2880,Baltic Group 02880,France,Nice,online,2025-05-04,+49 940 633 638
2881,Silver Supplies 02881,Czech Republic,Prague,wholesale,2025-05-05,+39 098 152 325
2882,Alfa Supplies 02882,United Kingdom,Bristol,wholesale,06.05.2025,+44 525 401 615
2883, Global Stores 02883 ,United Kingdom,Liverpool,wholesale,06/05/2025,+44 598 709 156
2884,Silver Supplies 02884,uk,London,retail,2025-05-07,+48 030 641 471
2885,West Market 02885,germany,Frankfurt,distributor,"May 07, 2025",+49 495 082 417
2886, Euro Gourmet 02886 ,Netherlands,Utrecht,wholesale,09.05.2025,+33 987 257 428
2887,Fresh Wholesale 02887,Spain,Seville,retail,2025-05-09,
2888,North Market 02888,uk,Leeds,wholesale,10.05.2025,+48 594 875 004
2889,Euro Partners 02889,Spain,Valencia,retail,2025-05-10,+48 424 786 954
2890,North Supplies 02890,DE,Hamburg,horeca,2025-05-11,+48 507 507 546
2891,Delta Foods 02891,Canada,Vancouver,retail,"May 11, 2025",+49 549 299 209
2892,Global Foods 02892,germany,Cologne,online,2025-05-12,+49 501 964 170
2893,Amber Group 02893,,Denver,online,12/05/2025,+39 845 710 632
2894,Euro Supplies 02894,Poland,Poznan,distributor,2025-05-13,+44 800 767 040
2895,Amber Partners 02895,germany,Hamburg,online,05/13/2025,+33 086 027 545
2896,Nova Stores 02896,U.S.A.,Denver,horeca,2025-05-13,+1 260 825 882
2897,North Stores 02897,Austria,Linz,wholesale,2025-05-14,+49 787 537 275
2898,Global Distribution 02898,Germany,Munich,wholesale,2025-05-16,+48 942 682 046
2899,Green Foods 02899,Netherlands,Amsterdam,online,"May 16, 2025",+33 045 837 509
2900,Amber Deli 02900,Deutschland,Frankfurt,retail,"May 16, 2025",+48 134 017 377
2901,Baltic Restaurant 02901,poland,Warsaw,online,2025-05-16,+49 641 040 373
2902, Silver Trading 02902 ,Spain,Madrid,retail,2025-05-16,+48 946 302 805
2903,Delta Foods 02903,,Berlin,retail,2025-05-17,
2904,Amber Trading 02904,austria,Graz,wholesale,17/05/2025,+34 164 066 010
2905,Delta Deli 02905,US,Boston,retail,2025-05-17,+49 403 399 374
2906,Beta Distribution 02906,Great Britain,London,horeca,17/05/2025,+48 949 680 987
2907,Euro Kitchen 02907,Sweden,Stockholm,online,2025-05-18,+1 817 629 052
2908,East Stores 02908,germany,Munich,horeca,2025-05-18,+44 470 086 504
2909,East Group 02909,US,Denver,distributor,2025-05-18,+34 332 060 058
2910,Green Cafe 02910,Spain,Valencia,retail,"May 20, 2025",+1 516 003 567
2911,North Trading 02911,germany,Hamburg,distributor,05/21/2025,+39 068 774 486
2912,Central Market 02912,Polska,Gdansk,retail,2025-05-21,+33 918 470 090
2913,Fresh Trading 02913,UK,Manchester,wholesale,"May 22, 2025",+34 265 629 391
2914,Baltic Cafe 02914,Canada,Toronto,horeca,2025-05-26,+49 070 855 337
2915,East Gourmet 02915,USA,Boston,wholesale,2025-05-27,+49 231 656 065
2916,Blue Trading 02916,Spain,Valencia,retail,05/27/2025,+49 487 367 676
2917,Euro Gourmet 02917,,Brno,retail,2025-05-27,+39 457 681 753
2918,Central Supplies 02918,Great Britain,Liverpool,horeca,2025-05-27,+1 869 611 505
2919,Fresh Group 02919,Canada,Vancouver,horeca,27/05/2025,+1 183 079 098
2920,Royal Restaurant 02920,Germany,Frankfurt,horeca,27/05/2025,+34 513 735 021
2921,Silver Deli 02921,Netherlands,Rotterdam,horeca,28.05.2025,+34 898 134 978
2922,Amber Cafe 02922,poland,Warsaw,online,28/05/2025,+44 690 863 907
2923,Green Group 02923,Poland,Lodz,wholesale,05/29/2025,+34 891 442 378
2924, Euro Wholesale 02924 ,united kingdom,Manchester,horeca,2025-05-29,+49 398 444 133
2925,Silver Restaurant 02925,Polska,Warsaw,wholesale,30.05.2025,+1 589 571 477
2926,Gamma Supplies 02926,Italy,Milan,retail,2025-05-30,+44 788 714 225
2927,Baltic Gourmet 02927,France,Marseille,wholesale,01/06/2025,+49 985 271 771
2928,Amber Cafe 02928,Canada,Vancouver,retail,01/06/2025,+44 213 106 054
2929,Gamma Foods 02929,Czech Republic,Prague,retail,02.06.2025,+39 856 834 316
2930,West Gourmet 02930,Italy,Turin,online,2025-06-02,+34 961 364 134
2931,Gamma Cafe 02931,Polska,Gdansk,horeca,"Jun 02, 2025",+48 680 894 485
2932,Global Deli 02932,Deutschland,Hamburg,wholesale,02/06/2025,+48 233 448 635
2933,Blue Distribution 02933,Norway,Bergen,horeca,2025-06-02,+39 660 767 920
2934,Delta Distribution 02934,Deutschland,Hamburg,retail,2025-06-02,+48 946 852 090
2935,Nova Cafe 02935,norway,Bergen,retail,2025-06-02,+49 617 271 850
2936,Prime Cafe 02936,Czech Republic,Brno,horeca,02/06/2025,+49 203 725 162
2937,Beta Gourmet 02937,Spain,Madrid,retail,2025-06-03,+48 478 081 409
2938,Fresh Restaurant 02938,Canada,Montreal,wholesale,2025-06-03,+33 493 067 020
2939,Baltic Restaurant 02939,Spain,Bilbao,online,03.06.2025,+39 855 809 354
2940,Global Deli 02940,Norway,Trondheim,wholesale,03.06.2025,+1 619 413 390
2941,Alfa Cafe 02941,USA,Seattle,wholesale,2025-06-03,+39 565 980 065
2942,Fresh Market 02942,germany,Cologne,retail,2025-06-04,+33 158 480 509
2943,Urban Partners 02943,uk,London,retail,2025-06-04,+49 931 909 839
2944,Green Partners 02944,Poland,Warsaw,wholesale,06/05/2025,+1 197 988 636
2945, Urban Market 02945 ,France,Lyon,online,2025-06-06,+39 641 573 642
2946,West Partners 02946,Spain,Barcelona,wholesale,06/06/2025,+48 623 934 129
2947, North Distribution 02947 ,Polska,Gdansk,horeca,2025-06-07,+48 252 125 682
2948,Alfa Foods 02948,France,Marseille,horeca,2025-06-07,+44 514 388 635
2949,Nova Kitchen 02949,Spain,Madrid,horeca,06/08/2025,+44 037 160 860
2950,Green Deli 02950,Netherlands,Utrecht,horeca,2025-06-08,+49 352 978 964
2951, Urban Group 02951 ,FR,Nice,online,08/06/2025,+48 517 795 131
2952, Euro Kitchen 02952 ,,Uppsala,retail,2025-06-08,+39 037 122 854
2953,Fresh Distribution 02953,,Florence,retail,2025-06-09,+34 296 907 381
2954,Beta Partners 02954,France,Marseille,retail,2025-06-09,+1 294 651 677
2955,Fresh Market 02955,Poland,Wroclaw,horeca,09.06.2025,+39 243 565 479
2956,Baltic Market 02956,DE,Frankfurt,retail,10/06/2025,+48 155 388 291
2957,West Distribution 02957,uk,Leeds,retail,11/06/2025,+48 330 093 155
2958,East Gourmet 02958,Canada,Vancouver,online,"Jun 11, 2025",
2959,Euro Distribution 02959,FR,Marseille,horeca,2025-06-12,+49 575 165 659
2960,Delta Foods 02960,France,Nice,horeca,12/06/2025,+1 847 660 763
2961,Fresh Kitchen 02961,Italy,Rome,wholesale,13/06/2025,+39 111 304 178
2962,Amber Distribution 02962,Sweden,Gothenburg,online,2025-06-13,+34 315 572 205
2963,Central Deli 02963,,Turin,retail,"Jun 14, 2025",+34 364 896 762
2964,East Foods 02964,Netherlands,Rotterdam,retail,14/06/2025,
2965,Prime Deli 02965,Italy,Turin,wholesale,2025-06-14,
2966,West Supplies 02966,Poland,Warsaw,retail,2025-06-14,+39 675 299 906
2967,Blue Partners 02967,Austria,Salzburg,wholesale,"Jun 15, 2025",+1 917 297 110
2968,Urban Kitchen 02968,Netherlands,Eindhoven,retail,2025-06-15,+33 179 521 284
2969,Urban Stores 02969,US,Boston,wholesale,06/16/2025,+48 971 112 966
2970,Royal Restaurant 02970,Netherlands,Amsterdam,wholesale,"Jun 16, 2025",+44 759 256 268
2971,Amber Cafe 02971,Spain,Barcelona,horeca,17/06/2025,+44 076 988 496
2972,Central Restaurant 02972,United Kingdom,Liverpool,wholesale,2025-06-17,+49 329 730 880
2973,Green Gourmet 02973,france,Paris,wholesale,2025-06-17,+49 037 301 585
2974,Amber Cafe 02974,Deutschland,Frankfurt,horeca,2025-06-17,+39 876 186 281
2975,East Supplies 02975,Poland,Krakow,wholesale,18.06.2025,
2976,Euro Foods 02976,USA,Seattle,retail,19.06.2025,+1 875 400 623
2977,Green Distribution 02977,Czech Republic,Prague,retail,06/19/2025,+44 232 435 406
2978,Nova Foods 02978,Germany,Hamburg,retail,2025-06-20,+34 470 704 737
2979,Silver Deli 02979,Austria,Linz,online,20.06.2025,+39 749 816 196
2980, West Restaurant 02980 ,usa,Seattle,retail,2025-06-21,+39 175 367 738
2981,Gamma Restaurant 02981,Spain,Bilbao,retail,"Jun 21, 2025",+44 073 557 661
2982,North Trading 02982,Sweden,Gothenburg,retail,22/06/2025,+33 744 792 960
2983,Gamma Foods 02983,Netherlands,Rotterdam,wholesale,2025-06-23,+1 763 104 337
2984,Nova Partners 02984,uk,London,horeca,2025-06-23,
2985,Amber Supplies 02985,Canada,Toronto,horeca,2025-06-23,
2986,West Distribution 02986,uk,Manchester,retail,"Jun 23, 2025",+49 921 558 151
2987,Beta Trading 02987,Poland,Krakow,distributor,23/06/2025,+48 158 261 229
2988,Green Wholesale 02988,Spain,Seville,retail,24/06/2025,+49 565 455 199
2989,East Foods 02989,France,Lyon,horeca,06/24/2025,+33 191 959 027
2990,Silver Gourmet 02990,usa,Boston,wholesale,2025-06-25,+1 278 237 197
2991,Delta Market 02991,Austria,Graz,retail,2025-06-25,+44 973 448 156
2992,Baltic Market 02992,United Kingdom,Manchester,retail,"Jun 26, 2025",+1 292 122 561
2993,Royal Foods 02993,USA,Austin,distributor,"Jun 27, 2025",+49 229 151 791
2994,Prime Cafe 02994,czech republic,Prague,horeca,27/06/2025,+44 803 356 387
2995,North Group 02995,Czech Republic,Pilsen,horeca,2025-06-27,+48 331 934 840
2996,Amber Stores 02996,Canada,Ottawa,horeca,2025-06-28,+34 248 621 733
2997,Gamma Wholesale 02997,Poland,Poznan,online,2025-06-28,+33 019 451 830
2998,Blue Market 02998,United Kingdom,Leeds,horeca,28/06/2025,+49 902 372 444
2999,Gamma Stores 02999,germany,Hamburg,retail,2025-06-30,+44 229 104 773
3000,Euro Group 03000,USA,Denver,horeca,2025-06-30,+49 599 389 793
3001,East Market 01916,United States,Denver,horeca,"Nov 25, 2023",
3002,Baltic Cafe 02245,Spain,Madrid,horeca,24/05/2024,
3003,Gamma Deli 00096,FR,Paris,wholesale,"Feb 26, 2021",
3004,Green Cafe 02861,France,Paris,retail,20.04.2025,
3005,Baltic Trading 00724,,Manchester,retail,2022-02-02,
3006,Gamma Cafe 01872,Czech Republic,Ostrava,distributor,"Nov 11, 2023",
3007,North Deli 00293,poland,Warsaw,wholesale,2021-07-02,
3008, Beta Supplies 02763 ,,Barcelona,online,17/02/2025,
3009,Urban Cafe 02760,Poland,Wroclaw,retail,"Feb 16, 2025",
3010,Delta Distribution 01855,UK,Bristol,retail,2023-10-30,
3011,Green Group 01370,,Seville,online,2023-01-21,
3012,Royal Market 02441,UK,Manchester,horeca,2024-09-17,
3013,West Gourmet 02930,Italy,Turin,online,2025-06-02,
3014,Gamma Stores 01638,,Lodz,online,07/07/2023,
3015, Green Partners 00905 ,Spain,Bilbao,retail,06/06/2022,
3016,Urban Trading 00277,Poland,Warsaw,online,17.06.2021,
3017,Fresh Kitchen 02076,Netherlands,Eindhoven,wholesale,2024-02-11,
3018,Alfa Supplies 01254,Austria,Graz,retail,28/11/2022,
3019,Central Restaurant 02972,United Kingdom,Liverpool,wholesale,2025-06-17,
3020,Alfa Group 01142,Deutschland,Cologne,retail,"Oct 09, 2022",
3021,Beta Wholesale 02526,Germany,Berlin,retail,31/10/2024,
3022,East Cafe 02017,Spain,Barcelona,horeca,01/03/2024,
3023,West Deli 02801,Poland,Poznan,online,2025-03-06,
3024,Nova Cafe 00689,Czech Republic,Ostrava,horeca,11/01/2022,
3025,Fresh Group 01068,Austria,Salzburg,horeca,26.08.2022,
3026,Blue Supplies 02285,Germany,Hamburg,distributor,06/14/2024,
3027,East Wholesale 02757,,Nice,retail,2025-02-15,
3028,Royal Distribution 00180,Netherlands,Utrecht,retail,2021-04-26,
3029,Urban Kitchen 02410,poland,Lodz,online,2024-09-03,
3030,Nova Trading 00358,poland,Warsaw,retail,2021-08-07,
3031,Prime Wholesale 00835,France,Toulouse,retail,18/04/2022,+33 867 909 802
3032,Nova Restaurant 02418,poland,Poznan,retail,06/09/2024,+34 511 636 524
3033,Gamma Foods 02336,Czech Republic,Pilsen,wholesale,13/07/2024,+39 328 047 990
3034,Global Kitchen 01619,Sweden,Stockholm,horeca,2023-06-29,+44 213 595 567
3035,Central Gourmet 01509,Sweden,Malmo,distributor,04/20/2023,+49 563 694 099
3036,Fresh Gourmet 01871,Netherlands,Utrecht,horeca,11.11.2023,+48 504 370 892
3037, Blue Group 02622 ,Sweden,Gothenburg,retail,12/02/2024,+39 327 442 447
3038,Alfa Kitchen 01288,Canada,Ottawa,wholesale,2022-12-10,+33 441 335 841
3039,Central Stores 00778,Germany,Frankfurt,wholesale,2022-03-07,+49 022 857 140
3040,Blue Stores 01033,Poland,Lodz,horeca,07/08/2022,
3041,Royal Stores 00868,Poland,Lodz,retail,"May 14, 2022",+44 237 744 420
3042,Urban Group 02951,FR,Nice,online,08/06/2025,+48 517 795 131
3043,Green Trading 01960,,Cologne,retail,2023-12-10,+34 322 035 663
3044,Delta Group 01238,uk,Liverpool,distributor,2022-11-20,+49 441 483 084
3045, Alfa Distribution 01834 ,Netherlands,Utrecht,retail,2023-10-19,+44 651 243 357
3046,Silver Group 02413,germany,Berlin,retail,09/04/2024,+1 449 029 675
3047,East Stores 02588,DE,Frankfurt,retail,11/22/2024,+48 717 531 948
3048,Baltic Kitchen 01071,United Kingdom,Liverpool,online,2022-08-27,+48 805 685 760
3049,Fresh Partners 02524,Italy,Rome,online,"Oct 31, 2024",
3050,Delta Restaurant 02039,Sweden,Gothenburg,retail,2024-01-21,+33 488 480 581
3051,Amber Wholesale 02240,U.S.A.,New York,retail,05/21/2024,+33 045 802 081
3052,Nova Partners 00742,germany,Hamburg,retail,14/02/2022,+48 906 619 165
3053,Baltic Market 02992,United Kingdom,Manchester,retail,"Jun 26, 2025",+1 292 122 561
3054,Prime Kitchen 02348,usa,New York,retail,07/22/2024,+49 062 783 898
3055,Alfa Supplies 00232,PL,Warsaw,retail,26/05/2021,+34 749 305 847
3056,East Trading 02261,Germany,Munich,horeca,2024-06-03,+33 672 096 063
3057,Gamma Deli 01330,Poland,Poznan,retail,"Dec 30, 2022",+1 505 139 091
3058,East Group 00921,Spain,Madrid,horeca,"Jun 13, 2022",+49 043 461 360
3059,Beta Restaurant 01425,sweden,Uppsala,online,02/26/2023,+33 395 559 704
3060,Urban Wholesale 02377,Spain,Madrid,retail,2024-08-12,+48 018 025 825
3061, Beta Market 02061 ,United States,New York,retail,2024-02-03,+39 100 977 404
3062,Euro Cafe 01938,Germany,Cologne,distributor,2023-12-01,+48 388 494 915
3063,Gamma Group 00723,canada,Ottawa,retail,"Feb 02, 2022",+44 075 897 739
3064,East Partners 00265,USA,Denver,horeca,"Jun 12, 2021",+49 915 917 269
3065,Delta Supplies 00681,USA,Boston,online,"Jan 08, 2022",
3066,Euro Foods 02678,USA,New York,distributor,29/12/2024,+49 294 826 106
3067,Beta Stores 01875,PL,Warsaw,wholesale,11/11/2023,+48 520 996 907
3068,Euro Group 01482,DE,Munich,retail,2023-04-05,+33 923 583 617
3069,Nova Kitchen 01483,United States,Boston,retail,"Apr 05, 2023",+34 101 173 432
3070,Gamma Partners 01084,Austria,Salzburg,retail,2022-09-02,+33 240 734 336
3071,Beta Group 01091,USA,Denver,retail,2022-09-07,+34 288 385 586
3072,Amber Wholesale 00603,Great Britain,Manchester,retail,2021-12-03,+44 362 995 174
3073,Central Stores 02720,germany,Munich,retail,22.01.2025,+1 260 558 678
3074,Green Distribution 00261,Spain,Seville,retail,2021-06-10,+44 717 638 380
3075,Euro Market 01186,Netherlands,Utrecht,wholesale,26/10/2022,+44 300 770 563
3076,Urban Foods 01882,Italy,Rome,wholesale,2023-11-15,
3077,Baltic Distribution 02635,PL,Krakow,online,12/06/2024,+34 870 908 660
3078,Royal Trading 01399,Spain,Valencia,retail,2023-02-11,+48 264 092 048
3079,Gamma Stores 02353,Italy,Turin,wholesale,2024-07-25,+33 148 334 367
3080,Baltic Wholesale 02852,Poland,Poznan,online,2025-04-17,+1 926 902 556
3081,West Restaurant 00201,Czech Republic,Pilsen,distributor,"May 12, 2021",+33 578 702 157
3082,Beta Wholesale 02505,france,Toulouse,retail,23/10/2024,+49 742 568 512
3083,Beta Supplies 01183,Norway,Bergen,wholesale,25/10/2022,+1 147 457 425
3084,Beta Wholesale 01616,FR,Nice,online,2023-06-29,+33 907 829 783
3085,Alfa Deli 02398,Norway,Oslo,online,31.08.2024,+33 623 993 789
3086, Global Market 01458 ,netherlands,Rotterdam,retail,21/03/2023,+33 993 229 828
3087,Gamma Foods 01139,U.S.A.,Seattle,wholesale,2022-10-07,+44 674 418 883
3088, Global Gourmet 00827 ,Spain,Bilbao,wholesale,2022-04-10,+34 953 638 406
3089,Silver Cafe 00429,DE,Frankfurt,wholesale,09/21/2021,+48 253 224 201
3090,North Trading 02982,Sweden,Gothenburg,retail,22/06/2025,+33 744 792 960
