order_id,customer_id,order_date,required_date,shipped_date,ship_country,ship_city,shipping_cost
100004,2474,2023-01-01,2023-01-09,08.01.2023,Netherlands,Rotterdam,12.44
100005,1756,01/01/2023,2023-01-14,04/01/2023,Austria,Linz,19.49
100008,2544,01/01/2023,10.01.2023,09/01/2023,France,Toulouse,22.08
100011,2628,2023-01-01,"Jan 13, 2023",03/01/2023,Germany,Munich,24.75
100012,975,01/01/2023,09/01/2023,2023-01-03,Germany,Hamburg,16.71
100022,13,01/02/2023,01/08/2023,,Italy,Rome,19.85
100027,2893,2023-01-02,2023-01-06,07.01.2023,USA,Denver,4.1
100029,2694,01/02/2023,11/01/2023,2023-01-11,United Kingdom,Manchester,18.16
100032,2577,2023-01-02,2023-01-08,,Poland,Krakow,12.66
100034,17,02.01.2023,2023-01-12,2023-01-08,Poland,Lodz,40.21
100036,1724,2023-01-02,01/08/2023,2023-01-07,Canada,Montreal,23.03
100042,641,"Jan 03, 2023",15/01/2023,04.01.2023,United Kingdom,Liverpool,10.49
100043,2220,2023-01-03,2023-01-09,2023-01-12,Spain,Seville,18.62
100044,1397,2023-01-03,"Jan 12, 2023",2023-01-07,Germany,Hamburg,6.92
100047,1318,03/01/2023,2023-01-12,,USA,Boston,7.86
100049,2635,2023-01-03,2023-01-08,"Jan 06, 2023",Poland,Krakow,12.28
100052,1860,2023-01-03,15.01.2023,13.01.2023,Germany,Frankfurt,16.21
100055,199,2023-01-03,2023-01-14,08.01.2023,United Kingdom,Bristol,31.68
100057,1386,2023-01-03,2023-01-16,12.01.2023,Poland,Poznan,26.99
100059,1794,2023-01-03,2023-01-07,"Jan 04, 2023",Sweden,Gothenburg,38.92
100060,2246,"Jan 03, 2023",2023-01-13,"Jan 05, 2023",Sweden,Uppsala,15.2
100062,984,2023-01-03,2023-01-14,2023-01-07,France,Lyon,34.45
100063,74,"Jan 03, 2023",09/01/2023,09.01.2023,Germany,Hamburg,16.12
100067,2923,2023-01-03,10/01/2023,05/01/2023,Poland,Lodz,9.02
100071,1511,2023-01-04,2023-01-12,2023-01-05,Czech Republic,Pilsen,13.44
100075,1644,04.01.2023,07/01/2023,2023-01-12,Poland,Poznan,13.84
100076,2035,2023-01-04,14.01.2023,01/07/2023,France,Nice,14.33
100078,1577,2023-01-04,2023-01-10,15.01.2023,Germany,Cologne,14.83
100080,2345,04.01.2023,2023-01-14,14.01.2023,Canada,Ottawa,12.26
100081,1930,04.01.2023,2023-01-14,07/01/2023,Austria,Vienna,21.26
100087,945,04/01/2023,2023-01-12,2023-01-10,USA,Boston,10.48
100088,1585,01/04/2023,2023-01-10,12.01.2023,Czech Republic,Prague,9.12
100093,932,2023-01-05,2023-01-17,,USA,Boston,13.84
100097,648,05.01.2023,2023-01-10,2023-01-06,France,Marseille,10.09
100098,2337,2023-01-05,"Jan 16, 2023","Jan 07, 2023",Poland,Gdansk,26.08
100100,2190,05/01/2023,13.01.2023,15/01/2023,United Kingdom,Liverpool,7.31
100104,1725,2023-01-05,01/14/2023,"Jan 16, 2023",United Kingdom,Manchester,5.9
100108,1650,2023-01-05,10/01/2023,2023-01-09,Poland,Lodz,17.07
100112,1238,2023-01-05,09.01.2023,2023-01-15,United Kingdom,Liverpool,39.62
100113,824,2023-01-05,15.01.2023,01/16/2023,Poland,Lodz,22.82
100116,2586,"Jan 06, 2023",2023-01-18,2023-01-08,Netherlands,Rotterdam,19.4
100120,891,"Jan 06, 2023",14.01.2023,2023-01-10,Czech Republic,Prague,11.44
100123,1405,"Jan 06, 2023",2023-01-13,,Germany,Berlin,18.17
100125,2749,06.01.2023,"Jan 10, 2023",,Netherlands,Amsterdam,28.35
100127,1521,2023-01-06,12.01.2023,08.01.2023,USA,Chicago,29.18
100129,438,2023-01-06,01/11/2023,2023-01-10,USA,Chicago,10.95
100137,1166,01/06/2023,01/19/2023,2023-01-07,Sweden,Uppsala,12.38
100140,2779,07.01.2023,20/01/2023,,France,Paris,10.82
100149,896,07/01/2023,2023-01-18,2023-01-17,United Kingdom,Liverpool,5.13
100152,138,01/07/2023,2023-01-17,,Spain,Seville,26.21
100154,798,07/01/2023,"Jan 12, 2023",2023-01-18,Poland,Krakow,48.2
100157,1920,2023-01-07,01/19/2023,2023-01-16,France,Paris,22.37
100158,2535,2023-01-07,2023-01-15,09.01.2023,Germany,Cologne,30.92
100161,296,08.01.2023,19/01/2023,"Jan 10, 2023",USA,Boston,14.3
100164,720,2023-01-08,2023-01-15,13/01/2023,Netherlands,Eindhoven,13.4
100171,634,2023-01-08,2023-01-16,"Jan 11, 2023",USA,Austin,9.82
100176,2490,"Jan 09, 2023",01/21/2023,2023-01-18,Poland,Warsaw,4.92
100180,2,01/09/2023,2023-01-22,10.01.2023,France,Lyon,37.79
100181,1249,09/01/2023,2023-01-12,2023-01-11,United Kingdom,London,11.25
100184,2127,2023-01-09,20/01/2023,2023-01-17,Canada,Toronto,5.54
100189,2422,2023-01-09,2023-01-21,,Poland,Poznan,38.79
100190,94,09.01.2023,"Jan 15, 2023",2023-01-12,United Kingdom,Leeds,24.78
100191,2349,2023-01-09,2023-01-20,01/15/2023,United Kingdom,Liverpool,9.88
100192,1461,"Jan 09, 2023","Jan 20, 2023",2023-01-13,USA,Denver,16.0
100193,1564,"Jan 09, 2023",2023-01-17,01/14/2023,Italy,Florence,6.86
100196,227,"Jan 10, 2023",2023-01-20,,Germany,Berlin,12.02
100197,743,2023-01-10,16.01.2023,2023-01-18,Spain,Madrid,25.27
100198,1503,10.01.2023,22.01.2023,"Jan 11, 2023",Germany,Frankfurt,22.73
100205,1130,2023-01-10,2023-01-15,2023-01-20,France,Nice,10.63
100206,1896,2023-01-10,2023-01-17,16/01/2023,USA,Denver,28.01
100208,2597,2023-01-10,14/01/2023,"Jan 11, 2023",USA,Austin,11.51
100209,542,"Jan 10, 2023","Jan 16, 2023",14/01/2023,Germany,Frankfurt,19.58
100210,288,10/01/2023,2023-01-16,21/01/2023,United Kingdom,Leeds,6.41
100211,2082,2023-01-10,23/01/2023,2023-01-20,Poland,Lodz,54.17
100216,2588,2023-01-11,24.01.2023,01/16/2023,Germany,Frankfurt,12.55
100219,398,11/01/2023,2023-01-15,21/01/2023,Czech Republic,Ostrava,19.41
100220,1597,2023-01-11,14/01/2023,2023-01-21,Poland,Krakow,23.57
100223,514,11/01/2023,16.01.2023,"Jan 13, 2023",USA,Seattle,16.51
100226,1231,2023-01-11,"Jan 23, 2023",,Poland,Warsaw,22.99
100227,120,11.01.2023,"Jan 24, 2023",,Italy,Rome,14.89
100237,1892,2023-01-11,01/21/2023,16.01.2023,Germany,Hamburg,27.62
100238,1185,2023-01-12,"Jan 16, 2023",16.01.2023,USA,Austin,46.64
100239,208,2023-01-12,"Jan 20, 2023",2023-01-17,Poland,Warsaw,25.74
100242,247,12/01/2023,20/01/2023,2023-01-21,Germany,Cologne,37.17
100245,2506,2023-01-12,2023-01-23,2023-01-22,Poland,Lodz,16.24
100247,2350,2023-01-12,2023-01-20,21/01/2023,Austria,Salzburg,17.1
100248,1738,2023-01-12,"Jan 23, 2023",21/01/2023,Austria,Vienna,16.87
100251,2994,12/01/2023,"Jan 21, 2023",2023-01-18,Czech Republic,Prague,13.34
100252,2148,"Jan 12, 2023",2023-01-23,22/01/2023,France,Nice,19.08
100253,469,2023-01-12,2023-01-18,,France,Marseille,13.93
100256,411,12.01.2023,23/01/2023,01/18/2023,Poland,Lodz,11.15
100257,2093,"Jan 12, 2023",22/01/2023,2023-01-14,Spain,Madrid,22.65
100258,591,"Jan 12, 2023",2023-01-25,15/01/2023,Netherlands,Amsterdam,8.31
100259,1645,2023-01-12,2023-01-23,2023-01-13,USA,New York,16.35
100260,2157,2023-01-12,01/16/2023,2023-01-20,USA,New York,32.97
100262,1238,2023-01-12,2023-01-18,17.01.2023,United Kingdom,Liverpool,11.38
100267,1549,"Jan 13, 2023",2023-01-25,23/01/2023,France,Toulouse,10.7
100270,324,01/13/2023,01/24/2023,"Jan 18, 2023",France,Paris,13.57
100273,1480,13.01.2023,2023-01-16,24/01/2023,United Kingdom,Bristol,40.34
100276,813,2023-01-13,01/21/2023,2023-01-23,United Kingdom,London,8.7
100280,145,2023-01-13,2023-01-20,2023-01-18,Italy,Florence,46.19
100284,46,01/13/2023,23/01/2023,,Canada,Calgary,18.84
100285,1082,2023-01-13,25.01.2023,"Jan 20, 2023",United Kingdom,Manchester,7.87
100286,710,13/01/2023,2023-01-26,2023-01-24,Germany,Hamburg,8.15
100288,641,2023-01-13,"Jan 19, 2023",17/01/2023,United Kingdom,Liverpool,64.04
100289,39,01/13/2023,22.01.2023,,Poland,Lodz,10.09
100290,830,2023-01-13,19/01/2023,"Jan 17, 2023",Germany,Frankfurt,36.29
100298,1838,14.01.2023,"Jan 24, 2023",25/01/2023,United Kingdom,Liverpool,24.35
100300,1545,01/14/2023,2023-01-18,"Jan 18, 2023",France,Nice,4.23
100302,777,14/01/2023,23/01/2023,25/01/2023,United Kingdom,London,15.94
100304,746,14/01/2023,20/01/2023,24/01/2023,France,Nice,41.01
100309,2778,2023-01-14,2023-01-26,2023-01-21,Netherlands,Eindhoven,8.9
100310,2697,15/01/2023,2023-01-23,2023-01-24,Canada,Montreal,24.83
100312,2522,15.01.2023,2023-01-27,17/01/2023,Spain,Bilbao,8.6
100314,1122,15.01.2023,22.01.2023,,France,Toulouse,14.54
100328,2624,15.01.2023,22.01.2023,2023-01-21,Italy,Rome,14.79
100337,730,2023-01-16,"Jan 25, 2023",01/18/2023,Canada,Ottawa,19.19
100340,1429,01/16/2023,"Jan 25, 2023",2023-01-20,United Kingdom,Leeds,39.1
100341,616,2023-01-16,2023-01-25,"Jan 22, 2023",Spain,Barcelona,17.25
100342,1037,2023-01-16,2023-01-19,01/21/2023,Canada,Montreal,18.42
100347,2815,2023-01-16,2023-01-22,17/01/2023,Poland,Warsaw,9.8
100349,2369,16/01/2023,"Jan 27, 2023",,Spain,Valencia,15.15
100351,855,2023-01-16,20.01.2023,2023-01-19,Spain,Madrid,23.63
100355,2256,2023-01-16,2023-01-27,17/01/2023,Poland,Gdansk,14.1
100361,2544,"Jan 16, 2023","Jan 19, 2023",2023-01-26,France,Toulouse,11.32
100362,2859,16/01/2023,2023-01-28,19/01/2023,Sweden,Malmo,24.82
100371,720,2023-01-17,29/01/2023,01/28/2023,Netherlands,Eindhoven,12.08
100373,1036,2023-01-17,2023-01-20,2023-01-24,USA,Boston,12.02
100374,1006,2023-01-17,20/01/2023,2023-01-24,Czech Republic,Brno,8.93
100377,2423,17/01/2023,25/01/2023,,Germany,Hamburg,4.54
100383,825,2023-01-17,29/01/2023,,Germany,Frankfurt,34.13
100390,1538,01/17/2023,2023-01-21,2023-01-18,Netherlands,Utrecht,15.03
100391,2550,17/01/2023,01/20/2023,2023-01-28,Poland,Warsaw,23.2
100396,942,01/17/2023,01/20/2023,27.01.2023,Italy,Turin,28.6
100398,1968,2023-01-17,26/01/2023,21/01/2023,Czech Republic,Prague,22.74
100399,2807,"Jan 17, 2023",2023-01-26,26.01.2023,United Kingdom,Bristol,19.46
100402,359,01/18/2023,2023-01-30,2023-01-28,Germany,Munich,23.12
100405,2459,2023-01-18,01/28/2023,29/01/2023,USA,Chicago,9.46
100406,1155,2023-01-18,2023-01-23,2023-01-25,United Kingdom,Manchester,36.15
100414,2781,18/01/2023,2023-01-21,01/29/2023,United Kingdom,Liverpool,40.95
100415,637,18.01.2023,22/01/2023,2023-01-29,USA,Boston,12.81
100419,950,2023-01-18,2023-01-21,01/28/2023,USA,Boston,18.57
100421,2150,2023-01-18,01/31/2023,27/01/2023,Spain,Bilbao,14.69
100427,866,19/01/2023,26.01.2023,01/20/2023,Poland,Krakow,32.06
100430,2226,"Jan 19, 2023",01/02/2023,20/01/2023,USA,New York,16.32
100432,1477,"Jan 19, 2023",2023-01-26,,USA,Boston,33.54
100433,1937,"Jan 19, 2023",2023-02-01,2023-01-22,Czech Republic,Ostrava,19.14
100434,1555,01/19/2023,2023-01-30,21/01/2023,Czech Republic,Brno,13.44
100436,2415,2023-01-19,2023-01-22,,Poland,Poznan,25.77
100442,1515,01/19/2023,2023-01-31,2023-01-30,Italy,Rome,13.41
100445,394,19.01.2023,"Jan 25, 2023",2023-01-20,France,Paris,18.92
100450,2376,01/20/2023,27/01/2023,2023-01-24,France,Lyon,33.3
100451,427,20/01/2023,30/01/2023,2023-01-27,Spain,Valencia,29.91
100453,1815,2023-01-20,31.01.2023,23.01.2023,Germany,Berlin,9.66
100454,2875,20.01.2023,24.01.2023,31.01.2023,Italy,Naples,22.56
100457,1889,20/01/2023,"Jan 28, 2023","Jan 23, 2023",Poland,Gdansk,22.38
100460,443,"Jan 20, 2023",28/01/2023,01/26/2023,Spain,Madrid,24.88
100461,1951,2023-01-20,2023-01-28,,United Kingdom,Bristol,32.09
100471,735,"Jan 20, 2023",2023-02-01,2023-01-23,Spain,Madrid,16.93
100474,64,2023-01-20,01/02/2023,"Jan 25, 2023",Germany,Cologne,23.71
100475,2676,20/01/2023,02/01/2023,22.01.2023,Austria,Vienna,34.56
100478,1830,21.01.2023,"Jan 24, 2023",,Italy,Florence,53.54
100481,1981,2023-01-21,27/01/2023,26/01/2023,Poland,Krakow,12.67
100483,860,2023-01-21,2023-02-03,"Jan 24, 2023",France,Nice,18.98
100485,938,"Jan 21, 2023",2023-01-28,2023-02-01,Spain,Bilbao,18.38
100489,1046,2023-01-21,02/01/2023,2023-01-22,Canada,Vancouver,37.6
100492,2114,"Jan 21, 2023",02/02/2023,,Czech Republic,Brno,46.35
100493,2944,2023-01-21,27/01/2023,27/01/2023,Poland,Warsaw,-27.94
100494,1094,2023-01-21,03.02.2023,2023-01-24,Poland,Wroclaw,14.66
100495,1583,01/21/2023,2023-01-29,2023-01-29,France,Marseille,17.48
100496,646,01/21/2023,"Feb 02, 2023",2023-02-01,Germany,Cologne,16.95
100498,2970,21/01/2023,2023-02-01,"Jan 23, 2023",Netherlands,Amsterdam,28.52
100506,1627,22.01.2023,2023-02-04,,Poland,Lodz,7.08
100513,1445,2023-01-22,01/27/2023,01/31/2023,France,Toulouse,12.8
100518,428,22/01/2023,01/29/2023,25/01/2023,Germany,Berlin,7.74
100520,1326,2023-01-22,2023-02-02,23.01.2023,Poland,Krakow,8.6
100522,2057,2023-01-22,26.01.2023,,Netherlands,Amsterdam,10.87
100526,1827,01/22/2023,27.01.2023,01/23/2023,Sweden,Gothenburg,7.49
100527,2343,2023-01-22,2023-02-04,2023-02-02,Germany,Munich,31.51
100528,1800,01/22/2023,27/01/2023,"Jan 29, 2023",Austria,Vienna,18.15
100534,2875,2023-01-23,2023-01-31,,Italy,Naples,14.26
100536,2324,23/01/2023,2023-02-03,2023-01-26,Poland,Wroclaw,17.13
100540,1261,2023-01-23,02/05/2023,,United Kingdom,Manchester,7.53
100542,143,2023-01-23,04.02.2023,2023-01-27,USA,Austin,11.1
100547,1652,2023-01-23,2023-02-01,,Germany,Munich,15.69
100548,2416,2023-01-23,2023-02-03,30/01/2023,Sweden,Malmo,19.97
100550,1278,01/24/2023,2023-02-01,2023-01-29,Sweden,Gothenburg,20.96
100552,2082,24/01/2023,2023-02-02,"Feb 02, 2023",Poland,Lodz,5.3
100561,1913,24/01/2023,2023-02-05,,Italy,Milan,8.97
100566,800,"Jan 24, 2023",2023-02-04,25/01/2023,USA,Chicago,42.81
100571,1739,2023-01-24,2023-02-02,,Norway,Bergen,18.05
100572,68,2023-01-25,01/31/2023,2023-02-01,Germany,Hamburg,23.68
100577,686,25.01.2023,2023-02-04,29/01/2023,Czech Republic,Pilsen,9.55
100582,1839,01/25/2023,02.02.2023,28/01/2023,France,Marseille,5.25
100585,1785,2023-01-25,2023-02-05,01/26/2023,Spain,Madrid,29.41
100588,400,25.01.2023,2023-02-06,26/01/2023,Poland,Lodz,17.93
100589,1887,2023-01-25,02/01/2023,31.01.2023,United Kingdom,Leeds,15.26
100591,1835,25.01.2023,2023-01-28,31.01.2023,United Kingdom,Leeds,14.11
100594,147,25.01.2023,01/02/2023,,Germany,Hamburg,11.18
100595,1036,26/01/2023,2023-02-02,2023-01-30,USA,Boston,68.0
100597,1939,2023-01-26,02/07/2023,2023-02-06,Germany,Berlin,11.41
100600,2736,2023-01-26,04.02.2023,02/06/2023,Spain,Madrid,30.58
100608,2369,2023-01-26,05/02/2023,2023-02-01,Spain,Valencia,21.22
100609,720,2023-01-26,2023-01-30,2023-02-06,Netherlands,Eindhoven,13.5
100613,2973,2023-01-27,2023-01-30,02.02.2023,France,Paris,7.07
100615,1029,2023-01-27,"Feb 06, 2023",2023-01-30,Canada,Montreal,18.86
100617,291,27/01/2023,02/02/2023,2023-02-07,Italy,Naples,7.19
100618,1229,27/01/2023,08.02.2023,,Italy,Naples,40.4
100621,568,"Jan 27, 2023",01/31/2023,2023-02-04,Canada,Toronto,15.03
100625,1454,2023-01-28,2023-01-31,"Feb 05, 2023",USA,Austin,21.6
100626,798,2023-01-28,02/09/2023,07/02/2023,Poland,Krakow,17.44
100627,1445,28.01.2023,2023-01-31,04.02.2023,France,Toulouse,11.24
100629,685,2023-01-28,10.02.2023,08/02/2023,Spain,Valencia,27.26
100631,2523,28/01/2023,2023-02-05,2023-02-08,Austria,Vienna,7.93
100636,2843,2023-01-28,2023-02-07,,USA,Chicago,11.85
100637,2865,2023-01-28,2023-02-07,"Feb 08, 2023",Austria,Linz,17.32
100638,1034,2023-01-28,03/02/2023,2023-02-08,Germany,Berlin,13.41
100642,2729,"Jan 29, 2023",2023-02-05,09/02/2023,France,Marseille,18.6
100644,965,2023-01-29,02/07/2023,2023-02-03,Czech Republic,Pilsen,35.51
100647,1707,29/01/2023,04/02/2023,06.02.2023,Austria,Linz,13.69
100649,2736,2023-01-29,2023-02-01,09.02.2023,Spain,Madrid,21.19
100650,303,2023-01-29,01.02.2023,04/02/2023,Netherlands,Eindhoven,6.91
100651,644,2023-01-29,2023-02-10,07.02.2023,Italy,Florence,6.62
100652,486,2023-01-29,02/07/2023,07/02/2023,Spain,Valencia,17.19
100655,518,2023-01-29,"Feb 08, 2023",2023-02-06,Germany,Hamburg,12.72
100664,481,30.01.2023,06.02.2023,,Canada,Ottawa,20.96
100666,830,30.01.2023,2023-02-12,,Germany,Frankfurt,18.47
100669,733,2023-01-30,03/02/2023,2023-02-10,Italy,Florence,6.51
100671,1303,30/01/2023,02/02/2023,,Germany,Cologne,11.56
100673,1360,2023-01-30,07.02.2023,03.02.2023,Sweden,Gothenburg,21.42
100674,828,2023-01-30,"Feb 05, 2023",,United Kingdom,Manchester,22.09
100680,2325,01/30/2023,"Feb 04, 2023",02/08/2023,Canada,Ottawa,33.74
100681,2661,30/01/2023,2023-02-09,08.02.2023,Czech Republic,Ostrava,40.83
100682,568,2023-01-30,11/02/2023,2023-02-06,Canada,Toronto,13.89
100684,1836,01/30/2023,"Feb 11, 2023",06/02/2023,Netherlands,Rotterdam,24.11
100685,2052,01/30/2023,02/02/2023,2023-02-10,Czech Republic,Prague,8.67
100686,2498,2023-01-31,09/02/2023,2023-02-07,United Kingdom,Manchester,16.03
100689,1709,"Jan 31, 2023",06/02/2023,2023-02-05,Austria,Graz,8.42
100696,1872,31/01/2023,"Feb 08, 2023",06/02/2023,Czech Republic,Ostrava,17.96
100700,2909,01/31/2023,"Feb 08, 2023",2023-02-06,USA,Denver,28.03
100705,2496,31/01/2023,11.02.2023,09/02/2023,Austria,Graz,13.93
100706,2823,2023-01-31,2023-02-10,2023-02-02,Netherlands,Rotterdam,5.83
100710,1764,2023-02-01,02/04/2023,2023-02-05,France,Lyon,34.74
100713,2332,2023-02-01,"Feb 13, 2023",2023-02-06,Sweden,Malmo,20.55
100719,1492,2023-02-01,05/02/2023,2023-02-04,France,Lyon,-19.22
100721,692,02/01/2023,"Feb 09, 2023",08/02/2023,Austria,Graz,28.05
100723,1247,01.02.2023,"Feb 12, 2023",10/02/2023,France,Nice,6.26
100725,1805,2023-02-01,05/02/2023,2023-02-05,Sweden,Gothenburg,41.1
100726,1310,2023-02-01,2023-02-10,12.02.2023,USA,Chicago,14.52
100729,1907,2023-02-01,05/02/2023,"Feb 04, 2023",United Kingdom,London,5.9
100733,134,02.02.2023,06/02/2023,2023-02-11,France,Marseille,18.75
100736,368,2023-02-02,2023-02-14,06.02.2023,USA,Austin,14.9
100737,2596,2023-02-02,09/02/2023,02/10/2023,Canada,Calgary,22.36
100739,821,2023-02-02,2023-02-14,2023-02-12,France,Paris,11.25
100741,1501,02/02/2023,2023-02-08,,France,Paris,22.12
100747,1464,2023-02-03,2023-02-08,2023-02-12,Italy,Florence,27.04
100750,2873,03.02.2023,2023-02-08,02/12/2023,Germany,Berlin,35.93
100752,816,"Feb 03, 2023",16/02/2023,10.02.2023,Spain,Seville,5.86
100763,2815,2023-02-03,"Feb 15, 2023",2023-02-06,Poland,Warsaw,20.26
100765,2034,2023-02-04,2023-02-16,02/11/2023,Germany,Hamburg,30.35
100768,434,2023-02-04,2023-02-08,,USA,Seattle,32.78
100770,1586,"Feb 04, 2023",02/15/2023,"Feb 09, 2023",USA,Denver,35.75
100771,50,2023-02-04,12/02/2023,"Feb 12, 2023",Canada,Vancouver,14.92
100774,2216,2023-02-04,02/09/2023,2023-02-06,United Kingdom,London,16.91
100779,2251,04/02/2023,02/12/2023,06.02.2023,Poland,Krakow,7.06
100781,1639,"Feb 04, 2023",2023-02-10,13.02.2023,Poland,Warsaw,12.96
100783,1281,2023-02-04,2023-02-17,,France,Nice,7.74
100785,1578,2023-02-04,13.02.2023,,Poland,Poznan,6.8
100786,2818,"Feb 04, 2023",2023-02-10,"Feb 07, 2023",France,Toulouse,11.09
100788,1973,04/02/2023,08/02/2023,12/02/2023,Germany,Frankfurt,26.55
100789,1199,04.02.2023,2023-02-15,2023-02-10,USA,Seattle,16.13
100792,879,02/05/2023,17/02/2023,2023-02-13,Italy,Rome,37.65
100795,392,2023-02-05,"Feb 14, 2023",2023-02-15,Poland,Gdansk,22.2
100797,2185,"Feb 05, 2023",2023-02-09,02/16/2023,Germany,Cologne,11.85
100800,128,2023-02-05,2023-02-15,2023-02-07,Italy,Milan,18.78
100801,2690,2023-02-05,18/02/2023,2023-02-09,France,Nice,33.22
100802,76,05/02/2023,02/08/2023,15.02.2023,Germany,Hamburg,10.52
100803,703,05/02/2023,09/02/2023,02/10/2023,France,Paris,31.59
100809,2578,2023-02-05,"Feb 14, 2023",13/02/2023,Italy,Florence,36.75
100811,861,05/02/2023,11/02/2023,02/15/2023,Czech Republic,Prague,15.22
100815,1686,05/02/2023,08.02.2023,,Norway,Bergen,33.18
100820,571,"Feb 06, 2023",2023-02-18,09.02.2023,Czech Republic,Brno,30.36
100824,1703,2023-02-06,2023-02-12,14.02.2023,Sweden,Gothenburg,12.18
100829,2798,"Feb 06, 2023",12.02.2023,02/10/2023,Norway,Oslo,9.69
100834,2937,2023-02-06,2023-02-16,,Spain,Madrid,71.74
100836,942,2023-02-06,02/13/2023,14/02/2023,Italy,Turin,18.76
100840,2292,2023-02-06,02/13/2023,16/02/2023,United Kingdom,London,8.0
100842,439,"Feb 06, 2023",2023-02-15,2023-02-12,Czech Republic,Brno,5.35
100846,2220,06/02/2023,13/02/2023,2023-02-14,Spain,Seville,24.34
100848,1002,2023-02-06,2023-02-17,2023-02-08,USA,Chicago,14.76
100852,703,2023-02-06,16/02/2023,,France,Paris,21.71
100859,905,2023-02-07,2023-02-13,2023-02-08,Spain,Bilbao,19.19
100863,2903,"Feb 07, 2023",2023-02-15,2023-02-11,Germany,Berlin,10.03
100864,48,02/07/2023,"Feb 10, 2023",2023-02-14,Germany,Munich,37.96
100866,101,07/02/2023,17/02/2023,"Feb 08, 2023",Norway,Stavanger,21.22
100868,1916,07.02.2023,2023-02-12,2023-02-09,USA,Denver,14.81
100872,946,1900-01-01,2023-02-14,16/02/2023,Czech Republic,Brno,19.14
100875,2327,2023-02-08,2023-02-11,2023-02-12,USA,Seattle,8.3
100882,1638,2023-02-08,2023-02-19,2023-02-16,Poland,Lodz,9.92
100884,2781,"Feb 08, 2023",2023-02-12,2023-02-11,United Kingdom,Liverpool,20.5
100886,1421,2023-02-08,2023-02-21,,Netherlands,Eindhoven,11.13
100888,946,"Feb 08, 2023",02/17/2023,,Czech Republic,Brno,24.78
100894,2212,"Feb 08, 2023","Feb 16, 2023",02/11/2023,Austria,Linz,12.35
100895,2054,08.02.2023,02/19/2023,2023-02-18,Netherlands,Utrecht,13.96
100898,1226,2023-02-08,2023-02-19,15.02.2023,Poland,Lodz,13.96
100903,2961,2023-02-08,15.02.2023,18.02.2023,Italy,Rome,13.31
100905,723,2023-02-09,2023-02-17,2023-02-11,Canada,Ottawa,32.18
100907,1245,2023-02-09,2023-02-21,,Poland,Gdansk,14.74
100911,1727,09.02.2023,2023-02-21,20/02/2023,Czech Republic,Prague,20.98
100915,1144,"Feb 09, 2023",2023-02-16,2023-02-15,United Kingdom,Leeds,24.57
100918,1927,09.02.2023,2023-02-13,02/14/2023,Germany,Hamburg,38.4
100927,1816,"Feb 10, 2023",2023-02-21,,USA,Seattle,14.36
100930,1359,10.02.2023,22/02/2023,2023-02-15,Poland,Lodz,7.36
100931,1818,10/02/2023,02/19/2023,14/02/2023,Canada,Calgary,17.48
100932,2532,2023-02-10,2023-02-20,11.02.2023,Spain,Valencia,8.56
100933,1604,10/02/2023,16/02/2023,11/02/2023,Germany,Frankfurt,8.97
100935,1094,2023-02-10,02/15/2023,18.02.2023,Poland,Wroclaw,17.47
100937,2039,2023-02-10,"Feb 22, 2023","Feb 19, 2023",Sweden,Gothenburg,25.71
100941,2617,2023-02-10,02/20/2023,17/02/2023,Germany,Munich,22.4
100942,263,2023-02-10,2023-02-14,02/21/2023,Czech Republic,Brno,14.66
100944,368,2023-02-10,2023-02-18,,USA,Austin,36.73
100945,692,"Feb 10, 2023",22/02/2023,"Feb 11, 2023",Austria,Graz,3.77
100946,938,2023-02-10,21/02/2023,"Feb 18, 2023",Spain,Bilbao,6.98
100947,1159,02/10/2023,2023-02-14,2023-02-21,Sweden,Malmo,19.36
100950,2048,2023-02-11,14/02/2023,14/02/2023,Czech Republic,Ostrava,33.09
100952,922,02/11/2023,2023-02-20,2023-02-22,Germany,Berlin,8.25
100953,308,2023-02-11,02/14/2023,2023-02-18,USA,New York,11.21
100956,2865,02/11/2023,20/02/2023,02/12/2023,Austria,Linz,8.42
100957,933,2023-02-11,16/02/2023,2023-02-18,Germany,Cologne,8.56
100958,1159,11.02.2023,2023-02-20,12/02/2023,Sweden,Malmo,12.03
100960,1163,"Feb 11, 2023",2023-02-24,12.02.2023,Austria,Vienna,14.51
100962,1058,"Feb 11, 2023",2023-02-21,,France,Marseille,22.47
100963,2296,2023-02-11,23.02.2023,21.02.2023,United Kingdom,London,5.89
100965,2672,2023-02-11,2023-02-16,2023-02-17,United Kingdom,Leeds,8.98
100971,2817,11.02.2023,2023-02-17,22.02.2023,Sweden,Uppsala,5.99
100973,584,2023-02-11,2023-02-20,,Poland,Lodz,21.52
100978,2161,12.02.2023,"Feb 24, 2023",,USA,Seattle,44.2
100979,2954,12/02/2023,2023-02-17,02/14/2023,France,Marseille,26.97
100982,1094,02/12/2023,16/02/2023,,Poland,Wroclaw,11.93
100983,1815,12.02.2023,02/25/2023,02/13/2023,Germany,Berlin,7.19
100984,1244,2023-02-12,02/20/2023,"Feb 21, 2023",USA,Chicago,25.03
100985,1978,2023-02-12,22/02/2023,23.02.2023,Netherlands,Eindhoven,37.3
100986,2846,2023-02-12,16/02/2023,"Feb 17, 2023",USA,Seattle,19.99
100989,2877,2023-02-12,2023-02-21,"Feb 15, 2023",Germany,Berlin,31.98
100990,2950,12/02/2023,18.02.2023,2023-02-19,Netherlands,Utrecht,16.38
100994,862,"Feb 12, 2023",2023-02-23,02/20/2023,Germany,Munich,36.48
100996,915,2099-01-01,17/02/2023,2023-02-20,United Kingdom,Liverpool,4.34
100997,2280,2023-02-12,2023-02-22,,Spain,Madrid,8.9
101002,2866,2023-02-13,19/02/2023,2023-02-17,USA,New York,21.11
101004,1296,"Feb 13, 2023","Feb 21, 2023",2023-02-16,France,Nice,20.89
101005,642,2023-02-13,19.02.2023,02/17/2023,Poland,Wroclaw,28.28
101008,1643,13.02.2023,2023-02-23,2023-02-23,United Kingdom,Manchester,19.85
101009,117,"Feb 13, 2023",2023-02-23,2023-02-24,United Kingdom,London,18.14
101012,722,2023-02-13,16/02/2023,2023-02-16,Spain,Bilbao,9.76
101015,1044,2023-02-13,02/22/2023,02/15/2023,Sweden,Uppsala,27.98
101019,2251,13.02.2023,22/02/2023,02/22/2023,Poland,Krakow,7.71
101020,560,2023-02-13,"Feb 20, 2023",2023-02-17,France,Lyon,32.6
101022,512,02/13/2023,2023-02-20,,Italy,Rome,6.74
101024,2211,13/02/2023,2023-02-24,2023-02-24,France,Paris,21.31
101025,2590,13/02/2023,2023-02-16,2023-02-21,United Kingdom,London,36.81
101026,2968,2023-02-13,17.02.2023,17/02/2023,Netherlands,Eindhoven,37.79
101028,341,2023-02-13,2023-02-20,2023-02-19,Spain,Bilbao,8.43
101029,2617,02/13/2023,2023-02-16,21/02/2023,Germany,Munich,25.76
101030,241,14.02.2023,2023-02-17,2023-02-22,Poland,Wroclaw,6.21
101033,1672,02/14/2023,23.02.2023,2023-02-18,USA,New York,5.18
101034,2236,2023-02-14,2023-02-19,02/18/2023,Poland,Warsaw,14.79
101036,1391,02/14/2023,"Feb 23, 2023",23/02/2023,Norway,Trondheim,31.97
101038,2340,02/14/2023,2023-02-20,02/25/2023,Italy,Rome,20.69
101044,2233,2023-02-14,02/21/2023,"Feb 24, 2023",Italy,Florence,10.38
101046,2558,15.02.2023,18/02/2023,,Austria,Linz,24.3
101047,2266,2023-02-15,2023-02-23,2023-02-24,United Kingdom,Leeds,9.63
101049,2752,2023-02-15,2023-02-18,,Netherlands,Eindhoven,11.81
101052,696,2023-02-15,2023-02-21,2023-02-21,United Kingdom,Liverpool,8.69
101053,1225,2023-02-15,02/21/2023,2023-02-19,Spain,Valencia,22.13
101054,1643,15/02/2023,2023-02-27,,United Kingdom,Manchester,6.1
101056,1168,"Feb 15, 2023",02/27/2023,2023-02-24,USA,Chicago,28.17
101066,945,"Feb 16, 2023",2023-02-27,02/27/2023,USA,Boston,19.86
101075,1489,2023-02-16,21/02/2023,,Germany,Berlin,25.75
101077,1548,2023-02-16,"Feb 26, 2023",18/02/2023,France,Lyon,41.01
101080,2524,2023-02-17,26/02/2023,2023-02-18,Italy,Rome,10.75
101081,2616,17/02/2023,2023-02-22,2023-02-24,Canada,Montreal,26.98
101086,268,2023-02-17,02/20/2023,,United Kingdom,London,11.82
101088,2246,2023-02-17,25.02.2023,"Feb 27, 2023",Sweden,Uppsala,15.47
101092,102,17/02/2023,22/02/2023,22.02.2023,Germany,Munich,22.68
101099,2504,2023-02-17,21/02/2023,2023-02-24,Austria,Linz,9.21
101102,887,18/02/2023,2023-02-28,2023-02-21,France,Marseille,-11.58
101103,1569,2023-02-18,01.03.2023,28.02.2023,USA,Austin,16.1
101107,323,"Feb 18, 2023",2023-03-03,2023-02-22,USA,Boston,23.12
101109,1488,02/18/2023,02/27/2023,2023-02-26,Spain,Valencia,41.37
101110,491,18.02.2023,2023-02-22,"Mar 01, 2023",Poland,Wroclaw,32.69
101111,946,18/02/2023,02/03/2023,2023-03-01,Czech Republic,Brno,17.95
101112,2478,2023-02-18,2023-02-27,19.02.2023,Norway,Bergen,9.52
101113,287,18.02.2023,2023-02-24,,Austria,Graz,14.21
101117,255,18/02/2023,"Feb 23, 2023",,Norway,Stavanger,17.12
101124,1632,18/02/2023,2023-02-22,2023-02-27,Austria,Linz,7.79
101126,656,2023-02-18,2023-02-28,28.02.2023,Italy,Turin,19.91
101127,308,2023-02-18,2023-02-22,2023-02-26,USA,New York,25.32
101130,1328,2023-02-19,25/02/2023,"Feb 21, 2023",Spain,Barcelona,8.23
101132,583,"Feb 19, 2023",2023-03-03,23/02/2023,Germany,Hamburg,18.98
101134,798,2023-02-19,2023-02-25,,Poland,Krakow,9.63
101137,2449,19/02/2023,"Feb 28, 2023",,Canada,Toronto,6.93
101141,389,19/02/2023,"Feb 27, 2023",,Poland,Wroclaw,19.73
101142,140,02/19/2023,2023-02-22,28/02/2023,Netherlands,Utrecht,17.72
101151,86,19/02/2023,02/25/2023,,Austria,Salzburg,30.4
101152,1889,19.02.2023,2023-02-24,23/02/2023,Poland,Gdansk,9.12
101154,448,2023-02-19,2023-02-25,"Feb 27, 2023",Czech Republic,Brno,4.71
101155,282,2023-02-19,03/03/2023,,Poland,Warsaw,15.56
101158,1076,2023-02-20,2023-02-24,03/01/2023,Czech Republic,Pilsen,22.02
101159,452,2023-02-20,03/05/2023,,USA,New York,12.45
101163,255,02/20/2023,2023-02-28,2023-02-21,Norway,Stavanger,12.55
101166,1082,2023-02-20,2023-03-04,,United Kingdom,Manchester,8.56
101167,2426,2023-02-20,04.03.2023,2023-02-26,Norway,Oslo,7.53
101168,2589,2023-02-20,2023-02-24,2023-02-21,Norway,Trondheim,19.64
101169,27,"Feb 20, 2023",2023-03-04,2023-02-27,Czech Republic,Pilsen,14.89
101170,1559,2023-02-20,03/01/2023,03/03/2023,Germany,Cologne,11.73
101173,2094,2023-02-20,01.03.2023,,Netherlands,Eindhoven,19.15
101174,2857,2023-02-20,28.02.2023,02/22/2023,United Kingdom,Liverpool,18.56
101175,1541,2023-02-20,2023-03-01,2023-03-02,Poland,Krakow,10.4
101176,1330,2023-02-20,24/02/2023,24.02.2023,Poland,Poznan,17.61
101181,2885,2023-02-20,03.03.2023,"Feb 24, 2023",Germany,Frankfurt,12.82
101187,1622,2023-02-21,2023-02-26,02/27/2023,United Kingdom,Liverpool,10.15
101191,2756,2023-02-21,"Mar 04, 2023","Feb 24, 2023",Canada,Toronto,9.99
101192,2611,21/02/2023,03/01/2023,02/26/2023,Poland,Poznan,16.01
101197,1926,21/02/2023,24.02.2023,02/23/2023,France,Nice,16.56
101201,966,2023-02-21,2023-03-04,02/23/2023,Netherlands,Eindhoven,15.88
101204,1247,02/22/2023,2023-03-04,23.02.2023,France,Nice,9.12
101205,881,22/02/2023,2023-03-06,2023-03-05,Netherlands,Eindhoven,19.64
101209,2799,2023-02-22,2023-02-27,2023-02-24,Netherlands,Amsterdam,19.63
101221,2179,"Feb 22, 2023",2023-03-06,24/02/2023,Canada,Toronto,6.72
101224,520,2023-02-22,02/03/2023,02/03/2023,Poland,Poznan,12.1
101228,2790,2023-02-23,05/03/2023,2023-02-25,USA,Austin,13.92
101229,2340,23/02/2023,2023-03-05,2023-02-28,Italy,Rome,25.59
101231,2725,02/23/2023,2023-03-05,01.03.2023,Spain,Seville,16.74
101233,2251,2023-02-23,2023-03-04,2023-03-05,Poland,Krakow,8.94
101235,2412,2023-02-23,04/03/2023,2023-03-06,Canada,Calgary,20.11
101236,1651,02/23/2023,2023-02-26,2023-02-28,Spain,Madrid,15.67
101237,2586,"Feb 23, 2023",2023-02-27,03/04/2023,Netherlands,Rotterdam,17.34
101238,500,23/02/2023,2023-03-06,06/03/2023,Poland,Lodz,-30.4
101243,2449,02/23/2023,2023-03-04,"Mar 04, 2023",Canada,Toronto,14.5
101250,884,24.02.2023,27/02/2023,2023-03-02,Poland,Gdansk,9.0
101252,1151,24.02.2023,03/06/2023,2023-03-01,United Kingdom,Liverpool,9.86
101263,34,24.02.2023,2023-02-28,"Feb 27, 2023",Poland,Gdansk,16.38
101265,307,2023-02-24,"Mar 05, 2023",27/02/2023,Czech Republic,Prague,31.71
101267,571,24/02/2023,2023-03-06,03/03/2023,Czech Republic,Brno,7.07
101269,1581,24/02/2023,2023-03-03,2023-02-25,Spain,Valencia,15.32
101270,1701,24.02.2023,2023-03-02,"Feb 25, 2023",Italy,Turin,6.9
101275,1202,25/02/2023,02/28/2023,"Feb 27, 2023",United Kingdom,Liverpool,9.82
101281,2325,25/02/2023,2023-03-04,"Feb 28, 2023",Canada,Ottawa,10.5
101283,2862,25/02/2023,"Mar 06, 2023",02/28/2023,Italy,Rome,28.57
101284,1538,2023-02-25,03/03/2023,,Netherlands,Utrecht,10.87
101287,2355,2023-02-25,06/03/2023,08.03.2023,Spain,Madrid,14.07
101292,1597,"Feb 25, 2023",2023-02-28,03/01/2023,Poland,Krakow,21.81
101293,1364,02/25/2023,02/28/2023,2023-03-05,Canada,Vancouver,31.41
101297,2795,2023-02-25,03/09/2023,02/26/2023,Netherlands,Rotterdam,31.34
101298,498,"Feb 25, 2023",03/05/2023,02/26/2023,Spain,Valencia,5.9
101299,1455,02/25/2023,08.03.2023,,Austria,Graz,13.92
101309,1104,26.02.2023,03/09/2023,06/03/2023,Poland,Gdansk,22.54
101316,876,26/02/2023,08/03/2023,,Netherlands,Eindhoven,11.86
101317,2482,2023-02-26,03/01/2023,01/03/2023,Spain,Seville,20.77
101320,2326,2023-02-27,08/03/2023,,Netherlands,Utrecht,8.82
101321,1651,27/02/2023,03/03/2023,2023-02-28,Spain,Madrid,52.5
101322,1734,"Feb 27, 2023",07.03.2023,03/07/2023,Norway,Oslo,21.05
101327,2439,27.02.2023,08/03/2023,09.03.2023,Netherlands,Amsterdam,20.27
101329,1516,2023-02-27,2023-03-04,,Netherlands,Amsterdam,47.84
101333,2798,27.02.2023,03/12/2023,2023-03-06,Norway,Oslo,19.17
101335,1225,27/02/2023,2023-03-06,05/03/2023,Spain,Valencia,12.71
101340,56,2023-02-27,2023-03-07,2023-03-09,Sweden,Uppsala,13.46
101341,2859,"Feb 27, 2023",03/03/2023,2023-03-10,Sweden,Malmo,30.34
101344,1445,28/02/2023,"Mar 10, 2023",,France,Toulouse,20.56
101355,6,2023-02-28,03/10/2023,2023-03-07,Netherlands,Utrecht,19.11
101356,634,2023-02-28,2023-03-11,,USA,Austin,14.03
101358,2677,02/28/2023,03/10/2023,,Netherlands,Utrecht,16.98
101359,2098,2023-02-28,07.03.2023,07/03/2023,Spain,Barcelona,14.59
101361,430,"Feb 28, 2023",2023-03-08,2023-03-04,France,Lyon,18.34
101362,256,02/28/2023,03/08/2023,,Netherlands,Eindhoven,14.45
101363,2985,2023-03-01,09.03.2023,2023-03-04,Canada,Toronto,11.29
101366,2269,2023-03-01,"Mar 10, 2023",,United Kingdom,Manchester,25.38
101374,2400,2023-03-01,04/03/2023,"Mar 05, 2023",USA,New York,11.98
101377,429,"Mar 01, 2023",2023-03-06,2023-03-08,Germany,Frankfurt,20.87
101378,1554,2023-03-01,04/03/2023,06/03/2023,Poland,Lodz,9.99
101380,854,"Mar 01, 2023",05.03.2023,2023-03-09,Spain,Madrid,10.21
101381,1466,2023-03-01,08/03/2023,03/10/2023,USA,Chicago,21.39
101382,655,01/03/2023,"Mar 10, 2023","Mar 06, 2023",Sweden,Stockholm,9.19
101385,1338,2023-03-01,2023-03-08,02.03.2023,Germany,Frankfurt,13.19
101386,1288,01/03/2023,05.03.2023,2023-03-12,Canada,Ottawa,9.5
101389,2335,"Mar 01, 2023",03/04/2023,"Mar 04, 2023",Germany,Berlin,8.23
101398,2568,2023-03-02,"Mar 07, 2023","Mar 09, 2023",France,Paris,23.71
101403,1705,02/03/2023,"Mar 08, 2023",05/03/2023,Italy,Naples,17.32
101407,1442,03/02/2023,2023-03-14,,United Kingdom,Leeds,7.36
101408,613,2023-03-02,03/10/2023,09/03/2023,United Kingdom,Leeds,18.66
101411,1478,2023-03-02,03/07/2023,2023-03-04,United Kingdom,Leeds,28.21
101415,2318,2023-03-02,03/15/2023,08/03/2023,Italy,Rome,13.09
101417,1244,03/03/2023,2023-03-08,04.03.2023,USA,Chicago,40.23
101420,2577,2023-03-03,06/03/2023,,Poland,Krakow,18.5
101422,998,03.03.2023,03/10/2023,09/03/2023,Germany,Cologne,13.58
101425,2365,03/03/2023,15/03/2023,2023-03-08,France,Nice,10.2
101427,2153,03/03/2023,09.03.2023,2023-03-09,Canada,Montreal,21.26
101428,2130,2023-03-03,06/03/2023,10/03/2023,United Kingdom,London,45.22
101432,1127,"Mar 03, 2023",2023-03-12,2023-03-06,USA,Seattle,4.49
101433,2272,2023-03-03,14/03/2023,05.03.2023,Austria,Salzburg,23.11
101436,1872,"Mar 03, 2023",2023-03-14,,Czech Republic,Ostrava,22.71
101438,2767,2023-03-03,11.03.2023,2023-03-04,Canada,Calgary,35.71
101440,393,2023-03-03,2023-03-13,2023-03-12,France,Marseille,22.22
101441,2414,"Mar 03, 2023",06.03.2023,2023-03-07,Germany,Munich,26.88
101442,416,03/03/2023,2023-03-16,06/03/2023,United Kingdom,Bristol,20.85
101443,618,"Mar 03, 2023",03/07/2023,11/03/2023,Germany,Cologne,13.64
101444,2144,2023-03-03,03/16/2023,"Mar 11, 2023",Sweden,Malmo,16.19
101446,2740,2023-03-03,09/03/2023,07/03/2023,Czech Republic,Brno,39.08
101454,2558,2023-03-04,15.03.2023,2023-03-08,Austria,Linz,36.48
101457,1151,04/03/2023,"Mar 12, 2023",2023-03-13,United Kingdom,Liverpool,12.21
101458,914,03/04/2023,"Mar 09, 2023",,Spain,Barcelona,7.94
101460,2174,04/03/2023,17/03/2023,2023-03-09,Spain,Seville,29.86
101463,1145,04.03.2023,14/03/2023,2023-03-09,Germany,Munich,13.65
101464,818,"Mar 04, 2023",2023-03-10,2023-03-07,Germany,Hamburg,9.53
101468,2449,2023-03-05,2023-03-08,"Mar 06, 2023",Canada,Toronto,13.46
101469,2202,2023-03-05,"Mar 12, 2023",06.03.2023,Poland,Krakow,30.3
101470,1595,05/03/2023,03/11/2023,"Mar 11, 2023",USA,Seattle,19.61
101471,418,2023-03-05,09/03/2023,08/03/2023,Austria,Linz,7.83
101474,2646,03/05/2023,12/03/2023,11/03/2023,United Kingdom,Bristol,10.54
101475,1318,05.03.2023,2023-03-08,03/15/2023,USA,Boston,13.83
101480,87,2023-03-05,2023-03-11,14/03/2023,Czech Republic,Ostrava,22.64
101481,945,2023-03-05,2023-03-16,,USA,Boston,22.28
101482,1998,2023-03-05,2023-03-11,2023-03-09,Spain,Bilbao,18.63
101484,1608,2023-03-05,2023-03-14,2023-03-11,Netherlands,Eindhoven,16.1
101485,1651,2023-03-05,2023-03-18,,Spain,Madrid,9.51
101486,458,2023-03-05,"Mar 18, 2023",2023-03-08,Germany,Hamburg,27.43
101488,2709,05/03/2023,2023-03-18,14.03.2023,USA,New York,14.26
101505,2622,2023-03-06,11/03/2023,2023-03-10,Sweden,Gothenburg,27.46
101507,613,2023-03-06,2023-03-12,14.03.2023,United Kingdom,Leeds,7.46
101513,2220,2023-03-06,2023-03-14,2023-03-10,Spain,Seville,16.51
101515,613,2023-03-07,03/20/2023,,United Kingdom,Leeds,30.71
101518,2275,2023-03-07,2023-03-20,08/03/2023,Germany,Berlin,12.53
101526,981,07.03.2023,2023-03-18,2023-03-12,Austria,Vienna,21.25
101536,2397,"Mar 07, 2023",2023-03-17,13/03/2023,Poland,Poznan,13.26
101543,2310,08.03.2023,2023-03-11,"Mar 10, 2023",Spain,Bilbao,45.65
101546,144,03/08/2023,11.03.2023,"Mar 19, 2023",United Kingdom,Leeds,44.78
101549,2823,03/08/2023,13/03/2023,13/03/2023,Netherlands,Rotterdam,18.72
101551,162,03/08/2023,2023-03-20,,USA,Chicago,9.02
101554,1320,08.03.2023,2023-03-21,2023-03-18,France,Marseille,12.69
101556,278,03/08/2023,2023-03-11,13.03.2023,Poland,Poznan,27.7
101559,854,08/03/2023,"Mar 19, 2023",10/03/2023,Spain,Madrid,33.38
101562,1290,09.03.2023,03/17/2023,2023-03-12,USA,Chicago,13.57
101566,1651,09.03.2023,2023-03-15,15/03/2023,Spain,Madrid,16.32
101567,1437,2023-03-09,2023-03-12,10/03/2023,Czech Republic,Pilsen,8.24
101568,2051,2023-03-09,2023-03-13,03/16/2023,United Kingdom,London,15.91
101570,1889,09.03.2023,2023-03-17,"Mar 18, 2023",Poland,Gdansk,7.69
101571,1509,09.03.2023,03/16/2023,"Mar 20, 2023",Sweden,Malmo,17.76
101572,619,2023-03-09,2023-03-15,12.03.2023,Spain,Valencia,7.26
101574,2354,2023-03-09,17.03.2023,17/03/2023,France,Paris,9.76
101582,845,09.03.2023,16/03/2023,,Poland,Krakow,7.09
101583,1803,2023-03-09,2023-03-16,,Sweden,Gothenburg,18.86
101588,2256,2023-03-10,17/03/2023,"Mar 16, 2023",Poland,Gdansk,20.3
101589,2092,2023-03-10,22/03/2023,12.03.2023,Austria,Linz,24.77
101592,1960,10/03/2023,2023-03-21,2023-03-15,Germany,Cologne,6.09
101593,2646,10/03/2023,2023-03-22,20/03/2023,United Kingdom,Bristol,10.11
101594,2794,03/10/2023,"Mar 18, 2023",21/03/2023,Netherlands,Eindhoven,7.38
101601,1665,2023-03-10,03/20/2023,11/03/2023,France,Lyon,25.05
101603,1924,03/10/2023,"Mar 22, 2023",2023-03-14,France,Lyon,25.75
101605,1896,2023-03-10,2023-03-16,,USA,Denver,13.29
101614,1376,2023-03-11,03/24/2023,12.03.2023,Austria,Vienna,10.1
101615,634,2023-03-11,2023-03-21,2023-03-16,USA,Austin,16.91
101616,1054,"Mar 11, 2023",2023-03-16,2023-03-22,Netherlands,Amsterdam,51.25
101618,1960,03/11/2023,2023-03-22,03/21/2023,Germany,Cologne,17.8
101620,2482,2023-03-11,2023-03-20,"Mar 19, 2023",Spain,Seville,19.13
101630,402,"Mar 11, 2023","Mar 22, 2023",2023-03-22,Poland,Warsaw,11.26
101632,1408,2023-03-11,2023-03-24,2023-03-19,Poland,Poznan,11.3
101637,1056,2023-03-12,2023-03-18,17.03.2023,Netherlands,Eindhoven,21.59
101639,2326,2023-03-12,25.03.2023,2023-03-15,Netherlands,Utrecht,21.8
101640,2511,"Mar 12, 2023",24/03/2023,17/03/2023,Germany,Cologne,29.23
101642,1310,2023-03-12,20/03/2023,2023-03-20,USA,Chicago,16.3
101646,799,03/12/2023,19.03.2023,22.03.2023,Italy,Turin,4.24
101648,1818,12.03.2023,2023-03-23,2023-03-14,Canada,Calgary,-5.76
101650,1872,"Mar 12, 2023","Mar 23, 2023",18/03/2023,Czech Republic,Ostrava,11.76
101651,1913,2023-03-12,2023-03-18,2023-03-20,Italy,Milan,21.33
101660,2889,2023-03-12,2023-03-25,2023-03-23,Spain,Valencia,22.11
101662,376,"Mar 12, 2023",2023-03-16,2023-03-20,Poland,Poznan,16.56
101666,884,2023-03-12,2023-03-25,2023-03-20,Poland,Gdansk,30.27
101667,1488,2023-03-13,03/16/2023,03/23/2023,Spain,Valencia,33.14
101668,2251,03/13/2023,03/22/2023,"Mar 22, 2023",Poland,Krakow,12.71
101673,2741,13/03/2023,2023-03-23,2023-03-20,United Kingdom,Leeds,18.12
101676,275,2023-03-13,22.03.2023,,USA,New York,14.9
101678,2930,2023-03-13,17.03.2023,03/15/2023,Italy,Turin,12.95
101690,2692,13.03.2023,"Mar 17, 2023",2023-03-18,Poland,Poznan,20.68
101693,1772,2023-03-14,2023-03-23,2023-03-20,Germany,Berlin,5.14
101699,889,2023-03-14,2023-03-23,,USA,New York,8.35
101700,1165,2023-03-14,24.03.2023,2023-03-21,Poland,Gdansk,18.72
101702,2471,03/14/2023,2023-03-19,2023-03-18,USA,Seattle,22.95
101703,1941,03/14/2023,22.03.2023,,Poland,Gdansk,33.5
101706,418,14.03.2023,"Mar 21, 2023",25/03/2023,Austria,Linz,16.01
101711,1044,14/03/2023,2023-03-20,03/18/2023,Sweden,Uppsala,9.48
101713,887,"Mar 14, 2023",2023-03-20,2023-03-19,France,Marseille,17.99
101715,2532,14.03.2023,2023-03-21,2023-03-22,Spain,Valencia,16.18
101720,1913,2023-03-15,25/03/2023,2023-03-17,Italy,Milan,7.74
101726,613,03/15/2023,2023-03-23,2023-03-19,United Kingdom,Leeds,12.96
101727,649,2023-03-15,03/25/2023,2023-03-26,Spain,Seville,6.99
101732,2260,2023-03-15,"Mar 22, 2023",2023-03-23,United Kingdom,Bristol,24.85
101734,291,15/03/2023,2023-03-23,2023-03-17,Italy,Naples,26.25
101735,1712,"Mar 15, 2023",2023-03-23,26.03.2023,Spain,Seville,25.28
101742,1001,16/03/2023,2023-03-29,,Austria,Linz,8.74
101745,2865,2023-03-16,2023-03-23,03/23/2023,Austria,Linz,34.55
101746,743,16.03.2023,26/03/2023,2023-03-19,Spain,Madrid,17.38
101747,627,2023-03-16,2023-03-23,,Poland,Gdansk,25.43
101748,843,16.03.2023,2023-03-27,03/17/2023,Netherlands,Amsterdam,6.83
101749,1651,2023-03-16,22/03/2023,,Spain,Madrid,23.34
101755,796,2023-03-16,2023-03-27,03/24/2023,Netherlands,Amsterdam,25.26
101756,1629,16/03/2023,2023-03-23,03/19/2023,Austria,Linz,6.38
101758,619,2023-03-16,2023-03-23,17/03/2023,Spain,Valencia,16.71
101763,95,16/03/2023,25/03/2023,2023-03-26,Spain,Madrid,17.42
101768,2314,2023-03-17,2023-03-20,,Austria,Graz,17.25
101770,287,"Mar 17, 2023",22.03.2023,2023-03-26,Austria,Graz,20.07
101772,2094,2023-03-17,2023-03-23,,Netherlands,Eindhoven,4.87
101775,1894,17/03/2023,29.03.2023,2023-03-19,Italy,Turin,10.19
101777,778,17/03/2023,2023-03-26,18.03.2023,Germany,Frankfurt,20.78
101778,668,2023-03-17,27/03/2023,2023-03-21,Germany,Munich,9.33
101790,461,2023-03-17,23.03.2023,,Spain,Valencia,26.0
101791,606,"Mar 17, 2023",28.03.2023,,Sweden,Gothenburg,11.75
101793,2866,2023-03-17,2023-03-20,2023-03-23,USA,New York,5.28
101794,1913,2023-03-17,28.03.2023,22.03.2023,Italy,Milan,11.99
101796,2099,"Mar 17, 2023",21/03/2023,19/03/2023,Italy,Naples,24.23
101797,2908,17/03/2023,"Mar 26, 2023",,Germany,Munich,23.57
101798,486,17.03.2023,2023-03-24,25/03/2023,Spain,Valencia,30.32
101801,2368,18/03/2023,22.03.2023,24/03/2023,USA,Chicago,12.17
101803,2993,18/03/2023,"Mar 29, 2023",,USA,Austin,29.05
101807,2251,18/03/2023,2023-03-27,22/03/2023,Poland,Krakow,11.39
101808,2056,18/03/2023,25.03.2023,26/03/2023,Germany,Cologne,23.15
101810,2734,2023-03-18,21/03/2023,2023-03-20,Italy,Turin,5.98
101812,446,2023-03-18,29.03.2023,03/23/2023,Poland,Lodz,33.68
101814,1296,2023-03-18,"Mar 25, 2023",,France,Nice,29.76
101817,1079,"Mar 18, 2023",2023-03-22,2023-03-19,France,Paris,9.59
101823,1201,19/03/2023,03/31/2023,2023-03-22,Poland,Warsaw,21.43
101825,591,2023-03-19,2023-03-28,,Netherlands,Amsterdam,10.89
101830,76,19.03.2023,"Mar 26, 2023",03/30/2023,Germany,Hamburg,12.13
101831,2556,19/03/2023,2023-04-01,2023-03-29,Spain,Seville,4.62
101833,1405,2023-03-19,2023-03-23,,Germany,Berlin,13.99
101848,51,"Mar 20, 2023",04/01/2023,,Spain,Valencia,49.71
101852,688,20/03/2023,31/03/2023,"Mar 23, 2023",Netherlands,Utrecht,21.98
101854,1358,2023-03-20,2023-03-23,29/03/2023,USA,New York,18.1
101859,389,2023-03-20,31.03.2023,2023-03-24,Poland,Wroclaw,17.88
101862,938,20/03/2023,31/03/2023,,Spain,Bilbao,7.26
101863,1646,20.03.2023,01.04.2023,2023-03-31,France,Lyon,7.94
101865,2346,2023-03-20,"Mar 31, 2023",03/24/2023,Spain,Madrid,8.2
101866,1508,03/21/2023,04/03/2023,25/03/2023,Sweden,Malmo,17.24
101868,1573,03/21/2023,31/03/2023,29.03.2023,Canada,Vancouver,12.75
101873,1487,"Mar 21, 2023",2023-03-27,"Mar 26, 2023",Netherlands,Eindhoven,11.06
101875,1782,2023-03-21,2023-03-26,2023-04-01,United Kingdom,London,20.71
101882,2657,21/03/2023,24/03/2023,03/29/2023,United Kingdom,Bristol,19.37
101890,2592,"Mar 22, 2023",03/28/2023,03/25/2023,Norway,Stavanger,14.08
101892,2583,2023-03-22,2023-03-25,04/02/2023,Netherlands,Eindhoven,32.75
101893,2102,22.03.2023,2023-04-01,2023-03-29,USA,Chicago,27.22
101895,91,2023-03-22,27/03/2023,"Mar 29, 2023",Germany,Cologne,21.78
101899,551,2023-03-22,04/03/2023,,Poland,Gdansk,14.79
101904,826,22/03/2023,2023-03-26,2023-03-25,Austria,Linz,17.11
101906,5,"Mar 23, 2023","Apr 03, 2023",04/03/2023,France,Lyon,12.02
101910,697,2023-03-23,04/04/2023,2023-04-01,Poland,Krakow,31.76
101914,2556,2023-03-23,2023-03-29,"Apr 02, 2023",Spain,Seville,13.14
101915,613,23.03.2023,2023-04-03,"Mar 29, 2023",United Kingdom,Leeds,13.78
101917,2098,2023-03-23,2023-03-28,2023-03-28,Spain,Barcelona,26.88
101919,2985,2023-03-23,2023-03-27,31/03/2023,Canada,Toronto,27.39
101922,62,2023-03-23,03/04/2023,"Mar 29, 2023",Germany,Berlin,36.02
101923,2923,2023-03-23,04.04.2023,27/03/2023,Poland,Lodz,18.68
101925,1030,2023-03-23,01/04/2023,"Mar 24, 2023",Germany,Frankfurt,17.09
101928,1714,24/03/2023,04/04/2023,,Poland,Wroclaw,15.61
101931,594,03/24/2023,05/04/2023,2023-03-30,Italy,Naples,15.0
101932,2612,2023-03-24,31/03/2023,2023-04-04,Netherlands,Eindhoven,16.09
101933,2467,2023-03-24,2023-03-31,31.03.2023,USA,Chicago,17.71
101938,281,24.03.2023,03/30/2023,,Canada,Montreal,16.53
101941,2335,24.03.2023,06/04/2023,2023-03-29,Germany,Berlin,15.46
101943,1802,24.03.2023,2023-03-28,03/26/2023,Poland,Lodz,13.41
101948,1949,24/03/2023,2023-03-31,2023-03-27,Spain,Madrid,23.44
101951,1496,25/03/2023,04/05/2023,2023-03-30,Poland,Poznan,12.25
101954,324,"Mar 25, 2023",2023-03-28,03/30/2023,France,Paris,42.29
101956,2671,"Mar 25, 2023",2023-03-29,31/03/2023,Poland,Wroclaw,14.21
101957,539,03/25/2023,02/04/2023,04.04.2023,Austria,Graz,14.68
101962,2057,25.03.2023,2023-04-07,2023-03-30,Netherlands,Amsterdam,7.63
101963,2958,2023-03-25,2023-03-30,"Mar 28, 2023",Canada,Vancouver,4.13
101964,325,25.03.2023,04/06/2023,2023-04-05,Netherlands,Eindhoven,15.34
101966,2332,25/03/2023,"Apr 02, 2023",03.04.2023,Sweden,Malmo,13.1
101967,933,2023-03-25,03/31/2023,"Mar 31, 2023",Germany,Cologne,40.01
101968,2795,2023-03-25,04/04/2023,2023-03-31,Netherlands,Rotterdam,12.37
101971,2726,2023-03-25,"Apr 07, 2023",04/05/2023,Germany,Munich,7.89
101972,2702,03/25/2023,2023-04-04,03/30/2023,Poland,Warsaw,19.28
101974,1591,2023-03-25,03/29/2023,27.03.2023,Canada,Vancouver,16.56
101977,2825,03/25/2023,04/05/2023,2023-04-05,France,Nice,12.89
101989,2195,"Mar 26, 2023",2023-03-31,2023-03-29,Germany,Munich,38.41
101995,1505,26/03/2023,06/04/2023,05.04.2023,Norway,Bergen,17.21
101998,1445,26.03.2023,03/31/2023,,France,Toulouse,6.31
101999,115,2023-03-26,04/08/2023,2023-03-27,Poland,Lodz,8.39
102002,2691,26/03/2023,07.04.2023,04/04/2023,USA,Seattle,10.3
102006,2683,2023-03-27,09/04/2023,06/04/2023,United Kingdom,Liverpool,8.95
102007,2302,2023-03-27,2023-04-06,2023-04-07,Germany,Cologne,12.21
102008,424,"Mar 27, 2023",03/31/2023,06.04.2023,United Kingdom,Liverpool,19.73
102009,2603,27.03.2023,2023-03-31,"Apr 06, 2023",Canada,Vancouver,14.62
102013,1479,2023-03-27,"Apr 07, 2023",2023-04-06,Germany,Berlin,25.31
102015,1489,2023-03-27,2023-03-30,05.04.2023,Germany,Berlin,18.08
102018,2420,27/03/2023,2023-04-07,,Netherlands,Rotterdam,11.24
102019,1142,"Mar 27, 2023",2023-04-01,30.03.2023,Germany,Cologne,10.4
102020,254,"Mar 27, 2023",2023-04-06,2023-04-02,Spain,Seville,12.59
102021,1289,"Mar 27, 2023","Apr 02, 2023",2023-04-02,Poland,Krakow,16.7
102022,1794,2023-03-27,2023-04-04,03/31/2023,Sweden,Gothenburg,16.1
102030,2684,03/28/2023,04/05/2023,"Mar 30, 2023",Spain,Barcelona,27.1
102033,1319,"Mar 28, 2023",04.04.2023,04/05/2023,United Kingdom,Liverpool,45.34
102035,2039,2023-03-28,06/04/2023,03/30/2023,Sweden,Gothenburg,8.12
102037,2648,03/28/2023,2023-04-09,2023-04-01,France,Nice,21.85
102039,2686,2023-03-28,2023-04-05,03/29/2023,Czech Republic,Prague,11.78
102040,1015,28/03/2023,06.04.2023,2023-04-06,Poland,Poznan,52.36
102045,1280,28.03.2023,2023-04-03,"Apr 03, 2023",Netherlands,Rotterdam,8.85
102048,647,2023-03-28,03.04.2023,04/02/2023,Italy,Turin,5.84
102054,1936,2023-03-29,"Apr 06, 2023","Apr 05, 2023",USA,Denver,14.43
102055,2447,2023-03-29,2023-04-04,04/04/2023,France,Paris,13.67
102057,1328,2023-03-29,01/04/2023,"Mar 30, 2023",Spain,Barcelona,21.26
102061,2724,2023-03-29,10/04/2023,03.04.2023,Canada,Toronto,20.98
102068,1227,03/29/2023,"Apr 04, 2023",,Germany,Munich,11.9
102071,1936,03/29/2023,08.04.2023,03.04.2023,USA,Denver,16.54
102073,1277,29/03/2023,2023-04-06,2023-04-04,United Kingdom,Manchester,22.45
102074,227,2023-03-29,2023-04-11,"Apr 09, 2023",Germany,Berlin,52.91
102076,2635,29/03/2023,2023-04-01,2023-04-08,Poland,Krakow,9.4
102082,745,2023-03-30,04/06/2023,2023-04-04,Italy,Florence,33.61
102083,2870,2023-03-30,2023-04-11,2023-04-03,Spain,Valencia,16.21
102089,303,03/30/2023,04/08/2023,2023-04-03,Netherlands,Eindhoven,15.89
102090,2953,2023-03-30,04/10/2023,,Italy,Florence,41.75
102093,2832,30/03/2023,2023-04-10,2023-03-31,Norway,Stavanger,23.19
102103,1472,30.03.2023,11/04/2023,03/04/2023,Italy,Rome,8.99
102105,893,2023-03-31,2023-04-03,"Apr 04, 2023",Spain,Valencia,22.41
102111,1326,2023-03-31,"Apr 08, 2023",,Poland,Krakow,13.08
102115,839,31/03/2023,07/04/2023,07.04.2023,USA,Boston,48.33
102116,911,03/31/2023,2023-04-03,,Czech Republic,Pilsen,16.14
102118,2930,31/03/2023,"Apr 05, 2023",,Italy,Turin,6.29
102119,1533,"Mar 31, 2023",2023-04-07,,Canada,Ottawa,7.4
102126,2651,31/03/2023,"Apr 05, 2023",2023-04-08,Italy,Rome,17.63
102130,496,2023-03-31,2023-04-12,2023-04-06,France,Lyon,34.0
102131,2676,2023-04-01,06/04/2023,08/04/2023,Austria,Vienna,9.4
102133,1551,01/04/2023,10.04.2023,2023-04-10,Poland,Lodz,15.79
102136,2048,01/04/2023,14.04.2023,"Apr 09, 2023",Czech Republic,Ostrava,32.34
102137,338,"Apr 01, 2023",2023-04-10,2023-04-08,Germany,Frankfurt,22.49
102138,2970,2023-04-01,2023-04-06,,Netherlands,Amsterdam,6.05
102141,623,2023-04-01,04/07/2023,2023-04-11,Spain,Madrid,10.62
102142,1639,2023-04-01,2023-04-13,2023-04-02,Poland,Warsaw,12.27
102143,1920,2023-04-01,2023-04-09,04/06/2023,France,Paris,5.85
102149,1049,2023-04-01,2023-04-04,09/04/2023,Czech Republic,Ostrava,6.97
102154,1710,2023-04-02,04/10/2023,,Germany,Hamburg,10.88
102157,2107,2023-04-02,13.04.2023,07/04/2023,Czech Republic,Pilsen,15.26
102159,754,2023-04-02,06/04/2023,2023-04-04,USA,Chicago,11.07
102160,2613,04/02/2023,15/04/2023,"Apr 10, 2023",Germany,Munich,14.03
102165,2398,2023-04-02,2023-04-12,2023-04-08,Norway,Oslo,44.39
102168,2274,02/04/2023,2023-04-07,,Poland,Gdansk,13.77
102172,2362,04/02/2023,14/04/2023,2023-04-11,United Kingdom,Leeds,3.72
102173,2412,2023-04-02,15.04.2023,2023-04-13,Canada,Calgary,11.15
102176,2403,02.04.2023,04/09/2023,06.04.2023,Netherlands,Eindhoven,13.83
102179,2197,03/04/2023,2023-04-06,,Italy,Florence,12.24
102180,2833,04/03/2023,06.04.2023,2023-04-09,Czech Republic,Ostrava,15.27
102184,685,2023-04-03,04/07/2023,2023-04-05,Spain,Valencia,13.38
102188,656,03.04.2023,2023-04-10,08.04.2023,Italy,Turin,7.39
102189,685,2023-04-03,2023-04-13,2023-04-06,Spain,Valencia,16.84
102196,2981,03.04.2023,13/04/2023,,Spain,Bilbao,13.42
102197,201,03/04/2023,2023-04-07,2023-04-07,Czech Republic,Pilsen,19.46
102199,2718,03/04/2023,"Apr 07, 2023",2023-04-10,USA,Denver,10.2
102200,975,04/03/2023,2023-04-12,"Apr 13, 2023",Germany,Hamburg,24.82
102201,1492,2023-04-03,2023-04-12,"Apr 14, 2023",France,Lyon,18.18
102203,2640,03.04.2023,"Apr 10, 2023",04/05/2023,United Kingdom,Leeds,8.16
102204,487,04/03/2023,2023-04-12,2023-04-05,Spain,Madrid,10.58
102207,1554,03/04/2023,04/12/2023,10/04/2023,Poland,Lodz,20.09
102208,508,04/04/2023,"Apr 13, 2023",12.04.2023,Canada,Ottawa,7.37
102209,2952,04/04/2023,12.04.2023,05/04/2023,Sweden,Uppsala,11.77
102211,2227,2023-04-04,07.04.2023,2023-04-07,France,Nice,17.11
102212,2709,04.04.2023,11/04/2023,2023-04-06,USA,New York,17.52
102214,1101,2023-04-04,2023-04-13,"Apr 05, 2023",Poland,Krakow,13.47
102218,2532,2023-04-04,2023-04-16,,Spain,Valencia,4.29
102221,1548,04/04/2023,2023-04-11,,France,Lyon,42.34
102225,2410,2023-04-04,2023-04-14,,Poland,Lodz,19.48
102226,2959,04/04/2023,04/09/2023,11/04/2023,France,Marseille,12.6
102227,425,2023-04-04,2023-04-07,06/04/2023,Italy,Naples,26.08
102230,1856,04/04/2023,"Apr 14, 2023",2023-04-05,USA,Denver,25.93
102233,1975,04/05/2023,12/04/2023,10/04/2023,Germany,Cologne,31.99
102236,745,2023-04-05,2023-04-13,2023-04-09,Italy,Florence,16.1
102237,1185,2023-04-05,18.04.2023,2023-04-07,USA,Austin,13.41
102239,720,"Apr 05, 2023",2023-04-14,"Apr 13, 2023",Netherlands,Eindhoven,12.72
102240,2840,2023-04-05,2023-04-16,"Apr 10, 2023",Spain,Madrid,12.0
102241,1905,2023-04-05,2023-04-11,2023-04-10,Sweden,Gothenburg,5.75
102246,2676,2023-04-05,12/04/2023,"Apr 10, 2023",Austria,Vienna,29.7
102252,397,2023-04-06,04/18/2023,04/12/2023,USA,Seattle,12.9
102254,2566,06.04.2023,2023-04-13,17/04/2023,Germany,Frankfurt,32.2
102255,715,2023-04-06,09/04/2023,2023-04-17,Poland,Krakow,38.28
102258,1607,06/04/2023,11.04.2023,2023-04-15,United Kingdom,Leeds,18.87
102261,1996,"Apr 06, 2023",2023-04-12,15/04/2023,France,Nice,3.22
102262,1041,"Apr 06, 2023",16/04/2023,15/04/2023,Spain,Seville,23.76
102267,50,"Apr 06, 2023",2023-04-11,08/04/2023,Canada,Vancouver,21.68
102274,601,07/04/2023,"Apr 18, 2023",2023-04-17,Austria,Graz,5.65
102276,446,2023-04-07,04/13/2023,14.04.2023,Poland,Lodz,15.63
102278,403,2023-04-07,2023-04-17,17/04/2023,USA,Boston,54.19
102286,262,"Apr 07, 2023",17/04/2023,2023-04-13,Poland,Gdansk,18.33
102291,1308,"Apr 07, 2023",2023-04-12,,Canada,Montreal,43.76
102293,1555,2023-04-07,"Apr 20, 2023",2023-04-10,Czech Republic,Brno,5.65
102297,208,07/04/2023,2023-04-16,2023-04-11,Poland,Warsaw,16.99
102303,1682,"Apr 08, 2023",20.04.2023,"Apr 19, 2023",Italy,Rome,23.32
102306,2144,2023-04-08,2023-04-13,04/16/2023,Sweden,Malmo,9.65
102307,2390,08/04/2023,19/04/2023,2023-04-12,Spain,Barcelona,11.99
102308,2493,2023-04-08,20/04/2023,2023-04-09,Germany,Hamburg,17.82
102310,1226,2023-04-08,14/04/2023,18/04/2023,Poland,Lodz,7.67
102314,830,08/04/2023,15.04.2023,16.04.2023,Germany,Frankfurt,13.71
102315,2226,"Apr 08, 2023","Apr 21, 2023",04/15/2023,USA,New York,6.47
102316,1465,"Apr 08, 2023",20/04/2023,2023-04-09,United Kingdom,Liverpool,14.09
102317,2352,04/08/2023,"Apr 14, 2023",2023-04-13,Czech Republic,Brno,13.14
102322,2581,08.04.2023,04/17/2023,2023-04-11,Spain,Seville,8.72
102323,838,08.04.2023,19.04.2023,04/09/2023,Germany,Berlin,47.61
102324,2927,2023-04-08,2023-04-12,2023-04-14,France,Marseille,20.25
102328,2486,04/09/2023,"Apr 13, 2023",2023-04-20,Poland,Gdansk,13.86
102329,368,04/09/2023,15.04.2023,04/10/2023,USA,Austin,39.36
102330,748,09/04/2023,2023-04-18,2023-04-11,Germany,Berlin,22.84
102331,565,2023-04-09,17.04.2023,2023-04-14,Poland,Warsaw,22.17
102332,2458,09.04.2023,19.04.2023,2023-04-18,United Kingdom,Manchester,9.02
102338,2571,2023-04-09,"Apr 13, 2023",2023-04-15,France,Lyon,14.6
102339,2228,"Apr 09, 2023",2023-04-15,"Apr 16, 2023",France,Toulouse,29.82
102342,323,09/04/2023,20.04.2023,2023-04-10,USA,Boston,44.51
102343,866,2023-04-09,18.04.2023,13/04/2023,Poland,Krakow,11.35
102347,694,09/04/2023,15.04.2023,,Germany,Frankfurt,42.47
102349,2675,09.04.2023,2023-04-20,04/19/2023,Czech Republic,Prague,36.57
102350,2286,09.04.2023,21/04/2023,2023-04-18,Canada,Toronto,27.16
102351,1356,09/04/2023,2023-04-21,,Netherlands,Amsterdam,21.28
102352,1005,2023-04-10,2023-04-18,2023-04-12,Poland,Warsaw,12.74
102353,2737,2023-04-10,2023-04-15,04/13/2023,Canada,Vancouver,8.1
102362,1154,04/10/2023,2023-04-20,"Apr 12, 2023",Norway,Trondheim,25.07
102363,63,2023-04-10,16.04.2023,04/13/2023,Canada,Montreal,12.91
102367,2606,10.04.2023,04/22/2023,19.04.2023,United Kingdom,Bristol,17.89
102372,103,"Apr 10, 2023",2023-04-17,,United Kingdom,Liverpool,16.58
102376,1893,2023-04-10,2023-04-17,2023-04-11,USA,Chicago,8.99
102377,145,"Apr 10, 2023","Apr 13, 2023",,Italy,Florence,9.81
102380,2756,04/10/2023,04/18/2023,17/04/2023,Canada,Toronto,19.5
102388,2952,2023-04-11,21/04/2023,,Sweden,Uppsala,16.78
102390,535,2023-04-11,04/18/2023,20.04.2023,Poland,Warsaw,27.01
102391,2582,2023-04-11,2023-04-24,,Canada,Toronto,47.67
102393,2961,"Apr 11, 2023","Apr 14, 2023",2023-04-13,Italy,Rome,10.47
102395,2421,11/04/2023,17.04.2023,"Apr 22, 2023",France,Toulouse,20.77
102401,2421,11.04.2023,15.04.2023,2023-04-12,France,Toulouse,28.15
102402,1790,2023-04-11,04/17/2023,2023-04-15,USA,Denver,33.1
102406,2012,11/04/2023,19.04.2023,,Italy,Milan,19.52
102407,2971,2023-04-11,2023-04-17,"Apr 15, 2023",Spain,Barcelona,22.83
102411,613,2023-04-12,15.04.2023,21/04/2023,United Kingdom,Leeds,21.92
102412,1732,12/04/2023,"Apr 18, 2023",17.04.2023,Czech Republic,Brno,20.42
102417,1672,12.04.2023,2023-04-16,2023-04-15,USA,New York,18.9
102425,1884,04/12/2023,2023-04-24,2023-04-14,Spain,Barcelona,23.93
102426,2499,"Apr 12, 2023",2023-04-17,23.04.2023,Spain,Barcelona,18.02
102427,2009,04/12/2023,"Apr 24, 2023",,Italy,Naples,10.19
102433,2974,13.04.2023,16/04/2023,14/04/2023,Germany,Frankfurt,17.01
102438,1875,2023-04-13,2023-04-21,2023-04-14,Poland,Warsaw,22.92
102441,1155,13/04/2023,16/04/2023,2023-04-22,United Kingdom,Manchester,14.25
102442,2396,04/13/2023,"Apr 17, 2023","Apr 14, 2023",USA,Seattle,31.2
102443,1772,13.04.2023,16/04/2023,04/19/2023,Germany,Berlin,16.64
102445,2671,04/13/2023,2023-04-20,04/16/2023,Poland,Wroclaw,8.76
102447,1067,2023-04-13,23/04/2023,2023-04-23,France,Paris,40.18
102450,169,2023-04-14,2023-04-25,2023-04-15,Germany,Munich,11.95
102461,338,14/04/2023,25.04.2023,24/04/2023,Germany,Frankfurt,7.54
102466,310,14.04.2023,"Apr 24, 2023",2023-04-21,Canada,Vancouver,12.28
102468,624,2023-04-14,2023-04-21,2023-04-18,USA,Austin,47.21
102470,2530,14.04.2023,21/04/2023,17/04/2023,Sweden,Malmo,4.94
102471,1956,04/14/2023,19/04/2023,2023-04-18,Spain,Bilbao,7.66
102473,425,"Apr 14, 2023",2023-04-24,,Italy,Naples,5.76
102479,110,"Apr 15, 2023",20.04.2023,04/26/2023,Canada,Ottawa,9.5
102481,2818,04/15/2023,2023-04-20,2023-04-16,France,Toulouse,26.75
102486,310,"Apr 15, 2023",2023-04-25,2023-04-25,Canada,Vancouver,13.68
102489,349,2023-04-15,04/23/2023,2023-04-23,Austria,Vienna,35.85
102490,938,2023-04-15,28.04.2023,2023-04-24,Spain,Bilbao,28.66
102491,1531,2023-04-15,26.04.2023,2023-04-20,Germany,Hamburg,25.97
102493,1225,"Apr 15, 2023",24/04/2023,"Apr 23, 2023",Spain,Valencia,21.23
102494,1816,2023-04-15,25.04.2023,2023-04-26,USA,Seattle,13.55
102497,2737,15.04.2023,2023-04-26,26.04.2023,Canada,Vancouver,8.77
102498,2577,2023-04-15,27.04.2023,2023-04-16,Poland,Krakow,6.39
102500,1101,04/15/2023,22.04.2023,2023-04-23,Poland,Krakow,5.09
102503,460,2023-04-15,19/04/2023,"Apr 17, 2023",Norway,Trondheim,10.55
102507,2440,2023-04-15,2023-04-25,2023-04-16,Germany,Munich,23.9
102510,2394,2023-04-16,2023-04-24,,Spain,Bilbao,23.8
102511,2029,2023-04-16,2023-04-26,04/22/2023,USA,Denver,9.4
102517,2506,16.04.2023,"Apr 24, 2023",2023-04-27,Poland,Lodz,7.56
102519,1415,2023-04-16,20/04/2023,04/19/2023,Netherlands,Amsterdam,27.09
102521,1410,2023-04-16,25/04/2023,2023-04-17,France,Nice,20.24
102522,2961,"Apr 16, 2023",2023-04-20,2023-04-21,Italy,Rome,4.59
102523,2699,2023-04-16,27/04/2023,2023-04-18,France,Paris,23.62
102526,1545,04/16/2023,2023-04-24,"Apr 25, 2023",France,Nice,14.76
102530,863,2023-04-16,2023-04-23,24.04.2023,USA,Austin,18.53
102535,818,2023-04-16,2023-04-29,2023-04-17,Germany,Hamburg,8.18
102537,1370,17.04.2023,2023-04-29,2023-04-18,Spain,Seville,26.2
102544,2699,2023-04-17,2023-04-25,2023-04-18,France,Paris,11.84
102546,2646,17/04/2023,22.04.2023,,United Kingdom,Bristol,12.36
102550,608,2023-04-17,23/04/2023,"Apr 22, 2023",USA,New York,10.83
102552,2539,2023-04-17,04/23/2023,2023-04-27,Czech Republic,Brno,13.05
102558,731,1900-01-01,2023-04-25,2023-04-20,USA,Seattle,16.47
102560,2232,17.04.2023,30/04/2023,,Czech Republic,Brno,6.2
102561,2865,17.04.2023,2023-04-30,2023-04-28,Austria,Linz,31.91
102567,2158,2023-04-18,2023-04-24,2023-04-27,Czech Republic,Prague,14.89
102577,1732,2023-04-18,2023-04-21,24.04.2023,Czech Republic,Brno,9.02
102578,2778,2023-04-18,"Apr 29, 2023","Apr 22, 2023",Netherlands,Eindhoven,35.36
102579,750,04/18/2023,"Apr 28, 2023",2023-04-25,USA,Chicago,27.13
102580,3,18/04/2023,2023-05-01,20.04.2023,Austria,Linz,21.86
102582,2738,18/04/2023,04/23/2023,2023-04-19,Austria,Linz,10.25
102583,1362,2023-04-18,04/27/2023,2023-04-19,Italy,Rome,23.44
102590,2321,2023-04-18,2023-04-21,27/04/2023,Germany,Hamburg,32.26
102593,789,04/19/2023,2023-04-28,"Apr 30, 2023",USA,Denver,18.41
102597,2906,04/19/2023,04/26/2023,23.04.2023,United Kingdom,London,36.77
102598,357,19/04/2023,04/27/2023,2023-04-30,Germany,Frankfurt,10.73
102599,520,04/19/2023,27/04/2023,,Poland,Poznan,31.93
102600,2450,19.04.2023,2023-04-24,"Apr 30, 2023",Czech Republic,Prague,11.97
102601,401,"Apr 19, 2023","Apr 22, 2023",2023-04-23,France,Nice,13.95
102606,1444,19/04/2023,2023-05-02,04/29/2023,France,Marseille,17.58
102607,1836,19/04/2023,04/22/2023,2023-04-29,Netherlands,Rotterdam,34.78
102608,201,2023-04-19,29.04.2023,04/30/2023,Czech Republic,Pilsen,6.44
102611,1405,04/19/2023,"Apr 24, 2023",2023-04-26,Germany,Berlin,13.87
102615,715,2023-04-20,2023-04-25,"Apr 30, 2023",Poland,Krakow,20.58
102617,2011,20/04/2023,04/24/2023,04/24/2023,United Kingdom,Manchester,18.22
102618,2685,20/04/2023,2023-04-26,26.04.2023,Sweden,Malmo,13.26
102623,473,2099-01-01,2023-04-28,27.04.2023,Germany,Frankfurt,22.45
102624,309,"Apr 20, 2023",2023-04-30,25.04.2023,Italy,Turin,18.18
102627,2172,2023-04-20,2023-05-02,2023-04-22,Germany,Munich,16.72
102631,1993,20/04/2023,30/04/2023,"Apr 23, 2023",Italy,Naples,9.02
102633,431,20/04/2023,2023-04-26,04/30/2023,Netherlands,Utrecht,28.38
102635,1411,2023-04-21,04/05/2023,2023-04-22,Austria,Salzburg,20.58
102636,229,04/21/2023,24.04.2023,22/04/2023,USA,New York,54.63
102638,2849,"Apr 21, 2023",2023-05-02,2023-04-26,Poland,Gdansk,7.47
102639,2429,21/04/2023,2023-04-26,25/04/2023,Italy,Naples,12.83
102642,2959,2023-04-21,24.04.2023,2023-04-27,France,Marseille,24.21
102643,73,2023-04-21,05/02/2023,,Italy,Naples,9.23
102646,1600,2023-04-21,01.05.2023,24/04/2023,Poland,Poznan,14.98
102650,1078,2023-04-21,2023-04-26,2023-04-24,United Kingdom,Liverpool,23.05
102652,2612,21/04/2023,04.05.2023,"Apr 24, 2023",Netherlands,Eindhoven,9.63
102654,750,2023-04-21,2023-04-26,23/04/2023,USA,Chicago,16.16
102656,189,"Apr 22, 2023",27.04.2023,2023-05-03,USA,Denver,17.73
102657,2071,2023-04-22,29/04/2023,2023-04-25,Germany,Berlin,22.96
102660,2603,2023-04-22,2023-04-29,2023-04-29,Canada,Vancouver,25.72
102666,1743,2023-04-22,2023-04-28,2023-04-23,USA,Boston,8.43
102668,2247,04/22/2023,"May 04, 2023",,Poland,Gdansk,13.9
102677,1573,22.04.2023,05.05.2023,,Canada,Vancouver,40.14
102678,830,2023-04-22,05.05.2023,"Apr 23, 2023",Germany,Frankfurt,4.59
102680,307,2023-04-22,05/03/2023,2023-04-24,Czech Republic,Prague,13.74
102683,2576,23/04/2023,2023-04-27,2023-05-02,Germany,Hamburg,6.42
102689,477,2023-04-23,04/28/2023,2023-04-26,USA,Chicago,10.58
102694,1720,04/23/2023,02/05/2023,2023-05-04,Poland,Warsaw,28.33
102697,1893,2023-04-23,2023-05-05,2023-05-03,USA,Chicago,6.95
102698,830,"Apr 23, 2023",02/05/2023,2023-05-02,Germany,Frankfurt,10.35
102701,457,2023-04-23,2023-04-27,2023-04-24,Poland,Poznan,24.21
102702,2362,23.04.2023,06/05/2023,,United Kingdom,Leeds,34.72
102705,2343,2023-04-23,2023-05-06,2023-05-01,Germany,Munich,22.87
102708,2013,2023-04-24,2023-04-29,2023-05-02,Canada,Montreal,27.71
102710,2209,04/24/2023,07/05/2023,2023-05-04,Italy,Florence,9.66
102714,2185,2023-04-24,05/03/2023,2023-05-03,Germany,Cologne,38.05
102715,2848,2023-04-24,2023-05-04,2023-05-03,Poland,Lodz,6.73
102716,1776,"Apr 24, 2023","May 07, 2023",25/04/2023,Austria,Vienna,13.09
102717,771,24/04/2023,07.05.2023,05/03/2023,USA,Boston,7.0
102719,1648,24/04/2023,01.05.2023,2023-05-04,Germany,Hamburg,13.33
102721,2480,2023-04-24,04/28/2023,28/04/2023,Norway,Stavanger,35.33
102725,966,2023-04-24,2023-05-06,27/04/2023,Netherlands,Eindhoven,15.85
102726,1975,2023-04-25,05/08/2023,2023-05-06,Germany,Cologne,13.59
102729,684,2023-04-25,2023-04-28,,Poland,Krakow,13.86
102730,933,2023-04-25,28/04/2023,2023-04-30,Germany,Cologne,37.41
102732,1752,25/04/2023,05/05/2023,2023-04-29,Poland,Warsaw,26.83
102737,2870,2023-04-25,2023-05-06,,Spain,Valencia,32.86
102738,1319,2023-04-26,2023-05-03,2023-05-02,United Kingdom,Liverpool,27.68
102742,933,"Apr 26, 2023",05/08/2023,2023-04-30,Germany,Cologne,29.28
102747,858,2023-04-26,08/05/2023,2023-04-28,Poland,Lodz,28.51
102751,1303,26.04.2023,2023-05-09,2023-05-01,Germany,Cologne,42.89
102753,646,2023-04-26,2023-05-02,30.04.2023,Germany,Cologne,7.23
102754,1362,2099-01-01,"May 01, 2023","Apr 30, 2023",Italy,Rome,15.51
102755,334,2023-04-26,2023-04-29,2023-05-07,United Kingdom,London,37.29
102756,145,2023-04-26,"May 01, 2023",01.05.2023,Italy,Florence,13.76
102757,1228,2023-04-26,2023-05-05,02/05/2023,Germany,Berlin,12.88
102759,293,26/04/2023,"May 06, 2023",27/04/2023,Poland,Warsaw,23.16
102761,942,2023-04-26,2023-04-29,2023-04-27,Italy,Turin,37.86
102763,641,"Apr 26, 2023",05/01/2023,27.04.2023,United Kingdom,Liverpool,9.88
102764,315,2023-04-26,"May 08, 2023",04.05.2023,United Kingdom,Leeds,13.57
102765,681,2023-04-26,07/05/2023,07/05/2023,USA,Boston,55.04
102774,761,2023-04-27,2023-05-09,2023-04-28,Poland,Gdansk,23.93
102777,1682,2023-04-27,05/07/2023,05/02/2023,Italy,Rome,10.6
102780,143,2023-04-27,2023-05-10,04/28/2023,USA,Austin,21.61
102782,1413,2023-04-27,"May 09, 2023",08/05/2023,Germany,Berlin,8.81
102784,1603,"Apr 27, 2023",2023-05-03,2023-05-01,Sweden,Uppsala,18.33
102789,2815,2023-04-27,"May 03, 2023",28.04.2023,Poland,Warsaw,4.7
102790,705,2023-04-27,2023-05-03,2023-05-02,Poland,Poznan,34.28
102795,798,04/27/2023,05/09/2023,2023-05-08,Poland,Krakow,10.32
102799,2573,2023-04-28,04/05/2023,2023-05-04,USA,Boston,4.73
102800,664,2023-04-28,2023-05-04,2023-05-08,Germany,Cologne,6.12
102801,504,28.04.2023,2023-05-06,2023-05-03,Germany,Cologne,34.55
102802,536,04/28/2023,04/05/2023,05.05.2023,Poland,Krakow,10.18
102803,1223,2023-04-28,04.05.2023,05/02/2023,Spain,Seville,21.06
102806,2596,2023-04-28,2023-05-08,"May 05, 2023",Canada,Calgary,40.48
102807,2549,2023-04-28,2023-05-06,"May 04, 2023",Netherlands,Amsterdam,22.48
102811,1362,28.04.2023,"May 08, 2023",02/05/2023,Italy,Rome,8.86
102813,1380,28.04.2023,11.05.2023,2023-04-30,Norway,Oslo,18.9
102814,1008,28/04/2023,2023-05-03,2023-05-01,USA,Boston,9.04
102815,1127,28/04/2023,05/06/2023,2023-05-07,USA,Seattle,16.66
102816,1852,28/04/2023,2023-05-05,,Netherlands,Eindhoven,15.44
102819,1463,"Apr 28, 2023",2023-05-11,2023-04-30,France,Nice,31.83
102820,2828,2023-04-28,02.05.2023,"Apr 29, 2023",United Kingdom,Bristol,22.55
102825,2815,"Apr 28, 2023",02.05.2023,"Apr 30, 2023",Poland,Warsaw,62.9
102826,2446,28.04.2023,2023-05-11,2023-05-05,Netherlands,Amsterdam,15.99
102828,208,2023-04-28,"May 01, 2023",2023-05-06,Poland,Warsaw,56.83
102837,1597,2023-04-29,07/05/2023,08/05/2023,Poland,Krakow,15.55
102839,628,2023-04-29,"May 04, 2023",02.05.2023,United Kingdom,London,12.25
102843,2155,29.04.2023,05/05/2023,"May 10, 2023",Czech Republic,Pilsen,10.58
102845,1153,"Apr 29, 2023",05/09/2023,2023-05-07,USA,Austin,8.98
102847,2225,2023-04-29,05/08/2023,08/05/2023,France,Lyon,17.68
102849,1608,"Apr 29, 2023",2023-05-02,,Netherlands,Eindhoven,31.24
102851,1514,2023-04-29,"May 09, 2023",2023-05-05,France,Marseille,29.4
102857,445,30.04.2023,2023-05-07,2023-05-10,Poland,Krakow,66.71
102865,2130,"Apr 30, 2023",2023-05-07,05/05/2023,United Kingdom,London,19.12
102866,2881,2023-04-30,05/05/2023,2023-05-02,Czech Republic,Prague,7.06
102867,2420,30.04.2023,04.05.2023,07/05/2023,Netherlands,Rotterdam,19.84
102879,2763,2023-04-30,2023-05-04,05/11/2023,Spain,Barcelona,15.72
102880,2582,2023-04-30,09.05.2023,10.05.2023,Canada,Toronto,19.05
102885,1840,2023-04-30,"May 12, 2023",2023-05-01,Poland,Wroclaw,9.26
102887,2130,2023-04-30,"May 04, 2023",2023-05-06,United Kingdom,London,28.41
102892,1777,"May 01, 2023","May 10, 2023",2023-05-07,USA,Chicago,8.5
102895,2995,2023-05-01,05/09/2023,05/06/2023,Czech Republic,Pilsen,9.35
102896,1997,"May 01, 2023",2023-05-07,07/05/2023,Austria,Salzburg,6.31
102897,1026,"May 01, 2023",05/04/2023,09/05/2023,Italy,Milan,14.4
102898,1488,2023-05-01,11/05/2023,,Spain,Valencia,8.93
102901,1147,01/05/2023,05/05/2023,10.05.2023,United Kingdom,London,25.82
102902,2021,"May 01, 2023",05/11/2023,,Canada,Toronto,14.29
102906,770,01.05.2023,05/05/2023,05/12/2023,Czech Republic,Ostrava,20.22
102907,2444,01/05/2023,2023-05-14,05.05.2023,Italy,Florence,13.48
102915,1977,"May 01, 2023",09/05/2023,06/05/2023,United Kingdom,Bristol,14.78
102917,486,2023-05-01,05.05.2023,06.05.2023,Spain,Valencia,14.7
102920,1799,02/05/2023,07.05.2023,05/08/2023,Germany,Munich,7.82
102921,155,02/05/2023,2023-05-08,11.05.2023,Poland,Wroclaw,12.63
102922,332,2023-05-02,2023-05-09,,France,Lyon,21.99
102923,223,2023-05-02,2023-05-06,10.05.2023,France,Toulouse,19.31
102928,155,2023-05-02,05/11/2023,07/05/2023,Poland,Wroclaw,5.13
102936,1159,2023-05-02,2023-05-10,2023-05-11,Sweden,Malmo,36.7
102939,80,2023-05-02,2023-05-14,2023-05-11,Canada,Toronto,33.67
102942,642,2023-05-02,2023-05-06,,Poland,Wroclaw,15.49
102944,731,03/05/2023,"May 10, 2023",10/05/2023,USA,Seattle,42.35
102947,2751,2023-05-03,14/05/2023,05/06/2023,France,Paris,13.41
102948,2532,2023-05-03,"May 11, 2023",14/05/2023,Spain,Valencia,14.75
102949,1771,2023-05-03,11/05/2023,"May 09, 2023",Netherlands,Eindhoven,-10.59
102950,2340,03.05.2023,07.05.2023,2023-05-11,Italy,Rome,21.08
102953,2875,2023-05-03,12/05/2023,"May 04, 2023",Italy,Naples,6.36
102955,412,03/05/2023,"May 12, 2023",2023-05-04,Poland,Warsaw,19.48
102961,1199,03.05.2023,2023-05-13,09/05/2023,USA,Seattle,4.99
102964,227,2023-05-03,2023-05-14,14.05.2023,Germany,Berlin,24.43
102965,2063,2023-05-03,05/16/2023,08/05/2023,Poland,Krakow,14.39
102968,1177,03/05/2023,05/15/2023,"May 14, 2023",Germany,Berlin,13.32
102971,2323,2023-05-04,05/11/2023,05/08/2023,USA,Boston,26.13
102976,2484,2023-05-04,2023-05-10,05/10/2023,Austria,Linz,38.79
102978,2392,2023-05-04,05/15/2023,05/05/2023,Germany,Hamburg,18.9
102980,16,04.05.2023,2023-05-08,,Norway,Bergen,15.4
102986,1181,"May 04, 2023",2023-05-09,05/08/2023,USA,Chicago,22.26
102988,2331,2023-05-04,2023-05-10,2023-05-11,USA,Austin,8.99
102991,2979,"May 04, 2023",2023-05-15,2023-05-07,Austria,Linz,19.48
102992,2217,2023-05-04,2023-05-14,,Germany,Munich,10.47
102993,1230,2023-05-04,"May 17, 2023",2023-05-12,Poland,Krakow,8.73
102998,826,05/05/2023,12/05/2023,2023-05-07,Austria,Linz,9.9
103003,2959,"May 05, 2023","May 13, 2023",11/05/2023,France,Marseille,4.58
103010,686,05/05/2023,"May 10, 2023",,Czech Republic,Pilsen,26.43
103017,412,2023-05-05,2023-05-08,2023-05-14,Poland,Warsaw,8.19
103019,2741,2023-05-05,05/13/2023,"May 10, 2023",United Kingdom,Leeds,6.5
103028,1782,06/05/2023,2023-05-17,15.05.2023,United Kingdom,London,22.63
103029,2458,06/05/2023,09.05.2023,2023-05-08,United Kingdom,Manchester,34.39
103030,1981,2023-05-06,2023-05-17,05/10/2023,Poland,Krakow,29.24
103034,668,2023-05-06,"May 17, 2023",2023-05-11,Germany,Munich,17.9
103038,512,07/05/2023,2023-05-10,08/05/2023,Italy,Rome,4.52
103040,2130,07/05/2023,2023-05-11,,United Kingdom,London,12.84
103045,2825,2023-05-07,2023-05-17,05/14/2023,France,Nice,8.83
103047,2108,07/05/2023,18.05.2023,12.05.2023,Sweden,Uppsala,13.39
103051,2205,"May 07, 2023",14/05/2023,2023-05-14,Spain,Madrid,27.67
103055,873,2023-05-07,05/11/2023,"May 11, 2023",USA,Austin,22.05
103056,1664,2023-05-07,2023-05-13,,Norway,Oslo,26.0
103057,1670,"May 07, 2023",05/16/2023,"May 15, 2023",Poland,Warsaw,24.35
103068,692,"May 08, 2023","May 12, 2023",05/11/2023,Austria,Graz,17.93
103070,2259,2023-05-08,20/05/2023,,Spain,Barcelona,41.05
103072,2893,08.05.2023,2023-05-18,2023-05-17,USA,Denver,43.94
103073,1707,05/08/2023,2023-05-11,05/09/2023,Austria,Linz,7.07
103075,2262,08.05.2023,15/05/2023,13.05.2023,France,Paris,38.34
103080,777,05/08/2023,2023-05-16,10.05.2023,United Kingdom,London,25.4
103081,2491,08/05/2023,14.05.2023,2023-05-19,Germany,Cologne,19.46
103084,1226,08/05/2023,16.05.2023,09/05/2023,Poland,Lodz,16.49
103087,70,2023-05-09,05/12/2023,2023-05-11,United Kingdom,Bristol,8.01
103090,1896,2023-05-09,2023-05-15,16/05/2023,USA,Denver,6.45
103092,630,2023-05-09,19.05.2023,2023-05-16,Netherlands,Amsterdam,27.54
103096,112,09/05/2023,19/05/2023,"May 19, 2023",France,Lyon,16.35
103103,1573,10/05/2023,16/05/2023,"May 16, 2023",Canada,Vancouver,14.47
103104,2030,10.05.2023,2023-05-22,21/05/2023,Poland,Lodz,18.27
103106,1472,05/10/2023,20.05.2023,"May 17, 2023",Italy,Rome,12.42
103107,265,05/10/2023,05/19/2023,05/21/2023,USA,Denver,15.9
103108,2251,05/10/2023,2023-05-19,20/05/2023,Poland,Krakow,8.44
103109,2356,2023-05-10,05/13/2023,12/05/2023,Czech Republic,Pilsen,28.11
103110,801,10/05/2023,2023-05-23,,Italy,Rome,14.13
103120,2330,2023-05-11,14.05.2023,2023-05-22,France,Paris,12.84
103122,826,11.05.2023,24/05/2023,,Austria,Linz,15.81
103123,814,2023-05-11,05/14/2023,,Poland,Lodz,13.4
103124,1627,2023-05-11,2023-05-18,19.05.2023,Poland,Lodz,11.8
103126,367,11.05.2023,24.05.2023,2023-05-16,Spain,Madrid,18.85
103130,720,"May 11, 2023",2023-05-19,"May 12, 2023",Netherlands,Eindhoven,25.09
103133,1655,2023-05-11,18.05.2023,18.05.2023,USA,Boston,16.01
103136,2282,2023-05-11,2023-05-19,,Czech Republic,Ostrava,36.87
103137,2202,2023-05-11,"May 19, 2023",21/05/2023,Poland,Krakow,15.67
103142,223,12/05/2023,2023-05-21,,France,Toulouse,14.5
103145,1779,05/12/2023,"May 16, 2023",05/17/2023,USA,New York,12.94
103148,1234,"May 12, 2023","May 17, 2023",2023-05-16,Canada,Toronto,45.18
103149,735,2023-05-12,2023-05-18,2023-05-19,Spain,Madrid,-31.92
103151,1415,2023-05-12,2023-05-23,2023-05-17,Netherlands,Amsterdam,25.58
103152,1107,2023-05-12,24/05/2023,15.05.2023,Czech Republic,Prague,12.31
103155,1401,2023-05-12,2023-05-19,14/05/2023,France,Paris,6.48
103157,2815,2023-05-12,2023-05-20,20.05.2023,Poland,Warsaw,10.82
103158,2675,2023-05-12,"May 21, 2023",17/05/2023,Czech Republic,Prague,11.88
103165,96,12.05.2023,15.05.2023,2023-05-19,France,Paris,30.04
103167,274,12.05.2023,23.05.2023,05/16/2023,Italy,Florence,14.66
103172,1153,13/05/2023,22/05/2023,"May 16, 2023",USA,Austin,22.87
103178,2449,05/13/2023,05/18/2023,05/17/2023,Canada,Toronto,60.83
103179,1297,05/13/2023,05/22/2023,05/18/2023,Czech Republic,Ostrava,21.0
103180,454,13.05.2023,2023-05-24,,Italy,Milan,6.09
103183,1946,13/05/2023,2023-05-21,"May 15, 2023",Spain,Seville,34.38
103184,1410,2023-05-13,2023-05-19,2023-05-15,France,Nice,22.64
103185,34,13.05.2023,2023-05-17,2023-05-16,Poland,Gdansk,12.93
103186,705,2023-05-13,23/05/2023,05/17/2023,Poland,Poznan,5.33
103188,830,2023-05-13,2023-05-21,2023-05-21,Germany,Frankfurt,43.28
103193,2791,13/05/2023,2023-05-23,05/23/2023,Poland,Gdansk,8.74
103195,2913,"May 14, 2023",05/19/2023,2023-05-16,United Kingdom,Manchester,17.46
103196,2576,2023-05-14,25/05/2023,20/05/2023,Germany,Hamburg,21.23
103199,491,2023-05-14,26.05.2023,22.05.2023,Poland,Wroclaw,12.32
103206,2369,"May 14, 2023",2023-05-18,21.05.2023,Spain,Valencia,12.0
103207,101,14.05.2023,"May 25, 2023",21.05.2023,Norway,Stavanger,4.72
103208,94,05/14/2023,"May 27, 2023",05/15/2023,United Kingdom,Leeds,7.07
103209,428,05/15/2023,22/05/2023,16/05/2023,Germany,Berlin,19.76
103211,2577,2023-05-15,2023-05-18,22.05.2023,Poland,Krakow,15.96
103212,1622,2023-05-15,24/05/2023,05/25/2023,United Kingdom,Liverpool,11.69
103216,2206,05/15/2023,05/18/2023,05/18/2023,Germany,Cologne,5.7
103219,1829,2023-05-15,18/05/2023,,Netherlands,Eindhoven,36.47
103223,354,2023-05-15,2023-05-21,,Germany,Frankfurt,40.12
103228,1028,15/05/2023,21/05/2023,2023-05-23,Poland,Poznan,26.2
103232,1965,2023-05-16,2023-05-23,,Italy,Florence,10.38
103237,2283,"May 16, 2023",2023-05-26,2023-05-21,United Kingdom,Manchester,11.1
103238,1776,"May 16, 2023",2023-05-20,,Austria,Vienna,14.36
103244,709,16/05/2023,21.05.2023,23/05/2023,France,Marseille,26.44
103246,53,16/05/2023,2023-05-19,05/27/2023,Italy,Rome,9.31
103251,2825,17.05.2023,2023-05-27,2023-05-23,France,Nice,6.0
103252,2734,2023-05-17,2023-05-29,18/05/2023,Italy,Turin,12.98
103253,1130,2023-05-17,"May 29, 2023",22/05/2023,France,Nice,9.35
103254,1388,17/05/2023,25/05/2023,2023-05-18,Poland,Poznan,14.26
103255,411,17/05/2023,"May 20, 2023",26/05/2023,Poland,Lodz,21.87
103258,1154,2023-05-17,2023-05-20,,Norway,Trondheim,19.98
103260,2473,"May 17, 2023",27.05.2023,"May 23, 2023",Czech Republic,Ostrava,26.27
103261,2165,17/05/2023,"May 20, 2023",27/05/2023,Germany,Berlin,21.18
103262,605,2023-05-17,28/05/2023,2023-05-25,Spain,Barcelona,10.25
103263,196,05/17/2023,29/05/2023,05/26/2023,Austria,Graz,6.75
103264,2516,2023-05-17,23/05/2023,23.05.2023,Norway,Stavanger,11.11
103268,2217,17.05.2023,"May 20, 2023",2023-05-22,Germany,Munich,7.05
103271,2372,"May 17, 2023",22/05/2023,2023-05-24,France,Marseille,23.79
103274,289,18/05/2023,2023-05-27,05/21/2023,Spain,Seville,10.69
103278,2695,18/05/2023,05/26/2023,"May 29, 2023",Spain,Seville,41.35
103279,673,05/18/2023,2023-05-25,"May 19, 2023",United Kingdom,Manchester,5.31
103285,499,05/18/2023,05/31/2023,2023-05-26,Italy,Rome,9.32
103287,936,05/19/2023,25/05/2023,2023-05-24,Netherlands,Eindhoven,29.3
103288,1840,19/05/2023,2023-05-25,27.05.2023,Poland,Wroclaw,18.73
103290,697,2023-05-19,05/24/2023,2023-05-24,Poland,Krakow,12.95
103295,1127,19.05.2023,22/05/2023,23/05/2023,USA,Seattle,18.9
103296,2548,"May 19, 2023",2023-05-29,21.05.2023,Austria,Salzburg,29.8
103297,57,05/19/2023,2023-05-24,2023-05-26,USA,Austin,36.76
103304,1691,2023-05-19,31/05/2023,23/05/2023,Poland,Lodz,15.52
103312,1026,2023-05-19,2023-05-29,"May 27, 2023",Italy,Milan,13.12
103313,2320,05/19/2023,2023-05-29,2023-05-24,Czech Republic,Prague,8.96
103314,972,19.05.2023,"May 29, 2023",05/28/2023,Poland,Krakow,31.94
103316,2472,19.05.2023,"May 23, 2023",2023-05-28,Poland,Poznan,28.03
103318,2744,2023-05-19,2023-05-25,30.05.2023,Poland,Wroclaw,28.1
103320,830,05/20/2023,31.05.2023,2023-05-29,Germany,Frankfurt,13.37
103321,2444,2023-05-20,"May 23, 2023",2023-05-27,Italy,Florence,7.47
103322,2803,20.05.2023,23/05/2023,2023-05-23,Germany,Cologne,11.11
103338,2414,05/20/2023,2023-05-29,05/24/2023,Germany,Munich,26.2
103341,2699,21/05/2023,"May 29, 2023",05/23/2023,France,Paris,5.79
103345,1970,2023-05-21,2023-05-25,2023-05-22,Germany,Cologne,8.05
103349,1442,2023-05-21,31.05.2023,2023-05-30,United Kingdom,Leeds,26.69
103351,2815,21.05.2023,2023-06-02,,Poland,Warsaw,26.85
103353,179,21/05/2023,2023-05-30,2023-05-31,Spain,Bilbao,8.03
103357,1659,2023-05-21,2023-05-28,2023-05-25,USA,Chicago,6.65
103359,1635,21/05/2023,24/05/2023,31/05/2023,Poland,Poznan,17.29
103360,887,"May 21, 2023",29.05.2023,,France,Marseille,8.11
103362,1783,05/22/2023,28/05/2023,2023-05-26,United Kingdom,Bristol,39.0
103363,2879,"May 22, 2023",27/05/2023,2023-05-25,Spain,Valencia,21.05
103364,1632,22/05/2023,2023-06-01,31/05/2023,Austria,Linz,7.01
103367,2330,22/05/2023,06/02/2023,2023-05-26,France,Paris,16.01
103369,376,2023-05-22,"May 29, 2023",2023-05-25,Poland,Poznan,17.83
103379,356,05/22/2023,2023-05-31,27/05/2023,USA,Chicago,13.77
103381,1726,"May 22, 2023",2023-05-25,2023-05-28,Poland,Gdansk,22.32
103382,2995,22/05/2023,27/05/2023,30/05/2023,Czech Republic,Pilsen,13.14
103383,469,22/05/2023,06/04/2023,2023-05-23,France,Marseille,6.36
103389,333,22.05.2023,2023-05-28,2023-05-24,USA,Boston,9.49
103390,2626,05/22/2023,04.06.2023,2023-05-31,USA,Chicago,8.26
103393,887,"May 22, 2023",05/29/2023,27.05.2023,France,Marseille,18.62
103395,120,2023-05-22,27/05/2023,26.05.2023,Italy,Rome,18.17
103397,1866,23/05/2023,06/05/2023,31/05/2023,Norway,Stavanger,10.61
103401,1886,23.05.2023,06/02/2023,,Germany,Frankfurt,11.3
103402,1325,2023-05-23,2023-06-01,2023-05-27,Poland,Krakow,14.86
103403,1007,05/23/2023,05/31/2023,2023-05-24,USA,Chicago,9.1
103404,569,2023-05-23,"Jun 02, 2023",31/05/2023,United Kingdom,London,5.34
103405,2961,2023-05-23,27.05.2023,31.05.2023,Italy,Rome,11.29
103408,389,23/05/2023,2023-06-01,,Poland,Wroclaw,29.92
103409,2648,23/05/2023,2023-05-28,24/05/2023,France,Nice,20.12
103410,504,"May 23, 2023",2023-05-30,"Jun 01, 2023",Germany,Cologne,18.53
103412,1977,2023-05-23,2023-06-05,01/06/2023,United Kingdom,Bristol,27.54
103415,933,2023-05-23,2023-05-31,,Germany,Cologne,18.56
103429,1335,24/05/2023,27.05.2023,04/06/2023,Germany,Berlin,31.14
103431,2737,2023-05-24,06/04/2023,06/02/2023,Canada,Vancouver,22.86
103432,1165,2023-05-24,2023-06-05,05/27/2023,Poland,Gdansk,24.96
103433,1323,24/05/2023,2023-05-30,01/06/2023,Sweden,Malmo,21.59
103434,2610,2023-05-24,28/05/2023,2023-06-02,USA,Denver,16.5
103436,821,"May 24, 2023",28/05/2023,28.05.2023,France,Paris,12.99
103440,748,05/24/2023,2023-06-01,,Germany,Berlin,18.01
103442,666,2023-05-24,05.06.2023,,Czech Republic,Ostrava,12.97
103446,1221,"May 24, 2023",2023-05-27,06/04/2023,Netherlands,Eindhoven,27.23
103456,2683,2023-05-25,05.06.2023,29/05/2023,United Kingdom,Liverpool,11.63
103467,2675,26.05.2023,2023-06-04,04.06.2023,Czech Republic,Prague,27.86
103468,53,"May 26, 2023",03.06.2023,06/03/2023,Italy,Rome,41.49
103472,1009,26/05/2023,"May 31, 2023",2023-06-03,France,Toulouse,15.35
103474,1226,26.05.2023,02/06/2023,30.05.2023,Poland,Lodz,10.34
103476,2732,"May 26, 2023",02.06.2023,30/05/2023,Czech Republic,Ostrava,17.17
103480,1773,26/05/2023,04.06.2023,2023-05-28,United Kingdom,London,3.86
103481,2674,26/05/2023,04/06/2023,,France,Lyon,14.94
103482,765,27/05/2023,07/06/2023,07.06.2023,France,Paris,4.84
103484,535,05/27/2023,31/05/2023,2023-06-01,Poland,Warsaw,10.78
103485,2673,05/27/2023,03.06.2023,06/03/2023,Sweden,Uppsala,9.65
103486,2923,27/05/2023,"Jun 05, 2023",05/28/2023,Poland,Lodz,18.46
103489,2995,2023-05-27,2023-06-07,06/03/2023,Czech Republic,Pilsen,17.07
103492,1424,2023-05-27,2023-06-01,06/02/2023,United Kingdom,Manchester,19.97
103495,2390,2023-05-27,"May 31, 2023",2023-06-02,Spain,Barcelona,18.4
103507,2539,28/05/2023,2023-06-01,06/02/2023,Czech Republic,Brno,29.06
103514,1413,28.05.2023,2023-06-07,06/06/2023,Germany,Berlin,31.07
103515,2553,2023-05-28,2023-06-08,31/05/2023,Spain,Madrid,12.95
103520,1329,28/05/2023,06/10/2023,2023-06-05,France,Lyon,11.04
103521,641,28/05/2023,2023-06-09,29.05.2023,United Kingdom,Liverpool,43.28
103526,208,2023-05-29,2023-06-10,06/02/2023,Poland,Warsaw,30.62
103529,2914,29.05.2023,2023-06-05,06/06/2023,Canada,Toronto,6.25
103530,2589,29/05/2023,"Jun 05, 2023",06.06.2023,Norway,Trondheim,13.18
103532,505,29.05.2023,2023-06-03,2023-06-07,Norway,Stavanger,13.96
103544,71,29.05.2023,07/06/2023,2023-05-31,Czech Republic,Brno,20.83
103545,462,05/29/2023,03.06.2023,2023-06-04,Canada,Toronto,52.49
103549,2361,2023-05-30,06/06/2023,07/06/2023,France,Paris,12.35
103556,401,30/05/2023,2023-06-07,03/06/2023,France,Nice,17.13
103557,2791,30/05/2023,"Jun 03, 2023",,Poland,Gdansk,13.5
103559,521,05/30/2023,2023-06-03,06.06.2023,Austria,Salzburg,11.35
103570,2908,30.05.2023,02/06/2023,2023-06-07,Germany,Munich,23.33
103571,2552,2023-05-31,2023-06-05,2023-06-08,Spain,Madrid,54.42
103575,1652,1900-01-01,2023-06-07,,Germany,Munich,13.54
103582,2940,2023-05-31,2023-06-07,06/07/2023,Norway,Trondheim,16.6
103584,1660,05/31/2023,2023-06-12,2023-06-03,Czech Republic,Brno,14.71
103588,2010,31/05/2023,2023-06-05,2023-06-10,Poland,Warsaw,11.71
103589,188,31.05.2023,2023-06-06,"Jun 06, 2023",Czech Republic,Pilsen,13.37
103595,2441,06/01/2023,2023-06-07,2023-06-07,United Kingdom,Manchester,25.05
103603,309,2023-06-01,10/06/2023,2023-06-03,Italy,Turin,22.63
103607,2886,2023-06-01,"Jun 06, 2023",,Netherlands,Utrecht,49.13
103613,1752,01.06.2023,2023-06-08,07/06/2023,Poland,Warsaw,14.18
103618,2587,2023-06-01,14.06.2023,2023-06-04,France,Marseille,9.72
103620,1516,2023-06-02,06/06/2023,06.06.2023,Netherlands,Amsterdam,23.08
103626,2459,"Jun 02, 2023","Jun 14, 2023",2023-06-08,USA,Chicago,14.24
103630,653,2023-06-02,14.06.2023,,Germany,Hamburg,3.96
103631,2042,02/06/2023,06/12/2023,,Spain,Barcelona,7.71
103635,997,"Jun 02, 2023",12.06.2023,2023-06-07,Germany,Berlin,19.3
103636,879,2023-06-02,08.06.2023,11.06.2023,Italy,Rome,13.19
103638,1875,"Jun 02, 2023",2023-06-10,12.06.2023,Poland,Warsaw,23.72
103639,1869,2023-06-02,14.06.2023,2023-06-08,Sweden,Gothenburg,26.93
103644,2913,2023-06-02,2023-06-14,2023-06-09,United Kingdom,Manchester,22.84
103647,2700,2023-06-02,2023-06-12,04.06.2023,Sweden,Malmo,20.22
103648,2434,2023-06-02,2023-06-06,03/06/2023,United Kingdom,Bristol,16.62
103650,1391,02/06/2023,06/10/2023,,Norway,Trondheim,4.72
103651,1349,2023-06-02,07/06/2023,2023-06-10,Germany,Cologne,10.46
103660,1864,03.06.2023,"Jun 16, 2023","Jun 08, 2023",Netherlands,Utrecht,6.07
103662,1893,03.06.2023,15/06/2023,2023-06-10,USA,Chicago,33.1
103665,317,"Jun 03, 2023",2023-06-11,2023-06-08,United Kingdom,Leeds,18.44
103666,2455,2023-06-03,2023-06-07,,Canada,Ottawa,10.69
103667,2211,03.06.2023,06.06.2023,06/12/2023,France,Paris,13.15
103668,601,2023-06-03,2023-06-10,04/06/2023,Austria,Graz,5.93
103671,2883,03.06.2023,2023-06-10,2023-06-14,United Kingdom,Liverpool,41.63
103672,1985,03.06.2023,08.06.2023,04.06.2023,Germany,Hamburg,14.86
103673,1912,06/03/2023,12.06.2023,2023-06-08,United Kingdom,Manchester,16.09
103675,27,03.06.2023,11.06.2023,06/12/2023,Czech Republic,Pilsen,20.17
103679,1897,03/06/2023,2023-06-08,2023-06-06,USA,Boston,24.54
103680,59,03/06/2023,06/13/2023,2023-06-11,United Kingdom,Liverpool,12.85
103683,1900,"Jun 03, 2023",2023-06-10,2023-06-10,Germany,Berlin,12.65
103684,508,2023-06-03,06/13/2023,2023-06-10,Canada,Ottawa,6.1
103690,714,2023-06-04,11/06/2023,2023-06-11,United Kingdom,London,33.52
103692,2819,2023-06-04,06/07/2023,2023-06-07,Netherlands,Amsterdam,10.22
103694,1459,"Jun 04, 2023",2023-06-14,07/06/2023,Norway,Trondheim,9.47
103698,1988,06/04/2023,14.06.2023,2023-06-13,Czech Republic,Brno,9.61
103699,1611,2023-06-04,2023-06-14,,Sweden,Malmo,6.84
103700,2333,2023-06-04,17/06/2023,"Jun 13, 2023",Czech Republic,Prague,9.58
103705,122,04/06/2023,2023-06-08,2023-06-06,Spain,Madrid,15.09
103706,2321,2023-06-05,2023-06-09,13/06/2023,Germany,Hamburg,12.37
103708,1008,2023-06-05,"Jun 08, 2023",,USA,Boston,6.68
103709,1938,05.06.2023,06/10/2023,2023-06-09,Germany,Cologne,4.14
103712,1149,2023-06-05,2023-06-12,,Austria,Vienna,17.41
103717,240,06/05/2023,2023-06-18,06/12/2023,Poland,Poznan,24.91
103720,2047,2023-06-05,"Jun 13, 2023",,Czech Republic,Prague,21.44
103722,5,06/05/2023,11/06/2023,07.06.2023,France,Lyon,13.06
103724,986,2023-06-05,2023-06-13,"Jun 16, 2023",France,Lyon,11.69
103727,2544,2023-06-05,2023-06-10,2023-06-06,France,Toulouse,11.94
103728,1816,"Jun 05, 2023",13.06.2023,"Jun 13, 2023",USA,Seattle,26.57
103729,2467,2023-06-05,2023-06-08,2023-06-13,USA,Chicago,15.23
103731,2633,06/05/2023,2023-06-11,"Jun 14, 2023",Italy,Milan,8.78
103735,800,2023-06-05,2023-06-18,,USA,Chicago,44.41
103737,2832,"Jun 06, 2023",11.06.2023,"Jun 15, 2023",Norway,Stavanger,8.01
103744,749,06.06.2023,2023-06-14,2023-06-14,Italy,Naples,7.5
103747,2361,2023-06-06,06/16/2023,2023-06-15,France,Paris,34.0
103749,1044,2023-06-06,2023-06-12,2023-06-12,Sweden,Uppsala,19.99
103753,2224,"Jun 06, 2023",2023-06-11,15/06/2023,Spain,Barcelona,31.74
103758,2770,2023-06-06,2023-06-09,,Canada,Vancouver,16.43
103759,1616,"Jun 06, 2023",06/16/2023,08.06.2023,France,Nice,7.93
103760,224,06/06/2023,2023-06-12,12.06.2023,Sweden,Gothenburg,22.38
103763,2820,2023-06-07,2023-06-14,,Canada,Vancouver,12.3
103764,2640,06/07/2023,2023-06-11,,United Kingdom,Leeds,27.22
103769,648,"Jun 07, 2023",2023-06-11,13/06/2023,France,Marseille,14.13
103770,1083,2023-06-07,06/17/2023,2023-06-11,United Kingdom,London,28.72
103773,1060,2023-06-07,10.06.2023,"Jun 18, 2023",United Kingdom,Leeds,15.8
103774,1379,07/06/2023,2023-06-14,2023-06-16,Germany,Cologne,29.34
103779,720,"Jun 07, 2023",2023-06-10,"Jun 17, 2023",Netherlands,Eindhoven,11.57
103780,1794,07/06/2023,2023-06-20,2023-06-18,Sweden,Gothenburg,39.14
103781,1104,07/06/2023,"Jun 17, 2023",2023-06-08,Poland,Gdansk,7.67
103784,188,2023-06-07,10/06/2023,17/06/2023,Czech Republic,Pilsen,9.81
103786,1853,2023-06-07,11.06.2023,,Germany,Hamburg,11.85
103787,315,06/07/2023,2023-06-13,2023-06-08,United Kingdom,Leeds,25.09
103793,928,07.06.2023,2023-06-14,2023-06-10,United Kingdom,Liverpool,7.39
103797,1624,2023-06-08,16.06.2023,09/06/2023,Spain,Bilbao,24.11
103799,2464,"Jun 08, 2023",14/06/2023,06/10/2023,Sweden,Malmo,17.2
103801,718,08.06.2023,14/06/2023,2023-06-14,Poland,Warsaw,35.42
103802,1608,2023-06-08,21.06.2023,,Netherlands,Eindhoven,16.93
103805,637,"Jun 08, 2023",2023-06-21,2023-06-13,USA,Boston,29.08
103806,2856,08.06.2023,06/21/2023,06/17/2023,Czech Republic,Brno,9.43
103810,1771,"Jun 08, 2023",2023-06-20,"Jun 17, 2023",Netherlands,Eindhoven,18.61
103811,2456,06/08/2023,20.06.2023,16.06.2023,Poland,Warsaw,19.55
103812,409,2023-06-08,20/06/2023,06/16/2023,Spain,Bilbao,7.24
103814,2439,2023-06-08,2023-06-13,19/06/2023,Netherlands,Amsterdam,20.1
103819,2864,08/06/2023,19/06/2023,2023-06-09,Poland,Gdansk,41.22
103821,2475,2023-06-08,2023-06-19,11.06.2023,Germany,Munich,16.48
103824,428,08.06.2023,2023-06-13,2023-06-13,Germany,Berlin,20.43
103825,1816,06/09/2023,12.06.2023,2023-06-12,USA,Seattle,43.01
103827,1058,"Jun 09, 2023",19.06.2023,2023-06-11,France,Marseille,20.56
103829,2699,06/09/2023,2023-06-13,11/06/2023,France,Paris,15.64
103831,1020,2023-06-09,06/20/2023,,Germany,Frankfurt,3.55
103836,2771,09/06/2023,"Jun 18, 2023",,USA,New York,9.17
103839,2195,2023-06-09,22.06.2023,2023-06-20,Germany,Munich,23.13
103840,41,06/09/2023,2023-06-12,2023-06-19,Poland,Poznan,10.45
103841,2671,09.06.2023,2023-06-21,06/10/2023,Poland,Wroclaw,13.29
103847,1945,2023-06-09,"Jun 20, 2023",,Poland,Warsaw,23.51
103849,674,"Jun 09, 2023",2023-06-20,2023-06-12,France,Toulouse,15.77
103851,183,2023-06-09,2023-06-21,2023-06-19,Italy,Milan,20.93
103852,448,2023-06-09,06/22/2023,06/16/2023,Czech Republic,Brno,25.81
103853,1900,09/06/2023,2023-06-15,19/06/2023,Germany,Berlin,13.36
103855,2434,06/10/2023,2023-06-13,2023-06-12,United Kingdom,Bristol,24.03
103863,2485,06/10/2023,2023-06-16,13/06/2023,USA,Chicago,50.59
103871,2202,06/10/2023,22/06/2023,06/14/2023,Poland,Krakow,18.55
103873,1152,2023-06-10,06/22/2023,06/18/2023,Italy,Naples,12.66
103876,1589,06/10/2023,22/06/2023,06/20/2023,United Kingdom,Bristol,17.65
103877,830,2023-06-10,23/06/2023,14/06/2023,Germany,Frankfurt,12.48
103879,1608,2023-06-10,2023-06-14,11.06.2023,Netherlands,Eindhoven,9.74
103884,2897,2023-06-10,06/23/2023,2023-06-19,Austria,Linz,6.07
103885,443,10.06.2023,06/22/2023,"Jun 15, 2023",Spain,Madrid,14.04
103886,932,06/10/2023,2023-06-14,"Jun 14, 2023",USA,Boston,24.49
103887,1432,2023-06-10,2023-06-17,2023-06-18,Poland,Lodz,27.7
103889,872,"Jun 11, 2023",2023-06-14,2023-06-13,Netherlands,Rotterdam,16.16
103890,1776,11.06.2023,"Jun 24, 2023",20.06.2023,Austria,Vienna,26.03
103895,2228,06/11/2023,06/14/2023,,France,Toulouse,15.41
103897,610,2023-06-11,23.06.2023,2023-06-12,Canada,Calgary,7.56
103908,522,2023-06-11,23.06.2023,2023-06-16,France,Lyon,9.37
103924,1049,"Jun 12, 2023",06/25/2023,06/21/2023,Czech Republic,Ostrava,11.66
103926,2927,2023-06-12,15/06/2023,,France,Marseille,7.7
103927,2779,2023-06-12,06/16/2023,2023-06-15,France,Paris,7.84
103933,1161,12/06/2023,"Jun 21, 2023",,Netherlands,Rotterdam,24.68
103943,563,06/13/2023,"Jun 26, 2023",16/06/2023,Norway,Trondheim,16.72
103944,1448,13/06/2023,2023-06-18,"Jun 24, 2023",Sweden,Uppsala,12.08
103946,395,13/06/2023,26/06/2023,"Jun 21, 2023",Italy,Rome,14.06
103947,29,13/06/2023,"Jun 18, 2023",16.06.2023,United Kingdom,Manchester,21.45
103948,583,2023-06-13,24.06.2023,2023-06-23,Germany,Hamburg,7.23
103962,434,2023-06-13,17/06/2023,"Jun 15, 2023",USA,Seattle,6.52
103973,2216,14.06.2023,21/06/2023,2023-06-20,United Kingdom,London,26.98
103974,2094,14/06/2023,06/25/2023,18.06.2023,Netherlands,Eindhoven,51.15
103978,1186,06/14/2023,2023-06-22,17/06/2023,Netherlands,Utrecht,22.09
103982,1844,14/06/2023,19/06/2023,15.06.2023,Germany,Frankfurt,17.61
103985,1829,14/06/2023,2023-06-20,,Netherlands,Eindhoven,25.12
103990,1364,14/06/2023,2023-06-22,2023-06-16,Canada,Vancouver,19.08
103991,2319,"Jun 15, 2023",2023-06-28,18.06.2023,Netherlands,Amsterdam,14.99
103997,985,2023-06-15,2023-06-21,,Poland,Wroclaw,18.55
103998,1859,2023-06-15,2023-06-18,2023-06-20,Germany,Frankfurt,40.98
104000,219,2023-06-15,24.06.2023,2023-06-19,Norway,Stavanger,10.25
104002,1320,2023-06-15,2023-06-26,2023-06-16,France,Marseille,8.49
104007,2691,15/06/2023,2023-06-28,2023-06-21,USA,Seattle,15.42
104010,2858,2023-06-15,2023-06-27,06/26/2023,Germany,Munich,11.02
104012,393,2023-06-15,18/06/2023,20/06/2023,France,Marseille,31.52
104013,2589,2023-06-15,06/24/2023,23/06/2023,Norway,Trondheim,4.5
104016,1358,16.06.2023,2023-06-25,2023-06-20,USA,New York,13.07
104018,828,2023-06-16,2023-06-28,2023-06-17,United Kingdom,Manchester,12.88
104022,2042,2023-06-16,06/19/2023,27/06/2023,Spain,Barcelona,18.74
104025,1988,06/16/2023,2023-06-19,26/06/2023,Czech Republic,Brno,24.11
104029,1671,06/16/2023,29.06.2023,22.06.2023,USA,New York,4.11
104033,2490,"Jun 16, 2023",06/25/2023,,Poland,Warsaw,4.22
104034,973,16/06/2023,24/06/2023,,Czech Republic,Brno,15.11
104035,537,16/06/2023,2023-06-23,2023-06-19,Germany,Frankfurt,6.07
104042,411,16/06/2023,26.06.2023,24/06/2023,Poland,Lodz,9.95
104045,479,16/06/2023,2023-06-29,2023-06-18,United Kingdom,Liverpool,16.45
104051,2355,2023-06-17,2023-06-30,06/20/2023,Spain,Madrid,14.52
104053,454,2023-06-17,2023-06-25,2023-06-20,Italy,Milan,5.47
104054,29,2023-06-17,2023-06-27,2023-06-19,United Kingdom,Manchester,25.29
104059,1869,2023-06-17,06/20/2023,19/06/2023,Sweden,Gothenburg,14.1
104062,1398,17/06/2023,06/21/2023,,France,Nice,13.55
104069,962,06/17/2023,23/06/2023,27.06.2023,Poland,Wroclaw,44.37
104070,1868,2023-06-17,2023-06-25,"Jun 28, 2023",USA,Chicago,4.74
104077,2648,18/06/2023,2023-06-22,06/27/2023,France,Nice,17.08
104081,2449,06/18/2023,30.06.2023,2023-06-25,Canada,Toronto,23.5
104082,2840,06/18/2023,2023-06-29,2023-06-19,Spain,Madrid,33.8
104083,2496,06/18/2023,"Jun 26, 2023",,Austria,Graz,56.2
104085,819,2023-06-18,2023-06-24,2023-06-24,Sweden,Malmo,15.31
104093,1459,06/18/2023,06/30/2023,2023-06-25,Norway,Trondheim,15.14
104095,1381,2023-06-19,"Jun 22, 2023","Jun 29, 2023",USA,Austin,35.82
104102,444,06/19/2023,2023-06-22,2023-06-28,USA,New York,15.65
104104,454,"Jun 19, 2023",01.07.2023,26/06/2023,Italy,Milan,34.0
104109,2302,19.06.2023,2023-06-28,21/06/2023,Germany,Cologne,8.24
104110,2556,2023-06-19,2023-06-28,23.06.2023,Spain,Seville,7.96
104111,2296,2023-06-19,2023-06-22,22/06/2023,United Kingdom,London,8.65
104112,1975,19/06/2023,06/27/2023,2023-06-30,Germany,Cologne,22.4
104113,2622,2023-06-19,2023-07-01,06/30/2023,Sweden,Gothenburg,19.02
104115,795,2023-06-19,2023-06-22,06/28/2023,United Kingdom,Manchester,33.15
104117,2539,19/06/2023,23/06/2023,29/06/2023,Czech Republic,Brno,12.32
104118,737,2023-06-19,02.07.2023,2023-06-25,Poland,Warsaw,15.97
104119,2589,20.06.2023,26/06/2023,22.06.2023,Norway,Trondheim,11.45
104121,394,20.06.2023,03/07/2023,06/26/2023,France,Paris,5.23
104122,2739,"Jun 20, 2023",2023-06-27,2023-06-27,Norway,Oslo,23.88
104123,1870,20.06.2023,2023-06-23,2023-07-01,Czech Republic,Prague,25.59
104126,1192,20.06.2023,02/07/2023,"Jun 26, 2023",Spain,Bilbao,26.84
104127,2009,"Jun 20, 2023",25/06/2023,01/07/2023,Italy,Naples,12.16
104128,7,"Jun 20, 2023",2023-07-03,2023-06-22,Poland,Krakow,16.22
104129,1405,06/20/2023,29.06.2023,25/06/2023,Germany,Berlin,16.29
104130,2452,06/20/2023,2023-06-24,,Sweden,Uppsala,15.57
104138,2452,20/06/2023,2023-06-25,2023-06-29,Sweden,Uppsala,11.76
104145,94,2023-06-21,28/06/2023,2023-06-26,United Kingdom,Leeds,8.63
104146,789,21.06.2023,2023-07-01,2023-06-27,USA,Denver,9.4
104157,2392,21/06/2023,28/06/2023,06/27/2023,Germany,Hamburg,10.61
104158,318,2023-06-21,2023-07-04,,USA,Chicago,7.66
104161,2072,2023-06-22,06/25/2023,2023-07-03,Germany,Cologne,36.09
104164,938,06/22/2023,04/07/2023,24.06.2023,Spain,Bilbao,39.26
104168,1664,22/06/2023,"Jun 26, 2023",01/07/2023,Norway,Oslo,26.69
104171,448,2023-06-22,03/07/2023,23/06/2023,Czech Republic,Brno,24.92
104172,1366,06/22/2023,07/05/2023,,Germany,Cologne,28.4
104175,867,2023-06-22,01.07.2023,"Jul 03, 2023",France,Nice,21.06
104181,2330,2023-06-22,05/07/2023,02/07/2023,France,Paris,8.21
104186,289,"Jun 23, 2023",04/07/2023,,Spain,Seville,30.83
104191,911,2023-06-23,07/04/2023,04/07/2023,Czech Republic,Pilsen,28.21
104193,2826,23/06/2023,07/03/2023,"Jun 26, 2023",France,Toulouse,19.8
104195,1240,2023-06-23,2023-06-26,01.07.2023,Poland,Poznan,16.01
104197,927,23/06/2023,2023-06-26,07/02/2023,Germany,Munich,10.83
104199,668,2023-06-23,01.07.2023,01.07.2023,Germany,Munich,49.06
104201,1296,06/23/2023,2023-07-06,2023-06-28,France,Nice,15.22
104204,477,23/06/2023,2023-07-03,2023-07-01,USA,Chicago,25.03
104211,914,2023-06-23,2023-07-06,2023-07-02,Spain,Barcelona,30.84
104212,1409,2023-06-23,27.06.2023,07/01/2023,Spain,Seville,14.01
104213,282,23/06/2023,2023-07-02,06/30/2023,Poland,Warsaw,14.87
104217,2778,2023-06-24,2023-07-03,01.07.2023,Netherlands,Eindhoven,13.74
104218,59,2023-06-24,2023-07-06,06/26/2023,United Kingdom,Liverpool,4.82
104220,796,"Jun 24, 2023",2023-07-07,"Jul 01, 2023",Netherlands,Amsterdam,54.83
104222,1049,24/06/2023,2023-07-05,2023-06-25,Czech Republic,Ostrava,16.75
104223,510,2023-06-24,"Jun 29, 2023",26.06.2023,Spain,Valencia,11.28
104228,1399,2023-06-24,2023-06-27,2023-06-27,Spain,Valencia,7.45
104229,2974,06/24/2023,2023-07-05,2023-06-27,Germany,Frankfurt,5.33
104234,1334,24/06/2023,2023-07-07,04.07.2023,Spain,Madrid,29.06
104239,2539,24/06/2023,03.07.2023,,Czech Republic,Brno,11.41
104240,819,2023-06-24,06/27/2023,25/06/2023,Sweden,Malmo,25.05
104241,1838,2023-06-25,08/07/2023,26/06/2023,United Kingdom,Liverpool,9.24
104246,520,2023-06-25,28/06/2023,01/07/2023,Poland,Poznan,9.81
104249,2756,25.06.2023,03.07.2023,26.06.2023,Canada,Toronto,24.31
104251,2520,2023-06-25,30/06/2023,2023-06-26,Poland,Wroclaw,36.97
104252,1345,2023-06-25,2023-06-30,"Jun 27, 2023",Spain,Seville,28.04
104253,305,2023-06-25,2023-07-02,2023-07-03,United Kingdom,London,23.71
104266,2947,2023-06-26,07/07/2023,03.07.2023,Poland,Gdansk,15.61
104273,2893,26/06/2023,2023-07-03,,USA,Denver,28.93
104275,1375,26/06/2023,06.07.2023,"Jul 03, 2023",Austria,Vienna,31.74
104276,1444,2023-06-26,2023-07-01,,France,Marseille,7.17
104278,787,2023-06-26,07/08/2023,2023-07-06,USA,Austin,19.48
104279,2737,2023-06-26,05/07/2023,"Jun 28, 2023",Canada,Vancouver,21.45
104285,368,27/06/2023,2023-07-05,2023-07-06,USA,Austin,38.53
104291,1423,27.06.2023,07/03/2023,08/07/2023,Germany,Cologne,38.29
104293,2071,27.06.2023,2023-07-09,03/07/2023,Germany,Berlin,-7.72
104296,1638,27.06.2023,07/06/2023,29.06.2023,Poland,Lodz,14.35
104299,2148,06/27/2023,03/07/2023,07/05/2023,France,Nice,34.24
104300,431,27/06/2023,30/06/2023,03.07.2023,Netherlands,Utrecht,28.75
104302,1966,27.06.2023,2023-07-02,"Jul 08, 2023",Canada,Ottawa,33.11
104307,1192,2023-06-28,2023-07-05,2023-07-07,Spain,Bilbao,13.86
104308,1433,06/28/2023,2023-07-02,2023-07-09,Germany,Munich,14.4
104311,2855,28/06/2023,2023-07-11,01/07/2023,Italy,Turin,14.01
104312,2979,06/28/2023,"Jul 07, 2023",,Austria,Linz,18.44
104313,1477,28.06.2023,2023-07-10,"Jul 08, 2023",USA,Boston,25.56
104317,270,28/06/2023,03.07.2023,02.07.2023,USA,Denver,10.2
104321,2111,2023-06-28,"Jul 07, 2023",2023-07-03,Austria,Vienna,9.12
104324,1082,28/06/2023,"Jul 10, 2023",07/01/2023,United Kingdom,Manchester,8.38
104326,498,2023-06-28,2023-07-05,2023-07-06,Spain,Valencia,26.9
104327,1728,28/06/2023,2023-07-07,2023-07-08,Netherlands,Utrecht,11.21
104328,2688,28/06/2023,2023-07-08,06/29/2023,United Kingdom,London,15.61
104332,920,2023-06-28,2023-07-08,2023-07-08,France,Paris,20.15
104336,703,29/06/2023,2023-07-12,01/07/2023,France,Paris,15.2
104339,1900,06/29/2023,2023-07-05,02/07/2023,Germany,Berlin,18.12
104342,712,06/29/2023,2023-07-07,08/07/2023,Norway,Oslo,13.24
104347,568,"Jun 29, 2023",08/07/2023,2023-07-09,Canada,Toronto,28.63
104353,1497,29.06.2023,2023-07-05,2023-07-01,Spain,Seville,11.4
104354,2577,2023-06-29,04/07/2023,,Poland,Krakow,10.44
104355,1374,06/29/2023,2023-07-11,09.07.2023,France,Lyon,5.72
104362,2521,2023-06-30,"Jul 10, 2023",11.07.2023,Spain,Valencia,-20.79
104363,2993,2023-06-30,2023-07-05,,USA,Austin,25.17
104366,113,2023-06-30,2023-07-11,07/07/2023,Spain,Seville,8.68
104368,1165,06/30/2023,"Jul 12, 2023",02.07.2023,Poland,Gdansk,20.8
104370,1848,2023-06-30,07.07.2023,2023-07-06,France,Nice,25.99
104379,2033,2023-06-30,07/07/2023,05/07/2023,France,Marseille,5.7
104381,1277,06/30/2023,2023-07-04,06/07/2023,United Kingdom,Manchester,26.03
104385,1457,2023-07-01,09/07/2023,11.07.2023,Canada,Calgary,11.54
104386,54,2023-07-01,2023-07-14,2023-07-04,Germany,Frankfurt,40.35
104389,2577,01/07/2023,07/08/2023,2023-07-08,Poland,Krakow,41.71
104392,2923,2023-07-01,13.07.2023,12/07/2023,Poland,Lodz,18.63
104393,2700,2023-07-01,2023-07-05,,Sweden,Malmo,31.7
104394,1479,2023-07-01,07/12/2023,2023-07-03,Germany,Berlin,3.71
104395,1330,"Jul 01, 2023",2023-07-11,,Poland,Poznan,4.32
104402,1887,"Jul 01, 2023",07/12/2023,2023-07-09,United Kingdom,Leeds,15.01
104413,2657,"Jul 02, 2023",07/10/2023,05.07.2023,United Kingdom,Bristol,23.31
104414,2366,"Jul 02, 2023",14.07.2023,13/07/2023,Norway,Trondheim,20.23
104415,94,2023-07-02,07/12/2023,"Jul 05, 2023",United Kingdom,Leeds,6.99
104417,1981,"Jul 02, 2023",07.07.2023,,Poland,Krakow,38.42
104419,2719,2023-07-02,08/07/2023,"Jul 03, 2023",France,Toulouse,17.46
104423,2034,2023-07-02,2023-07-05,2023-07-09,Germany,Hamburg,6.95
104425,1934,02.07.2023,07/15/2023,2023-07-03,Netherlands,Amsterdam,29.25
104431,278,02.07.2023,13.07.2023,11.07.2023,Poland,Poznan,29.38
104432,4,02.07.2023,"Jul 08, 2023",2023-07-08,Poland,Gdansk,5.31
104443,735,03/07/2023,2023-07-08,2023-07-06,Spain,Madrid,16.59
104445,191,07/03/2023,13.07.2023,2023-07-07,Poland,Wroclaw,14.44
104446,423,03.07.2023,"Jul 07, 2023",04.07.2023,Netherlands,Amsterdam,13.66
104449,2346,2023-07-03,07/13/2023,2023-07-05,Spain,Madrid,27.79
104450,145,03.07.2023,"Jul 13, 2023",07/10/2023,Italy,Florence,25.67
104451,1173,2023-07-03,"Jul 09, 2023",04.07.2023,Austria,Graz,36.41
104452,693,1900-01-01,11.07.2023,2023-07-11,Czech Republic,Brno,17.65
104457,2006,03/07/2023,2023-07-10,06.07.2023,Germany,Munich,36.82
104460,782,07/03/2023,2023-07-14,07/09/2023,Germany,Berlin,14.11
104464,2321,2023-07-03,2023-07-12,2023-07-11,Germany,Hamburg,14.05
104465,916,2023-07-03,06.07.2023,2023-07-05,USA,Seattle,7.43
104468,151,04.07.2023,07/13/2023,2023-07-07,France,Lyon,7.49
104474,2991,04.07.2023,07/07/2023,2023-07-06,Austria,Graz,20.33
104475,257,2023-07-04,16.07.2023,07/07/2023,France,Lyon,5.04
104476,783,04/07/2023,08/07/2023,2023-07-11,France,Lyon,25.47
104484,1360,07/04/2023,2023-07-12,"Jul 05, 2023",Sweden,Gothenburg,20.44
104485,1169,04/07/2023,14/07/2023,11.07.2023,USA,Boston,18.06
104496,2713,"Jul 04, 2023",2023-07-17,07/12/2023,Sweden,Uppsala,26.32
104498,110,07/04/2023,"Jul 11, 2023",05/07/2023,Canada,Ottawa,12.63
104499,1886,2023-07-05,09/07/2023,2023-07-13,Germany,Frankfurt,12.97
104501,787,05.07.2023,"Jul 16, 2023",,USA,Austin,11.05
104519,2803,2023-07-05,2023-07-09,07/07/2023,Germany,Cologne,7.66
104521,887,2023-07-05,2023-07-08,2023-07-08,France,Marseille,29.74
104523,709,"Jul 05, 2023",10.07.2023,2023-07-09,France,Marseille,17.04
104525,665,05.07.2023,13/07/2023,10.07.2023,United Kingdom,Manchester,3.92
104527,533,2023-07-06,12.07.2023,07/11/2023,Germany,Hamburg,3.68
104533,2361,06/07/2023,2023-07-19,2023-07-07,France,Paris,12.21
104534,171,07/06/2023,2023-07-09,2023-07-13,Italy,Florence,23.35
104538,821,2023-07-06,"Jul 10, 2023",,France,Paris,13.58
104539,1996,"Jul 06, 2023",2023-07-10,"Jul 07, 2023",France,Nice,16.36
104544,634,07/06/2023,13.07.2023,2023-07-17,USA,Austin,27.32
104546,1047,06.07.2023,2023-07-12,11/07/2023,Germany,Frankfurt,12.26
104552,1703,2023-07-07,2023-07-18,18/07/2023,Sweden,Gothenburg,26.54
104553,121,07/07/2023,2023-07-12,2023-07-16,Germany,Frankfurt,13.16
104554,2577,"Jul 07, 2023",2023-07-15,2023-07-08,Poland,Krakow,13.66
104566,2602,2023-07-07,2023-07-13,15.07.2023,USA,Chicago,24.14
104570,2940,2023-07-07,2023-07-14,2023-07-11,Norway,Trondheim,25.87
104571,2959,2023-07-07,07/10/2023,2023-07-10,France,Marseille,5.9
104572,853,"Jul 07, 2023","Jul 14, 2023",14/07/2023,Czech Republic,Prague,19.65
104573,1613,07.07.2023,2023-07-10,2023-07-10,France,Nice,19.31
104578,480,2023-07-07,"Jul 20, 2023",18/07/2023,Sweden,Gothenburg,21.67
104580,1770,07/07/2023,2023-07-13,,Norway,Stavanger,18.74
104589,94,2023-07-08,2023-07-20,12.07.2023,United Kingdom,Leeds,17.73
104590,1714,08/07/2023,07/16/2023,2023-07-11,Poland,Wroclaw,32.05
104593,950,2023-07-08,15.07.2023,09/07/2023,USA,Boston,19.26
104596,783,2023-07-08,2023-07-20,2023-07-13,France,Lyon,22.03
104597,2078,2023-07-08,2023-07-18,2023-07-12,Netherlands,Rotterdam,19.42
104611,177,"Jul 08, 2023",2023-07-11,2023-07-18,USA,Austin,8.0
104612,2927,2023-07-09,"Jul 19, 2023",07/10/2023,France,Marseille,7.02
104616,2094,09/07/2023,20.07.2023,2023-07-15,Netherlands,Eindhoven,21.45
104618,631,2023-07-09,2023-07-21,2023-07-18,Spain,Bilbao,18.24
104619,297,09/07/2023,"Jul 16, 2023",12/07/2023,Austria,Linz,18.68
104622,571,07/09/2023,"Jul 19, 2023",13/07/2023,Czech Republic,Brno,9.44
104624,662,2023-07-09,2023-07-19,2023-07-18,Austria,Linz,30.41
104626,1787,2023-07-09,21.07.2023,2023-07-16,Italy,Florence,6.65
104627,1655,"Jul 09, 2023",07/22/2023,,USA,Boston,19.02
104635,368,2023-07-09,"Jul 18, 2023",07/18/2023,USA,Austin,25.65
104637,241,"Jul 09, 2023",2023-07-13,"Jul 19, 2023",Poland,Wroclaw,10.65
104641,1195,10.07.2023,19/07/2023,16/07/2023,Poland,Warsaw,11.99
104644,2633,"Jul 10, 2023",19/07/2023,,Italy,Milan,10.71
104662,2886,2023-07-10,2023-07-20,2023-07-11,Netherlands,Utrecht,33.19
104664,2443,2023-07-10,"Jul 22, 2023","Jul 16, 2023",Spain,Seville,21.29
104666,1020,10/07/2023,2023-07-17,2023-07-13,Germany,Frankfurt,20.96
104669,2443,10/07/2023,2023-07-23,07/20/2023,Spain,Seville,15.98
104672,421,2023-07-11,17.07.2023,22/07/2023,Italy,Turin,14.62
104674,1231,"Jul 11, 2023",2023-07-21,,Poland,Warsaw,8.5
104675,2695,07/11/2023,2023-07-20,2023-07-22,Spain,Seville,26.5
104677,2532,07/11/2023,2023-07-16,15.07.2023,Spain,Valencia,21.2
104679,1041,2023-07-11,24.07.2023,2023-07-20,Spain,Seville,20.01
104680,963,11/07/2023,07/20/2023,2023-07-16,France,Toulouse,9.85
104685,1061,11/07/2023,2023-07-19,2023-07-20,Spain,Valencia,23.68
104686,1439,07/11/2023,"Jul 23, 2023",17/07/2023,Poland,Krakow,12.51
104695,2922,2023-07-11,07/24/2023,17.07.2023,Poland,Warsaw,9.13
104698,1173,2023-07-11,07/15/2023,2023-07-17,Austria,Graz,58.95
104701,1109,11.07.2023,2023-07-17,2023-07-20,Canada,Montreal,30.81
104704,2840,07/11/2023,19/07/2023,07/13/2023,Spain,Madrid,35.11
104712,2875,12.07.2023,2023-07-19,07/13/2023,Italy,Naples,27.17
104714,226,2023-07-12,2023-07-20,14/07/2023,Poland,Krakow,28.37
104718,1382,2023-07-12,2023-07-20,07/21/2023,Czech Republic,Brno,14.44
104720,1471,12/07/2023,07/17/2023,07/15/2023,Spain,Valencia,10.19
104721,403,2023-07-12,22/07/2023,2023-07-17,USA,Boston,10.43
104727,151,12.07.2023,17/07/2023,"Jul 17, 2023",France,Lyon,17.03
104728,2249,2023-07-12,21.07.2023,17.07.2023,Poland,Wroclaw,26.33
104730,1394,2023-07-12,07/18/2023,,Netherlands,Amsterdam,34.65
104731,2965,12/07/2023,21/07/2023,"Jul 16, 2023",Italy,Turin,31.34
104735,1262,2023-07-12,19.07.2023,07/13/2023,France,Paris,22.88
104740,64,07/13/2023,07/19/2023,17/07/2023,Germany,Cologne,13.13
104743,2564,13/07/2023,07/22/2023,2023-07-21,France,Nice,35.85
104746,972,07/13/2023,23/07/2023,,Poland,Krakow,4.67
104747,500,"Jul 13, 2023",2023-07-26,"Jul 14, 2023",Poland,Lodz,37.61
104749,504,13/07/2023,20/07/2023,2023-07-21,Germany,Cologne,74.44
104752,2849,07/13/2023,25/07/2023,2023-07-17,Poland,Gdansk,11.58
104753,473,07/13/2023,24/07/2023,07/21/2023,Germany,Frankfurt,16.83
104757,166,2023-07-13,2023-07-19,2023-07-24,USA,Denver,21.87
104760,1518,13/07/2023,2023-07-23,"Jul 15, 2023",Sweden,Malmo,14.58
104764,905,2023-07-14,2023-07-24,,Spain,Bilbao,10.34
104766,735,07/14/2023,2023-07-22,19.07.2023,Spain,Madrid,-8.63
104768,2936,14.07.2023,22/07/2023,"Jul 20, 2023",Czech Republic,Brno,24.91
104774,1863,2023-07-14,19/07/2023,07/20/2023,USA,Austin,11.01
104778,943,07/14/2023,"Jul 25, 2023",2023-07-22,Spain,Seville,5.32
104779,140,2023-07-14,23.07.2023,07/15/2023,Netherlands,Utrecht,31.98
104780,780,2023-07-14,25/07/2023,23/07/2023,France,Nice,13.04
104781,2461,2023-07-14,24/07/2023,07/21/2023,USA,New York,14.3
104782,2850,07/14/2023,2023-07-27,24/07/2023,Canada,Montreal,10.48
104783,1702,15.07.2023,2023-07-21,22/07/2023,Canada,Vancouver,14.27
104784,2324,"Jul 15, 2023",24/07/2023,,Poland,Wroclaw,15.0
104789,1234,15.07.2023,2023-07-22,19.07.2023,Canada,Toronto,10.92
104792,110,07/15/2023,22.07.2023,"Jul 26, 2023",Canada,Ottawa,26.97
104795,864,07/15/2023,2023-07-27,07/26/2023,France,Paris,7.91
104802,2439,07/15/2023,2023-07-18,2023-07-19,Netherlands,Amsterdam,7.96
104805,1506,15/07/2023,07/25/2023,26/07/2023,Czech Republic,Ostrava,16.47
104806,1875,15/07/2023,24/07/2023,07/19/2023,Poland,Warsaw,12.42
104809,1962,16/07/2023,2023-07-22,2023-07-25,Italy,Milan,17.85
104815,1401,2023-07-16,"Jul 21, 2023",2023-07-18,France,Paris,22.87
104816,2737,16.07.2023,2023-07-19,2023-07-20,Canada,Vancouver,12.64
104819,1448,2023-07-16,07/25/2023,2023-07-22,Sweden,Uppsala,10.69
104822,518,2023-07-16,2023-07-24,2023-07-17,Germany,Hamburg,10.78
104823,1379,16/07/2023,2023-07-20,22.07.2023,Germany,Cologne,39.31
104827,2426,2023-07-16,2023-07-25,2023-07-22,Norway,Oslo,20.16
104829,449,2023-07-16,27/07/2023,2023-07-22,Germany,Frankfurt,26.51
104838,1705,17/07/2023,2023-07-21,2023-07-18,Italy,Naples,11.15
104841,1665,07/17/2023,21.07.2023,"Jul 20, 2023",France,Lyon,25.99
104844,1459,07/17/2023,28/07/2023,,Norway,Trondheim,10.95
104849,543,07/17/2023,25/07/2023,28/07/2023,United Kingdom,Bristol,11.13
104850,1294,17/07/2023,07/21/2023,2023-07-25,Italy,Milan,46.4
104851,2205,17/07/2023,22/07/2023,2023-07-26,Spain,Madrid,33.08
104857,1775,2023-07-17,07/26/2023,22/07/2023,France,Toulouse,28.52
104858,1329,2023-07-17,2023-07-22,2023-07-18,France,Lyon,15.05
104862,1666,07/17/2023,2023-07-26,2023-07-21,France,Nice,51.45
104863,2553,07/18/2023,27/07/2023,2023-07-20,Spain,Madrid,68.29
104865,1249,2023-07-18,2023-07-31,2023-07-23,United Kingdom,London,20.62
104868,816,18.07.2023,23/07/2023,2023-07-28,Spain,Seville,55.1
104870,2220,18/07/2023,25.07.2023,2023-07-20,Spain,Seville,27.98
104871,1604,18.07.2023,2023-07-22,,Germany,Frankfurt,17.4
104874,771,2023-07-18,22/07/2023,28/07/2023,USA,Boston,13.9
104880,2926,"Jul 18, 2023",2023-07-31,21.07.2023,Italy,Milan,12.08
104884,1174,2023-07-18,2023-07-27,19/07/2023,USA,Austin,20.2
104885,800,07/18/2023,2023-07-24,2023-07-24,USA,Chicago,8.08
104891,1897,19/07/2023,25.07.2023,2023-07-30,USA,Boston,20.61
104896,2372,07/19/2023,2023-07-31,25/07/2023,France,Marseille,15.81
104900,325,2023-07-19,2023-07-22,,Netherlands,Eindhoven,14.78
104904,828,2023-07-19,23/07/2023,07/22/2023,United Kingdom,Manchester,17.32
104906,2576,19.07.2023,07/26/2023,2023-07-28,Germany,Hamburg,13.01
104907,1767,2023-07-19,2023-07-30,2023-07-22,Poland,Wroclaw,34.33
104910,1132,2023-07-19,2023-07-29,2023-07-27,Czech Republic,Brno,6.67
104911,139,2023-07-19,2023-07-25,"Jul 20, 2023",USA,Chicago,12.87
104912,216,"Jul 19, 2023",2023-07-27,,Czech Republic,Prague,24.31
104917,2312,19.07.2023,26.07.2023,07/28/2023,Austria,Vienna,11.57
104922,2778,19/07/2023,2023-07-30,2023-07-20,Netherlands,Eindhoven,8.02
104926,1052,07/20/2023,"Jul 30, 2023",,Canada,Ottawa,-10.76
104929,1780,2023-07-20,2023-07-31,2023-07-26,France,Toulouse,19.0
104932,2601,07/20/2023,28.07.2023,23/07/2023,Sweden,Uppsala,24.89
104933,891,20/07/2023,25/07/2023,31.07.2023,Czech Republic,Prague,9.21
104934,648,07/20/2023,"Aug 02, 2023",2023-07-28,France,Marseille,4.02
104935,2885,2023-07-20,2023-07-25,2023-07-24,Germany,Frankfurt,26.74
104936,2449,20/07/2023,2023-07-28,07/28/2023,Canada,Toronto,6.43
104938,1697,2023-07-20,27.07.2023,,USA,Chicago,5.41
104940,448,20/07/2023,2023-07-31,"Jul 21, 2023",Czech Republic,Brno,20.26
104942,247,2023-07-20,2023-07-23,2023-07-23,Germany,Cologne,18.34
104944,2285,2023-07-20,2023-07-25,2023-07-26,Germany,Hamburg,-18.27
104946,770,"Jul 20, 2023","Jul 31, 2023",2023-07-30,Czech Republic,Ostrava,14.77
104950,1979,20/07/2023,30/07/2023,21.07.2023,France,Toulouse,13.65
104955,658,07/21/2023,2023-07-29,2023-07-31,Poland,Wroclaw,14.1
104959,1920,2023-07-21,30/07/2023,2023-07-27,France,Paris,38.9
104964,1782,"Jul 21, 2023",28.07.2023,07/25/2023,United Kingdom,London,15.27
104968,656,21.07.2023,08/01/2023,2023-07-29,Italy,Turin,8.57
104970,622,2023-07-21,24.07.2023,2023-08-01,Poland,Wroclaw,35.41
104972,159,2023-07-21,2023-07-25,25.07.2023,Norway,Trondheim,30.86
104974,2952,2023-07-21,24.07.2023,01.08.2023,Sweden,Uppsala,11.73
104975,363,2023-07-21,"Jul 25, 2023",2023-07-31,France,Marseille,24.82
104976,2664,21/07/2023,2023-07-28,,Czech Republic,Prague,38.57
104977,2342,"Jul 21, 2023",24/07/2023,"Jul 23, 2023",Canada,Vancouver,31.82
104978,254,2023-07-21,2023-08-03,07/29/2023,Spain,Seville,16.13
104979,2335,2023-07-21,29/07/2023,27/07/2023,Germany,Berlin,26.83
104980,2004,2023-07-21,2023-07-25,01/08/2023,Poland,Poznan,17.68
104983,464,2023-07-22,07/25/2023,08/01/2023,France,Paris,26.93
104984,2326,"Jul 22, 2023",07/29/2023,2023-07-30,Netherlands,Utrecht,14.13
104988,2256,22/07/2023,2023-08-04,,Poland,Gdansk,18.31
104989,2914,2099-01-01,04/08/2023,23/07/2023,Canada,Toronto,15.56
104995,2815,2023-07-22,03.08.2023,,Poland,Warsaw,19.88
104996,1531,07/22/2023,07/27/2023,07/27/2023,Germany,Hamburg,32.48
104998,2720,2023-07-22,29/07/2023,29/07/2023,Germany,Munich,22.5
104999,746,07/22/2023,2023-08-02,"Jul 25, 2023",France,Nice,9.58
105000,1832,"Jul 22, 2023","Jul 26, 2023",2023-07-31,USA,Boston,8.03
105001,962,22/07/2023,2023-08-03,,Poland,Wroclaw,28.23
105014,1598,23/07/2023,2023-08-02,27/07/2023,USA,Seattle,10.15
105015,1937,23.07.2023,2023-07-28,2023-07-25,Czech Republic,Ostrava,15.65
105020,2587,07/23/2023,08/05/2023,2023-07-29,France,Marseille,26.03
105027,323,"Jul 23, 2023",28.07.2023,2023-08-03,USA,Boston,11.59
105028,2321,23/07/2023,2023-08-04,"Jul 30, 2023",Germany,Hamburg,33.21
105030,855,2023-07-23,2023-07-31,25/07/2023,Spain,Madrid,11.36
105036,2858,24.07.2023,08/06/2023,2023-08-02,Germany,Munich,24.71
105040,2212,2023-07-24,28.07.2023,"Jul 25, 2023",Austria,Linz,11.43
105042,319,2023-07-24,31.07.2023,07/30/2023,United Kingdom,London,31.96
105043,2611,24/07/2023,31/07/2023,2023-07-25,Poland,Poznan,8.08
105048,2858,07/24/2023,06/08/2023,2023-07-29,Germany,Munich,23.01
105049,946,"Jul 24, 2023",30.07.2023,"Jul 30, 2023",Czech Republic,Brno,10.78
105050,176,07/24/2023,05.08.2023,2023-07-30,USA,Seattle,7.99
105057,2849,07/24/2023,31/07/2023,2023-07-29,Poland,Gdansk,12.22
105062,1847,2023-07-24,2023-07-31,29.07.2023,Netherlands,Amsterdam,22.09
105063,466,2023-07-24,2023-07-29,29/07/2023,France,Toulouse,-6.08
105064,1637,2023-07-24,02.08.2023,,Czech Republic,Ostrava,18.22
105068,2247,2023-07-25,2023-07-30,29.07.2023,Poland,Gdansk,15.49
105069,1318,"Jul 25, 2023",2023-08-03,2023-07-29,USA,Boston,47.16
105072,1848,07/25/2023,31.07.2023,2023-08-05,France,Nice,12.3
105077,2885,25/07/2023,31/07/2023,28/07/2023,Germany,Frankfurt,26.54
105078,2719,2023-07-25,04/08/2023,2023-07-26,France,Toulouse,5.0
105079,1220,2023-07-25,28.07.2023,,Czech Republic,Ostrava,22.94
105080,412,2023-07-25,"Aug 03, 2023",2023-08-04,Poland,Warsaw,7.28
105082,1228,"Jul 25, 2023",2023-07-29,01/08/2023,Germany,Berlin,19.2
105086,2419,"Jul 25, 2023",30/07/2023,2023-08-03,Austria,Salzburg,10.15
105087,2044,07/25/2023,2023-07-29,2023-08-04,Germany,Berlin,22.46
105088,1533,25.07.2023,30.07.2023,2023-07-28,Canada,Ottawa,6.35
105090,2738,2023-07-25,2023-08-07,"Jul 29, 2023",Austria,Linz,19.15
105104,1330,26/07/2023,"Aug 06, 2023",27/07/2023,Poland,Poznan,11.82
105105,2524,07/26/2023,08/08/2023,08/03/2023,Italy,Rome,15.42
105111,54,26/07/2023,29.07.2023,02/08/2023,Germany,Frankfurt,13.99
105113,454,26.07.2023,"Aug 01, 2023",,Italy,Milan,8.56
105114,800,26/07/2023,04.08.2023,27/07/2023,USA,Chicago,18.83
105117,1241,2023-07-27,03/08/2023,,Czech Republic,Pilsen,8.0
105119,2815,2023-07-27,2023-08-05,,Poland,Warsaw,21.34
105120,1159,2023-07-27,09.08.2023,31.07.2023,Sweden,Malmo,55.18
105121,1020,2023-07-27,2023-08-08,01.08.2023,Germany,Frankfurt,21.4
105127,829,07/27/2023,2023-08-04,07.08.2023,Sweden,Gothenburg,6.4
105128,494,27.07.2023,08/01/2023,2023-08-03,Sweden,Uppsala,17.08
105134,1996,2023-07-27,2023-08-06,2023-08-06,France,Nice,9.51
105135,2439,"Jul 27, 2023",2023-08-09,28/07/2023,Netherlands,Amsterdam,12.36
105137,932,27/07/2023,02/08/2023,2023-08-07,USA,Boston,12.66
105142,2624,2023-07-27,2023-08-05,2023-07-29,Italy,Rome,51.47
105143,2699,27/07/2023,2023-08-05,,France,Paris,21.84
105150,2493,28/07/2023,07/31/2023,02/08/2023,Germany,Hamburg,17.17
105164,1862,"Jul 28, 2023","Aug 06, 2023",2023-08-03,Czech Republic,Ostrava,11.06
105165,1192,28.07.2023,2023-08-01,"Aug 01, 2023",Spain,Bilbao,10.56
105170,2962,07/29/2023,2023-08-02,05.08.2023,Sweden,Gothenburg,33.3
105171,2397,29/07/2023,2023-08-08,"Jul 30, 2023",Poland,Poznan,53.63
105175,2726,2023-07-29,2023-08-02,2023-08-07,Germany,Munich,13.55
105184,2865,29.07.2023,"Aug 09, 2023",2023-08-02,Austria,Linz,19.39
105187,887,2023-07-29,"Aug 07, 2023","Aug 09, 2023",France,Marseille,31.09
105190,2673,2023-07-29,"Aug 04, 2023",08/02/2023,Sweden,Uppsala,33.36
105193,2590,"Jul 30, 2023",2023-08-04,"Jul 31, 2023",United Kingdom,London,26.39
105195,2739,2023-07-30,"Aug 06, 2023",2023-08-09,Norway,Oslo,11.98
105196,1064,2023-07-30,2023-08-05,06/08/2023,Poland,Poznan,10.46
105197,2604,2023-07-30,02/08/2023,08/01/2023,Poland,Wroclaw,7.27
105201,828,07/30/2023,2023-08-10,2023-08-10,United Kingdom,Manchester,22.98
105202,167,"Jul 30, 2023",12/08/2023,,Italy,Naples,17.15
105204,149,2023-07-30,"Aug 05, 2023",2023-08-04,Netherlands,Rotterdam,11.48
105206,2771,07/30/2023,2023-08-04,"Aug 04, 2023",USA,New York,20.36
105211,1281,"Jul 30, 2023",2023-08-05,2023-08-10,France,Nice,21.92
105212,443,30.07.2023,2023-08-11,10.08.2023,Spain,Madrid,12.89
105213,840,2023-07-30,08/07/2023,2023-08-02,Italy,Naples,21.94
105215,15,2023-07-30,08/04/2023,"Jul 31, 2023",United Kingdom,Liverpool,12.76
105216,479,2023-07-30,2023-08-11,03/08/2023,United Kingdom,Liverpool,24.95
105220,2320,2023-07-30,10/08/2023,,Czech Republic,Prague,38.13
105221,1153,2023-07-30,2023-08-09,02/08/2023,USA,Austin,19.71
105222,796,1900-01-01,09/08/2023,2023-08-05,Netherlands,Amsterdam,29.11
105226,2549,2023-07-31,"Aug 10, 2023",11/08/2023,Netherlands,Amsterdam,19.83
105228,271,31/07/2023,2023-08-09,08/01/2023,Italy,Naples,5.61
105231,903,07/31/2023,08/10/2023,,United Kingdom,Manchester,4.33
105232,731,07/31/2023,08/13/2023,"Aug 08, 2023",USA,Seattle,12.34
105233,2443,2023-07-31,2023-08-11,2023-08-10,Spain,Seville,14.94
105239,1159,2023-07-31,2023-08-09,08/10/2023,Sweden,Malmo,16.66
105246,1439,2023-07-31,2023-08-08,03/08/2023,Poland,Krakow,9.61
105250,2485,2023-08-01,13/08/2023,2023-08-09,USA,Chicago,10.34
105254,2549,"Aug 01, 2023",10.08.2023,,Netherlands,Amsterdam,7.4
105255,2369,2023-08-01,2023-08-10,2023-08-04,Spain,Valencia,19.22
105257,658,08/01/2023,05.08.2023,06.08.2023,Poland,Wroclaw,5.19
105259,1542,01/08/2023,"Aug 12, 2023",,Poland,Poznan,20.11
105260,696,01/08/2023,08/10/2023,08/08/2023,United Kingdom,Liverpool,6.09
105263,1057,2023-08-01,2023-08-04,,Spain,Valencia,18.81
105264,2613,01/08/2023,05.08.2023,2023-08-04,Germany,Munich,20.5
105265,1932,01.08.2023,2023-08-06,12/08/2023,Germany,Berlin,16.16
105267,2624,2023-08-01,2023-08-06,,Italy,Rome,15.01
105272,1710,08/01/2023,2023-08-11,2023-08-11,Germany,Hamburg,6.14
105273,903,01/08/2023,14/08/2023,2023-08-06,United Kingdom,Manchester,21.97
105278,499,02.08.2023,2023-08-07,,Italy,Rome,11.05
105285,45,"Aug 02, 2023",15/08/2023,08/13/2023,Czech Republic,Brno,29.87
105287,1226,2023-08-02,2023-08-15,2023-08-03,Poland,Lodz,19.71
105289,933,02/08/2023,2023-08-10,"Aug 05, 2023",Germany,Cologne,6.64
105294,1697,08/02/2023,2023-08-12,04/08/2023,USA,Chicago,23.66
105295,188,"Aug 02, 2023",07.08.2023,2023-08-08,Czech Republic,Pilsen,29.0
105296,169,08/02/2023,06.08.2023,2023-08-05,Germany,Munich,25.66
105298,1205,2023-08-03,13/08/2023,2023-08-12,Netherlands,Amsterdam,25.88
105299,2611,03/08/2023,2023-08-13,04/08/2023,Poland,Poznan,12.73
105301,593,2023-08-03,2023-08-09,14/08/2023,USA,New York,9.11
105302,1392,2023-08-03,"Aug 06, 2023",2023-08-07,USA,New York,7.62
105303,2018,2023-08-03,2023-08-08,2023-08-07,Spain,Seville,49.38
105304,1896,2023-08-03,14/08/2023,10/08/2023,USA,Denver,27.91
105310,884,03.08.2023,2023-08-09,08/09/2023,Poland,Gdansk,3.16
105315,1128,2023-08-03,2023-08-14,08/12/2023,Germany,Frankfurt,36.74
105316,415,"Aug 03, 2023",2023-08-07,2023-08-14,Germany,Hamburg,30.52
105317,1595,03.08.2023,"Aug 16, 2023",2023-08-14,USA,Seattle,16.05
105320,1848,03/08/2023,08/12/2023,,France,Nice,32.41
105321,2997,2023-08-03,14/08/2023,09/08/2023,Poland,Poznan,12.2
105325,1752,2023-08-03,06.08.2023,07.08.2023,Poland,Warsaw,18.71
105332,1626,08/04/2023,2023-08-07,,Norway,Trondheim,13.51
105337,2184,2023-08-04,"Aug 10, 2023",2023-08-08,Canada,Calgary,5.69
105348,2815,2023-08-04,2023-08-10,2023-08-15,Poland,Warsaw,28.92
105350,875,04.08.2023,08/13/2023,2023-08-13,USA,Seattle,9.15
105351,2124,08/04/2023,07/08/2023,2023-08-11,France,Paris,35.0
105352,1794,2023-08-04,08/08/2023,08/05/2023,Sweden,Gothenburg,15.95
105358,542,"Aug 04, 2023",16.08.2023,12/08/2023,Germany,Frankfurt,11.79
105363,641,05.08.2023,"Aug 16, 2023",2023-08-06,United Kingdom,Liverpool,4.22
105364,943,2023-08-05,09.08.2023,2023-08-07,Spain,Seville,3.98
105365,2112,2023-08-05,2023-08-14,,United Kingdom,London,22.94
105367,1030,05/08/2023,2023-08-10,08/13/2023,Germany,Frankfurt,26.19
105368,2184,2023-08-05,2023-08-12,2023-08-12,Canada,Calgary,26.74
105372,2748,05.08.2023,2023-08-12,08/10/2023,USA,Boston,9.63
105373,1777,05/08/2023,15/08/2023,"Aug 09, 2023",USA,Chicago,5.72
105378,818,05/08/2023,18/08/2023,2023-08-13,Germany,Hamburg,12.68
105379,2564,2023-08-05,16/08/2023,2023-08-07,France,Nice,22.58
105386,1015,2023-08-05,2023-08-10,08/11/2023,Poland,Poznan,36.4
105388,1571,2023-08-06,"Aug 19, 2023",2023-08-07,Sweden,Malmo,9.56
105395,1595,06/08/2023,2023-08-17,"Aug 08, 2023",USA,Seattle,8.4
105396,1951,08/06/2023,2023-08-11,2023-08-12,United Kingdom,Bristol,30.31
105397,2072,"Aug 06, 2023",2023-08-14,14.08.2023,Germany,Cologne,8.06
105400,2860,06/08/2023,2023-08-14,13.08.2023,Poland,Warsaw,12.02
105403,1518,2023-08-06,09/08/2023,08/08/2023,Sweden,Malmo,20.0
105406,2859,"Aug 07, 2023",2023-08-13,14/08/2023,Sweden,Malmo,11.42
105407,2112,07/08/2023,13.08.2023,14/08/2023,United Kingdom,London,10.56
105409,419,2023-08-07,2023-08-17,"Aug 17, 2023",USA,Chicago,10.8
105410,468,1900-01-01,18.08.2023,16/08/2023,France,Marseille,16.99
105411,1975,08/07/2023,2023-08-11,2023-08-08,Germany,Cologne,20.68
105413,1865,07.08.2023,13.08.2023,2023-08-16,France,Toulouse,15.88
105417,571,"Aug 07, 2023","Aug 15, 2023",08/08/2023,Czech Republic,Brno,8.75
105419,2549,2023-08-07,16/08/2023,10/08/2023,Netherlands,Amsterdam,28.07
105420,554,2023-08-07,08/18/2023,2023-08-16,Germany,Cologne,-9.24
105423,2146,2023-08-07,"Aug 13, 2023","Aug 16, 2023",Germany,Hamburg,13.49
105424,2880,07.08.2023,2023-08-20,2023-08-10,France,Nice,15.36
105425,2555,07.08.2023,08/13/2023,2023-08-18,USA,Chicago,19.55
105426,601,07/08/2023,2023-08-13,2023-08-16,Austria,Graz,26.59
105434,1523,2023-08-08,2023-08-16,2023-08-14,Poland,Lodz,25.86
105440,1567,08/08/2023,"Aug 11, 2023",08/18/2023,USA,Austin,12.34
105444,1461,2023-08-08,"Aug 17, 2023",,USA,Denver,18.39
105445,1034,08.08.2023,2023-08-21,19.08.2023,Germany,Berlin,24.99
105448,1847,2023-08-08,2023-08-18,2023-08-16,Netherlands,Amsterdam,22.16
105450,1779,2023-08-08,16/08/2023,2023-08-12,USA,New York,15.72
105454,2330,09/08/2023,12.08.2023,16.08.2023,France,Paris,28.43
105459,1986,08/09/2023,"Aug 19, 2023",14/08/2023,France,Marseille,15.04
105460,2491,"Aug 09, 2023",17/08/2023,2023-08-10,Germany,Cologne,22.56
105463,2849,2023-08-09,15/08/2023,2023-08-19,Poland,Gdansk,42.09
105464,2995,2023-08-09,"Aug 18, 2023",12.08.2023,Czech Republic,Pilsen,10.13
105465,2354,2023-08-09,2023-08-19,16/08/2023,France,Paris,14.13
105467,737,2023-08-09,"Aug 13, 2023",2023-08-14,Poland,Warsaw,-7.54
105475,1836,10/08/2023,17.08.2023,12/08/2023,Netherlands,Rotterdam,6.55
105478,491,2023-08-10,"Aug 16, 2023",2023-08-12,Poland,Wroclaw,17.65
105480,2587,2023-08-10,2023-08-16,21/08/2023,France,Marseille,19.6
105483,2516,2023-08-10,2023-08-18,,Norway,Stavanger,7.83
105484,1717,08/10/2023,2023-08-20,17.08.2023,Germany,Cologne,23.17
105485,2471,2023-08-10,2023-08-20,2023-08-17,USA,Seattle,24.31
105487,927,2023-08-10,23.08.2023,08/20/2023,Germany,Munich,11.6
105491,2171,2023-08-10,19/08/2023,2023-08-12,United Kingdom,Liverpool,17.78
105494,1328,08/11/2023,"Aug 22, 2023",16.08.2023,Spain,Barcelona,15.78
105497,628,08/11/2023,23/08/2023,2023-08-16,United Kingdom,London,13.12
105498,94,2023-08-11,"Aug 16, 2023",2023-08-13,United Kingdom,Leeds,17.89
105506,367,2023-08-11,08/15/2023,2023-08-13,Spain,Madrid,7.03
105517,887,12/08/2023,2023-08-25,2023-08-22,France,Marseille,20.47
105522,1895,"Aug 12, 2023",2023-08-23,,Austria,Salzburg,13.85
105523,149,"Aug 12, 2023",2023-08-22,2023-08-16,Netherlands,Rotterdam,11.01
105524,1600,2023-08-12,"Aug 23, 2023",2023-08-22,Poland,Poznan,11.88
105525,2646,2023-08-12,2023-08-16,"Aug 17, 2023",United Kingdom,Bristol,19.21
105531,2885,08/13/2023,2023-08-18,08/24/2023,Germany,Frankfurt,18.11
105542,2822,2023-08-13,2023-08-26,20/08/2023,United Kingdom,Liverpool,20.9
105543,1054,2023-08-13,25/08/2023,2023-08-24,Netherlands,Amsterdam,6.53
105547,26,2023-08-13,23/08/2023,18/08/2023,Czech Republic,Brno,11.82
105548,1908,2023-08-13,2023-08-22,,France,Toulouse,15.75
105550,2624,"Aug 13, 2023",2023-08-16,2023-08-22,Italy,Rome,17.19
105554,1497,2023-08-14,2023-08-17,,Spain,Seville,15.53
105555,1499,2023-08-14,23/08/2023,2023-08-21,France,Paris,24.06
105557,1174,2023-08-14,2023-08-21,2023-08-17,USA,Austin,14.06
105558,1771,2023-08-14,25/08/2023,2023-08-17,Netherlands,Eindhoven,14.33
105559,2003,14/08/2023,08/19/2023,,France,Toulouse,6.5
105562,34,14.08.2023,2023-08-22,17/08/2023,Poland,Gdansk,6.59
105565,2057,2023-08-14,2023-08-23,23.08.2023,Netherlands,Amsterdam,4.65
105575,2564,2023-08-14,2023-08-26,19/08/2023,France,Nice,7.93
105580,781,14.08.2023,2023-08-25,"Aug 21, 2023",Italy,Florence,29.46
105581,2190,2023-08-14,"Aug 19, 2023",2023-08-19,United Kingdom,Liverpool,7.97
105584,1318,15.08.2023,"Aug 27, 2023",2023-08-20,USA,Boston,8.88
105586,422,08/15/2023,2023-08-23,,Germany,Cologne,12.75
105591,2651,2023-08-15,2023-08-21,2023-08-18,Italy,Rome,10.36
105596,1823,15.08.2023,2023-08-23,2023-08-17,Norway,Oslo,14.64
105597,996,2023-08-15,2023-08-20,22/08/2023,Czech Republic,Ostrava,15.08
105600,707,15.08.2023,2023-08-18,"Aug 19, 2023",Poland,Gdansk,15.44
105602,923,08/15/2023,26/08/2023,2023-08-22,USA,Chicago,4.01
105607,194,16/08/2023,21/08/2023,2023-08-20,Italy,Naples,17.25
105611,171,2023-08-16,"Aug 27, 2023",2023-08-25,Italy,Florence,23.0
105612,484,"Aug 16, 2023",2023-08-23,,Germany,Cologne,14.81
105614,794,16.08.2023,20/08/2023,08/24/2023,Spain,Madrid,7.09
105619,1159,2023-08-16,2023-08-22,2023-08-23,Sweden,Malmo,5.03
105620,1368,16.08.2023,20/08/2023,2023-08-17,France,Nice,17.74
105624,2987,16/08/2023,27/08/2023,21/08/2023,Poland,Krakow,24.13
105625,2177,1900-01-01,19.08.2023,"Aug 17, 2023",Germany,Berlin,14.52
105626,263,"Aug 16, 2023",2023-08-28,17/08/2023,Czech Republic,Brno,28.34
105629,1019,"Aug 16, 2023",2023-08-21,"Aug 26, 2023",Czech Republic,Brno,33.07
105632,1159,2023-08-16,2023-08-20,2023-08-25,Sweden,Malmo,27.46
105634,1209,2023-08-16,25.08.2023,,Netherlands,Utrecht,32.18
105637,1469,2023-08-17,27.08.2023,"Aug 25, 2023",Netherlands,Amsterdam,14.9
105638,2118,2023-08-17,"Aug 27, 2023",19.08.2023,France,Lyon,12.93
105640,181,17.08.2023,08/22/2023,26/08/2023,Poland,Gdansk,19.28
105643,376,"Aug 17, 2023",25.08.2023,28/08/2023,Poland,Poznan,6.2
105644,1997,08/17/2023,2023-08-28,25/08/2023,Austria,Salzburg,40.95
105646,2884,2023-08-17,2023-08-25,28/08/2023,United Kingdom,London,9.9
105647,1631,"Aug 17, 2023",2023-08-28,,Norway,Trondheim,12.06
105650,1975,17.08.2023,08/29/2023,"Aug 24, 2023",Germany,Cologne,20.4
105654,867,2023-08-17,24/08/2023,2023-08-24,France,Nice,11.2
105663,754,"Aug 17, 2023",27.08.2023,08/21/2023,USA,Chicago,30.39
105664,1238,2023-08-17,2023-08-27,,United Kingdom,Liverpool,6.28
105665,2266,2023-08-17,"Aug 24, 2023",08/22/2023,United Kingdom,Leeds,29.77
105666,1012,"Aug 17, 2023",23.08.2023,08/21/2023,Germany,Munich,25.34
105670,1882,"Aug 18, 2023","Aug 25, 2023",29.08.2023,Italy,Rome,7.52
105671,1993,08/18/2023,2023-08-31,2023-08-27,Italy,Naples,6.32
105675,1589,18.08.2023,2023-08-26,27.08.2023,United Kingdom,Bristol,15.39
105676,2807,2023-08-18,2023-08-26,,United Kingdom,Bristol,30.5
105677,1875,18/08/2023,28/08/2023,"Aug 23, 2023",Poland,Warsaw,19.58
105678,970,2023-08-18,2023-08-28,2023-08-29,United Kingdom,Bristol,39.5
105682,2480,18/08/2023,08/24/2023,2023-08-29,Norway,Stavanger,23.57
105684,1308,08/18/2023,2023-08-22,2023-08-28,Canada,Montreal,13.21
105689,2780,18/08/2023,"Aug 27, 2023",2023-08-23,Netherlands,Utrecht,16.51
105690,2676,2023-08-18,2023-08-27,"Aug 28, 2023",Austria,Vienna,16.4
105692,2592,"Aug 18, 2023",2023-08-22,"Aug 20, 2023",Norway,Stavanger,6.85
105693,2965,18/08/2023,26/08/2023,,Italy,Turin,10.23
105696,236,"Aug 18, 2023",24.08.2023,24.08.2023,USA,Boston,11.89
105700,837,2023-08-19,25/08/2023,23/08/2023,Italy,Rome,18.3
105705,989,19.08.2023,09/01/2023,2023-08-28,Germany,Hamburg,22.71
105707,411,2023-08-19,2023-09-01,,Poland,Lodz,24.76
105712,2680,19/08/2023,"Aug 27, 2023",,Netherlands,Amsterdam,15.32
105714,1908,"Aug 19, 2023",23.08.2023,,France,Toulouse,35.64
105716,1623,"Aug 19, 2023","Aug 26, 2023",2023-08-28,United Kingdom,Bristol,12.58
105718,1559,19.08.2023,2023-08-25,28/08/2023,Germany,Cologne,18.88
105719,642,"Aug 19, 2023",2023-08-29,21/08/2023,Poland,Wroclaw,22.93
105721,64,08/19/2023,2023-08-29,2023-08-28,Germany,Cologne,14.99
105729,2749,2023-08-20,"Sep 01, 2023",2023-08-26,Netherlands,Amsterdam,25.14
105735,1869,"Aug 20, 2023",29/08/2023,"Aug 22, 2023",Sweden,Gothenburg,29.16
105741,2056,1900-01-01,23/08/2023,29/08/2023,Germany,Cologne,17.82
105744,2916,"Aug 20, 2023",08/30/2023,,Spain,Valencia,17.17
105748,824,2023-08-20,2023-08-23,2023-08-26,Poland,Lodz,11.12
105754,1840,"Aug 21, 2023",2023-08-28,24/08/2023,Poland,Wroclaw,24.35
105756,2585,21/08/2023,2023-08-24,2023-08-25,Germany,Hamburg,16.04
105757,2972,2023-08-21,2023-08-27,22/08/2023,United Kingdom,Liverpool,11.69
105765,2165,"Aug 21, 2023",03.09.2023,2023-08-27,Germany,Berlin,11.25
105773,1568,21/08/2023,2023-08-24,,Poland,Warsaw,7.01
105784,2995,2023-08-22,2023-08-28,31.08.2023,Czech Republic,Pilsen,17.9
105787,2092,"Aug 22, 2023","Aug 30, 2023",,Austria,Linz,10.28
105788,2778,"Aug 22, 2023","Aug 28, 2023",2023-08-27,Netherlands,Eindhoven,25.73
105789,59,22/08/2023,2023-08-30,2023-08-29,United Kingdom,Liverpool,42.78
105790,1437,22.08.2023,27.08.2023,30.08.2023,Czech Republic,Pilsen,29.24
105791,756,22.08.2023,"Aug 25, 2023",2023-08-24,Poland,Krakow,28.42
105797,50,"Aug 23, 2023",01/09/2023,27.08.2023,Canada,Vancouver,41.89
105802,983,2023-08-23,2023-09-03,2023-08-26,Spain,Valencia,14.75
105811,144,23.08.2023,02/09/2023,2023-08-27,United Kingdom,Leeds,15.21
105813,1981,23/08/2023,30/08/2023,2023-08-29,Poland,Krakow,15.65
105815,2700,2023-08-23,28/08/2023,,Sweden,Malmo,16.59
105819,2117,2023-08-24,30.08.2023,26.08.2023,Poland,Poznan,21.92
105820,1812,2023-08-24,27/08/2023,,Poland,Gdansk,11.71
105821,1159,2023-08-24,09/06/2023,03.09.2023,Sweden,Malmo,14.68
105824,1401,24/08/2023,2023-09-03,08/26/2023,France,Paris,20.97
105826,1405,08/24/2023,2023-08-31,31/08/2023,Germany,Berlin,12.27
105827,136,2023-08-24,"Sep 03, 2023",01/09/2023,Sweden,Uppsala,11.29
105839,576,2023-08-24,27.08.2023,31.08.2023,Italy,Milan,21.29
105841,2541,2023-08-24,2023-09-03,2023-08-30,Italy,Naples,17.07
105844,387,"Aug 25, 2023",2023-08-31,2023-08-30,France,Paris,13.6
105846,133,"Aug 25, 2023",07/09/2023,2023-09-03,United Kingdom,Liverpool,25.41
105849,401,25/08/2023,08/30/2023,2023-09-04,France,Nice,5.65
105850,73,"Aug 25, 2023",09/01/2023,,Italy,Naples,23.47
105851,1130,2023-08-25,2023-08-28,27.08.2023,France,Nice,25.63
105852,2486,2023-08-25,03.09.2023,2023-08-31,Poland,Gdansk,30.88
105856,78,2023-08-25,01/09/2023,2023-08-27,Italy,Rome,18.07
105860,151,25.08.2023,29/08/2023,2023-08-26,France,Lyon,18.18
105862,2877,08/25/2023,2023-09-06,2023-08-26,Germany,Berlin,21.69
105864,641,25.08.2023,2023-08-29,2023-08-31,United Kingdom,Liverpool,16.42
105869,2396,2023-08-25,2023-09-04,26/08/2023,USA,Seattle,17.77
105875,2726,2023-08-26,2023-09-02,"Sep 05, 2023",Germany,Munich,33.31
105880,2741,26/08/2023,29/08/2023,06.09.2023,United Kingdom,Leeds,7.01
105890,2825,2023-08-26,"Sep 08, 2023",2023-09-02,France,Nice,27.26
105897,2608,27/08/2023,07/09/2023,05/09/2023,Italy,Rome,8.15
105903,1821,08/27/2023,08/09/2023,2023-08-30,Germany,Cologne,46.04
105906,77,2023-08-27,2023-09-09,2023-09-06,United Kingdom,Bristol,18.15
105908,2522,2023-08-27,04.09.2023,08/30/2023,Spain,Bilbao,12.22
105911,613,2023-08-28,2023-09-09,2023-09-05,United Kingdom,Leeds,16.97
105913,1121,2023-08-28,2023-08-31,"Sep 01, 2023",Sweden,Malmo,9.16
105923,816,2023-08-28,08/09/2023,"Sep 07, 2023",Spain,Seville,28.1
105927,1064,28/08/2023,2023-09-02,2023-09-05,Poland,Poznan,12.74
105928,1829,08/28/2023,2023-09-10,2023-09-07,Netherlands,Eindhoven,16.15
105929,674,2023-08-28,2023-09-02,05.09.2023,France,Toulouse,12.65
105930,2477,28.08.2023,31/08/2023,08/30/2023,Poland,Krakow,23.21
105939,1026,"Aug 29, 2023",03/09/2023,2023-09-03,Italy,Milan,-19.28
105945,1607,2023-08-29,2023-09-06,2023-08-31,United Kingdom,Leeds,15.41
105949,2799,29.08.2023,2023-09-05,09/08/2023,Netherlands,Amsterdam,20.07
105958,1397,2023-08-29,01/09/2023,09/09/2023,Germany,Hamburg,41.7
105963,946,29.08.2023,02/09/2023,06/09/2023,Czech Republic,Brno,39.06
105964,2672,08/29/2023,2023-09-10,2023-09-04,United Kingdom,Leeds,8.76
105965,563,08/29/2023,2023-09-07,09/07/2023,Norway,Trondheim,4.39
105969,1723,30.08.2023,08/09/2023,2023-09-03,Germany,Munich,8.0
105971,943,30/08/2023,2023-09-05,,Spain,Seville,41.56
105977,2680,2023-08-30,2023-09-10,05.09.2023,Netherlands,Amsterdam,5.7
105978,686,30/08/2023,10/09/2023,2023-09-10,Czech Republic,Pilsen,19.66
105982,1278,08/30/2023,09.09.2023,2023-09-09,Sweden,Gothenburg,9.43
105989,2380,2023-08-30,09/04/2023,10.09.2023,United Kingdom,Leeds,10.23
105992,2932,2023-08-30,09/10/2023,,Germany,Hamburg,30.83
105993,1673,2023-08-30,2023-09-08,09/03/2023,United Kingdom,London,9.76
106003,1883,1900-01-01,2023-09-06,2023-09-01,Norway,Oslo,7.01
106004,2004,2023-08-31,06.09.2023,2023-09-06,Poland,Poznan,13.77
106008,2549,2023-09-01,2023-09-14,09/05/2023,Netherlands,Amsterdam,25.17
106009,2003,01/09/2023,2023-09-14,09/05/2023,France,Toulouse,6.97
106011,1133,"Sep 01, 2023",09/08/2023,2023-09-12,Sweden,Uppsala,21.34
106016,368,2023-09-01,2023-09-10,2023-09-02,USA,Austin,5.95
106020,1892,09/01/2023,06.09.2023,09/04/2023,Germany,Hamburg,38.31
106022,1962,2023-09-01,13.09.2023,,Italy,Milan,6.93
106025,2836,09/01/2023,06.09.2023,2023-09-08,USA,Boston,31.12
106027,1034,09/01/2023,2023-09-14,2023-09-05,Germany,Berlin,18.51
106028,2958,09/01/2023,11/09/2023,09/03/2023,Canada,Vancouver,10.06
106030,758,02.09.2023,13.09.2023,03.09.2023,France,Toulouse,28.14
106031,201,02.09.2023,2023-09-13,"Sep 06, 2023",Czech Republic,Pilsen,9.48
106034,2636,02.09.2023,2023-09-13,"Sep 08, 2023",Poland,Wroclaw,8.03
106037,2194,2023-09-02,2023-09-15,03/09/2023,France,Toulouse,37.45
106039,2646,02.09.2023,2023-09-05,2023-09-07,United Kingdom,Bristol,21.21
106041,2697,"Sep 03, 2023",2023-09-10,2023-09-12,Canada,Montreal,17.29
106043,390,2023-09-03,2023-09-16,"Sep 07, 2023",Czech Republic,Pilsen,18.0
106044,1588,03.09.2023,"Sep 11, 2023",2023-09-04,Spain,Bilbao,73.18
106046,2260,2023-09-03,2023-09-07,09/09/2023,United Kingdom,Bristol,25.63
106047,378,2023-09-03,08.09.2023,,United Kingdom,Manchester,11.02
106051,1608,03/09/2023,09/16/2023,2023-09-09,Netherlands,Eindhoven,21.63
106053,218,2023-09-03,"Sep 06, 2023",09/08/2023,Norway,Oslo,7.72
106055,1231,2023-09-03,10.09.2023,12.09.2023,Poland,Warsaw,20.97
106066,2973,2023-09-04,09/17/2023,09/05/2023,France,Paris,22.32
106069,2044,04.09.2023,"Sep 10, 2023",2023-09-07,Germany,Berlin,13.9
106072,1648,09/04/2023,2023-09-07,2023-09-14,Germany,Hamburg,14.06
106078,1223,2023-09-04,2023-09-10,2023-09-14,Spain,Seville,6.75
106079,169,04/09/2023,2023-09-09,,Germany,Munich,11.99
106080,2498,04/09/2023,09/11/2023,2023-09-05,United Kingdom,Manchester,22.13
106083,2951,04/09/2023,2023-09-10,"Sep 08, 2023",France,Nice,14.96
106084,1977,2023-09-04,07/09/2023,2023-09-09,United Kingdom,Bristol,4.19
106089,26,2023-09-04,14.09.2023,2023-09-15,Czech Republic,Brno,14.12
106091,71,2023-09-04,11/09/2023,2023-09-09,Czech Republic,Brno,6.38
106095,2780,04/09/2023,09/14/2023,"Sep 09, 2023",Netherlands,Utrecht,23.51
106099,1705,2023-09-05,2023-09-13,,Italy,Naples,6.94
106103,701,2023-09-05,15.09.2023,15.09.2023,United Kingdom,Liverpool,11.71
106104,2051,2023-09-05,13.09.2023,16.09.2023,United Kingdom,London,23.55
106105,27,05/09/2023,2023-09-17,2023-09-12,Czech Republic,Pilsen,10.33
106106,2861,"Sep 05, 2023",09.09.2023,09/09/2023,France,Paris,19.54
106107,1728,05/09/2023,2023-09-17,2023-09-10,Netherlands,Utrecht,5.8
106109,234,2099-01-01,08.09.2023,2023-09-12,Germany,Cologne,6.74
106116,1121,09/05/2023,2023-09-11,12/09/2023,Sweden,Malmo,13.44
106118,2665,2023-09-05,2023-09-16,,United Kingdom,Leeds,9.45
106121,1355,2023-09-06,2023-09-13,2023-09-10,Spain,Madrid,13.78
106127,2185,2023-09-06,09/09/2023,2023-09-08,Germany,Cologne,17.64
106129,1382,2023-09-06,"Sep 14, 2023",10.09.2023,Czech Republic,Brno,20.32
106137,1771,2023-09-06,2023-09-15,15/09/2023,Netherlands,Eindhoven,18.75
106138,317,2023-09-06,17.09.2023,15.09.2023,United Kingdom,Leeds,34.46
106139,1167,09/07/2023,10/09/2023,"Sep 16, 2023",France,Lyon,21.22
106141,227,2023-09-07,2023-09-18,2023-09-09,Germany,Berlin,7.51
106144,539,07/09/2023,2023-09-13,2023-09-14,Austria,Graz,26.69
106145,541,2023-09-07,2023-09-20,"Sep 14, 2023",France,Marseille,9.54
106146,1102,"Sep 07, 2023",2023-09-17,"Sep 09, 2023",Sweden,Gothenburg,26.21
106148,2815,2023-09-07,14/09/2023,2023-09-15,Poland,Warsaw,10.23
106149,973,"Sep 07, 2023",2023-09-12,18/09/2023,Czech Republic,Brno,12.83
106151,398,07/09/2023,2023-09-10,"Sep 10, 2023",Czech Republic,Ostrava,17.44
106158,1070,07/09/2023,12.09.2023,"Sep 13, 2023",Poland,Lodz,21.0
106159,1184,"Sep 07, 2023","Sep 11, 2023",15.09.2023,Italy,Turin,14.17
106161,1360,2023-09-07,2023-09-13,"Sep 10, 2023",Sweden,Gothenburg,12.8
106163,1674,08/09/2023,09/19/2023,2023-09-16,Netherlands,Eindhoven,10.76
106164,389,2023-09-08,21/09/2023,09/11/2023,Poland,Wroclaw,16.27
106166,621,08/09/2023,12/09/2023,18/09/2023,United Kingdom,Leeds,6.46
106167,855,"Sep 08, 2023",14/09/2023,14/09/2023,Spain,Madrid,14.6
106172,828,2023-09-08,2023-09-13,09/18/2023,United Kingdom,Manchester,13.18
106173,1603,08/09/2023,2023-09-19,15.09.2023,Sweden,Uppsala,14.59
106181,308,2023-09-08,2023-09-17,,USA,New York,28.41
106183,2869,2023-09-08,18/09/2023,09/09/2023,Germany,Cologne,25.32
106185,475,08/09/2023,12.09.2023,2023-09-19,Germany,Hamburg,10.39
106186,2441,2023-09-08,09/11/2023,2023-09-16,United Kingdom,Manchester,20.21
106189,990,2023-09-08,20/09/2023,,Austria,Linz,8.53
106193,1827,2023-09-09,12/09/2023,2023-09-11,Sweden,Gothenburg,23.91
106198,475,2023-09-09,2023-09-22,2023-09-18,Germany,Hamburg,19.93
106200,2520,2023-09-09,2023-09-16,2023-09-11,Poland,Wroclaw,13.02
106201,1725,2023-09-09,2023-09-19,2023-09-20,United Kingdom,Manchester,22.45
106202,1264,2023-09-09,2023-09-14,09/16/2023,USA,Denver,16.88
106205,950,2023-09-09,"Sep 13, 2023",2023-09-14,USA,Boston,11.46
106218,1134,09/10/2023,"Sep 17, 2023",2023-09-21,Spain,Bilbao,30.08
106223,1870,10/09/2023,2023-09-13,"Sep 14, 2023",Czech Republic,Prague,13.02
106231,2215,2023-09-10,2023-09-17,,Czech Republic,Prague,10.01
106235,709,09/10/2023,"Sep 13, 2023",20/09/2023,France,Marseille,17.36
106236,2870,10/09/2023,2023-09-13,09/18/2023,Spain,Valencia,11.0
106238,2390,09/10/2023,"Sep 13, 2023",11.09.2023,Spain,Barcelona,23.55
106242,895,11.09.2023,2023-09-19,,Netherlands,Rotterdam,11.69
106245,2737,"Sep 11, 2023",20.09.2023,2023-09-12,Canada,Vancouver,26.55
106247,476,11/09/2023,2023-09-14,,United Kingdom,Leeds,6.03
106248,2182,11/09/2023,"Sep 24, 2023",,Czech Republic,Prague,15.81
106249,319,11/09/2023,2023-09-18,2023-09-20,United Kingdom,London,45.14
106253,484,11/09/2023,2023-09-15,,Germany,Cologne,8.65
106257,2651,2023-09-11,14/09/2023,"Sep 18, 2023",Italy,Rome,31.57
106261,435,2023-09-11,09/17/2023,16/09/2023,Italy,Milan,8.73
106264,1648,2023-09-11,2023-09-20,12.09.2023,Germany,Hamburg,18.92
106268,984,2023-09-11,"Sep 14, 2023",17.09.2023,France,Lyon,9.61
106270,378,09/12/2023,15/09/2023,20/09/2023,United Kingdom,Manchester,16.34
106274,858,09/12/2023,2023-09-20,09/18/2023,Poland,Lodz,45.1
106275,137,09/12/2023,20/09/2023,2023-09-21,Poland,Wroclaw,30.27
106278,26,2023-09-12,24.09.2023,19.09.2023,Czech Republic,Brno,23.16
106279,2961,2023-09-12,2023-09-18,22.09.2023,Italy,Rome,5.59
106283,101,2023-09-12,09/15/2023,2023-09-13,Norway,Stavanger,36.9
106285,1627,2023-09-12,09/21/2023,20/09/2023,Poland,Lodz,25.41
106292,2283,09/12/2023,24.09.2023,19/09/2023,United Kingdom,Manchester,18.23
106293,1814,2023-09-12,2023-09-24,2023-09-13,Germany,Munich,27.44
106297,827,13.09.2023,25.09.2023,2023-09-14,Spain,Bilbao,7.43
106304,1458,13/09/2023,09/21/2023,2023-09-18,Netherlands,Rotterdam,17.42
106305,1374,13/09/2023,2023-09-21,"Sep 17, 2023",France,Lyon,26.18
106306,2685,2023-09-13,24.09.2023,2023-09-16,Sweden,Malmo,7.84
106307,2750,09/13/2023,09/22/2023,2023-09-18,Norway,Trondheim,17.76
106310,1209,2023-09-13,"Sep 16, 2023",2023-09-23,Netherlands,Utrecht,20.29
106316,2266,2023-09-14,"Sep 19, 2023",,United Kingdom,Leeds,16.51
106317,1906,"Sep 14, 2023","Sep 20, 2023",21.09.2023,Poland,Krakow,15.56
106320,613,14/09/2023,2023-09-27,09/19/2023,United Kingdom,Leeds,17.98
106322,1993,14.09.2023,2023-09-27,,Italy,Naples,13.33
106326,1589,14/09/2023,09/26/2023,"Sep 22, 2023",United Kingdom,Bristol,33.09
106328,2195,2023-09-14,2023-09-19,2023-09-20,Germany,Munich,18.65
106330,481,09/14/2023,09/20/2023,2023-09-19,Canada,Ottawa,7.97
106331,855,09/14/2023,26/09/2023,20/09/2023,Spain,Madrid,33.89
106332,2388,09/14/2023,17.09.2023,2023-09-19,Spain,Valencia,8.16
106334,2237,09/14/2023,2023-09-18,09/23/2023,Norway,Oslo,21.52
106338,950,"Sep 15, 2023","Sep 23, 2023",2023-09-16,USA,Boston,7.16
106339,931,09/15/2023,2023-09-18,,Spain,Seville,5.59
106341,350,09/15/2023,2023-09-25,2023-09-19,Spain,Valencia,30.21
106344,2177,2023-09-15,2023-09-18,2023-09-22,Germany,Berlin,36.69
106346,1694,15/09/2023,09/26/2023,"Sep 16, 2023",Poland,Krakow,12.69
106347,1789,15/09/2023,09/18/2023,23/09/2023,Germany,Hamburg,20.14
106349,430,2023-09-15,2023-09-23,2023-09-17,France,Lyon,20.02
106350,2942,2023-09-15,2023-09-24,2023-09-19,Germany,Cologne,13.1
106352,2109,15/09/2023,25.09.2023,2023-09-21,Austria,Linz,4.32
106354,2847,15/09/2023,26/09/2023,2023-09-19,Netherlands,Amsterdam,27.44
106356,2858,16.09.2023,2023-09-28,"Sep 23, 2023",Germany,Munich,10.02
106358,2315,2023-09-16,"Sep 29, 2023","Sep 27, 2023",Italy,Florence,16.18
106360,1967,2023-09-16,09/27/2023,2023-09-18,Spain,Madrid,12.37
106363,2783,2023-09-16,28/09/2023,2023-09-19,Italy,Milan,13.98
106369,1009,2023-09-16,09/22/2023,09/19/2023,France,Toulouse,16.39
106371,2372,2023-09-16,"Sep 21, 2023",,France,Marseille,29.58
106372,664,2023-09-16,09/21/2023,,Germany,Cologne,5.38
106375,1541,"Sep 16, 2023",20.09.2023,18.09.2023,Poland,Krakow,21.42
106378,932,"Sep 16, 2023","Sep 24, 2023",18/09/2023,USA,Boston,21.49
106379,568,2023-09-16,"Sep 29, 2023",,Canada,Toronto,28.4
106382,1208,17/09/2023,29.09.2023,2023-09-19,United Kingdom,London,15.63
106396,586,2023-09-17,"Sep 29, 2023",23/09/2023,France,Paris,25.94
106404,2585,2023-09-18,2023-09-30,2023-09-21,Germany,Hamburg,12.61
106405,41,18/09/2023,"Sep 26, 2023",28.09.2023,Poland,Poznan,8.52
106406,2354,2023-09-18,26.09.2023,,France,Paris,-9.15
106408,2485,09/18/2023,2023-09-21,2023-09-22,USA,Chicago,19.18
106412,854,2023-09-18,2023-09-27,09/19/2023,Spain,Madrid,26.95
106416,2995,2023-09-18,24/09/2023,2023-09-23,Czech Republic,Pilsen,30.97
106422,1474,"Sep 18, 2023",2023-09-27,19.09.2023,France,Toulouse,21.65
106424,688,2023-09-18,2023-10-01,29/09/2023,Netherlands,Utrecht,15.4
106425,1959,18.09.2023,2023-09-30,,Sweden,Gothenburg,28.46
106432,1264,2023-09-19,2023-09-27,,USA,Denver,13.58
106433,932,19.09.2023,09/29/2023,23.09.2023,USA,Boston,6.67
106435,2773,09/19/2023,"Sep 29, 2023",2023-09-24,Poland,Krakow,17.62
106440,531,2023-09-19,2023-09-29,25/09/2023,Poland,Krakow,33.69
106445,2094,"Sep 19, 2023",22.09.2023,2023-09-25,Netherlands,Eindhoven,24.03
106446,1534,"Sep 19, 2023",2023-09-28,22.09.2023,Germany,Munich,9.82
106451,1912,"Sep 20, 2023","Sep 26, 2023",2023-09-30,United Kingdom,Manchester,24.26
106456,2952,2023-09-20,09/26/2023,23.09.2023,Sweden,Uppsala,7.57
106457,1263,20/09/2023,09/23/2023,2023-09-30,Poland,Krakow,7.14
106459,1452,2023-09-20,30/09/2023,2023-09-21,Netherlands,Amsterdam,18.79
106465,1771,20/09/2023,09/23/2023,2023-09-29,Netherlands,Eindhoven,28.53
106467,649,2023-09-20,2023-09-26,,Spain,Seville,4.73
106472,2258,2023-09-20,2023-09-28,2023-09-23,Czech Republic,Brno,10.7
106473,2568,2023-09-20,"Sep 29, 2023",24.09.2023,France,Paris,18.9
106474,1237,2023-09-21,2023-10-03,2023-09-26,USA,Boston,12.03
106475,20,2023-09-21,2023-09-28,2023-09-24,Poland,Krakow,13.61
106481,2849,2023-09-21,2023-09-27,2023-09-30,Poland,Gdansk,16.53
106482,2548,2023-09-21,2023-09-30,2023-09-28,Austria,Salzburg,15.46
106483,151,2023-09-21,01/10/2023,2023-09-24,France,Lyon,36.91
106488,945,2023-09-21,09/30/2023,,USA,Boston,8.53
106492,198,22/09/2023,2023-09-29,2023-09-27,United Kingdom,Liverpool,15.05
106493,289,22/09/2023,2023-10-04,01.10.2023,Spain,Seville,20.07
106494,488,2023-09-22,2023-09-28,2023-09-24,United Kingdom,Liverpool,21.12
106496,794,2023-09-22,30.09.2023,09/24/2023,Spain,Madrid,18.16
106498,1685,22/09/2023,2023-09-26,2023-10-01,Netherlands,Amsterdam,28.02
106504,2418,09/22/2023,2023-09-26,,Poland,Poznan,16.95
106505,1125,22.09.2023,02/10/2023,2023-10-02,Germany,Frankfurt,36.49
106510,145,2023-09-22,2023-09-30,2023-10-01,Italy,Florence,15.75
106518,1981,23.09.2023,28/09/2023,01/10/2023,Poland,Krakow,22.49
106520,73,23.09.2023,"Oct 05, 2023",01/10/2023,Italy,Naples,45.09
106521,1856,2023-09-23,09/29/2023,"Oct 03, 2023",USA,Denver,20.37
106530,1117,23.09.2023,"Oct 05, 2023",2023-10-02,Italy,Florence,30.65
106534,28,2023-09-23,2023-09-26,2023-10-01,France,Paris,10.96
106535,1145,2023-09-23,09/30/2023,,Germany,Munich,8.67
106537,801,23.09.2023,28/09/2023,2023-10-02,Italy,Rome,16.81
106540,1364,24/09/2023,2023-09-29,2023-10-03,Canada,Vancouver,22.21
106541,2897,"Sep 24, 2023",2023-10-03,09/27/2023,Austria,Linz,12.43
106544,1533,2023-09-24,28.09.2023,,Canada,Ottawa,27.01
106549,2218,24/09/2023,28/09/2023,2023-09-30,United Kingdom,London,21.19
106560,208,24/09/2023,28.09.2023,"Sep 26, 2023",Poland,Warsaw,34.22
106561,2266,"Sep 24, 2023",29/09/2023,2023-09-25,United Kingdom,Leeds,22.45
106562,1130,09/24/2023,30.09.2023,,France,Nice,9.17
106566,2647,25/09/2023,2023-10-08,09/30/2023,Italy,Florence,14.99
106567,1578,2023-09-25,05.10.2023,2023-10-06,Poland,Poznan,30.27
106568,586,2023-09-25,"Sep 30, 2023",2023-09-29,France,Paris,16.56
106573,2058,2023-09-25,2023-10-01,,USA,New York,54.34
106580,641,09/25/2023,2023-10-06,2023-10-05,United Kingdom,Liverpool,7.14
106583,1243,2023-09-25,2023-10-06,,Canada,Ottawa,22.98
106584,500,2023-09-25,10/03/2023,02/10/2023,Poland,Lodz,10.44
106585,2412,"Sep 25, 2023",2023-10-05,29.09.2023,Canada,Calgary,5.59
106588,2040,2023-09-25,2023-10-08,10/06/2023,USA,Austin,22.47
106593,1938,2023-09-25,"Oct 07, 2023",2023-09-30,Germany,Cologne,9.18
106594,2568,09/25/2023,2023-10-05,06.10.2023,France,Paris,19.24
106596,2239,26/09/2023,03.10.2023,07/10/2023,Germany,Frankfurt,31.41
106598,2530,"Sep 26, 2023",2023-09-29,29/09/2023,Sweden,Malmo,22.94
106601,870,26.09.2023,"Oct 01, 2023",2023-10-03,Spain,Bilbao,16.21
106602,2866,26/09/2023,2023-09-30,28/09/2023,USA,New York,8.98
106605,366,26/09/2023,10/02/2023,2023-10-05,United Kingdom,Bristol,17.47
106606,1961,2023-09-26,07/10/2023,2023-10-07,Netherlands,Utrecht,5.64
106609,1563,26/09/2023,2023-10-01,07.10.2023,Netherlands,Amsterdam,20.42
106610,770,26/09/2023,10/02/2023,02/10/2023,Czech Republic,Ostrava,19.21
106614,1440,26/09/2023,"Oct 04, 2023",2023-10-05,United Kingdom,Leeds,25.4
106615,2668,2023-09-26,07/10/2023,2023-10-05,Austria,Graz,25.81
106616,191,2023-09-26,2023-10-05,01.10.2023,Poland,Wroclaw,11.62
106618,1765,"Sep 26, 2023",2023-09-29,09/27/2023,Norway,Stavanger,23.04
106620,483,2023-09-27,03/10/2023,10/02/2023,Germany,Berlin,15.39
106623,663,2023-09-27,2023-10-09,08/10/2023,Germany,Hamburg,16.01
106638,357,09/27/2023,"Oct 10, 2023",2023-10-02,Germany,Frankfurt,19.79
106645,1350,2023-09-28,04.10.2023,,Norway,Trondheim,44.22
106647,1478,09/28/2023,01/10/2023,,United Kingdom,Leeds,6.15
106650,2751,28.09.2023,2023-10-06,2023-10-05,France,Paris,12.52
106652,554,09/28/2023,2023-10-11,,Germany,Cologne,8.73
106654,2288,2023-09-28,2023-10-08,,United Kingdom,Leeds,10.98
106655,2353,2023-09-28,2023-10-06,,Italy,Turin,12.36
106656,2795,2023-09-28,2023-10-03,10/05/2023,Netherlands,Rotterdam,59.06
106657,2950,09/28/2023,2023-10-05,07/10/2023,Netherlands,Utrecht,9.4
106658,867,28.09.2023,"Oct 04, 2023","Oct 09, 2023",France,Nice,15.3
106663,2828,2023-09-29,2023-10-08,"Oct 07, 2023",United Kingdom,Bristol,21.08
106664,2920,29/09/2023,"Oct 11, 2023",2023-10-06,Germany,Frankfurt,5.86
106665,17,2023-09-29,2023-10-06,30.09.2023,Poland,Lodz,16.97
106667,1209,29.09.2023,"Oct 02, 2023",2023-10-03,Netherlands,Utrecht,5.37
106671,2357,2023-09-29,2023-10-07,2023-10-03,France,Marseille,5.54
106672,2416,09/29/2023,05/10/2023,2023-10-08,Sweden,Malmo,34.88
106676,34,2023-09-29,2023-10-02,02/10/2023,Poland,Gdansk,56.55
106677,2910,09/29/2023,2023-10-09,2023-10-03,Spain,Valencia,4.77
106678,1405,2023-09-29,2023-10-09,10/08/2023,Germany,Berlin,11.43
106679,2056,29.09.2023,02.10.2023,"Oct 01, 2023",Germany,Cologne,6.82
106687,2737,2023-09-30,06.10.2023,10/10/2023,Canada,Vancouver,8.54
106688,1130,30/09/2023,10.10.2023,2023-10-03,France,Nice,33.63
106689,2907,"Sep 30, 2023",03.10.2023,11.10.2023,Sweden,Stockholm,18.75
106696,2583,30/09/2023,04.10.2023,2023-10-06,Netherlands,Eindhoven,13.77
106697,1719,2023-09-30,2023-10-10,,Netherlands,Eindhoven,75.57
106702,606,"Sep 30, 2023",05/10/2023,"Oct 10, 2023",Sweden,Gothenburg,5.92
106703,1677,"Sep 30, 2023",2023-10-10,08.10.2023,France,Toulouse,58.13
106705,255,01/10/2023,04/10/2023,2023-10-12,Norway,Stavanger,6.88
106709,2212,01/10/2023,09.10.2023,10/03/2023,Austria,Linz,9.93
106716,590,"Oct 01, 2023",2023-10-07,2023-10-10,Poland,Wroclaw,9.17
106722,814,2023-10-01,2023-10-08,10/11/2023,Poland,Lodz,11.59
106727,2737,2023-10-01,2023-10-08,10.10.2023,Canada,Vancouver,47.71
106728,1865,"Oct 01, 2023",2023-10-06,,France,Toulouse,-8.41
106731,2974,2023-10-01,2023-10-09,07.10.2023,Germany,Frankfurt,22.65
106734,1777,2023-10-01,08.10.2023,"Oct 03, 2023",USA,Chicago,14.12
106739,2859,10/01/2023,"Oct 11, 2023",11/10/2023,Sweden,Malmo,22.99
106740,1864,2023-10-02,"Oct 13, 2023",06/10/2023,Netherlands,Utrecht,31.89
106742,726,2023-10-02,10/12/2023,10/06/2023,Spain,Bilbao,20.8
106744,2802,2023-10-02,2023-10-07,10/10/2023,United Kingdom,London,12.83
106745,1996,"Oct 02, 2023",2023-10-13,2023-10-10,France,Nice,7.82
106746,1410,2023-10-02,10/13/2023,11.10.2023,France,Nice,18.42
106753,1290,02/10/2023,2023-10-14,2023-10-11,USA,Chicago,11.49
106754,45,02.10.2023,2023-10-07,05.10.2023,Czech Republic,Brno,12.61
106755,2397,10/02/2023,09/10/2023,,Poland,Poznan,5.95
106761,1644,10/02/2023,05.10.2023,2023-10-06,Poland,Poznan,11.18
106762,930,02/10/2023,14.10.2023,"Oct 09, 2023",USA,Austin,14.94
106764,74,02/10/2023,13/10/2023,2023-10-09,Germany,Hamburg,21.02
106766,1750,"Oct 02, 2023",10/12/2023,2023-10-09,France,Lyon,23.94
106769,2827,10/02/2023,"Oct 07, 2023",10.10.2023,USA,Boston,8.53
106774,1197,02/10/2023,2023-10-05,11/10/2023,Netherlands,Amsterdam,5.65
106778,1986,03/10/2023,2023-10-12,08.10.2023,France,Marseille,8.46
106779,1306,"Oct 03, 2023","Oct 16, 2023",13.10.2023,Germany,Cologne,16.23
106787,2798,2023-10-03,2023-10-12,05.10.2023,Norway,Oslo,4.18
106788,1623,10/03/2023,2023-10-06,,United Kingdom,Bristol,17.24
106789,1958,2023-10-03,"Oct 12, 2023",10/07/2023,Sweden,Malmo,14.22
106790,1655,"Oct 03, 2023",09.10.2023,"Oct 14, 2023",USA,Boston,41.17
106791,1573,2023-10-03,07.10.2023,2023-10-06,Canada,Vancouver,15.31
106794,599,2023-10-03,08/10/2023,2023-10-07,Germany,Munich,23.22
106799,1860,03/10/2023,10/06/2023,2023-10-06,Germany,Frankfurt,20.86
106800,1015,"Oct 03, 2023",13.10.2023,2023-10-10,Poland,Poznan,9.5
106801,1894,2023-10-03,15.10.2023,2023-10-07,Italy,Turin,24.98
106802,2809,2023-10-03,10/08/2023,2023-10-05,United Kingdom,Manchester,17.76
106804,401,2023-10-03,15/10/2023,2023-10-07,France,Nice,17.4
106806,1872,03/10/2023,2023-10-13,2023-10-13,Czech Republic,Ostrava,15.75
106811,2554,04.10.2023,09.10.2023,2023-10-11,Poland,Krakow,40.98
106812,1283,2023-10-04,10/15/2023,2023-10-10,France,Marseille,10.64
106813,439,2023-10-04,07/10/2023,2023-10-10,Czech Republic,Brno,12.69
106816,656,2023-10-04,2023-10-11,15/10/2023,Italy,Turin,23.15
106819,317,04.10.2023,2023-10-10,2023-10-12,United Kingdom,Leeds,-21.08
106820,2663,2023-10-04,2023-10-16,2023-10-10,Netherlands,Amsterdam,4.84
106821,610,04/10/2023,16.10.2023,2023-10-14,Canada,Calgary,27.58
106825,867,"Oct 04, 2023",2023-10-08,2023-10-06,France,Nice,6.52
106827,2466,10/04/2023,2023-10-10,2023-10-15,Poland,Gdansk,16.18
106830,1451,2023-10-04,2023-10-09,2023-10-10,Poland,Krakow,23.46
106835,145,04.10.2023,10/08/2023,,Italy,Florence,15.08
106842,1848,2023-10-05,2023-10-17,12/10/2023,France,Nice,21.05
106843,368,2023-10-05,15.10.2023,16/10/2023,USA,Austin,13.0
106849,2267,2023-10-05,09/10/2023,13/10/2023,United Kingdom,London,26.63
106852,1868,2023-10-05,2023-10-16,13/10/2023,USA,Chicago,16.28
106855,2379,2023-10-05,2023-10-17,16/10/2023,Czech Republic,Brno,13.4
106858,1959,"Oct 05, 2023","Oct 12, 2023",2023-10-09,Sweden,Gothenburg,8.13
106863,551,06.10.2023,14/10/2023,2023-10-12,Poland,Gdansk,4.96
106864,2442,06.10.2023,14.10.2023,10/10/2023,Poland,Warsaw,14.56
106868,2718,2023-10-06,2023-10-14,07/10/2023,USA,Denver,30.15
106869,72,06/10/2023,"Oct 13, 2023",07.10.2023,Germany,Cologne,20.19
106872,1344,"Oct 06, 2023","Oct 15, 2023",2023-10-10,United Kingdom,Leeds,10.93
106873,310,10/06/2023,2023-10-13,,Canada,Vancouver,19.45
106874,1955,2023-10-06,10/14/2023,17/10/2023,USA,Boston,19.7
106876,1077,06.10.2023,12/10/2023,,Spain,Bilbao,10.93
106879,2459,10/06/2023,10/15/2023,2023-10-08,USA,Chicago,20.57
106880,2456,06/10/2023,2023-10-10,10/10/2023,Poland,Warsaw,6.5
106881,2602,06/10/2023,2023-10-17,13.10.2023,USA,Chicago,7.86
106883,2326,10/06/2023,2023-10-10,12/10/2023,Netherlands,Utrecht,30.62
106885,2476,2023-10-06,16.10.2023,15/10/2023,Germany,Berlin,17.35
106896,730,10/07/2023,2023-10-15,10/12/2023,Canada,Ottawa,8.61
106897,959,07/10/2023,13/10/2023,,France,Paris,7.45
106898,462,10/07/2023,2023-10-12,2023-10-18,Canada,Toronto,12.28
106904,2973,2023-10-07,10/12/2023,15.10.2023,France,Paris,17.33
106905,2372,2023-10-07,10/14/2023,,France,Marseille,41.52
106912,421,2023-10-07,2023-10-13,12/10/2023,Italy,Turin,9.6
106914,419,"Oct 07, 2023",2023-10-16,10/10/2023,USA,Chicago,22.18
106915,1840,2023-10-07,2023-10-20,17/10/2023,Poland,Wroclaw,14.01
106917,932,07/10/2023,2023-10-12,10/14/2023,USA,Boston,32.46
106920,2704,"Oct 07, 2023",2023-10-18,2023-10-14,Czech Republic,Prague,25.78
106924,120,2023-10-07,2023-10-18,17/10/2023,Italy,Rome,31.69
106928,656,2023-10-08,"Oct 20, 2023",,Italy,Turin,21.96
106930,1843,2023-10-08,"Oct 13, 2023",13/10/2023,Austria,Vienna,27.31
106933,1722,2023-10-08,12/10/2023,2023-10-18,Czech Republic,Ostrava,49.55
106935,1325,"Oct 08, 2023",2023-10-17,19.10.2023,Poland,Krakow,13.89
106938,1771,10/08/2023,2023-10-15,2023-10-11,Netherlands,Eindhoven,19.98
106939,2294,08/10/2023,13.10.2023,2023-10-13,Austria,Vienna,19.43
106944,872,2023-10-08,15/10/2023,18/10/2023,Netherlands,Rotterdam,8.91
106945,451,"Oct 08, 2023",2023-10-11,2023-10-15,Poland,Poznan,35.21
106948,799,2023-10-08,19/10/2023,14.10.2023,Italy,Turin,16.25
106949,400,10/08/2023,2023-10-20,2023-10-12,Poland,Lodz,11.26
106950,1518,10/08/2023,"Oct 21, 2023",,Sweden,Malmo,21.44
106954,1334,10/08/2023,2023-10-20,,Spain,Madrid,25.31
106963,603,10/08/2023,2023-10-17,2023-10-17,United Kingdom,Manchester,40.75
106969,2530,2023-10-08,16/10/2023,2023-10-14,Sweden,Malmo,28.87
106974,1374,09.10.2023,2023-10-20,15/10/2023,France,Lyon,9.12
106979,2741,09.10.2023,14/10/2023,2023-10-17,United Kingdom,Leeds,7.33
106981,530,"Oct 09, 2023",21/10/2023,2023-10-12,Austria,Linz,14.77
106988,542,09/10/2023,13/10/2023,2023-10-11,Germany,Frankfurt,10.72
106997,2397,2023-10-09,"Oct 13, 2023",2023-10-14,Poland,Poznan,5.53
107001,1014,09/10/2023,2023-10-14,2023-10-15,Italy,Turin,35.0
107004,515,"Oct 09, 2023",2023-10-22,,Czech Republic,Pilsen,19.34
107011,385,2023-10-10,23/10/2023,2023-10-20,Italy,Turin,16.57
107013,1397,10/10/2023,2023-10-13,,Germany,Hamburg,18.52
107014,147,10/10/2023,13.10.2023,2023-10-14,Germany,Hamburg,8.05
107017,2823,2023-10-10,2023-10-23,2023-10-18,Netherlands,Rotterdam,5.67
107018,2307,10/10/2023,20/10/2023,12.10.2023,Poland,Warsaw,14.92
107019,986,10/10/2023,2023-10-20,10/15/2023,France,Lyon,27.37
107020,1478,10/10/2023,2023-10-21,14/10/2023,United Kingdom,Leeds,32.19
107028,2295,"Oct 10, 2023",21/10/2023,,United Kingdom,Bristol,11.5
107030,2675,10/10/2023,16/10/2023,,Czech Republic,Prague,14.77
107032,2576,10.10.2023,16/10/2023,2023-10-12,Germany,Hamburg,9.57
107034,2798,2023-10-10,2023-10-20,"Oct 17, 2023",Norway,Oslo,13.56
107036,1534,10/10/2023,2023-10-20,,Germany,Munich,15.1
107039,2219,2023-10-10,2023-10-23,13/10/2023,Italy,Rome,8.98
107042,396,11/10/2023,15/10/2023,18/10/2023,USA,Chicago,-8.68
107043,1865,11/10/2023,22/10/2023,2023-10-19,France,Toulouse,37.77
107047,5,2023-10-11,2023-10-24,2023-10-18,France,Lyon,11.16
107049,2827,2023-10-11,2023-10-19,18/10/2023,USA,Boston,6.04
107054,2443,11/10/2023,2023-10-22,15/10/2023,Spain,Seville,13.86
107064,1246,2023-10-11,"Oct 14, 2023","Oct 13, 2023",Norway,Stavanger,19.23
107072,2696,2023-10-11,16.10.2023,22/10/2023,Norway,Bergen,30.62
107073,1110,11/10/2023,19.10.2023,"Oct 13, 2023",USA,New York,16.66
107076,203,10/12/2023,21.10.2023,"Oct 14, 2023",Poland,Wroclaw,12.17
107083,2947,12/10/2023,10/16/2023,"Oct 19, 2023",Poland,Gdansk,23.04
107087,2524,2023-10-12,2023-10-16,,Italy,Rome,11.66
107089,809,12/10/2023,2023-10-22,2023-10-22,Germany,Cologne,36.91
107091,822,2023-10-12,18/10/2023,10/23/2023,Czech Republic,Brno,13.8
107100,318,2023-10-12,22.10.2023,2023-10-19,USA,Chicago,17.44
107103,739,2023-10-12,2023-10-24,21.10.2023,Norway,Trondheim,7.41
107105,1870,10/12/2023,2023-10-25,10/13/2023,Czech Republic,Prague,20.1
107106,2646,"Oct 12, 2023",18/10/2023,2023-10-22,United Kingdom,Bristol,22.66
107108,1405,13/10/2023,2023-10-25,2023-10-19,Germany,Berlin,15.67
107109,1674,13/10/2023,10/25/2023,10/17/2023,Netherlands,Eindhoven,19.91
107113,2878,13/10/2023,2023-10-25,15/10/2023,Germany,Cologne,11.23
107116,1777,2023-10-13,2023-10-19,10/23/2023,USA,Chicago,4.34
107117,2771,"Oct 13, 2023",2023-10-19,10/17/2023,USA,New York,13.16
107118,2737,13.10.2023,16/10/2023,2023-10-21,Canada,Vancouver,35.24
107123,2438,13.10.2023,2023-10-26,,Spain,Madrid,47.41
107124,658,2023-10-13,2023-10-25,14/10/2023,Poland,Wroclaw,13.73
107128,472,13/10/2023,"Oct 23, 2023",2023-10-16,France,Marseille,21.55
107130,1568,"Oct 13, 2023",16/10/2023,,Poland,Warsaw,8.42
107136,1533,2023-10-13,26/10/2023,10/22/2023,Canada,Ottawa,14.29
107144,2228,2023-10-13,10/17/2023,"Oct 21, 2023",France,Toulouse,6.81
107147,2579,10/13/2023,2023-10-23,24.10.2023,France,Paris,7.39
107148,893,2023-10-13,17.10.2023,,Spain,Valencia,8.92
107151,2190,2023-10-14,10/22/2023,,United Kingdom,Liverpool,15.93
107152,2699,"Oct 14, 2023",2023-10-26,,France,Paris,31.36
107153,2217,"Oct 14, 2023","Oct 21, 2023",2023-10-17,Germany,Munich,24.11
107162,2298,14/10/2023,2023-10-26,24.10.2023,Poland,Poznan,6.19
107175,2057,15/10/2023,27/10/2023,2023-10-20,Netherlands,Amsterdam,21.59
107177,1830,2023-10-15,25/10/2023,26/10/2023,Italy,Florence,14.98
107178,1151,2023-10-15,21/10/2023,2023-10-25,United Kingdom,Liverpool,23.1
107186,2422,2023-10-15,2023-10-26,2023-10-25,Poland,Poznan,19.88
107187,1865,15.10.2023,"Oct 28, 2023","Oct 25, 2023",France,Toulouse,-17.5
107190,1820,15.10.2023,10/23/2023,2023-10-20,USA,Boston,17.91
107191,2031,2023-10-15,2023-10-22,2023-10-17,Spain,Madrid,63.11
107196,465,2023-10-15,2023-10-19,2023-10-17,Norway,Oslo,13.91
107201,384,16/10/2023,10/28/2023,2023-10-24,Poland,Krakow,13.86
107202,1997,16/10/2023,2023-10-26,,Austria,Salzburg,10.34
107205,1325,2023-10-16,"Oct 25, 2023",2023-10-23,Poland,Krakow,7.71
107209,2751,"Oct 16, 2023",23/10/2023,,France,Paris,41.73
107215,1477,10/16/2023,10/28/2023,10/18/2023,USA,Boston,15.43
107218,942,16/10/2023,28.10.2023,,Italy,Turin,10.53
107220,1975,"Oct 16, 2023",28/10/2023,10/25/2023,Germany,Cologne,25.8
107221,2705,"Oct 16, 2023",25.10.2023,2023-10-18,Sweden,Malmo,10.48
107223,1397,2023-10-16,2023-10-23,"Oct 17, 2023",Germany,Hamburg,26.75
107224,1054,2023-10-16,10/26/2023,2023-10-26,Netherlands,Amsterdam,29.54
107227,2216,10/16/2023,20/10/2023,2023-10-19,United Kingdom,London,20.64
107229,932,2023-10-16,2023-10-22,2023-10-19,USA,Boston,18.05
107232,2094,16/10/2023,2023-10-23,20/10/2023,Netherlands,Eindhoven,31.72
107234,2699,2023-10-16,2023-10-24,2023-10-22,France,Paris,11.6
107239,2704,2023-10-17,10/23/2023,,Czech Republic,Prague,26.37
107241,1188,10/17/2023,20/10/2023,,Netherlands,Amsterdam,28.27
107245,720,2023-10-17,2023-10-26,,Netherlands,Eindhoven,8.26
107246,1271,2023-10-17,"Oct 25, 2023",2023-10-27,United Kingdom,Manchester,6.27
107250,2697,10/17/2023,10/23/2023,28.10.2023,Canada,Montreal,12.68
107251,1697,10/17/2023,24/10/2023,2023-10-23,USA,Chicago,26.96
107253,1169,2023-10-17,22/10/2023,2023-10-27,USA,Boston,9.5
107257,1818,10/17/2023,10/30/2023,23.10.2023,Canada,Calgary,54.73
107259,2064,2023-10-17,2023-10-28,2023-10-20,France,Toulouse,4.97
107264,518,17/10/2023,2023-10-22,10/21/2023,Germany,Hamburg,21.34
107265,188,10/17/2023,2023-10-27,,Czech Republic,Pilsen,19.12
107266,1518,2023-10-17,29/10/2023,2023-10-18,Sweden,Malmo,14.21
107267,1946,2023-10-17,2023-10-30,2023-10-18,Spain,Seville,30.68
107270,291,2023-10-17,29.10.2023,2023-10-27,Italy,Naples,16.17
107271,861,2023-10-17,2023-10-24,2023-10-24,Czech Republic,Prague,23.68
107273,1018,2023-10-18,2023-10-23,2023-10-24,Germany,Berlin,10.21
107275,1461,2023-10-18,10/29/2023,,USA,Denver,6.9
107281,2434,10/18/2023,2023-10-24,27.10.2023,United Kingdom,Bristol,13.56
107284,1579,1900-01-01,23/10/2023,"Oct 19, 2023",France,Lyon,12.9
107286,1852,2023-10-18,2023-10-21,27.10.2023,Netherlands,Eindhoven,18.32
107293,1651,10/18/2023,29/10/2023,28/10/2023,Spain,Madrid,18.9
107294,2057,2023-10-18,2023-10-25,29/10/2023,Netherlands,Amsterdam,12.96
107299,2533,18.10.2023,21.10.2023,2023-10-28,Czech Republic,Pilsen,20.56
107302,2771,19/10/2023,28.10.2023,2023-10-23,USA,New York,8.75
107303,855,"Oct 19, 2023",30/10/2023,10/25/2023,Spain,Madrid,19.17
107304,234,19.10.2023,27/10/2023,2023-10-25,Germany,Cologne,3.85
107307,441,2023-10-19,2023-10-23,2023-10-22,Czech Republic,Brno,7.5
107308,2281,10/19/2023,2023-10-29,"Oct 28, 2023",USA,Seattle,22.06
107310,1384,2023-10-19,"Oct 22, 2023",,Spain,Valencia,9.97
107314,2633,19/10/2023,2023-11-01,2023-10-21,Italy,Milan,9.66
107319,1468,19/10/2023,2023-10-23,20/10/2023,United Kingdom,Manchester,12.61
107322,2012,2023-10-19,2023-10-22,26/10/2023,Italy,Milan,6.99
107329,548,19/10/2023,28/10/2023,10/21/2023,France,Nice,23.52
107332,1627,19/10/2023,2023-10-26,2023-10-25,Poland,Lodz,5.94
107336,2728,2023-10-20,10/30/2023,"Oct 31, 2023",Poland,Gdansk,21.72
107344,1756,"Oct 20, 2023",28/10/2023,"Oct 21, 2023",Austria,Linz,58.88
107347,1516,10/20/2023,02/11/2023,2023-10-28,Netherlands,Amsterdam,21.96
107348,2684,2023-10-20,24.10.2023,2023-10-25,Spain,Barcelona,5.21
107349,2597,2023-10-20,02.11.2023,,USA,Austin,24.03
107351,2788,2023-10-20,2023-10-28,"Oct 21, 2023",Netherlands,Amsterdam,7.21
107352,2526,2023-10-20,29.10.2023,29.10.2023,Germany,Berlin,9.33
107358,149,20.10.2023,01/11/2023,23/10/2023,Netherlands,Rotterdam,19.84
107359,2665,10/20/2023,2023-10-27,28.10.2023,United Kingdom,Leeds,22.07
107361,2531,10/20/2023,24.10.2023,24.10.2023,Italy,Milan,4.49
107362,2083,2023-10-20,11/01/2023,10/23/2023,Spain,Madrid,63.35
107363,1629,"Oct 20, 2023","Oct 26, 2023",,Austria,Linz,22.27
107365,1192,10/20/2023,2023-10-30,,Spain,Bilbao,25.7
107367,2552,20.10.2023,2023-10-27,2023-10-21,Spain,Madrid,23.89
107368,2318,"Oct 20, 2023",29/10/2023,29/10/2023,Italy,Rome,10.01
107370,325,2023-10-21,03/11/2023,2023-10-27,Netherlands,Eindhoven,23.01
107371,938,2023-10-21,2023-10-26,31/10/2023,Spain,Bilbao,16.7
107372,543,2023-10-21,2023-10-31,2023-10-26,United Kingdom,Bristol,5.49
107373,1659,10/21/2023,31/10/2023,2023-10-22,USA,Chicago,5.55
107375,2157,21.10.2023,2023-11-01,28.10.2023,USA,New York,24.33
107379,871,2023-10-21,2023-10-27,2023-10-22,Poland,Lodz,30.33
107385,2816,"Oct 21, 2023",25.10.2023,01.11.2023,Canada,Toronto,12.82
107388,1107,2023-10-21,"Nov 03, 2023",29/10/2023,Czech Republic,Prague,8.93
107390,419,2023-10-21,"Nov 02, 2023",11/01/2023,USA,Chicago,9.98
107392,1644,2023-10-21,2023-10-29,10/27/2023,Poland,Poznan,26.89
107393,542,2023-10-21,2023-10-31,2023-10-24,Germany,Frankfurt,20.43
107395,430,2023-10-21,"Oct 29, 2023",2023-10-27,France,Lyon,11.93
107399,737,2023-10-21,"Oct 24, 2023",,Poland,Warsaw,29.07
107400,1190,2023-10-21,26/10/2023,25.10.2023,Poland,Gdansk,20.87
107401,289,21/10/2023,2023-10-26,"Oct 27, 2023",Spain,Seville,9.59
107407,1052,22/10/2023,03.11.2023,,Canada,Ottawa,18.33
107410,2628,2023-10-22,10/30/2023,2023-11-02,Germany,Munich,9.77
107413,2158,22/10/2023,2023-11-03,2023-10-30,Czech Republic,Prague,25.39
107414,1893,10/22/2023,10/31/2023,2023-10-25,USA,Chicago,15.71
107417,2262,2023-10-22,2023-10-27,2023-10-27,France,Paris,31.54
107419,2697,2023-10-22,2023-10-26,2023-10-23,Canada,Montreal,15.07
107420,1717,22/10/2023,2023-10-29,28/10/2023,Germany,Cologne,28.83
107424,2335,2023-10-22,"Oct 26, 2023",27.10.2023,Germany,Berlin,14.68
107435,1366,2023-10-23,2023-10-28,,Germany,Cologne,22.66
107445,1114,23.10.2023,2023-10-30,,France,Nice,13.21
107449,1885,"Oct 23, 2023",11/01/2023,2023-10-26,Spain,Madrid,14.39
107455,2013,2023-10-23,2023-11-03,10/28/2023,Canada,Montreal,20.24
107459,1255,24/10/2023,11/05/2023,"Oct 28, 2023",France,Toulouse,20.24
107460,183,"Oct 24, 2023",2023-11-04,11/03/2023,Italy,Milan,4.87
107471,1445,10/24/2023,2023-10-31,2023-11-02,France,Toulouse,14.8
107475,918,2023-10-24,04/11/2023,02/11/2023,USA,Chicago,9.21
107480,946,2099-01-01,2023-11-05,2023-10-26,Czech Republic,Brno,17.84
107484,356,2023-10-24,2023-11-01,04/11/2023,USA,Chicago,28.33
107490,1400,2023-10-25,11/05/2023,2023-10-29,Poland,Gdansk,39.32
107493,1961,2023-10-25,2023-11-04,27.10.2023,Netherlands,Utrecht,21.48
107494,323,25.10.2023,02/11/2023,2023-10-30,USA,Boston,18.48
107495,1206,2023-10-25,2023-11-06,2023-10-31,Italy,Rome,19.81
107497,2392,2023-10-25,2023-11-02,2023-11-04,Germany,Hamburg,47.17
107499,247,25/10/2023,2023-10-28,"Nov 01, 2023",Germany,Cologne,57.92
107501,2087,2023-10-25,28.10.2023,"Oct 28, 2023",USA,Denver,22.4
107502,1460,10/25/2023,2023-11-02,04.11.2023,Netherlands,Amsterdam,14.62
107503,2688,10/25/2023,11/07/2023,2023-10-26,United Kingdom,London,10.22
107505,856,2023-10-25,2023-11-02,2023-10-29,Germany,Hamburg,13.06
107509,357,2023-10-25,"Nov 04, 2023",10/28/2023,Germany,Frankfurt,37.37
107512,2770,2023-10-25,31.10.2023,10/29/2023,Canada,Vancouver,31.96
107517,2577,10/25/2023,11/07/2023,,Poland,Krakow,12.16
107518,2314,2023-10-25,06/11/2023,,Austria,Graz,11.57
107523,2626,2023-10-26,11/01/2023,2023-10-28,USA,Chicago,6.07
107528,2628,26.10.2023,01/11/2023,,Germany,Munich,13.87
107536,1288,26/10/2023,05.11.2023,"Nov 05, 2023",Canada,Ottawa,21.13
107539,403,10/26/2023,2023-11-08,"Oct 28, 2023",USA,Boston,21.44
107540,1789,26/10/2023,2023-11-04,02/11/2023,Germany,Hamburg,31.75
107541,1995,2023-10-26,2023-10-30,"Nov 05, 2023",USA,Chicago,20.21
107543,1322,2023-10-26,08/11/2023,2023-10-27,Spain,Barcelona,26.2
107559,2169,"Oct 27, 2023",02/11/2023,05/11/2023,Norway,Trondheim,21.69
107563,1335,10/27/2023,2023-10-30,"Oct 30, 2023",Germany,Berlin,13.74
107567,916,2023-10-27,2023-11-06,2023-11-02,USA,Seattle,22.37
107570,2529,"Oct 27, 2023",01/11/2023,2023-10-28,Germany,Frankfurt,8.1
107575,2593,10/27/2023,2023-11-07,05/11/2023,Italy,Naples,12.71
107576,1948,27/10/2023,2023-11-05,04/11/2023,Spain,Madrid,38.83
107583,2865,27/10/2023,07/11/2023,2023-11-03,Austria,Linz,7.67
107587,1334,27.10.2023,2023-11-05,01.11.2023,Spain,Madrid,16.45
107589,1366,2023-10-27,2023-11-07,04/11/2023,Germany,Cologne,5.83
107592,1708,2023-10-27,"Nov 04, 2023",2023-10-30,Germany,Frankfurt,19.21
107593,2549,2023-10-27,11/02/2023,2023-11-07,Netherlands,Amsterdam,11.37
107602,1479,2023-10-28,02.11.2023,07.11.2023,Germany,Berlin,12.39
107615,884,2023-10-28,2023-11-06,,Poland,Gdansk,11.8
107617,1930,10/28/2023,01.11.2023,,Austria,Vienna,9.02
107618,2275,"Oct 28, 2023",11/09/2023,,Germany,Berlin,34.52
107619,2696,10/28/2023,2023-11-10,"Oct 29, 2023",Norway,Bergen,26.51
107621,1285,2023-10-28,2023-11-10,01/11/2023,USA,Boston,41.71
107629,2995,28.10.2023,2023-11-02,2023-11-07,Czech Republic,Pilsen,13.27
107630,1907,2023-10-28,11/04/2023,11/02/2023,United Kingdom,London,50.2
107632,2714,10/28/2023,2023-11-02,"Nov 07, 2023",France,Toulouse,17.45
107634,858,2023-10-29,2023-11-03,2023-11-09,Poland,Lodz,20.8
107635,1506,10/29/2023,2023-11-06,2023-11-05,Czech Republic,Ostrava,9.26
107636,411,2023-10-29,11/05/2023,2023-11-02,Poland,Lodz,29.68
107640,1899,29.10.2023,2023-11-11,2023-11-08,USA,New York,26.62
107641,1580,2023-10-29,"Nov 02, 2023",08/11/2023,Poland,Warsaw,23.37
107642,323,10/29/2023,2023-11-07,,USA,Boston,22.21
107648,1151,2023-10-29,2023-11-11,2023-11-09,United Kingdom,Liverpool,14.76
107656,2186,2023-10-29,"Nov 04, 2023",,Sweden,Stockholm,26.96
107657,1394,10/29/2023,11/10/2023,04.11.2023,Netherlands,Amsterdam,14.06
107658,271,2023-10-29,06.11.2023,2023-11-03,Italy,Naples,19.11
107661,2557,29/10/2023,2023-11-02,2023-11-05,Poland,Warsaw,19.33
107666,1578,10/30/2023,2023-11-11,2023-11-03,Poland,Poznan,5.44
107670,2380,2023-10-30,2023-11-09,09.11.2023,United Kingdom,Leeds,30.83
107672,151,2023-10-30,04/11/2023,08/11/2023,France,Lyon,28.25
107673,2664,2023-10-30,"Nov 03, 2023",03.11.2023,Czech Republic,Prague,4.61
107680,371,30/10/2023,11/11/2023,11/02/2023,Germany,Cologne,11.52
107685,1263,2023-10-30,2023-11-09,08/11/2023,Poland,Krakow,29.37
107686,2067,2023-10-30,03/11/2023,2023-11-10,USA,Seattle,12.62
107688,787,2023-10-30,2023-11-06,2023-11-02,USA,Austin,27.23
107689,210,30.10.2023,"Nov 06, 2023",2023-11-08,France,Lyon,15.19
107690,1519,30/10/2023,2023-11-08,10/31/2023,USA,Chicago,11.45
107691,2498,2023-10-30,07/11/2023,01.11.2023,United Kingdom,Manchester,23.79
107696,1049,10/30/2023,11/09/2023,,Czech Republic,Ostrava,21.5
107697,1146,2023-10-30,2023-11-11,07.11.2023,Austria,Linz,20.98
107702,2365,2023-10-31,2023-11-13,08.11.2023,France,Nice,14.94
107706,1308,2023-10-31,2023-11-06,2023-11-07,Canada,Montreal,13.32
107710,1147,2023-10-31,11/06/2023,02.11.2023,United Kingdom,London,29.9
107711,2761,31/10/2023,06/11/2023,2023-11-04,Norway,Oslo,5.59
107712,1848,2023-10-31,2023-11-07,2023-11-08,France,Nice,22.41
107713,641,10/31/2023,11/05/2023,03.11.2023,United Kingdom,Liverpool,43.91
107714,2555,31/10/2023,11/03/2023,2023-11-07,USA,Chicago,3.62
107717,1026,2023-10-31,05/11/2023,08/11/2023,Italy,Milan,27.17
107720,1209,"Oct 31, 2023",2023-11-07,2023-11-05,Netherlands,Utrecht,8.16
107724,2353,2023-10-31,07.11.2023,2023-11-06,Italy,Turin,22.68
107726,434,2023-11-01,2023-11-14,10.11.2023,USA,Seattle,22.78
107728,475,2023-11-01,07/11/2023,2023-11-05,Germany,Hamburg,15.53
107729,1566,"Nov 01, 2023",2023-11-04,11/08/2023,Germany,Berlin,35.25
107731,2649,11/01/2023,04.11.2023,04/11/2023,Germany,Berlin,14.72
107732,2643,2023-11-01,2023-11-09,10.11.2023,France,Paris,5.32
107733,396,2023-11-01,"Nov 11, 2023",2023-11-07,USA,Chicago,15.96
107735,5,2023-11-01,04.11.2023,2023-11-05,France,Lyon,19.64
107743,1688,"Nov 01, 2023",2023-11-06,,Canada,Montreal,6.16
107757,2444,11/01/2023,11/07/2023,2023-11-09,Italy,Florence,12.14
107758,499,2023-11-01,2023-11-11,11/12/2023,Italy,Rome,14.26
107760,1916,02/11/2023,13/11/2023,06/11/2023,USA,Denver,25.06
107769,818,"Nov 02, 2023",09/11/2023,07/11/2023,Germany,Hamburg,12.9
107771,595,02.11.2023,2023-11-10,13/11/2023,Germany,Frankfurt,19.17
107772,2548,2023-11-02,2023-11-10,2023-11-04,Austria,Salzburg,25.87
107773,2212,2023-11-02,09/11/2023,08/11/2023,Austria,Linz,25.2
107774,2121,02/11/2023,2023-11-11,,Norway,Trondheim,31.32
107776,400,2023-11-02,07.11.2023,07/11/2023,Poland,Lodz,16.6
107783,368,2023-11-02,11/11/2023,08.11.2023,USA,Austin,30.15
107784,448,2023-11-02,"Nov 07, 2023","Nov 04, 2023",Czech Republic,Brno,12.67
107785,582,2023-11-02,07/11/2023,08/11/2023,Poland,Warsaw,9.21
107789,656,03.11.2023,2023-11-11,2023-11-14,Italy,Turin,36.36
107791,2202,2023-11-03,2023-11-07,"Nov 14, 2023",Poland,Krakow,26.43
107793,2291,2023-11-03,2023-11-10,2023-11-04,Italy,Rome,5.75
107794,2212,"Nov 03, 2023",2023-11-07,11.11.2023,Austria,Linz,15.31
107796,2388,"Nov 03, 2023",2023-11-15,2023-11-12,Spain,Valencia,16.03
107800,1008,"Nov 03, 2023",2023-11-12,"Nov 04, 2023",USA,Boston,15.05
107801,953,2023-11-03,08/11/2023,14/11/2023,France,Paris,12.33
107802,2700,2023-11-03,14.11.2023,12.11.2023,Sweden,Malmo,14.47
107806,1961,2023-11-03,2023-11-09,11/05/2023,Netherlands,Utrecht,33.82
107818,1146,11/03/2023,2023-11-15,2023-11-08,Austria,Linz,10.04
107820,923,03.11.2023,11/08/2023,11/11/2023,USA,Chicago,11.09
107822,1384,2023-11-03,09/11/2023,2023-11-14,Spain,Valencia,73.65
107836,628,04/11/2023,"Nov 07, 2023",2023-11-05,United Kingdom,London,15.45
107838,1686,2023-11-04,2023-11-10,11/08/2023,Norway,Bergen,13.31
107840,1962,"Nov 04, 2023",11/16/2023,11/06/2023,Italy,Milan,37.38
107841,2651,2023-11-04,08/11/2023,2023-11-14,Italy,Rome,32.56
107847,734,04/11/2023,2023-11-16,06/11/2023,Norway,Stavanger,16.51
107848,1285,2023-11-04,2023-11-10,"Nov 14, 2023",USA,Boston,20.82
107855,2486,04.11.2023,2023-11-11,11/11/2023,Poland,Gdansk,17.09
107860,2615,11/04/2023,11/17/2023,2023-11-09,Germany,Hamburg,14.28
107861,2223,"Nov 04, 2023",11/14/2023,,Germany,Hamburg,23.5
107862,402,2023-11-04,11.11.2023,2023-11-06,Poland,Warsaw,12.55
107863,44,04/11/2023,2023-11-14,2023-11-14,Poland,Wroclaw,45.19
107866,1572,2023-11-04,11/13/2023,11/11/2023,Spain,Bilbao,18.88
107867,2474,2023-11-05,09.11.2023,08/11/2023,Netherlands,Rotterdam,15.42
107874,452,"Nov 05, 2023",10.11.2023,,USA,New York,47.33
107876,1146,05/11/2023,2023-11-15,2023-11-06,Austria,Linz,11.34
107880,1400,2023-11-05,2023-11-13,2023-11-12,Poland,Gdansk,11.26
107881,1887,05.11.2023,2023-11-17,"Nov 08, 2023",United Kingdom,Leeds,22.66
107886,1209,2023-11-05,2023-11-08,2023-11-13,Netherlands,Utrecht,6.23
107887,100,2023-11-05,2023-11-16,06.11.2023,Netherlands,Amsterdam,14.99
107888,656,2023-11-05,2023-11-17,11/07/2023,Italy,Turin,21.39
107899,2291,2023-11-05,2023-11-18,2023-11-11,Italy,Rome,12.09
107901,20,06.11.2023,"Nov 09, 2023",,Poland,Krakow,21.56
107903,1038,11/06/2023,18/11/2023,2023-11-15,Sweden,Stockholm,20.31
107905,2870,"Nov 06, 2023",2023-11-10,10/11/2023,Spain,Valencia,27.19
107907,2191,06/11/2023,15/11/2023,13.11.2023,Germany,Frankfurt,6.77
107908,1491,2023-11-06,2023-11-17,16/11/2023,France,Paris,11.27
107911,2870,06/11/2023,11/10/2023,2023-11-17,Spain,Valencia,19.47
107913,1407,11/06/2023,18.11.2023,2023-11-10,Netherlands,Amsterdam,10.64
107918,2206,2023-11-06,"Nov 11, 2023",17.11.2023,Germany,Cologne,21.81
107924,1570,11/06/2023,"Nov 16, 2023",2023-11-16,Germany,Cologne,11.79
107927,2702,11/06/2023,09/11/2023,2023-11-10,Poland,Warsaw,42.75
107928,2380,2023-11-06,2023-11-14,2023-11-17,United Kingdom,Leeds,18.01
107929,2524,2023-11-06,14/11/2023,14/11/2023,Italy,Rome,12.31
107930,2375,"Nov 06, 2023",2023-11-16,07.11.2023,Netherlands,Rotterdam,21.95
107931,2286,11/06/2023,"Nov 10, 2023",2023-11-11,Canada,Toronto,29.18
107937,1368,11/06/2023,13.11.2023,2023-11-08,France,Nice,23.02
107938,918,2023-11-06,12/11/2023,2023-11-10,USA,Chicago,14.9
107939,783,11/06/2023,2023-11-15,2023-11-08,France,Lyon,11.05
107942,2905,"Nov 07, 2023",17/11/2023,14/11/2023,USA,Boston,6.12
107946,351,2023-11-07,2023-11-14,,Sweden,Stockholm,9.36
107948,1375,07/11/2023,19/11/2023,11/16/2023,Austria,Vienna,15.23
107949,1937,2023-11-07,2023-11-12,13/11/2023,Czech Republic,Ostrava,12.74
107951,1084,"Nov 07, 2023","Nov 18, 2023",,Austria,Salzburg,28.65
107954,1109,11/07/2023,2023-11-16,11/14/2023,Canada,Montreal,8.81
107961,1581,2023-11-07,"Nov 16, 2023",2023-11-18,Spain,Valencia,23.24
107963,147,07/11/2023,"Nov 17, 2023",10.11.2023,Germany,Hamburg,23.31
107970,1819,2023-11-07,16/11/2023,2023-11-15,Germany,Cologne,5.14
107975,2590,07/11/2023,2023-11-11,15/11/2023,United Kingdom,London,5.92
107982,2267,2023-11-08,2023-11-15,"Nov 13, 2023",United Kingdom,London,4.45
107985,2692,2023-11-08,11/11/2023,2023-11-18,Poland,Poznan,11.2
107987,376,08/11/2023,"Nov 17, 2023",,Poland,Poznan,11.88
107989,1044,2023-11-08,11.11.2023,2023-11-16,Sweden,Uppsala,15.26
107990,209,2023-11-08,19/11/2023,14/11/2023,Norway,Oslo,9.65
107991,2707,08/11/2023,"Nov 11, 2023",11/10/2023,Italy,Turin,21.24
108002,2056,2023-11-08,2023-11-19,2023-11-15,Germany,Cologne,20.01
108003,2111,09.11.2023,16/11/2023,"Nov 18, 2023",Austria,Vienna,35.89
108006,2771,2023-11-09,"Nov 19, 2023",11.11.2023,USA,New York,11.57
108007,387,2023-11-09,2023-11-22,2023-11-15,France,Paris,20.37
108020,2929,09.11.2023,12.11.2023,15.11.2023,Czech Republic,Prague,13.17
108022,1265,11/09/2023,2023-11-17,,USA,New York,15.81
108023,613,2023-11-09,2023-11-16,2023-11-17,United Kingdom,Leeds,20.84
108030,471,2023-11-09,11/20/2023,,Austria,Graz,23.17
108031,2078,"Nov 09, 2023",2023-11-19,11/16/2023,Netherlands,Rotterdam,36.06
108034,2969,2023-11-09,"Nov 15, 2023",11/17/2023,USA,Boston,26.48
108036,766,2023-11-09,2023-11-14,11/18/2023,Spain,Seville,19.09
108040,1550,09/11/2023,2023-11-22,11/20/2023,France,Paris,20.31
108042,1293,11/09/2023,11/12/2023,"Nov 19, 2023",USA,New York,9.66
108044,754,2023-11-10,23.11.2023,2023-11-14,USA,Chicago,6.87
108055,1756,2023-11-10,11/19/2023,11/11/2023,Austria,Linz,-33.51
108056,2885,2023-11-10,11/17/2023,2023-11-13,Germany,Frankfurt,14.68
108059,778,10.11.2023,2023-11-14,2023-11-18,Germany,Frankfurt,6.77
108060,568,10/11/2023,"Nov 14, 2023",2023-11-16,Canada,Toronto,8.23
108061,107,2023-11-10,2023-11-18,11/21/2023,France,Lyon,13.56
108065,193,"Nov 10, 2023",2023-11-19,2023-11-17,France,Paris,28.95
108067,1209,2023-11-10,11/17/2023,11/13/2023,Netherlands,Utrecht,13.28
108068,1365,2023-11-10,15/11/2023,11/18/2023,Sweden,Gothenburg,18.67
108070,1439,2023-11-10,23/11/2023,,Poland,Krakow,8.97
108076,1982,10/11/2023,11/22/2023,,Germany,Cologne,15.62
108077,1264,10.11.2023,11/13/2023,,USA,Denver,11.28
108081,656,2023-11-11,2023-11-22,,Italy,Turin,9.49
108084,916,11/11/2023,"Nov 24, 2023",21/11/2023,USA,Seattle,28.2
108085,812,11/11/2023,2023-11-20,13/11/2023,Italy,Turin,16.54
108087,2219,2023-11-11,2023-11-19,2023-11-15,Italy,Rome,14.93
108095,1491,11/11/2023,2023-11-22,11/20/2023,France,Paris,27.87
108096,1362,11/11/2023,11/19/2023,,Italy,Rome,8.22
108103,2030,"Nov 11, 2023",20/11/2023,"Nov 16, 2023",Poland,Lodz,17.08
108108,1856,2023-11-11,2023-11-22,15/11/2023,USA,Denver,15.53
108112,357,12.11.2023,"Nov 15, 2023",14/11/2023,Germany,Frankfurt,11.22
108113,2884,12/11/2023,2023-11-17,,United Kingdom,London,37.31
108117,2172,2023-11-12,22/11/2023,2023-11-16,Germany,Munich,35.96
108122,1457,12/11/2023,11/15/2023,17/11/2023,Canada,Calgary,33.0
108123,308,12/11/2023,2023-11-15,"Nov 18, 2023",USA,New York,16.62
108124,1165,12/11/2023,18/11/2023,2023-11-18,Poland,Gdansk,19.9
108131,2359,2023-11-12,15/11/2023,11/21/2023,France,Nice,29.61
108132,2089,2023-11-12,2023-11-15,2023-11-20,Canada,Toronto,17.94
108133,2285,12.11.2023,11/16/2023,19/11/2023,Germany,Hamburg,11.89
108137,1238,11/12/2023,16/11/2023,13/11/2023,United Kingdom,Liverpool,19.58
108139,769,12.11.2023,"Nov 20, 2023",11/14/2023,Netherlands,Rotterdam,9.97
108143,1094,2023-11-12,2023-11-20,2023-11-22,Poland,Wroclaw,20.29
108145,1548,2023-11-13,2023-11-25,2023-11-18,France,Lyon,8.91
108146,887,2023-11-13,2023-11-23,2023-11-16,France,Marseille,4.8
108147,1889,13/11/2023,2023-11-20,21.11.2023,Poland,Gdansk,34.3
108149,1564,2023-11-13,21.11.2023,2023-11-21,Italy,Florence,11.31
108153,1739,2023-11-13,16/11/2023,2023-11-19,Norway,Bergen,38.0
108155,1382,11/13/2023,2023-11-20,11/20/2023,Czech Republic,Brno,14.12
108157,2276,13/11/2023,"Nov 19, 2023",2023-11-20,Austria,Linz,14.0
108158,1362,13.11.2023,25.11.2023,,Italy,Rome,19.3
108167,2940,13/11/2023,"Nov 20, 2023",15/11/2023,Norway,Trondheim,9.83
108170,1821,2023-11-13,25/11/2023,2023-11-18,Germany,Cologne,13.27
108176,2111,2023-11-13,26/11/2023,2023-11-24,Austria,Vienna,28.44
108187,1283,11/14/2023,22.11.2023,2023-11-25,France,Marseille,12.01
108190,1873,2023-11-14,"Nov 23, 2023",2023-11-15,Spain,Bilbao,16.16
108191,325,"Nov 14, 2023",2023-11-27,,Netherlands,Eindhoven,12.87
108193,169,2023-11-14,2023-11-27,2023-11-15,Germany,Munich,18.48
108197,2622,2023-11-14,2023-11-24,11/20/2023,Sweden,Gothenburg,26.32
108198,274,14/11/2023,2023-11-25,"Nov 17, 2023",Italy,Florence,13.95
108199,2486,"Nov 14, 2023",21/11/2023,18/11/2023,Poland,Gdansk,8.69
108201,2771,2023-11-14,2023-11-27,21/11/2023,USA,New York,29.11
108209,188,2023-11-15,2023-11-26,2023-11-22,Czech Republic,Pilsen,35.94
108211,289,2023-11-15,2023-11-19,26/11/2023,Spain,Seville,26.26
108214,855,2023-11-15,11/20/2023,23.11.2023,Spain,Madrid,46.25
108215,734,2023-11-15,2023-11-22,2023-11-24,Norway,Stavanger,32.6
108217,1622,2023-11-15,"Nov 18, 2023",2023-11-25,United Kingdom,Liverpool,12.73
108219,688,"Nov 15, 2023","Nov 22, 2023",19/11/2023,Netherlands,Utrecht,13.04
108222,2117,15.11.2023,"Nov 20, 2023",18.11.2023,Poland,Poznan,50.9
108223,1128,2023-11-15,20.11.2023,16.11.2023,Germany,Frankfurt,5.78
108224,73,2023-11-15,2023-11-20,17/11/2023,Italy,Naples,44.96
108225,412,"Nov 15, 2023",27.11.2023,,Poland,Warsaw,6.49
108227,1777,2023-11-15,27/11/2023,2023-11-20,USA,Chicago,25.04
108228,2546,"Nov 15, 2023",2023-11-19,25.11.2023,Austria,Salzburg,15.59
108230,310,2023-11-15,2023-11-27,2023-11-16,Canada,Vancouver,18.56
108232,1669,2023-11-15,2023-11-23,25.11.2023,Italy,Rome,28.6
108234,752,2023-11-15,23/11/2023,2023-11-17,USA,Denver,7.71
108236,590,15/11/2023,20.11.2023,,Poland,Wroclaw,22.36
108237,1009,2023-11-15,2023-11-20,22/11/2023,France,Toulouse,7.1
108239,341,15/11/2023,18/11/2023,11/25/2023,Spain,Bilbao,18.09
108244,2907,16/11/2023,27.11.2023,2023-11-22,Sweden,Stockholm,12.05
108245,1665,2023-11-16,11/29/2023,,France,Lyon,17.97
108249,1433,2023-11-16,2023-11-27,2023-11-22,Germany,Munich,8.21
108250,2504,2023-11-16,20.11.2023,25.11.2023,Austria,Linz,23.91
108251,2184,"Nov 16, 2023",2023-11-26,21/11/2023,Canada,Calgary,19.06
108259,1913,2023-11-16,11/26/2023,22.11.2023,Italy,Milan,22.32
108266,1578,16/11/2023,2023-11-22,2023-11-25,Poland,Poznan,11.04
108267,2490,16.11.2023,2023-11-29,20/11/2023,Poland,Warsaw,16.25
108269,1893,2023-11-16,2023-11-24,11/22/2023,USA,Chicago,19.28
108271,1209,2023-11-16,2023-11-19,27.11.2023,Netherlands,Utrecht,26.09
108274,1884,2023-11-17,11/28/2023,2023-11-26,Spain,Barcelona,21.09
108280,830,2023-11-17,11/25/2023,"Nov 18, 2023",Germany,Frankfurt,9.34
108283,309,2023-11-17,2023-11-27,"Nov 18, 2023",Italy,Turin,17.96
108286,1887,2023-11-17,"Nov 28, 2023",11/27/2023,United Kingdom,Leeds,8.89
108289,690,2023-11-17,"Nov 23, 2023",28/11/2023,Sweden,Uppsala,37.97
108292,1231,11/17/2023,11/23/2023,"Nov 20, 2023",Poland,Warsaw,43.65
108295,1209,2023-11-17,2023-11-20,,Netherlands,Utrecht,8.96
108301,247,"Nov 17, 2023","Nov 29, 2023","Nov 19, 2023",Germany,Cologne,4.46
108304,2080,2023-11-18,2023-11-26,25/11/2023,Norway,Bergen,44.03
108308,1460,"Nov 18, 2023",27.11.2023,"Nov 22, 2023",Netherlands,Amsterdam,18.78
108310,2798,2023-11-18,23/11/2023,11/24/2023,Norway,Oslo,21.17
108313,2592,2023-11-18,2023-11-22,29.11.2023,Norway,Stavanger,29.44
108315,2633,2023-11-18,2023-11-27,11/24/2023,Italy,Milan,17.16
108316,2803,2023-11-18,2023-11-23,2023-11-27,Germany,Cologne,11.86
108319,1650,2023-11-18,11/29/2023,19/11/2023,Poland,Lodz,28.13
108324,1952,2023-11-18,28.11.2023,,Netherlands,Eindhoven,8.17
108326,2692,2023-11-18,2023-11-24,25.11.2023,Poland,Poznan,5.21
108337,1162,19/11/2023,11/23/2023,2023-11-22,United Kingdom,Bristol,14.88
108341,2561,2023-11-19,2023-12-01,11/21/2023,France,Lyon,25.47
108343,1411,19/11/2023,2023-11-25,,Austria,Salzburg,39.58
108347,1038,19/11/2023,11/28/2023,22/11/2023,Sweden,Stockholm,29.59
108348,500,19/11/2023,12/02/2023,2023-11-24,Poland,Lodz,18.28
108350,1174,"Nov 19, 2023",11/27/2023,21.11.2023,USA,Austin,39.35
108351,472,11/19/2023,2023-11-24,2023-11-25,France,Marseille,17.86
108353,998,"Nov 19, 2023",11/23/2023,11/28/2023,Germany,Cologne,18.79
108355,1061,19.11.2023,2023-11-29,2023-11-24,Spain,Valencia,10.95
108357,966,19/11/2023,2023-12-01,"Nov 21, 2023",Netherlands,Eindhoven,22.07
108358,1733,2023-11-19,2023-11-30,30/11/2023,USA,Seattle,16.11
108359,2154,19.11.2023,2023-11-25,,Czech Republic,Brno,19.33
108362,1098,19/11/2023,2023-12-01,"Nov 26, 2023",Germany,Berlin,26.13
108363,1356,19.11.2023,2023-11-28,2023-11-20,Netherlands,Amsterdam,10.18
108369,1054,20/11/2023,2023-11-25,11/28/2023,Netherlands,Amsterdam,6.2
108379,881,2023-11-20,11/23/2023,27.11.2023,Netherlands,Eindhoven,9.53
108380,2909,20.11.2023,"Nov 23, 2023",2023-11-29,USA,Denver,18.36
108386,1405,20.11.2023,11/27/2023,11/24/2023,Germany,Berlin,24.15
108394,827,"Nov 20, 2023",2023-11-23,28.11.2023,Spain,Bilbao,9.69
108396,1600,2023-11-20,"Nov 24, 2023",2023-11-27,Poland,Poznan,32.98
108398,933,20/11/2023,23/11/2023,11/28/2023,Germany,Cologne,6.53
108402,99,21/11/2023,"Nov 27, 2023",28.11.2023,France,Paris,14.17
108407,2700,21.11.2023,29/11/2023,2023-11-30,Sweden,Malmo,16.99
108409,1235,2023-11-21,2023-11-28,,Sweden,Gothenburg,15.59
108413,937,2023-11-21,2023-11-24,2023-12-01,Sweden,Uppsala,33.96
108415,324,2023-11-21,12/01/2023,,France,Paris,23.31
108416,1705,2023-11-21,26.11.2023,2023-11-22,Italy,Naples,31.78
108417,1597,2023-11-21,24/11/2023,,Poland,Krakow,25.3
108418,2394,21.11.2023,"Nov 24, 2023",2023-11-27,Spain,Bilbao,37.17
108420,1959,21/11/2023,2023-11-27,,Sweden,Gothenburg,25.93
108423,2498,2023-11-21,26.11.2023,,United Kingdom,Manchester,7.72
108425,1209,2023-11-21,2023-12-04,,Netherlands,Utrecht,11.32
108426,218,2023-11-21,24.11.2023,25/11/2023,Norway,Oslo,12.3
108427,968,21.11.2023,2023-11-26,,Germany,Munich,34.41
108429,1294,21.11.2023,11/28/2023,"Nov 26, 2023",Italy,Milan,12.89
108440,2938,"Nov 22, 2023",2023-11-30,11/24/2023,Canada,Montreal,26.14
108443,887,22/11/2023,"Nov 26, 2023",,France,Marseille,14.41
108445,2327,2023-11-22,28/11/2023,2023-11-29,USA,Seattle,24.57
108446,70,2023-11-22,01/12/2023,,United Kingdom,Bristol,17.64
108452,2325,2023-11-22,2023-12-05,11/25/2023,Canada,Ottawa,23.36
108454,979,11/22/2023,2023-12-02,2023-11-27,Poland,Wroclaw,17.39
108455,2729,2023-11-22,04/12/2023,11/25/2023,France,Marseille,16.1
108458,2493,23/11/2023,2023-12-04,12/03/2023,Germany,Hamburg,23.53
108463,876,23/11/2023,2023-11-30,2023-11-27,Netherlands,Eindhoven,15.45
108464,345,23/11/2023,2023-12-04,,France,Paris,30.3
108468,418,2023-11-23,2023-12-06,25/11/2023,Austria,Linz,17.75
108471,169,2023-11-23,11/29/2023,2023-11-30,Germany,Munich,9.41
108481,1961,23/11/2023,2023-12-02,26.11.2023,Netherlands,Utrecht,20.81
108484,1553,23/11/2023,"Dec 01, 2023",,Netherlands,Amsterdam,36.19
108486,696,2023-11-23,05/12/2023,2023-11-26,United Kingdom,Liverpool,58.58
108488,1847,11/23/2023,28/11/2023,2023-11-30,Netherlands,Amsterdam,16.4
108489,186,2023-11-23,"Dec 04, 2023",2023-12-02,Germany,Berlin,7.67
108490,2048,11/23/2023,2023-12-03,2023-12-02,Czech Republic,Ostrava,4.65
108495,2842,2023-11-23,05/12/2023,29.11.2023,Germany,Hamburg,6.96
108496,1060,11/23/2023,29.11.2023,2023-11-24,United Kingdom,Leeds,8.15
108497,745,2023-11-23,"Dec 06, 2023",11/30/2023,Italy,Florence,31.0
108498,887,11/23/2023,11/29/2023,12/04/2023,France,Marseille,16.21
108504,1041,11/23/2023,"Dec 05, 2023",27/11/2023,Spain,Seville,29.85
108507,2970,23.11.2023,"Nov 29, 2023",2023-11-25,Netherlands,Amsterdam,11.23
108509,843,2023-11-23,12/01/2023,04/12/2023,Netherlands,Amsterdam,11.07
108510,2769,2023-11-23,02/12/2023,,Spain,Seville,13.9
108512,2392,23/11/2023,03/12/2023,,Germany,Hamburg,63.21
108514,830,23/11/2023,"Dec 05, 2023",2023-11-28,Germany,Frankfurt,13.21
108516,854,11/23/2023,2023-11-26,2023-12-02,Spain,Madrid,39.09
108517,1226,2023-11-23,2023-11-26,04/12/2023,Poland,Lodz,34.33
108519,918,2023-11-23,2023-11-26,2023-11-30,USA,Chicago,25.82
108522,2384,23/11/2023,03/12/2023,12/02/2023,USA,New York,23.68
108524,1140,2023-11-23,2023-11-28,27/11/2023,Germany,Berlin,17.72
108526,783,23.11.2023,27/11/2023,29/11/2023,France,Lyon,11.8
108529,537,"Nov 24, 2023",2023-11-27,,Germany,Frankfurt,16.73
108530,449,11/24/2023,2023-12-05,"Nov 29, 2023",Germany,Frankfurt,17.59
108540,188,24/11/2023,2023-11-30,2023-11-28,Czech Republic,Pilsen,9.07
108542,923,"Nov 24, 2023",30/11/2023,"Dec 04, 2023",USA,Chicago,4.58
108544,880,24/11/2023,03/12/2023,,Spain,Valencia,17.45
108546,112,2023-11-24,"Dec 03, 2023",11/28/2023,France,Lyon,12.04
108550,538,2023-11-24,"Dec 03, 2023",2023-12-05,Germany,Hamburg,20.54
108552,2043,2023-11-24,28.11.2023,2023-12-01,France,Marseille,29.28
108555,2630,2023-11-24,06.12.2023,2023-11-29,United Kingdom,Liverpool,10.83
108556,798,"Nov 24, 2023",12/05/2023,2023-11-26,Poland,Krakow,13.19
108559,195,2023-11-24,2023-11-30,12/02/2023,Sweden,Gothenburg,7.64
108560,2752,24/11/2023,2023-11-28,2023-12-01,Netherlands,Eindhoven,38.34
108561,2070,2023-11-24,2023-12-06,2023-12-01,Austria,Vienna,11.58
108569,2905,2023-11-24,2023-12-05,29/11/2023,USA,Boston,10.68
108570,1491,2023-11-24,02.12.2023,28.11.2023,France,Paris,13.45
108574,2429,2023-11-24,"Dec 06, 2023",05/12/2023,Italy,Naples,8.31
108575,613,24/11/2023,"Dec 01, 2023",2023-12-01,United Kingdom,Leeds,70.88
108579,1128,"Nov 24, 2023",2023-12-07,,Germany,Frankfurt,9.59
108580,2297,2023-11-24,12/07/2023,30.11.2023,Germany,Cologne,11.32
108582,637,2023-11-24,"Nov 29, 2023",,USA,Boston,13.21
108584,2772,24.11.2023,2023-11-30,12/01/2023,France,Toulouse,12.86
108588,1482,11/24/2023,"Nov 29, 2023","Dec 03, 2023",Germany,Munich,26.82
108590,2763,2023-11-24,"Nov 27, 2023",11/30/2023,Spain,Barcelona,24.71
108593,1367,"Nov 24, 2023",04/12/2023,03.12.2023,United Kingdom,Manchester,16.33
108594,854,2023-11-24,2023-11-28,"Nov 29, 2023",Spain,Madrid,14.03
108595,878,11/24/2023,"Dec 07, 2023",,Italy,Florence,15.25
108597,843,2023-11-24,2023-12-05,2023-11-29,Netherlands,Amsterdam,8.92
108599,1075,2023-11-24,28/11/2023,2023-11-28,Czech Republic,Pilsen,9.48
108600,2182,"Nov 24, 2023",2023-12-07,2023-12-01,Czech Republic,Prague,49.76
108602,41,2023-11-24,06.12.2023,,Poland,Poznan,23.77
108603,217,11/24/2023,2023-11-30,2023-12-03,Czech Republic,Pilsen,44.55
108604,2571,11/24/2023,2023-12-02,2023-12-05,France,Lyon,46.45
108606,396,2023-11-24,2023-12-03,2023-11-25,USA,Chicago,30.69
108607,2082,"Nov 24, 2023",12/05/2023,2023-11-28,Poland,Lodz,16.96
108610,2574,"Nov 24, 2023","Dec 06, 2023",,USA,Boston,23.64
108611,2602,2023-11-24,01.12.2023,2023-11-26,USA,Chicago,26.14
108612,1780,2023-11-24,07.12.2023,,France,Toulouse,12.98
108616,2459,24/11/2023,30.11.2023,2023-11-27,USA,Chicago,8.45
108620,301,2023-11-24,2023-12-03,"Nov 26, 2023",Netherlands,Amsterdam,18.97
108622,1305,24/11/2023,27/11/2023,2023-12-03,Germany,Frankfurt,28.35
108623,1861,24.11.2023,05/12/2023,,Sweden,Gothenburg,16.68
108626,1568,11/24/2023,11/29/2023,,Poland,Warsaw,14.02
108628,855,11/24/2023,2023-12-07,03/12/2023,Spain,Madrid,19.33
108631,954,24.11.2023,2023-12-01,"Nov 26, 2023",Czech Republic,Ostrava,9.2
108633,782,24/11/2023,"Nov 30, 2023",2023-12-03,Germany,Berlin,8.31
108636,169,11/24/2023,30/11/2023,"Nov 27, 2023",Germany,Munich,8.25
108639,2190,"Nov 24, 2023",12/07/2023,2023-12-04,United Kingdom,Liverpool,18.78
108648,2859,"Nov 24, 2023",12/07/2023,05/12/2023,Sweden,Malmo,8.92
108650,2060,2023-11-24,2023-12-05,,Germany,Cologne,13.33
108655,1643,"Nov 24, 2023",04/12/2023,2023-12-03,United Kingdom,Manchester,25.7
108663,2704,24/11/2023,2023-12-01,,Czech Republic,Prague,11.49
108664,1950,"Nov 24, 2023",02.12.2023,12/04/2023,United Kingdom,Bristol,-9.25
108671,1623,11/24/2023,2023-12-04,,United Kingdom,Bristol,7.11
108680,209,2023-11-24,01/12/2023,12/05/2023,Norway,Oslo,5.99
108681,764,2023-11-24,05.12.2023,2023-11-30,Sweden,Gothenburg,8.74
108682,260,"Nov 24, 2023",02/12/2023,"Dec 04, 2023",Germany,Frankfurt,9.53
108688,1568,"Nov 24, 2023",2023-12-03,,Poland,Warsaw,18.76
108693,1283,24.11.2023,28/11/2023,,France,Marseille,35.96
108698,378,24/11/2023,2023-11-28,02/12/2023,United Kingdom,Manchester,33.65
108706,1744,2023-11-24,11/30/2023,2023-11-30,USA,Chicago,35.16
108715,938,2023-11-24,07/12/2023,"Dec 01, 2023",Spain,Bilbao,35.06
108722,904,11/24/2023,2023-12-06,12/05/2023,France,Nice,18.54
108723,141,11/24/2023,"Nov 27, 2023",,France,Paris,19.85
108728,2295,"Nov 24, 2023",2023-12-05,,United Kingdom,Bristol,19.66
108731,2338,24/11/2023,"Nov 27, 2023","Nov 29, 2023",Poland,Poznan,20.24
108732,1913,2023-11-24,2023-12-04,2023-11-28,Italy,Milan,34.99
108733,1714,24.11.2023,2023-12-05,2023-11-29,Poland,Wroclaw,57.44
108735,787,2023-11-24,2023-12-07,2023-12-02,USA,Austin,37.81
108736,770,"Nov 24, 2023","Nov 28, 2023",2023-12-04,Czech Republic,Ostrava,15.57
108737,238,11/24/2023,2023-11-29,"Dec 05, 2023",Austria,Vienna,14.31
108738,1560,2023-11-24,12/05/2023,2023-12-05,Austria,Graz,20.05
108740,1067,2023-11-25,2023-12-04,2023-12-02,France,Paris,60.57
108743,1054,11/25/2023,06/12/2023,05.12.2023,Netherlands,Amsterdam,13.85
108744,916,2023-11-25,28.11.2023,02.12.2023,USA,Seattle,8.23
108749,2373,2023-11-25,2023-11-28,2023-11-26,United Kingdom,Leeds,23.21
108750,1074,25.11.2023,2023-12-03,2023-12-03,France,Marseille,10.76
108753,1627,25/11/2023,2023-12-02,12/06/2023,Poland,Lodz,27.89
108757,2189,2023-11-25,29.11.2023,2023-12-06,Germany,Berlin,6.63
108758,2944,25.11.2023,08.12.2023,01.12.2023,Poland,Warsaw,23.5
108760,1564,25.11.2023,12/01/2023,02/12/2023,Italy,Florence,18.23
108761,538,2023-11-25,12/03/2023,28.11.2023,Germany,Hamburg,9.03
108763,1779,11/25/2023,2023-12-06,06/12/2023,USA,New York,10.48
108764,2328,"Nov 25, 2023",08/12/2023,2023-11-28,United Kingdom,Liverpool,10.92
108765,2758,2023-11-25,11/30/2023,01/12/2023,Netherlands,Rotterdam,31.9
108768,743,2023-11-25,12/03/2023,04/12/2023,Spain,Madrid,18.43
108772,1080,2023-11-25,2023-11-29,,Poland,Wroclaw,21.44
108773,530,11/25/2023,01/12/2023,,Austria,Linz,20.29
108779,317,2023-11-25,28/11/2023,2023-12-04,United Kingdom,Leeds,33.37
108786,75,25.11.2023,2023-12-08,12/01/2023,United Kingdom,Liverpool,19.07
108789,1445,2023-11-25,05/12/2023,12/05/2023,France,Toulouse,17.58
108790,2486,2023-11-25,12/02/2023,"Nov 28, 2023",Poland,Gdansk,24.03
108791,2605,2023-11-25,07.12.2023,2023-12-03,USA,Denver,22.75
108792,1695,2023-11-25,12/01/2023,2023-12-04,Netherlands,Rotterdam,28.42
108795,460,2023-11-25,2023-12-08,27.11.2023,Norway,Trondheim,9.2
108796,2809,11/25/2023,2023-12-02,12/06/2023,United Kingdom,Manchester,29.0
108800,2351,"Nov 25, 2023",2023-12-08,11/28/2023,Sweden,Gothenburg,8.2
108803,2111,2023-11-26,"Dec 04, 2023",11/30/2023,Austria,Vienna,6.44
108812,1400,11/26/2023,2023-11-30,2023-12-02,Poland,Gdansk,18.39
108818,371,2023-11-26,30.11.2023,06.12.2023,Germany,Cologne,32.67
108823,1384,"Nov 26, 2023",2023-12-06,2023-12-04,Spain,Valencia,25.09
108826,1839,2023-11-26,06.12.2023,01/12/2023,France,Marseille,8.42
108827,1754,2023-11-26,2023-12-02,2023-12-05,Norway,Oslo,10.99
108830,1622,2023-11-26,11/30/2023,29/11/2023,United Kingdom,Liverpool,33.92
108837,2399,2023-11-26,11/30/2023,,Italy,Naples,30.55
108838,1124,2023-11-26,"Dec 08, 2023",12/01/2023,Netherlands,Rotterdam,8.31
108839,1326,26/11/2023,29/11/2023,01/12/2023,Poland,Krakow,17.48
108840,428,2023-11-27,"Dec 02, 2023",2023-12-02,Germany,Berlin,25.42
108844,750,2023-11-27,2023-12-04,07/12/2023,USA,Chicago,20.01
108845,2737,11/27/2023,12/04/2023,08/12/2023,Canada,Vancouver,10.13
108847,1627,2023-11-27,2023-12-03,08.12.2023,Poland,Lodz,16.48
108855,123,11/27/2023,2023-12-07,2023-12-06,Germany,Cologne,22.92
108857,216,"Nov 27, 2023",12/04/2023,28/11/2023,Czech Republic,Prague,11.24
108859,1887,2023-11-27,2023-12-08,,United Kingdom,Leeds,7.12
108860,1094,2023-11-27,2023-12-03,"Dec 04, 2023",Poland,Wroclaw,30.58
108862,710,"Nov 27, 2023",2023-12-05,12/02/2023,Germany,Hamburg,9.25
108864,2697,11/27/2023,2023-11-30,,Canada,Montreal,29.16
108866,218,11/27/2023,12/07/2023,2023-12-06,Norway,Oslo,20.06
108867,1309,11/27/2023,2023-11-30,"Dec 05, 2023",USA,Chicago,19.98
108869,1715,"Nov 27, 2023",2023-12-03,12/06/2023,Spain,Seville,7.94
108875,2593,11/27/2023,03.12.2023,2023-12-03,Italy,Naples,10.19
108884,1967,28/11/2023,2023-12-11,2023-12-01,Spain,Madrid,27.66
108886,1043,"Nov 28, 2023","Dec 01, 2023",2023-12-08,USA,Chicago,7.97
108887,679,28/11/2023,01/12/2023,30.11.2023,Czech Republic,Pilsen,8.21
108888,2907,2023-11-28,07/12/2023,07/12/2023,Sweden,Stockholm,29.43
108890,1174,"Nov 28, 2023",01/12/2023,2023-12-03,USA,Austin,21.07
108891,2471,2023-11-28,01.12.2023,2023-12-03,USA,Seattle,19.01
108892,4,11/28/2023,2023-12-03,2023-12-06,Poland,Gdansk,15.77
108895,80,28/11/2023,01/12/2023,"Dec 03, 2023",Canada,Toronto,11.74
108898,2063,11/28/2023,2023-12-08,2023-12-06,Poland,Krakow,14.38
108899,70,2023-11-28,12/02/2023,06/12/2023,United Kingdom,Bristol,13.26
108903,1921,28/11/2023,2023-12-01,,Netherlands,Amsterdam,14.19
108906,1405,29/11/2023,2023-12-11,,Germany,Berlin,13.12
108912,1771,2023-11-29,"Dec 03, 2023",12/02/2023,Netherlands,Eindhoven,16.74
108913,2652,"Nov 29, 2023",06/12/2023,09.12.2023,Germany,Frankfurt,9.7
108919,790,"Nov 29, 2023",12/12/2023,2023-12-06,Netherlands,Amsterdam,27.04
108922,613,29/11/2023,12/08/2023,,United Kingdom,Leeds,20.89
108923,471,11/29/2023,2023-12-11,05/12/2023,Austria,Graz,9.52
108926,990,2023-11-29,"Dec 02, 2023",2023-12-07,Austria,Linz,22.07
108931,1968,"Nov 29, 2023",2023-12-05,2023-12-04,Czech Republic,Prague,12.63
108936,1739,2023-11-29,2023-12-02,2023-12-01,Norway,Bergen,9.71
108937,2089,2023-11-29,11.12.2023,"Dec 02, 2023",Canada,Toronto,4.39
108938,2219,2023-11-29,"Dec 02, 2023",30/11/2023,Italy,Rome,24.96
108943,26,2023-11-30,12/04/2023,01.12.2023,Czech Republic,Brno,14.2
108945,615,2023-11-30,2023-12-05,"Dec 10, 2023",Spain,Madrid,6.23
108948,2079,2023-11-30,09.12.2023,09/12/2023,Spain,Bilbao,10.66
108952,607,2023-11-30,09.12.2023,05.12.2023,France,Lyon,17.53
108953,1784,30.11.2023,2023-12-11,2023-12-08,United Kingdom,Leeds,30.71
108955,1169,2023-11-30,2023-12-09,07.12.2023,USA,Boston,20.09
108960,1981,"Nov 30, 2023",2023-12-07,04/12/2023,Poland,Krakow,21.29
108962,1732,2023-11-30,2023-12-12,12/01/2023,Czech Republic,Brno,16.34
108964,1991,2023-11-30,03.12.2023,2023-12-11,Czech Republic,Pilsen,3.38
108970,457,30/11/2023,2023-12-05,2023-12-10,Poland,Poznan,7.08
108972,972,11/30/2023,13/12/2023,2023-12-04,Poland,Krakow,29.5
108980,932,2023-11-30,"Dec 03, 2023",,USA,Boston,9.03
108982,2361,2023-12-01,12/07/2023,2023-12-07,France,Paris,17.78
108985,1122,01/12/2023,2023-12-08,2023-12-02,France,Toulouse,-11.78
108987,1004,12/01/2023,10.12.2023,12/12/2023,Norway,Oslo,7.36
108988,1104,01/12/2023,04/12/2023,12/12/2023,Poland,Gdansk,11.22
108994,36,"Dec 01, 2023",05/12/2023,2023-12-04,Spain,Seville,17.48
108997,2263,01.12.2023,12/12/2023,2023-12-03,USA,New York,64.55
109002,916,2023-12-01,2023-12-14,,USA,Seattle,11.19
109004,1051,"Dec 01, 2023",08/12/2023,12/12/2023,Sweden,Malmo,11.42
109008,209,2023-12-01,13.12.2023,07.12.2023,Norway,Oslo,18.49
109011,451,2023-12-01,"Dec 09, 2023",,Poland,Poznan,17.37
109017,2716,01/12/2023,09/12/2023,"Dec 10, 2023",Poland,Poznan,9.28
109019,1694,2023-12-01,2023-12-08,,Poland,Krakow,27.19
109021,2640,"Dec 02, 2023",12/12/2023,,United Kingdom,Leeds,7.89
109024,1056,"Dec 02, 2023",2023-12-05,2023-12-10,Netherlands,Eindhoven,23.79
109025,2297,2023-12-02,14.12.2023,,Germany,Cologne,16.22
109027,2093,02.12.2023,2023-12-14,,Spain,Madrid,42.55
109029,794,2023-12-02,14/12/2023,09/12/2023,Spain,Madrid,21.29
109031,1884,2023-12-02,"Dec 09, 2023",,Spain,Barcelona,16.97
109036,2380,02/12/2023,11/12/2023,12/09/2023,United Kingdom,Leeds,36.44
109040,2349,"Dec 02, 2023",2023-12-05,2023-12-11,United Kingdom,Liverpool,16.75
109041,1401,2023-12-02,12/05/2023,12/03/2023,France,Paris,16.57
109043,675,2023-12-02,2023-12-13,"Dec 05, 2023",France,Marseille,4.36
109049,188,"Dec 03, 2023",2023-12-14,2023-12-04,Czech Republic,Pilsen,27.38
109053,2648,2023-12-03,2023-12-11,,France,Nice,14.51
109055,2375,2023-12-03,07/12/2023,12/04/2023,Netherlands,Rotterdam,5.08
109058,830,2023-12-03,2023-12-15,"Dec 09, 2023",Germany,Frankfurt,25.07
109061,872,03.12.2023,2023-12-11,2023-12-08,Netherlands,Rotterdam,13.98
109064,2321,"Dec 03, 2023",10/12/2023,2023-12-14,Germany,Hamburg,38.01
109065,720,12/03/2023,12/09/2023,12/07/2023,Netherlands,Eindhoven,22.92
109067,2310,"Dec 03, 2023",2023-12-12,2023-12-10,Spain,Bilbao,11.0
109070,1226,"Dec 03, 2023",13.12.2023,06/12/2023,Poland,Lodz,11.5
109073,2991,"Dec 04, 2023",12.12.2023,13.12.2023,Austria,Graz,46.97
109074,538,12/04/2023,2023-12-17,06.12.2023,Germany,Hamburg,53.48
109078,1218,12/04/2023,12.12.2023,2023-12-05,Germany,Munich,13.74
109079,318,2023-12-04,2023-12-08,2023-12-13,USA,Chicago,40.31
109085,141,2023-12-04,"Dec 09, 2023",2023-12-07,France,Paris,7.44
109086,1138,2023-12-04,"Dec 17, 2023",2023-12-07,Spain,Seville,3.89
109088,931,12/04/2023,2023-12-15,2023-12-14,Spain,Seville,23.36
109089,2506,2023-12-04,2023-12-08,"Dec 13, 2023",Poland,Lodz,20.68
109091,1399,12/04/2023,2023-12-10,12/12/2023,Spain,Valencia,7.0
109092,50,04.12.2023,"Dec 14, 2023",09/12/2023,Canada,Vancouver,32.75
109093,2961,12/04/2023,14.12.2023,2023-12-09,Italy,Rome,30.98
109097,2120,2023-12-04,12/10/2023,12/15/2023,Italy,Florence,14.48
109100,594,04/12/2023,09.12.2023,,Italy,Naples,20.73
109101,1147,"Dec 04, 2023",08.12.2023,15.12.2023,United Kingdom,London,19.07
109102,820,2023-12-04,07/12/2023,09/12/2023,United Kingdom,Leeds,22.37
109105,2830,2023-12-04,14.12.2023,2023-12-14,Spain,Madrid,21.33
109107,2809,"Dec 04, 2023",2023-12-17,08/12/2023,United Kingdom,Manchester,14.66
109110,1421,04/12/2023,12/10/2023,2023-12-07,Netherlands,Eindhoven,7.0
109112,914,"Dec 04, 2023",12/08/2023,14/12/2023,Spain,Barcelona,21.86
109115,2520,"Dec 05, 2023",2023-12-15,16/12/2023,Poland,Wroclaw,13.07
109116,946,2023-12-05,12/12/2023,2023-12-09,Czech Republic,Brno,10.4
109118,2387,2023-12-05,12/12/2023,2023-12-08,Germany,Frankfurt,22.76
109120,862,2023-12-05,16/12/2023,12/07/2023,Germany,Munich,21.81
109125,1334,12/05/2023,15.12.2023,15.12.2023,Spain,Madrid,9.7
109126,1644,05.12.2023,2023-12-10,,Poland,Poznan,18.93
109128,2269,05.12.2023,08/12/2023,2023-12-11,United Kingdom,Manchester,8.89
109132,733,05.12.2023,12/09/2023,2023-12-12,Italy,Florence,6.08
109133,1325,2023-12-05,14/12/2023,09/12/2023,Poland,Krakow,10.8
109135,340,12/05/2023,2023-12-16,06/12/2023,United Kingdom,Liverpool,12.55
109137,1247,2023-12-05,2023-12-10,08.12.2023,France,Nice,11.4
109139,1107,2023-12-05,2023-12-10,2023-12-16,Czech Republic,Prague,29.82
109141,2731,"Dec 05, 2023",16.12.2023,12.12.2023,Poland,Wroclaw,23.25
109148,518,05.12.2023,2023-12-10,08/12/2023,Germany,Hamburg,19.6
109151,44,06/12/2023,15.12.2023,11.12.2023,Poland,Wroclaw,17.4
109153,693,2023-12-06,2023-12-15,2023-12-13,Czech Republic,Brno,12.98
109155,746,2023-12-06,2023-12-14,12/16/2023,France,Nice,5.4
109156,2432,06.12.2023,13.12.2023,"Dec 17, 2023",Poland,Wroclaw,14.44
109157,966,2023-12-06,"Dec 18, 2023",2023-12-08,Netherlands,Eindhoven,34.72
109159,184,06.12.2023,14.12.2023,2023-12-11,United Kingdom,Manchester,16.35
109160,1564,2023-12-06,"Dec 19, 2023",2023-12-16,Italy,Florence,34.64
109161,1407,"Dec 06, 2023",12/17/2023,2023-12-13,Netherlands,Amsterdam,25.33
109162,655,06.12.2023,2023-12-16,"Dec 14, 2023",Sweden,Stockholm,24.56
109164,2209,06.12.2023,"Dec 16, 2023",07/12/2023,Italy,Florence,13.77
109165,2548,2023-12-06,"Dec 19, 2023",15.12.2023,Austria,Salzburg,13.98
109174,2159,2023-12-06,"Dec 18, 2023",2023-12-15,Spain,Valencia,24.57
109176,2324,12/06/2023,2023-12-09,2023-12-13,Poland,Wroclaw,16.27
109178,2281,06/12/2023,2023-12-10,09/12/2023,USA,Seattle,16.49
109181,2665,12/07/2023,12/12/2023,16/12/2023,United Kingdom,Leeds,35.98
109182,2293,"Dec 07, 2023",12/19/2023,12/12/2023,France,Nice,13.09
109184,656,2023-12-07,2023-12-12,2023-12-15,Italy,Turin,7.12
109187,1713,07/12/2023,2023-12-10,2023-12-16,USA,Austin,30.34
109188,1117,12/07/2023,2023-12-18,,Italy,Florence,32.44
109196,172,07/12/2023,2023-12-11,,Italy,Turin,7.15
109199,1551,2023-12-07,2023-12-12,2023-12-10,Poland,Lodz,13.05
109200,2246,2023-12-07,2023-12-15,15.12.2023,Sweden,Uppsala,10.61
109201,2479,12/07/2023,2023-12-13,"Dec 15, 2023",Italy,Rome,9.8
109202,1993,07.12.2023,15/12/2023,"Dec 13, 2023",Italy,Naples,8.53
109207,1148,2023-12-07,10/12/2023,2023-12-09,Sweden,Malmo,43.2
109212,2577,12/08/2023,15/12/2023,18.12.2023,Poland,Krakow,16.94
109214,545,08/12/2023,2023-12-11,2023-12-18,Poland,Lodz,4.32
109217,211,2023-12-08,12/16/2023,10/12/2023,USA,Denver,5.4
109223,2991,2023-12-08,2023-12-17,2023-12-12,Austria,Graz,11.93
109226,2588,2023-12-08,2023-12-15,12.12.2023,Germany,Frankfurt,26.35
109235,1637,2023-12-08,19/12/2023,"Dec 09, 2023",Czech Republic,Ostrava,-18.16
109237,1597,"Dec 09, 2023",2023-12-18,16/12/2023,Poland,Krakow,27.94
109245,1329,"Dec 09, 2023",12/12/2023,10.12.2023,France,Lyon,10.34
109247,2404,09.12.2023,19.12.2023,"Dec 19, 2023",Austria,Salzburg,11.04
109249,750,09/12/2023,2023-12-22,,USA,Chicago,19.36
109251,270,2023-12-09,22.12.2023,2023-12-16,USA,Denver,52.71
109256,2549,12/09/2023,12/19/2023,2023-12-19,Netherlands,Amsterdam,16.65
109257,1129,12/09/2023,2023-12-18,12/14/2023,United Kingdom,Leeds,7.37
109258,2700,2023-12-09,2023-12-12,,Sweden,Malmo,17.49
109261,2436,2023-12-09,21/12/2023,12/12/2023,Austria,Salzburg,4.35
109265,2432,09/12/2023,20/12/2023,2023-12-12,Poland,Wroclaw,19.69
109278,242,10.12.2023,12/21/2023,2023-12-14,Italy,Florence,22.2
109279,2440,2023-12-10,2023-12-16,,Germany,Munich,25.67
109281,70,10/12/2023,2023-12-17,2023-12-12,United Kingdom,Bristol,5.99
109283,1897,10/12/2023,2023-12-18,2023-12-13,USA,Boston,13.27
109291,2021,12/10/2023,"Dec 21, 2023",20.12.2023,Canada,Toronto,20.99
109293,2815,10/12/2023,18.12.2023,15/12/2023,Poland,Warsaw,13.4
109295,2859,"Dec 10, 2023",12/23/2023,18.12.2023,Sweden,Malmo,30.31
109297,943,12/10/2023,21/12/2023,12/21/2023,Spain,Seville,10.19
109302,2468,10.12.2023,2023-12-22,2023-12-16,USA,Boston,7.96
109306,1721,2023-12-11,2023-12-20,20.12.2023,Norway,Stavanger,17.89
109310,1450,2023-12-11,2023-12-18,,France,Nice,18.69
109312,153,12/11/2023,19.12.2023,2023-12-18,United Kingdom,Liverpool,23.56
109314,1054,2023-12-11,23/12/2023,2023-12-15,Netherlands,Amsterdam,40.95
109316,1514,12/11/2023,2023-12-20,"Dec 13, 2023",France,Marseille,16.53
109317,1533,2023-12-11,"Dec 22, 2023",12/19/2023,Canada,Ottawa,16.01
109318,2557,11/12/2023,12/14/2023,12/22/2023,Poland,Warsaw,10.59
109321,2051,12/11/2023,2023-12-17,12/20/2023,United Kingdom,London,9.37
109322,112,11/12/2023,2023-12-23,,France,Lyon,25.0
109324,2637,2023-12-11,2023-12-18,12/16/2023,USA,Chicago,10.39
109330,1203,11/12/2023,12/23/2023,2023-12-21,USA,Boston,53.39
109333,1364,11/12/2023,16/12/2023,"Dec 21, 2023",Canada,Vancouver,16.78
109336,1411,2023-12-11,16/12/2023,2023-12-18,Austria,Salzburg,5.46
109339,1933,2023-12-12,18/12/2023,17/12/2023,USA,Chicago,7.71
109340,2011,2023-12-12,20.12.2023,2023-12-20,United Kingdom,Manchester,10.92
109350,2303,12.12.2023,17.12.2023,12/18/2023,Spain,Barcelona,3.28
109355,1860,2023-12-12,12/23/2023,12/13/2023,Germany,Frankfurt,16.59
109360,1102,2023-12-12,18.12.2023,12/21/2023,Sweden,Gothenburg,8.83
109367,218,2023-12-13,2023-12-26,2023-12-23,Norway,Oslo,14.68
109369,488,2023-12-13,19/12/2023,2023-12-20,United Kingdom,Liverpool,9.8
109370,2468,2023-12-13,12/19/2023,2023-12-14,USA,Boston,18.61
109371,1779,2023-12-13,2023-12-19,2023-12-21,USA,New York,20.03
109372,1720,2023-12-13,16/12/2023,23/12/2023,Poland,Warsaw,12.54
109374,2319,2023-12-13,"Dec 16, 2023",2023-12-14,Netherlands,Amsterdam,7.04
109376,554,"Dec 13, 2023",2023-12-18,2023-12-14,Germany,Cologne,17.0
109377,2548,2023-12-13,"Dec 22, 2023",2023-12-17,Austria,Salzburg,22.88
109378,540,2023-12-13,2023-12-24,,USA,Boston,38.8
109379,1875,2023-12-13,12/24/2023,2023-12-18,Poland,Warsaw,10.08
109380,1540,2023-12-13,"Dec 16, 2023",2023-12-15,Czech Republic,Pilsen,12.31
109383,1644,2023-12-13,2023-12-16,2023-12-20,Poland,Poznan,15.1
109385,939,2023-12-13,"Dec 19, 2023",12/20/2023,Poland,Gdansk,17.25
109388,780,2023-12-13,12/20/2023,12/15/2023,France,Nice,22.46
109389,939,2023-12-13,"Dec 19, 2023",,Poland,Gdansk,11.38
109392,1451,2023-12-13,20/12/2023,18.12.2023,Poland,Krakow,24.7
109394,2486,13.12.2023,"Dec 16, 2023",2023-12-24,Poland,Gdansk,24.44
109395,1461,13/12/2023,"Dec 22, 2023",20.12.2023,USA,Denver,17.88
109398,1815,2023-12-13,2023-12-25,2023-12-14,Germany,Berlin,12.06
109400,1083,"Dec 14, 2023",22.12.2023,16/12/2023,United Kingdom,London,5.43
109401,1047,14/12/2023,2023-12-24,2023-12-15,Germany,Frankfurt,27.96
109407,2651,14/12/2023,"Dec 19, 2023",21/12/2023,Italy,Rome,22.65
109408,2051,2023-12-14,2023-12-27,2023-12-16,United Kingdom,London,17.54
109409,723,2023-12-14,17.12.2023,"Dec 17, 2023",Canada,Ottawa,14.25
109411,956,2023-12-14,"Dec 21, 2023",2023-12-17,Italy,Florence,6.43
109412,2649,"Dec 14, 2023",22.12.2023,24.12.2023,Germany,Berlin,4.14
109414,1799,2023-12-14,25/12/2023,,Germany,Munich,13.68
109415,427,2023-12-14,17.12.2023,"Dec 24, 2023",Spain,Valencia,33.42
109418,199,"Dec 14, 2023",2023-12-18,20/12/2023,United Kingdom,Bristol,8.02
109422,1410,12/14/2023,19/12/2023,,France,Nice,20.52
109426,942,14.12.2023,"Dec 19, 2023",12/17/2023,Italy,Turin,36.41
109427,852,2023-12-15,2023-12-26,26.12.2023,Sweden,Uppsala,6.37
109430,435,2023-12-15,12/19/2023,,Italy,Milan,29.57
109431,2228,12/15/2023,21/12/2023,,France,Toulouse,25.89
109433,885,"Dec 15, 2023",22.12.2023,2023-12-22,Germany,Frankfurt,5.47
109434,1319,2023-12-15,20.12.2023,19.12.2023,United Kingdom,Liverpool,16.92
109435,21,15.12.2023,2023-12-20,18.12.2023,Austria,Linz,16.86
109437,530,"Dec 15, 2023",2023-12-27,2023-12-16,Austria,Linz,17.9
109442,1720,"Dec 15, 2023",2023-12-18,"Dec 25, 2023",Poland,Warsaw,7.5
109447,2296,15/12/2023,2023-12-19,2023-12-18,United Kingdom,London,16.34
109448,295,12/15/2023,2023-12-25,,Norway,Bergen,42.95
109449,2443,2023-12-15,2023-12-24,12/21/2023,Spain,Seville,-55.17
109453,1685,2023-12-15,12/27/2023,2023-12-17,Netherlands,Amsterdam,19.49
109455,323,2023-12-15,20.12.2023,16.12.2023,USA,Boston,10.83
109456,1008,12/15/2023,2023-12-26,12/25/2023,USA,Boston,9.45
109458,1868,2023-12-15,2023-12-23,"Dec 25, 2023",USA,Chicago,39.01
109462,1841,12/16/2023,2023-12-29,2023-12-22,Spain,Valencia,19.99
109463,2399,16.12.2023,25/12/2023,2023-12-19,Italy,Naples,15.37
109464,1375,16/12/2023,2023-12-23,19/12/2023,Austria,Vienna,15.79
109465,265,12/16/2023,27/12/2023,22.12.2023,USA,Denver,13.24
109466,955,2023-12-16,12/25/2023,24.12.2023,Norway,Oslo,10.02
109469,255,"Dec 16, 2023",20/12/2023,12/26/2023,Norway,Stavanger,12.35
109475,1241,2023-12-16,2023-12-26,2023-12-17,Czech Republic,Pilsen,16.48
109478,1061,2023-12-16,2023-12-29,2023-12-23,Spain,Valencia,13.02
109481,798,2023-12-16,2023-12-21,25/12/2023,Poland,Krakow,8.18
109483,2922,2023-12-16,12/26/2023,26.12.2023,Poland,Warsaw,20.78
109486,74,2023-12-16,"Dec 19, 2023",26/12/2023,Germany,Hamburg,8.02
109487,1151,"Dec 16, 2023",2023-12-27,,United Kingdom,Liverpool,5.21
109489,481,"Dec 17, 2023",29/12/2023,2023-12-28,Canada,Ottawa,31.48
109492,113,2023-12-17,12/30/2023,2023-12-25,Spain,Seville,9.65
109493,809,17/12/2023,2023-12-30,2023-12-20,Germany,Cologne,14.05
109497,1226,17/12/2023,"Dec 21, 2023",2023-12-21,Poland,Lodz,20.1
109499,535,2023-12-17,24/12/2023,2023-12-22,Poland,Warsaw,14.12
109500,223,2023-12-17,2023-12-30,21/12/2023,France,Toulouse,5.26
109501,2406,2023-12-17,23/12/2023,2023-12-27,Norway,Bergen,7.83
109505,2536,"Dec 17, 2023",2023-12-20,21.12.2023,USA,Denver,10.96
109510,426,17/12/2023,2023-12-30,,France,Nice,15.93
109513,979,2023-12-17,"Dec 25, 2023",21.12.2023,Poland,Wroclaw,21.61
109514,2991,17/12/2023,"Dec 21, 2023",2023-12-27,Austria,Graz,13.07
109516,2779,2023-12-17,28.12.2023,12/18/2023,France,Paris,8.89
109521,1819,18.12.2023,2023-12-24,2023-12-20,Germany,Cologne,12.34
109523,991,2023-12-18,2023-12-21,26/12/2023,Spain,Valencia,26.36
109526,1377,"Dec 18, 2023",12/24/2023,19/12/2023,Italy,Rome,32.53
109531,2195,"Dec 18, 2023",23.12.2023,12/23/2023,Germany,Munich,35.42
109533,343,"Dec 18, 2023",2023-12-22,12/19/2023,Sweden,Stockholm,24.86
109535,874,18/12/2023,29/12/2023,2023-12-20,Germany,Cologne,18.22
109536,1978,2023-12-18,25.12.2023,12/20/2023,Netherlands,Eindhoven,20.08
109542,1041,2023-12-18,26/12/2023,29/12/2023,Spain,Seville,11.21
109545,1832,18.12.2023,2023-12-27,2023-12-23,USA,Boston,18.37
109553,341,12/18/2023,27/12/2023,24/12/2023,Spain,Bilbao,10.31
109554,11,18/12/2023,2023-12-30,,Germany,Hamburg,9.93
109555,2751,2023-12-18,2023-12-21,2023-12-27,France,Paris,12.83
109557,2261,18/12/2023,2023-12-21,2023-12-25,Germany,Munich,13.29
109558,166,"Dec 18, 2023",23.12.2023,2023-12-28,USA,Denver,31.55
109560,2144,"Dec 18, 2023",12/28/2023,2023-12-28,Sweden,Malmo,13.63
109566,2288,19/12/2023,22/12/2023,22.12.2023,United Kingdom,Leeds,19.64
109575,2124,2023-12-19,2023-12-30,2023-12-30,France,Paris,17.88
109582,500,19.12.2023,2023-12-25,,Poland,Lodz,16.33
109583,177,19/12/2023,2023-12-28,2023-12-23,USA,Austin,32.49
109590,656,2023-12-20,25/12/2023,2023-12-30,Italy,Turin,13.68
109592,690,20.12.2023,12/27/2023,2023-12-30,Sweden,Uppsala,18.74
109594,819,2023-12-20,2023-12-25,12/23/2023,Sweden,Malmo,27.26
109601,701,2023-12-20,01.01.2024,2023-12-27,United Kingdom,Liverpool,23.8
109603,2246,2023-12-20,27/12/2023,,Sweden,Uppsala,17.57
109609,2470,2023-12-20,2023-12-26,2023-12-29,United Kingdom,Leeds,5.0
109616,2737,21.12.2023,"Dec 27, 2023",2023-12-22,Canada,Vancouver,30.07
109619,2223,2023-12-21,31/12/2023,12/26/2023,Germany,Hamburg,12.04
109623,21,21/12/2023,2023-12-27,22/12/2023,Austria,Linz,32.64
109624,2781,21.12.2023,2024-01-03,2023-12-24,United Kingdom,Liverpool,5.2
109627,806,"Dec 21, 2023",2023-12-29,2023-12-28,Germany,Hamburg,18.95
109632,1950,2023-12-21,2024-01-01,29.12.2023,United Kingdom,Bristol,5.52
109634,2653,"Dec 21, 2023",2023-12-29,2023-12-30,France,Paris,32.59
109643,1864,"Dec 21, 2023","Dec 28, 2023","Dec 26, 2023",Netherlands,Utrecht,23.83
109646,1134,21/12/2023,2023-12-26,,Spain,Bilbao,18.19
109652,1785,22/12/2023,04/01/2024,23/12/2023,Spain,Madrid,11.96
109662,1675,2023-12-22,2023-12-29,01/01/2024,USA,New York,38.37
109663,1608,2023-12-22,26.12.2023,24.12.2023,Netherlands,Eindhoven,20.7
109670,608,22/12/2023,30/12/2023,2023-12-31,USA,New York,13.04
109673,1594,"Dec 22, 2023",2023-12-31,2023-12-25,France,Lyon,11.53
109675,814,2023-12-22,31/12/2023,"Dec 24, 2023",Poland,Lodz,16.84
109676,2202,2023-12-22,12/31/2023,26/12/2023,Poland,Krakow,5.71
109689,1201,22/12/2023,2024-01-02,,Poland,Warsaw,22.54
109693,770,23.12.2023,27/12/2023,2023-12-25,Czech Republic,Ostrava,14.12
109697,2461,2023-12-23,2023-12-30,02/01/2024,USA,New York,12.3
109700,36,23.12.2023,04/01/2024,2023-12-26,Spain,Seville,21.54
109702,1627,2023-12-23,"Jan 01, 2024",27.12.2023,Poland,Lodz,37.83
109707,1501,23.12.2023,2024-01-05,27/12/2023,France,Paris,13.62
109708,862,2023-12-23,2023-12-30,2023-12-30,Germany,Munich,21.38
109710,1851,12/23/2023,2023-12-26,03/01/2024,Spain,Seville,20.41
109712,1766,12/23/2023,29/12/2023,,Sweden,Malmo,45.09
109713,2930,2023-12-23,27/12/2023,,Italy,Turin,17.89
109719,717,"Dec 24, 2023",03.01.2024,12/26/2023,Norway,Bergen,15.51
109724,1958,2023-12-24,28/12/2023,2023-12-25,Sweden,Malmo,22.17
109725,2319,2023-12-24,2024-01-05,2023-12-31,Netherlands,Amsterdam,11.42
109728,1897,2023-12-24,2024-01-01,"Dec 26, 2023",USA,Boston,15.76
109729,821,24.12.2023,06/01/2024,04/01/2024,France,Paris,11.51
109731,1261,12/24/2023,"Dec 28, 2023",2023-12-29,United Kingdom,Manchester,17.75
109734,2443,12/24/2023,2023-12-31,2024-01-02,Spain,Seville,5.19
109739,208,2023-12-24,2023-12-27,2023-12-28,Poland,Warsaw,28.14
109744,2938,2023-12-24,27/12/2023,03/01/2024,Canada,Montreal,21.21
109746,2653,24.12.2023,05/01/2024,2023-12-25,France,Paris,46.75
109747,1766,24/12/2023,05/01/2024,"Dec 28, 2023",Sweden,Malmo,6.9
109749,1090,"Dec 25, 2023",2024-01-02,12/29/2023,Poland,Poznan,38.89
109757,2381,2023-12-25,05/01/2024,2024-01-03,United Kingdom,Bristol,11.93
109759,2145,2023-12-25,12/30/2023,2024-01-04,United Kingdom,Leeds,7.24
109761,184,2023-12-25,2023-12-31,01/02/2024,United Kingdom,Manchester,12.25
109766,1533,25/12/2023,31.12.2023,2024-01-04,Canada,Ottawa,13.07
109768,1607,"Dec 25, 2023",30/12/2023,02.01.2024,United Kingdom,Leeds,6.03
109771,1415,12/25/2023,2024-01-06,01/01/2024,Netherlands,Amsterdam,17.57
109774,688,2023-12-25,"Jan 06, 2024",03/01/2024,Netherlands,Utrecht,19.45
109776,2290,12/25/2023,"Dec 31, 2023",28/12/2023,Poland,Gdansk,8.51
109777,461,25/12/2023,"Jan 04, 2024",01/03/2024,Spain,Valencia,46.68
109780,1478,25.12.2023,06/01/2024,2023-12-28,United Kingdom,Leeds,17.98
109783,1488,25/12/2023,01/06/2024,"Jan 04, 2024",Spain,Valencia,12.57
109787,2332,2023-12-25,06/01/2024,2024-01-03,Sweden,Malmo,16.13
109791,1708,25.12.2023,29/12/2023,26/12/2023,Germany,Frankfurt,19.29
109793,479,25.12.2023,"Jan 03, 2024",01/04/2024,United Kingdom,Liverpool,15.18
109795,658,2023-12-25,30.12.2023,12/28/2023,Poland,Wroclaw,10.27
109797,1445,25/12/2023,2023-12-30,01/01/2024,France,Toulouse,6.21
109808,2109,26/12/2023,2024-01-08,2024-01-02,Austria,Linz,6.23
109809,2514,"Dec 26, 2023",06/01/2024,,USA,New York,22.8
109815,188,26/12/2023,01/08/2024,"Jan 04, 2024",Czech Republic,Pilsen,5.24
109818,2211,26.12.2023,2023-12-31,,France,Paris,22.27
109819,2459,12/26/2023,"Jan 03, 2024",2024-01-06,USA,Chicago,9.27
109820,1783,26/12/2023,2023-12-30,2023-12-28,United Kingdom,Bristol,39.4
109825,2700,26/12/2023,2024-01-07,,Sweden,Malmo,26.16
109826,2155,"Dec 26, 2023",2024-01-02,2023-12-29,Czech Republic,Pilsen,10.44
109828,1317,26.12.2023,02/01/2024,29.12.2023,Germany,Berlin,17.53
109831,2885,27/12/2023,02.01.2024,,Germany,Frankfurt,14.09
109836,1109,27/12/2023,2023-12-31,2023-12-28,Canada,Montreal,10.35
109845,2111,12/27/2023,06.01.2024,"Dec 29, 2023",Austria,Vienna,21.87
109846,1261,12/27/2023,03/01/2024,"Jan 02, 2024",United Kingdom,Manchester,17.41
109850,801,27/12/2023,"Jan 07, 2024",2024-01-04,Italy,Rome,10.37
109854,2209,2023-12-27,03/01/2024,07/01/2024,Italy,Florence,24.39
109855,918,27/12/2023,12/30/2023,29.12.2023,USA,Chicago,33.73
109856,818,27/12/2023,31/12/2023,"Jan 07, 2024",Germany,Hamburg,4.16
109858,1157,"Dec 28, 2023",2024-01-09,2023-12-31,USA,New York,21.43
109867,2159,28.12.2023,01/07/2024,,Spain,Valencia,24.71
109871,29,12/28/2023,2024-01-09,2024-01-01,United Kingdom,Manchester,24.37
109872,873,12/28/2023,02/01/2024,2023-12-30,USA,Austin,25.71
109873,1041,2023-12-28,09/01/2024,12/30/2023,Spain,Seville,8.6
109875,2475,"Dec 28, 2023",2024-01-10,2024-01-03,Germany,Munich,14.2
109887,1553,29.12.2023,"Jan 09, 2024",01/08/2024,Netherlands,Amsterdam,7.82
109890,125,12/29/2023,01/10/2024,,Austria,Vienna,5.14
109891,1221,29/12/2023,2024-01-08,09/01/2024,Netherlands,Eindhoven,11.16
109892,571,29/12/2023,10.01.2024,"Dec 30, 2023",Czech Republic,Brno,-13.44
109894,2419,2023-12-29,01/01/2024,2024-01-03,Austria,Salzburg,8.22
109896,1382,"Dec 29, 2023",2024-01-08,,Czech Republic,Brno,16.17
109897,326,2023-12-29,01/06/2024,2024-01-08,USA,Denver,-21.84
109899,867,"Dec 29, 2023",2024-01-06,2024-01-03,France,Nice,25.59
109904,938,12/29/2023,06/01/2024,31/12/2023,Spain,Bilbao,7.48
109911,517,2023-12-29,01/05/2024,2024-01-03,Spain,Valencia,14.88
109913,1518,30.12.2023,04.01.2024,01/09/2024,Sweden,Malmo,12.79
109914,2470,2023-12-30,2024-01-11,2024-01-04,United Kingdom,Leeds,15.0
109921,254,30/12/2023,01/06/2024,04/01/2024,Spain,Seville,15.62
109922,1581,12/30/2023,"Jan 03, 2024",2024-01-08,Spain,Valencia,36.64
109923,2255,30.12.2023,06.01.2024,01/08/2024,Poland,Warsaw,16.17
109925,892,30/12/2023,"Jan 05, 2024",,France,Marseille,38.96
109926,591,2023-12-30,2024-01-08,"Jan 07, 2024",Netherlands,Amsterdam,16.55
109927,2102,12/30/2023,"Jan 11, 2024",2024-01-09,USA,Chicago,12.58
109930,2247,30.12.2023,04.01.2024,2024-01-02,Poland,Gdansk,17.85
109932,1826,2023-12-30,2024-01-03,06/01/2024,Spain,Madrid,16.41
109934,2532,"Dec 30, 2023","Jan 10, 2024",2024-01-08,Spain,Valencia,11.19
109935,2241,2023-12-30,"Jan 09, 2024",2024-01-05,Netherlands,Utrecht,8.75
109936,655,2023-12-30,"Jan 03, 2024",,Sweden,Stockholm,13.53
109941,1158,30.12.2023,05.01.2024,2024-01-03,France,Lyon,23.8
109953,2746,31.12.2023,2024-01-12,01/01/2024,USA,Austin,6.67
109956,1822,"Dec 31, 2023",2024-01-05,06.01.2024,Spain,Barcelona,13.26
109962,773,12/31/2023,11/01/2024,"Jan 09, 2024",Norway,Stavanger,10.18
109966,2848,"Dec 31, 2023",01/11/2024,2024-01-01,Poland,Lodz,24.65
109970,2195,31.12.2023,01/07/2024,2024-01-10,Germany,Munich,15.92
109974,656,31/12/2023,"Jan 08, 2024",11.01.2024,Italy,Turin,22.46
109978,21,2023-12-31,01/05/2024,04/01/2024,Austria,Linz,16.45
109979,1840,2023-12-31,01/10/2024,2024-01-10,Poland,Wroclaw,41.35
109981,1667,2023-12-31,"Jan 06, 2024",2024-01-08,USA,New York,7.23
109985,2354,01/01/2024,2024-01-06,12/01/2024,France,Paris,19.85
109986,1753,01/01/2024,04/01/2024,2024-01-07,United Kingdom,Bristol,18.86
109991,413,01.01.2024,12/01/2024,,Netherlands,Utrecht,5.91
109995,1445,2024-01-01,2024-01-14,,France,Toulouse,18.51
109997,1445,2024-01-01,2024-01-12,"Jan 07, 2024",France,Toulouse,38.12
110005,606,2024-01-01,"Jan 12, 2024",2024-01-03,Sweden,Gothenburg,11.57
110013,2891,02/01/2024,2024-01-10,"Jan 13, 2024",Canada,Vancouver,14.53
110014,523,2024-01-02,2024-01-13,01/13/2024,France,Lyon,18.75
110017,2324,02/01/2024,13.01.2024,2024-01-09,Poland,Wroclaw,24.59
110019,1490,2024-01-02,2024-01-07,2024-01-04,Germany,Frankfurt,24.61
110023,2586,02/01/2024,"Jan 12, 2024",,Netherlands,Rotterdam,14.31
110025,2535,01/02/2024,10/01/2024,01/13/2024,Germany,Cologne,14.18
110028,2420,2024-01-02,2024-01-07,"Jan 07, 2024",Netherlands,Rotterdam,11.63
110029,787,01/02/2024,06/01/2024,2024-01-11,USA,Austin,14.34
110035,2544,"Jan 02, 2024",05/01/2024,01/07/2024,France,Toulouse,6.41
110037,462,02/01/2024,2024-01-05,01/03/2024,Canada,Toronto,32.26
110038,2633,2024-01-02,2024-01-08,2024-01-04,Italy,Milan,34.62
110040,2021,"Jan 02, 2024",2024-01-13,,Canada,Toronto,25.66
110041,1457,2024-01-02,"Jan 14, 2024",01/04/2024,Canada,Calgary,17.39
110043,716,2024-01-03,06/01/2024,2024-01-11,Poland,Poznan,25.49
110046,1648,"Jan 03, 2024",2024-01-08,2024-01-06,Germany,Hamburg,21.54
110047,2217,"Jan 03, 2024",08/01/2024,2024-01-13,Germany,Munich,14.74
110054,1008,"Jan 03, 2024",01/10/2024,2024-01-13,USA,Boston,42.17
110056,310,03/01/2024,01/07/2024,2024-01-08,Canada,Vancouver,38.98
110058,1646,"Jan 03, 2024",15.01.2024,,France,Lyon,27.04
110059,2480,01/03/2024,2024-01-14,2024-01-08,Norway,Stavanger,29.34
110061,1975,03/01/2024,"Jan 11, 2024",2024-01-10,Germany,Cologne,9.59
110062,2771,2024-01-04,2024-01-14,01/05/2024,USA,New York,55.99
110075,1499,"Jan 04, 2024",2024-01-10,2024-01-14,France,Paris,35.33
110078,1576,01/04/2024,12/01/2024,01/11/2024,France,Lyon,7.84
110080,940,04.01.2024,10/01/2024,,USA,Seattle,30.4
110084,1377,05.01.2024,2024-01-09,2024-01-14,Italy,Rome,13.1
110087,887,"Jan 05, 2024",2024-01-09,2024-01-06,France,Marseille,23.45
110089,2289,01/05/2024,01/10/2024,2024-01-09,USA,Denver,12.15
110094,2959,"Jan 05, 2024",2024-01-13,13.01.2024,France,Marseille,12.07
110102,2447,05/01/2024,2024-01-16,2024-01-06,France,Paris,34.23
110105,512,"Jan 05, 2024",2024-01-14,2024-01-06,Italy,Rome,14.93
110107,344,2024-01-05,14/01/2024,12.01.2024,France,Toulouse,6.17
110116,2728,"Jan 06, 2024",2024-01-11,2024-01-07,Poland,Gdansk,18.36
110117,2916,01/06/2024,13/01/2024,16.01.2024,Spain,Valencia,25.35
110119,1652,2024-01-06,18/01/2024,15/01/2024,Germany,Munich,12.89
110120,2526,"Jan 06, 2024",11/01/2024,2024-01-08,Germany,Berlin,26.94
110123,1410,06/01/2024,11.01.2024,12/01/2024,France,Nice,12.49
110129,2390,06/01/2024,2024-01-17,,Spain,Barcelona,28.65
110132,222,"Jan 06, 2024",2024-01-19,"Jan 07, 2024",Italy,Naples,22.79
110134,1621,2024-01-06,15/01/2024,07.01.2024,Italy,Florence,21.3
110139,527,01/07/2024,01/20/2024,16/01/2024,Poland,Warsaw,16.0
110141,2153,2024-01-07,18/01/2024,09/01/2024,Canada,Montreal,6.51
110143,1487,2024-01-07,14.01.2024,01/15/2024,Netherlands,Eindhoven,12.88
110144,1989,01/07/2024,13.01.2024,01/13/2024,Canada,Toronto,-30.65
110147,884,2024-01-07,01/14/2024,,Poland,Gdansk,8.63
110154,1372,07/01/2024,"Jan 14, 2024",11/01/2024,United Kingdom,Manchester,18.06
110163,2123,01/07/2024,2024-01-17,2024-01-14,France,Nice,19.46
110170,1650,2024-01-07,"Jan 11, 2024",13.01.2024,Poland,Lodz,39.04
110175,1689,2024-01-08,15.01.2024,2024-01-18,Germany,Hamburg,12.02
110180,289,2024-01-08,01/17/2024,2024-01-12,Spain,Seville,10.17
110181,2644,2024-01-08,14/01/2024,10.01.2024,Poland,Wroclaw,16.59
110182,310,08.01.2024,"Jan 19, 2024","Jan 19, 2024",Canada,Vancouver,6.68
110183,685,2024-01-08,01/15/2024,"Jan 13, 2024",Spain,Valencia,27.81
110187,631,08.01.2024,2024-01-17,13/01/2024,Spain,Bilbao,8.67
110188,2404,2024-01-08,01/14/2024,2024-01-16,Austria,Salzburg,8.8
110190,2003,2024-01-08,"Jan 20, 2024",16.01.2024,France,Toulouse,21.44
110191,1426,"Jan 08, 2024",2024-01-21,2024-01-18,France,Nice,15.69
110194,2633,08/01/2024,14/01/2024,2024-01-16,Italy,Milan,16.25
110195,1585,2024-01-08,"Jan 13, 2024",2024-01-10,Czech Republic,Prague,28.36
110196,2619,08/01/2024,12/01/2024,,Sweden,Stockholm,8.24
110199,1101,2024-01-08,2024-01-20,19/01/2024,Poland,Krakow,25.19
110204,741,2024-01-08,15.01.2024,11.01.2024,Sweden,Malmo,44.43
110207,2590,"Jan 09, 2024",20/01/2024,12.01.2024,United Kingdom,London,15.37
110208,2209,2024-01-09,2024-01-20,2024-01-15,Italy,Florence,43.8
110211,2436,2024-01-09,12/01/2024,,Austria,Salzburg,7.76
110216,826,2024-01-09,13.01.2024,2024-01-11,Austria,Linz,13.61
110222,2864,2024-01-09,"Jan 21, 2024",01/16/2024,Poland,Gdansk,22.98
110223,2478,2024-01-09,01/13/2024,2024-01-12,Norway,Bergen,27.35
110230,34,09.01.2024,"Jan 15, 2024",2024-01-16,Poland,Gdansk,15.49
110231,231,09/01/2024,2024-01-13,2024-01-13,United Kingdom,Bristol,10.79
110238,184,2024-01-10,01/15/2024,2024-01-11,United Kingdom,Manchester,21.57
110239,933,10/01/2024,2024-01-15,21.01.2024,Germany,Cologne,15.2
110241,169,2024-01-10,2024-01-15,17/01/2024,Germany,Munich,16.0
110244,913,2024-01-10,2024-01-20,2024-01-16,Norway,Oslo,9.57
110249,2672,"Jan 10, 2024",21.01.2024,15/01/2024,United Kingdom,Leeds,7.26
110252,1555,01/10/2024,01/16/2024,"Jan 16, 2024",Czech Republic,Brno,11.81
110253,1847,10/01/2024,"Jan 20, 2024",16/01/2024,Netherlands,Amsterdam,23.69
110261,470,"Jan 11, 2024",2024-01-15,,USA,Denver,19.09
110265,2901,2024-01-11,2024-01-19,2024-01-22,Poland,Warsaw,20.68
110267,2844,11/01/2024,2024-01-19,01/14/2024,Sweden,Malmo,62.93
110271,748,2024-01-12,21/01/2024,2024-01-18,Germany,Berlin,34.35
110274,1779,2024-01-12,"Jan 24, 2024",2024-01-22,USA,New York,8.49
110276,503,12/01/2024,21.01.2024,17.01.2024,Spain,Seville,29.22
110277,1405,"Jan 12, 2024",24.01.2024,2024-01-13,Germany,Berlin,10.15
110284,1391,2024-01-12,2024-01-15,2024-01-20,Norway,Trondheim,14.37
110288,2105,2024-01-12,2024-01-16,2024-01-22,USA,Denver,16.38
110289,392,2024-01-12,"Jan 18, 2024",01/21/2024,Poland,Gdansk,23.53
110293,658,2024-01-13,2024-01-25,16/01/2024,Poland,Wroclaw,21.93
110297,401,13.01.2024,23.01.2024,01/23/2024,France,Nice,28.66
110300,2748,2024-01-13,22.01.2024,2024-01-16,USA,Boston,31.59
110302,339,01/13/2024,01/26/2024,,United Kingdom,London,22.61
110303,1771,"Jan 13, 2024",2024-01-21,2024-01-15,Netherlands,Eindhoven,29.19
110305,2699,"Jan 13, 2024",24/01/2024,01/17/2024,France,Paris,42.12
110307,2707,2024-01-13,2024-01-17,,Italy,Turin,20.17
110309,2951,13/01/2024,23/01/2024,,France,Nice,30.79
110313,2247,2024-01-14,20.01.2024,,Poland,Gdansk,13.8
110315,2153,2024-01-14,01/25/2024,"Jan 20, 2024",Canada,Montreal,12.58
110320,1808,2024-01-14,"Jan 19, 2024",2024-01-16,Poland,Warsaw,10.2
110321,293,2024-01-14,"Jan 25, 2024",,Poland,Warsaw,16.29
110322,2552,14.01.2024,23.01.2024,2024-01-24,Spain,Madrid,17.99
110324,887,14/01/2024,2024-01-27,25.01.2024,France,Marseille,38.92
110325,2654,2024-01-14,"Jan 26, 2024",18.01.2024,Italy,Florence,25.02
110326,1041,2024-01-14,01/22/2024,24/01/2024,Spain,Seville,14.56
110327,1261,2024-01-14,01/23/2024,2024-01-19,United Kingdom,Manchester,14.69
110330,2860,2024-01-14,18/01/2024,18/01/2024,Poland,Warsaw,29.82
110333,2535,2024-01-15,28/01/2024,2024-01-20,Germany,Cologne,14.2
110335,371,"Jan 15, 2024","Jan 19, 2024",2024-01-17,Germany,Cologne,11.36
110338,1109,15/01/2024,2024-01-27,2024-01-22,Canada,Montreal,39.0
110353,2285,15/01/2024,2024-01-24,2024-01-16,Germany,Hamburg,10.17
110357,1101,16.01.2024,2024-01-27,"Jan 17, 2024",Poland,Krakow,22.67
110362,1771,2024-01-16,2024-01-27,01/27/2024,Netherlands,Eindhoven,7.58
110365,2056,2024-01-16,01/26/2024,17/01/2024,Germany,Cologne,14.3
110366,2130,01/16/2024,26.01.2024,17.01.2024,United Kingdom,London,15.51
110368,1368,16.01.2024,2024-01-21,01/27/2024,France,Nice,25.16
110370,1671,1900-01-01,2024-01-19,"Jan 22, 2024",USA,New York,25.4
110371,1871,"Jan 16, 2024",2024-01-19,,Netherlands,Utrecht,26.89
110379,2029,2024-01-17,2024-01-24,2024-01-20,USA,Denver,10.57
110381,169,17.01.2024,29/01/2024,2024-01-21,Germany,Munich,15.07
110385,2490,17/01/2024,2024-01-27,2024-01-23,Poland,Warsaw,4.8
110386,2128,"Jan 17, 2024",2024-01-30,"Jan 26, 2024",United Kingdom,London,14.25
110388,1538,"Jan 17, 2024",2024-01-25,,Netherlands,Utrecht,43.53
110398,1445,2024-01-17,2024-01-22,22/01/2024,France,Toulouse,19.25
110400,2496,17.01.2024,2024-01-30,18.01.2024,Austria,Graz,13.56
110401,1880,17/01/2024,30/01/2024,,Canada,Toronto,10.25
110402,2521,17.01.2024,22.01.2024,2024-01-25,Spain,Valencia,27.24
110407,2985,18.01.2024,28/01/2024,"Jan 23, 2024",Canada,Toronto,20.6
110410,1286,2024-01-18,2024-01-28,2024-01-25,Poland,Krakow,12.88
110419,1595,"Jan 18, 2024",2024-01-21,01/21/2024,USA,Seattle,16.64
110420,1399,2024-01-18,2024-01-25,2024-01-26,Spain,Valencia,23.1
110427,2653,01/19/2024,"Feb 01, 2024",,France,Paris,12.79
110428,48,2024-01-19,27.01.2024,2024-01-27,Germany,Munich,11.75
110432,2490,01/19/2024,2024-01-30,23.01.2024,Poland,Warsaw,10.28
110434,1908,2024-01-19,2024-02-01,2024-01-23,France,Toulouse,6.13
110438,443,19/01/2024,01/25/2024,2024-01-28,Spain,Madrid,16.48
110441,2593,01/19/2024,2024-01-28,2024-01-25,Italy,Naples,16.74
110443,540,"Jan 19, 2024",2024-02-01,2024-01-26,USA,Boston,18.56
110444,91,2024-01-19,"Jan 30, 2024",2024-01-30,Germany,Cologne,18.81
110450,156,"Jan 19, 2024","Jan 30, 2024","Jan 24, 2024",Czech Republic,Ostrava,9.31
110452,2213,2024-01-20,01/02/2024,25/01/2024,Poland,Krakow,10.4
110454,2243,"Jan 20, 2024",01/27/2024,28/01/2024,Sweden,Malmo,17.02
110460,2006,"Jan 20, 2024",2024-01-30,01/27/2024,Germany,Munich,45.84
110465,862,2024-01-20,"Jan 31, 2024",2024-01-21,Germany,Munich,10.41
110466,818,20.01.2024,2024-01-26,21.01.2024,Germany,Hamburg,15.0
110468,690,2024-01-20,2024-01-29,,Sweden,Uppsala,30.81
110471,274,2024-01-20,2024-02-01,2024-01-29,Italy,Florence,4.71
110472,143,2024-01-20,"Jan 26, 2024",01/29/2024,USA,Austin,-27.16
110473,1285,2024-01-20,23.01.2024,2024-01-24,USA,Boston,6.45
110474,2163,20.01.2024,2024-01-28,2024-01-23,Poland,Krakow,18.68
110477,1136,20/01/2024,2024-01-26,30/01/2024,Poland,Wroclaw,7.52
110478,127,"Jan 20, 2024",26/01/2024,,USA,Chicago,16.68
110480,2467,20/01/2024,2024-01-25,01/25/2024,USA,Chicago,16.47
110482,512,20/01/2024,27/01/2024,"Jan 28, 2024",Italy,Rome,35.1
110483,560,2024-01-21,03/02/2024,01/29/2024,France,Lyon,11.46
110484,1784,2024-01-21,28/01/2024,2024-01-26,United Kingdom,Leeds,36.15
110488,263,01/21/2024,28/01/2024,2024-01-25,Czech Republic,Brno,20.37
110489,609,2024-01-21,01/02/2024,2024-01-24,Spain,Madrid,36.71
110494,1146,21.01.2024,2024-01-26,,Austria,Linz,30.06
110499,2493,2024-01-21,"Jan 31, 2024",26/01/2024,Germany,Hamburg,25.47
110500,1945,"Jan 21, 2024",2024-01-29,2024-01-29,Poland,Warsaw,-31.06
110505,730,2024-01-22,01/02/2024,27.01.2024,Canada,Ottawa,28.6
110506,1666,2024-01-22,2024-01-31,2024-01-30,France,Nice,21.67
110512,67,2024-01-22,2024-01-29,30/01/2024,Spain,Barcelona,15.98
110514,1141,2024-01-22,"Jan 28, 2024",01/29/2024,United Kingdom,London,23.77
110515,1664,22.01.2024,2024-01-28,2024-01-27,Norway,Oslo,18.12
110519,2746,01/22/2024,2024-02-04,01/23/2024,USA,Austin,13.15
110521,819,2024-01-22,2024-02-04,24.01.2024,Sweden,Malmo,17.8
110525,295,22/01/2024,03/02/2024,,Norway,Bergen,25.44
110526,2218,22/01/2024,2024-02-02,2024-01-25,United Kingdom,London,23.41
110528,2764,2024-01-22,2024-02-04,,Norway,Bergen,19.34
110530,1798,22/01/2024,2024-01-27,2024-02-02,Germany,Frankfurt,44.01
110532,2185,2024-01-22,2024-01-28,2024-01-24,Germany,Cologne,7.81
110533,1501,23/01/2024,2024-01-29,2024-01-29,France,Paris,9.32
110535,1501,01/23/2024,"Feb 05, 2024",01/27/2024,France,Paris,14.41
110537,1780,2024-01-23,2024-01-30,,France,Toulouse,18.26
110540,1445,2024-01-23,2024-02-04,,France,Toulouse,48.35
110543,860,24/01/2024,2024-02-02,01/31/2024,France,Nice,19.37
110545,2127,24.01.2024,28.01.2024,2024-02-03,Canada,Toronto,5.83
110547,2146,24.01.2024,2024-02-03,2024-02-02,Germany,Hamburg,13.63
110548,2268,24/01/2024,2024-01-28,29/01/2024,United Kingdom,Leeds,11.67
110553,641,01/24/2024,2024-02-03,2024-02-02,United Kingdom,Liverpool,19.44
110561,1644,24/01/2024,27.01.2024,"Feb 02, 2024",Poland,Poznan,11.72
110563,871,2024-01-25,"Feb 04, 2024",2024-01-28,Poland,Lodz,51.26
110567,966,2024-01-25,2024-02-07,2024-01-26,Netherlands,Eindhoven,29.07
110568,1477,2024-01-25,2024-02-02,2024-01-29,USA,Boston,19.22
110570,734,25.01.2024,2024-02-02,,Norway,Stavanger,23.88
110575,1732,2024-01-25,03/02/2024,2024-02-02,Czech Republic,Brno,8.09
110576,441,2024-01-25,2024-02-05,2024-02-01,Czech Republic,Brno,15.74
110579,1997,25.01.2024,"Jan 28, 2024",,Austria,Salzburg,27.04
110581,2112,2024-01-25,2024-01-29,03/02/2024,United Kingdom,London,8.4
110583,50,2024-01-25,2024-01-31,"Jan 30, 2024",Canada,Vancouver,19.5
110585,1937,2024-01-25,2024-02-07,2024-01-26,Czech Republic,Ostrava,8.22
110591,1405,01/25/2024,"Feb 02, 2024",29.01.2024,Germany,Berlin,20.61
110592,443,"Jan 25, 2024",02/02/2024,"Jan 27, 2024",Spain,Madrid,14.41
110593,2700,2024-01-25,2024-02-02,,Sweden,Malmo,21.73
110594,2893,25/01/2024,"Feb 01, 2024",2024-01-29,USA,Denver,17.68
110597,1141,2024-01-26,30/01/2024,"Feb 06, 2024",United Kingdom,London,19.97
110602,412,26/01/2024,29.01.2024,06/02/2024,Poland,Warsaw,20.0
110603,1785,2024-01-26,30.01.2024,,Spain,Madrid,14.83
110606,2860,26/01/2024,2024-02-04,29/01/2024,Poland,Warsaw,31.01
110607,1863,2024-01-26,2024-01-31,2024-02-03,USA,Austin,10.47
110611,2218,26/01/2024,2024-02-07,2024-01-29,United Kingdom,London,18.58
110613,149,01/26/2024,01.02.2024,2024-01-28,Netherlands,Rotterdam,28.02
110617,2149,26.01.2024,02/05/2024,01/27/2024,Poland,Poznan,22.5
110618,1224,"Jan 26, 2024","Jan 31, 2024",2024-01-28,Netherlands,Eindhoven,6.68
110622,2355,26.01.2024,2024-02-03,2024-02-06,Spain,Madrid,9.02
110626,873,27/01/2024,2024-02-02,2024-02-03,USA,Austin,28.37
110632,1816,27.01.2024,05.02.2024,"Feb 01, 2024",USA,Seattle,12.6
110641,867,"Jan 27, 2024",01/31/2024,02/02/2024,France,Nice,26.19
110643,1504,01/27/2024,04/02/2024,03/02/2024,United Kingdom,Leeds,27.51
110646,2376,2024-01-27,2024-02-08,02/01/2024,France,Lyon,45.84
110649,1473,27.01.2024,"Feb 09, 2024",2024-02-04,Canada,Calgary,12.36
110651,790,2024-01-27,"Feb 01, 2024",2024-01-31,Netherlands,Amsterdam,12.16
110652,94,2024-01-27,07/02/2024,06.02.2024,United Kingdom,Leeds,13.13
110654,2131,28.01.2024,09.02.2024,,USA,Seattle,22.64
110669,2885,01/28/2024,2024-01-31,"Feb 04, 2024",Germany,Frankfurt,13.18
110676,887,01/28/2024,2024-02-04,05.02.2024,France,Marseille,19.11
110678,539,2024-01-29,02/09/2024,2024-01-30,Austria,Graz,21.03
110682,1048,01/29/2024,07/02/2024,02/06/2024,Italy,Florence,14.07
110688,2096,01/29/2024,2024-02-08,05.02.2024,USA,New York,7.19
110690,87,"Jan 29, 2024",10/02/2024,2024-02-05,Czech Republic,Ostrava,6.66
110692,2932,"Jan 29, 2024",02/08/2024,,Germany,Hamburg,13.91
110693,1553,2024-01-29,08.02.2024,2024-02-06,Netherlands,Amsterdam,30.71
110697,2327,2024-01-29,2024-02-10,2024-02-09,USA,Seattle,9.92
110698,2350,29/01/2024,2024-02-04,05.02.2024,Austria,Salzburg,14.74
110699,2092,2024-01-29,2024-02-11,2024-02-09,Austria,Linz,23.53
110700,192,29.01.2024,"Feb 02, 2024",,France,Nice,52.27
110707,209,2024-01-29,2024-02-08,2024-01-30,Norway,Oslo,8.75
110709,1015,"Jan 29, 2024",2024-02-06,02/09/2024,Poland,Poznan,9.68
110710,396,2024-01-30,09/02/2024,2024-02-01,USA,Chicago,10.42
110711,901,30/01/2024,2024-02-02,,France,Toulouse,6.17
110719,1316,2024-01-30,2024-02-09,2024-02-09,France,Toulouse,16.86
110721,1170,30/01/2024,2024-02-12,2024-02-09,France,Toulouse,40.96
110727,69,30/01/2024,2024-02-11,09.02.2024,France,Toulouse,11.14
110729,2990,30/01/2024,"Feb 12, 2024",02/04/2024,USA,Boston,7.19
110735,2071,30/01/2024,02/07/2024,2024-02-09,Germany,Berlin,30.54
110737,2739,2024-01-31,04.02.2024,2024-02-10,Norway,Oslo,13.98
110741,2626,"Jan 31, 2024",09/02/2024,2024-02-07,USA,Chicago,8.9
110742,998,31/01/2024,2024-02-05,02/10/2024,Germany,Cologne,13.08
110747,700,01/31/2024,"Feb 11, 2024",03/02/2024,Spain,Barcelona,22.15
110752,2857,2024-01-31,2024-02-09,,United Kingdom,Liverpool,11.53
110758,324,02/01/2024,12/02/2024,,France,Paris,14.85
110761,2603,2024-02-01,02/06/2024,02/11/2024,Canada,Vancouver,11.79
110764,2573,02/01/2024,06/02/2024,04/02/2024,USA,Boston,22.03
110767,610,2024-02-01,2024-02-11,02/02/2024,Canada,Calgary,14.49
110769,996,"Feb 01, 2024",2024-02-09,2024-02-05,Czech Republic,Ostrava,13.88
110772,2589,2024-02-01,2024-02-12,2024-02-07,Norway,Trondheim,5.25
110776,1293,02/02/2024,2024-02-06,2024-02-03,USA,New York,7.31
110777,2778,2024-02-02,06.02.2024,2024-02-03,Netherlands,Eindhoven,7.65
110780,1875,02.02.2024,2024-02-15,09/02/2024,Poland,Warsaw,33.9
110783,41,2024-02-02,2024-02-14,2024-02-05,Poland,Poznan,30.74
110787,2908,2024-02-02,2024-02-07,,Germany,Munich,-16.63
110788,1932,02/02/2024,11/02/2024,2024-02-10,Germany,Berlin,55.73
110791,2665,2024-02-02,02/06/2024,2024-02-10,United Kingdom,Leeds,14.79
110792,2518,02/02/2024,2024-02-13,2024-02-09,Netherlands,Eindhoven,22.46
110796,1573,2024-02-02,2024-02-09,,Canada,Vancouver,8.59
110799,1134,2024-02-03,2024-02-15,2024-02-05,Spain,Bilbao,37.27
110801,2521,"Feb 03, 2024",12.02.2024,05.02.2024,Spain,Valencia,16.1
110802,1555,02/03/2024,15/02/2024,,Czech Republic,Brno,27.35
110803,2772,02/03/2024,2024-02-09,11/02/2024,France,Toulouse,13.62
110804,764,2024-02-03,07.02.2024,2024-02-13,Sweden,Gothenburg,23.31
110806,2036,2024-02-03,"Feb 11, 2024",04/02/2024,Spain,Seville,10.29
110809,2692,03.02.2024,2024-02-07,08.02.2024,Poland,Poznan,37.78
110813,987,2024-02-03,02/15/2024,2024-02-12,Czech Republic,Brno,15.83
110815,1124,03/02/2024,2024-02-14,"Feb 10, 2024",Netherlands,Rotterdam,21.32
110816,1577,"Feb 04, 2024",14/02/2024,"Feb 13, 2024",Germany,Cologne,15.87
110817,2823,2024-02-04,2024-02-08,02/15/2024,Netherlands,Rotterdam,6.97
110820,169,2024-02-04,02/07/2024,2024-02-10,Germany,Munich,5.71
110821,1771,2024-02-04,07/02/2024,2024-02-05,Netherlands,Eindhoven,22.05
110826,1564,04.02.2024,2024-02-12,2024-02-11,Italy,Florence,29.07
110828,440,2024-02-04,2024-02-10,"Feb 13, 2024",Italy,Milan,10.29
110829,1805,02/04/2024,08.02.2024,2024-02-08,Sweden,Gothenburg,13.67
110834,2335,04/02/2024,2024-02-11,2024-02-07,Germany,Berlin,8.01
110835,737,2024-02-04,02/14/2024,02/10/2024,Poland,Warsaw,30.36
110837,2120,04.02.2024,2024-02-08,2024-02-10,Italy,Florence,10.14
110839,2043,02/04/2024,2024-02-15,,France,Marseille,16.05
110841,1298,"Feb 04, 2024",12/02/2024,2024-02-06,Czech Republic,Brno,13.19
110844,334,"Feb 04, 2024",14.02.2024,,United Kingdom,London,11.79
110848,1840,2024-02-05,2024-02-14,"Feb 08, 2024",Poland,Wroclaw,31.89
110856,659,2024-02-05,2024-02-14,09.02.2024,Poland,Poznan,12.11
110862,2646,05/02/2024,2024-02-10,16.02.2024,United Kingdom,Bristol,14.03
110868,1151,2024-02-05,10.02.2024,02/11/2024,United Kingdom,Liverpool,12.49
110869,33,2024-02-05,2024-02-13,2024-02-12,Norway,Bergen,36.46
110873,376,06.02.2024,"Feb 09, 2024",2024-02-07,Poland,Poznan,66.36
110875,2363,2024-02-06,12/02/2024,12.02.2024,USA,Chicago,9.75
110878,2076,06.02.2024,12.02.2024,,Netherlands,Eindhoven,16.87
110879,1935,2024-02-06,"Feb 13, 2024",13.02.2024,Spain,Seville,14.13
110882,1983,2024-02-06,"Feb 19, 2024",16.02.2024,Norway,Trondheim,16.4
110885,1820,2024-02-06,15/02/2024,2024-02-10,USA,Boston,23.0
110887,42,"Feb 06, 2024",02/10/2024,,Italy,Naples,17.85
110888,2032,06.02.2024,2024-02-15,10.02.2024,United Kingdom,Liverpool,7.52
110889,2652,06/02/2024,02/10/2024,2024-02-13,Germany,Frankfurt,12.19
110892,1485,2024-02-06,11/02/2024,"Feb 12, 2024",Spain,Bilbao,10.84
110895,795,"Feb 06, 2024",02/19/2024,2024-02-09,United Kingdom,Manchester,16.2
110896,1332,2024-02-07,2024-02-20,"Feb 18, 2024",Austria,Graz,32.1
110897,734,07/02/2024,12/02/2024,,Norway,Stavanger,31.02
110898,168,07.02.2024,13.02.2024,,Austria,Vienna,7.37
110900,1551,2024-02-07,2024-02-17,02/17/2024,Poland,Lodz,11.92
110902,516,02/07/2024,17.02.2024,02/13/2024,USA,Chicago,29.15
110905,858,"Feb 07, 2024",18.02.2024,2024-02-11,Poland,Lodz,8.47
110909,595,"Feb 07, 2024",02/20/2024,2024-02-09,Germany,Frankfurt,21.51
110912,1355,2024-02-07,"Feb 11, 2024","Feb 09, 2024",Spain,Madrid,28.45
110916,87,08/02/2024,2024-02-13,02/09/2024,Czech Republic,Ostrava,8.23
110918,1397,08.02.2024,2024-02-18,18/02/2024,Germany,Hamburg,27.49
110920,416,08/02/2024,20/02/2024,,United Kingdom,Bristol,8.16
110921,2422,2024-02-08,2024-02-18,2024-02-15,Poland,Poznan,15.08
110926,1612,2024-02-08,17/02/2024,02/12/2024,Italy,Rome,8.34
110928,1677,08/02/2024,2024-02-16,,France,Toulouse,52.65
110929,1093,"Feb 08, 2024",19/02/2024,2024-02-16,Netherlands,Rotterdam,25.64
110930,2739,"Feb 08, 2024",15/02/2024,10/02/2024,Norway,Oslo,21.71
110936,2606,08.02.2024,20/02/2024,"Feb 12, 2024",United Kingdom,Bristol,20.58
110937,440,2024-02-08,2024-02-16,10.02.2024,Italy,Milan,18.95
110938,1227,02/08/2024,2024-02-19,2024-02-19,Germany,Munich,21.25
110940,2645,02/08/2024,2024-02-20,"Feb 14, 2024",USA,Denver,9.61
110941,961,2024-02-08,2024-02-16,,Austria,Vienna,18.58
110945,643,2024-02-08,02/20/2024,"Feb 14, 2024",USA,Denver,12.45
110946,198,2024-02-08,2024-02-21,2024-02-17,United Kingdom,Liverpool,10.44
110950,1228,2024-02-09,17.02.2024,,Germany,Berlin,30.49
110954,2940,09.02.2024,19/02/2024,,Norway,Trondheim,17.4
110957,275,2024-02-09,16/02/2024,"Feb 18, 2024",USA,New York,17.91
110968,2692,"Feb 10, 2024","Feb 16, 2024",,Poland,Poznan,5.59
110972,2651,2024-02-10,23/02/2024,2024-02-17,Italy,Rome,17.14
110977,2362,2024-02-10,2024-02-22,2024-02-19,United Kingdom,Leeds,21.08
110980,1973,10/02/2024,16/02/2024,2024-02-20,Germany,Frankfurt,17.93
110982,1894,2024-02-10,2024-02-23,16/02/2024,Italy,Turin,7.77
110986,1652,"Feb 11, 2024",2024-02-22,22/02/2024,Germany,Munich,13.63
110990,2961,"Feb 11, 2024",2024-02-16,2024-02-15,Italy,Rome,29.33
110991,990,11/02/2024,2024-02-20,2024-02-15,Austria,Linz,9.61
110992,2526,2024-02-11,15.02.2024,"Feb 22, 2024",Germany,Berlin,16.56
110993,510,02/11/2024,19/02/2024,14/02/2024,Spain,Valencia,33.14
110994,1568,"Feb 11, 2024",02/18/2024,2024-02-12,Poland,Warsaw,25.65
110998,1978,11.02.2024,2024-02-21,"Feb 15, 2024",Netherlands,Eindhoven,12.78
110999,2660,2024-02-11,02/16/2024,"Feb 18, 2024",Norway,Stavanger,37.5
111005,498,"Feb 11, 2024",22/02/2024,2024-02-16,Spain,Valencia,33.55
111012,602,"Feb 12, 2024",16.02.2024,23/02/2024,United Kingdom,Bristol,24.96
111015,1900,12/02/2024,2024-02-16,02/21/2024,Germany,Berlin,24.22
111018,731,2024-02-12,15.02.2024,2024-02-20,USA,Seattle,8.79
111020,648,02/12/2024,2024-02-19,2024-02-19,France,Marseille,11.42
111022,887,2024-02-12,23/02/2024,,France,Marseille,10.44
111025,942,02/12/2024,2024-02-19,19/02/2024,Italy,Turin,10.37
111027,1147,2024-02-12,2024-02-24,2024-02-13,United Kingdom,London,18.5
111031,2430,12.02.2024,20.02.2024,18/02/2024,Czech Republic,Brno,23.87
111037,780,2024-02-13,02/23/2024,2024-02-21,France,Nice,31.17
111046,496,2024-02-13,2024-02-24,19.02.2024,France,Lyon,25.78
111051,317,2024-02-13,2024-02-26,2024-02-23,United Kingdom,Leeds,16.47
111052,169,2024-02-13,2024-02-16,17.02.2024,Germany,Munich,18.28
111053,227,13.02.2024,02/16/2024,15.02.2024,Germany,Berlin,-9.41
111057,1708,2024-02-14,02/22/2024,21/02/2024,Germany,Frankfurt,14.68
111058,772,2024-02-14,"Feb 26, 2024",02/15/2024,Spain,Bilbao,8.67
111059,641,2024-02-14,2024-02-23,2024-02-24,United Kingdom,Liverpool,8.71
111067,29,14/02/2024,"Feb 21, 2024",2024-02-23,United Kingdom,Manchester,12.53
111068,1651,2024-02-14,2024-02-25,"Feb 25, 2024",Spain,Madrid,19.36
111070,370,2024-02-14,2024-02-22,22/02/2024,Germany,Cologne,14.1
111071,984,02/14/2024,2024-02-18,,France,Lyon,13.92
111075,2799,2024-02-14,2024-02-21,2024-02-17,Netherlands,Amsterdam,20.11
111076,1627,14/02/2024,2024-02-22,02/25/2024,Poland,Lodz,10.36
111082,451,2024-02-15,2024-02-23,2024-02-26,Poland,Poznan,37.79
111083,789,15/02/2024,2024-02-21,02/18/2024,USA,Denver,14.8
111084,1444,2024-02-15,2024-02-23,2024-02-17,France,Marseille,35.32
111087,21,15/02/2024,02/22/2024,02/25/2024,Austria,Linz,21.71
111092,835,2024-02-15,02/20/2024,2024-02-22,France,Toulouse,14.38
111094,2643,2024-02-16,2024-02-27,"Feb 24, 2024",France,Paris,7.42
111095,718,2024-02-16,02/27/2024,2024-02-27,Poland,Warsaw,18.96
111096,820,16/02/2024,2024-02-26,2024-02-19,United Kingdom,Leeds,39.04
111097,2148,2024-02-16,26/02/2024,,France,Nice,24.57
111100,1259,2024-02-16,29.02.2024,17/02/2024,USA,Denver,15.75
111101,901,2024-02-16,2024-02-24,2024-02-20,France,Toulouse,8.55
111103,2750,2024-02-16,"Feb 20, 2024",19/02/2024,Norway,Trondheim,37.41
111107,1188,2024-02-16,24/02/2024,2024-02-27,Netherlands,Amsterdam,3.81
111111,554,2024-02-16,20.02.2024,2024-02-22,Germany,Cologne,24.75
111114,931,2024-02-16,02/27/2024,17/02/2024,Spain,Seville,25.66
111115,766,2024-02-16,2024-02-26,2024-02-21,Spain,Seville,14.54
111120,1280,17/02/2024,02/25/2024,24/02/2024,Netherlands,Rotterdam,9.43
111124,610,"Feb 17, 2024",02/23/2024,02/23/2024,Canada,Calgary,30.77
111125,2847,2024-02-17,2024-03-01,2024-02-20,Netherlands,Amsterdam,10.07
111128,268,02/17/2024,25/02/2024,2024-02-21,United Kingdom,London,26.09
111129,1875,17/02/2024,23.02.2024,"Feb 18, 2024",Poland,Warsaw,53.25
111131,2970,"Feb 17, 2024",02/21/2024,25/02/2024,Netherlands,Amsterdam,18.59
111140,1935,17.02.2024,2024-02-26,,Spain,Seville,29.9
111144,1673,2024-02-18,02/23/2024,02/28/2024,United Kingdom,London,24.29
111146,389,2024-02-18,21.02.2024,22.02.2024,Poland,Wroclaw,13.13
111147,1973,2024-02-18,25.02.2024,2024-02-21,Germany,Frankfurt,17.78
111148,827,18/02/2024,"Mar 02, 2024","Feb 23, 2024",Spain,Bilbao,20.29
111150,116,2024-02-18,2024-02-26,2024-02-22,United Kingdom,London,15.91
111152,274,02/18/2024,29/02/2024,,Italy,Florence,11.14
111153,2778,18.02.2024,2024-02-21,23/02/2024,Netherlands,Eindhoven,21.47
111154,1193,02/18/2024,2024-02-26,"Feb 25, 2024",France,Paris,28.05
111159,1593,2024-02-18,2024-03-01,26.02.2024,Poland,Wroclaw,26.45
111168,508,"Feb 19, 2024",2024-02-28,,Canada,Ottawa,26.17
111175,932,19/02/2024,24/02/2024,2024-02-22,USA,Boston,55.42
111176,2228,19/02/2024,03.03.2024,02/27/2024,France,Toulouse,14.28
111177,689,"Feb 19, 2024","Mar 02, 2024",2024-02-26,Czech Republic,Ostrava,20.87
111178,1358,19.02.2024,03/01/2024,,USA,New York,17.79
111179,1838,19/02/2024,02/23/2024,2024-02-26,United Kingdom,Liverpool,8.67
111187,958,2024-02-19,01/03/2024,2024-02-24,Poland,Poznan,35.85
111188,53,2024-02-19,"Mar 02, 2024",29.02.2024,Italy,Rome,24.96
111190,560,2024-02-19,2024-02-25,,France,Lyon,31.29
111194,439,20/02/2024,02/03/2024,2024-03-01,Czech Republic,Brno,5.93
111195,2335,02/20/2024,02/03/2024,2024-02-25,Germany,Berlin,6.77
111196,318,20/02/2024,"Mar 03, 2024","Feb 28, 2024",USA,Chicago,5.83
111198,2057,"Feb 20, 2024",04/03/2024,2024-02-24,Netherlands,Amsterdam,21.64
111201,1244,2024-02-20,29.02.2024,01/03/2024,USA,Chicago,18.97
111202,2994,2024-02-20,"Mar 04, 2024",27/02/2024,Czech Republic,Prague,19.43
111206,2695,02/20/2024,2024-03-01,22/02/2024,Spain,Seville,8.7
111209,1948,"Feb 20, 2024",2024-03-04,24.02.2024,Spain,Madrid,11.79
111210,1338,20.02.2024,"Mar 01, 2024",2024-03-01,Germany,Frankfurt,8.72
111212,771,2024-02-21,2024-02-28,,USA,Boston,15.08
111213,568,2024-02-21,01.03.2024,2024-03-01,Canada,Toronto,14.51
111215,2856,"Feb 21, 2024",2024-03-04,2024-03-01,Czech Republic,Brno,29.27
111216,2564,"Feb 21, 2024",2024-03-04,2024-02-25,France,Nice,9.56
111227,1853,02/22/2024,2024-03-04,2024-03-04,Germany,Hamburg,22.07
111240,1402,02/22/2024,"Feb 26, 2024",23.02.2024,Germany,Munich,4.75
111242,2074,22/02/2024,"Mar 01, 2024",2024-02-25,USA,Chicago,6.3
111246,1955,"Feb 22, 2024",02/03/2024,,USA,Boston,10.56
111247,1932,2024-02-22,28/02/2024,27.02.2024,Germany,Berlin,13.46
111250,3000,02/22/2024,2024-03-05,2024-03-01,USA,Denver,30.0
111254,2532,2024-02-23,2024-03-07,01.03.2024,Spain,Valencia,7.57
111256,2129,23/02/2024,"Mar 05, 2024",2024-03-04,United Kingdom,Leeds,6.89
111263,439,2024-02-23,2024-02-29,"Mar 03, 2024",Czech Republic,Brno,24.32
111266,2255,02/23/2024,2024-02-29,2024-03-04,Poland,Warsaw,12.0
111272,432,02/23/2024,03/02/2024,02/03/2024,Italy,Naples,46.93
111273,1359,24/02/2024,03/08/2024,2024-03-02,Poland,Lodz,20.2
111276,1049,2024-02-24,03/03/2024,"Feb 27, 2024",Czech Republic,Ostrava,23.72
111277,1963,24.02.2024,02.03.2024,"Mar 03, 2024",France,Nice,25.76
111278,469,2024-02-24,2024-02-28,2024-02-27,France,Marseille,-17.41
111281,1026,02/24/2024,07/03/2024,2024-02-28,Italy,Milan,4.27
111284,1938,2024-02-24,02/03/2024,"Feb 26, 2024",Germany,Cologne,10.92
111286,2195,02/24/2024,2024-03-04,25.02.2024,Germany,Munich,20.85
111287,818,02/24/2024,2024-03-04,02/25/2024,Germany,Hamburg,9.84
111289,811,24/02/2024,"Feb 29, 2024",2024-02-25,Czech Republic,Prague,9.42
111291,2736,"Feb 24, 2024",04.03.2024,02/03/2024,Spain,Madrid,13.54
111295,405,2024-02-25,07.03.2024,2024-03-03,Poland,Poznan,28.19
111298,1861,25.02.2024,02/03/2024,03/06/2024,Sweden,Gothenburg,21.03
111300,92,2024-02-25,2024-03-02,05/03/2024,Germany,Berlin,9.29
111303,1025,"Feb 25, 2024",2024-03-04,"Mar 07, 2024",Poland,Gdansk,10.44
111304,2010,"Feb 25, 2024",2024-03-08,"Mar 01, 2024",Poland,Warsaw,15.22
111306,1288,2024-02-25,06/03/2024,2024-03-04,Canada,Ottawa,21.19
111308,1847,2024-02-25,2024-03-04,03/05/2024,Netherlands,Amsterdam,16.86
111311,1466,"Feb 26, 2024",03/03/2024,,USA,Chicago,12.83
111313,1130,26.02.2024,2024-03-01,,France,Nice,33.49
111324,608,02/26/2024,"Mar 10, 2024",2024-02-28,USA,New York,16.14
111325,1350,02/26/2024,2024-03-06,2024-03-07,Norway,Trondheim,37.6
111327,1570,2024-02-26,03.03.2024,"Mar 03, 2024",Germany,Cologne,34.35
111329,2865,2024-02-26,02/03/2024,27/02/2024,Austria,Linz,20.88
111335,1082,2024-02-27,2024-03-04,03/07/2024,United Kingdom,Manchester,23.69
111337,858,27/02/2024,"Mar 02, 2024",09.03.2024,Poland,Lodz,19.22
111340,9,02/27/2024,2024-03-11,"Mar 09, 2024",Austria,Salzburg,10.92
111346,615,27.02.2024,"Mar 02, 2024",04/03/2024,Spain,Madrid,7.3
111347,755,27.02.2024,2024-03-03,2024-03-01,Poland,Gdansk,24.61
111348,2032,2024-02-27,06/03/2024,2024-02-28,United Kingdom,Liverpool,9.36
111352,2549,2024-02-27,09.03.2024,2024-03-09,Netherlands,Amsterdam,15.23
111353,2971,2024-02-27,2024-03-03,28/02/2024,Spain,Barcelona,11.35
111357,2426,2024-02-27,10/03/2024,2024-03-09,Norway,Oslo,28.56
111365,2045,2024-02-28,06/03/2024,"Mar 03, 2024",Germany,Frankfurt,22.26
111366,1342,2024-02-28,09/03/2024,2024-03-09,USA,Seattle,13.78
111368,1044,2024-02-28,09/03/2024,02/03/2024,Sweden,Uppsala,8.99
111370,656,2024-02-28,09/03/2024,2024-03-03,Italy,Turin,7.58
111374,1397,02/28/2024,2024-03-03,2024-03-10,Germany,Hamburg,43.8
111378,563,28/02/2024,2024-03-10,2024-03-01,Norway,Trondheim,19.73
111381,1128,2024-02-28,02/03/2024,,Germany,Frankfurt,5.8
111386,1608,02/29/2024,13.03.2024,2024-03-03,Netherlands,Eindhoven,16.99
111388,2725,2024-02-29,"Mar 11, 2024",2024-03-09,Spain,Seville,13.22
111390,2355,02/29/2024,10/03/2024,2024-03-06,Spain,Madrid,20.57
111391,504,29/02/2024,2024-03-10,2024-03-08,Germany,Cologne,32.05
111392,504,2024-02-29,06/03/2024,2024-03-05,Germany,Cologne,38.58
111393,411,2024-02-29,11/03/2024,2024-03-09,Poland,Lodz,33.13
111394,1329,2024-02-29,03/07/2024,03/09/2024,France,Lyon,37.53
111399,963,02/29/2024,2024-03-08,2024-03-06,France,Toulouse,11.03
111402,2218,2024-02-29,2024-03-04,08/03/2024,United Kingdom,London,15.85
111404,2492,29.02.2024,2024-03-08,05/03/2024,USA,Chicago,28.04
111405,750,"Feb 29, 2024","Mar 12, 2024",10/03/2024,USA,Chicago,48.77
111406,2437,2024-02-29,2024-03-10,2024-03-01,Poland,Warsaw,6.77
111408,241,2024-02-29,"Mar 06, 2024",03/08/2024,Poland,Wroclaw,30.38
111411,986,2024-03-01,08/03/2024,03/09/2024,France,Lyon,15.51
111412,2875,2024-03-01,2024-03-06,2024-03-08,Italy,Naples,10.71
111413,566,01/03/2024,11/03/2024,03/03/2024,France,Paris,15.33
111416,281,2024-03-01,03/10/2024,2024-03-05,Canada,Montreal,15.7
111419,174,2024-03-01,06/03/2024,2024-03-08,Germany,Berlin,5.72
111420,2571,2024-03-01,09.03.2024,06.03.2024,France,Lyon,16.8
111422,2840,01.03.2024,2024-03-12,03/03/2024,Spain,Madrid,29.69
111424,997,2024-03-01,07/03/2024,07/03/2024,Germany,Berlin,12.96
111429,2065,01.03.2024,2024-03-14,2024-03-04,France,Paris,46.34
111430,1080,2024-03-01,"Mar 14, 2024",2024-03-07,Poland,Wroclaw,7.6
111431,2516,01/03/2024,2024-03-06,08/03/2024,Norway,Stavanger,17.15
111436,2737,03/01/2024,03/14/2024,"Mar 05, 2024",Canada,Vancouver,14.57
111437,416,"Mar 01, 2024",2024-03-06,,United Kingdom,Bristol,22.05
111441,457,02.03.2024,"Mar 13, 2024",,Poland,Poznan,26.61
111445,560,02/03/2024,11/03/2024,2024-03-05,France,Lyon,17.01
111446,823,2024-03-02,09/03/2024,03.03.2024,Czech Republic,Ostrava,-6.94
111448,2146,02/03/2024,03/08/2024,2024-03-12,Germany,Hamburg,17.31
111450,1234,"Mar 02, 2024",10/03/2024,2024-03-11,Canada,Toronto,23.96
111457,308,2024-03-02,12/03/2024,"Mar 10, 2024",USA,New York,12.28
111459,933,03/02/2024,"Mar 12, 2024",,Germany,Cologne,13.56
111461,2817,02/03/2024,03/05/2024,"Mar 09, 2024",Sweden,Uppsala,12.93
111463,1173,03/03/2024,12/03/2024,,Austria,Graz,8.05
111464,863,03/03/2024,2024-03-10,04.03.2024,USA,Austin,7.46
111466,1782,"Mar 03, 2024",07/03/2024,"Mar 12, 2024",United Kingdom,London,19.6
111470,39,"Mar 03, 2024",2024-03-10,03/10/2024,Poland,Lodz,7.19
111472,357,03.03.2024,"Mar 09, 2024","Mar 11, 2024",Germany,Frankfurt,17.56
111475,467,03/03/2024,2024-03-15,"Mar 13, 2024",France,Paris,14.32
111479,830,2024-03-03,2024-03-07,2024-03-12,Germany,Frankfurt,24.79
111483,274,2024-03-04,2024-03-15,14/03/2024,Italy,Florence,6.42
111488,53,04/03/2024,"Mar 07, 2024",08/03/2024,Italy,Rome,25.45
111489,317,04.03.2024,"Mar 09, 2024",,United Kingdom,Leeds,56.09
111499,1876,04.03.2024,2024-03-14,2024-03-07,Sweden,Uppsala,45.63
111505,1737,03/04/2024,11/03/2024,2024-03-05,Czech Republic,Pilsen,37.38
111506,259,2024-03-04,03/11/2024,2024-03-10,Poland,Poznan,13.05
111508,2865,"Mar 04, 2024",2024-03-07,03/09/2024,Austria,Linz,22.65
111513,1707,"Mar 05, 2024",15/03/2024,2024-03-12,Austria,Linz,11.77
111519,223,05.03.2024,14.03.2024,,France,Toulouse,11.32
111521,2372,03/05/2024,2024-03-15,2024-03-12,France,Marseille,10.11
111525,2959,06/03/2024,2024-03-11,2024-03-16,France,Marseille,12.89
111526,1080,"Mar 06, 2024",18/03/2024,"Mar 17, 2024",Poland,Wroclaw,11.33
111527,787,03/06/2024,"Mar 16, 2024",2024-03-16,USA,Austin,15.89
111533,1630,2024-03-06,2024-03-16,,Canada,Vancouver,11.92
111536,1713,2024-03-06,03/15/2024,"Mar 08, 2024",USA,Austin,14.17
111539,317,03/06/2024,2024-03-15,09/03/2024,United Kingdom,Leeds,21.84
111540,304,06.03.2024,2024-03-16,03/08/2024,Czech Republic,Prague,42.8
111541,2267,03/06/2024,16/03/2024,2024-03-13,United Kingdom,London,43.29
111543,1323,2024-03-06,03/19/2024,2024-03-12,Sweden,Malmo,16.44
111546,2180,06.03.2024,15/03/2024,2024-03-14,Netherlands,Amsterdam,11.17
111548,2340,2024-03-06,2024-03-14,2024-03-12,Italy,Rome,12.69
111551,1665,2024-03-06,2024-03-19,2024-03-17,France,Lyon,14.32
111557,2322,06.03.2024,2024-03-10,"Mar 08, 2024",Austria,Graz,41.52
111559,2369,2024-03-07,"Mar 19, 2024",03/17/2024,Spain,Valencia,15.7
111562,118,"Mar 07, 2024",2024-03-20,15.03.2024,United Kingdom,London,35.66
111565,329,03/07/2024,2024-03-20,13/03/2024,Canada,Vancouver,17.57
111566,1491,07/03/2024,03/14/2024,2024-03-08,France,Paris,6.62
111569,2467,07.03.2024,03/11/2024,03/18/2024,USA,Chicago,18.07
111571,383,07.03.2024,2024-03-15,16/03/2024,Italy,Florence,10.97
111574,368,"Mar 07, 2024",19/03/2024,10/03/2024,USA,Austin,15.93
111575,2324,07.03.2024,17.03.2024,13/03/2024,Poland,Wroclaw,25.21
111578,2504,2024-03-08,2024-03-13,03/17/2024,Austria,Linz,17.9
111581,188,08.03.2024,2024-03-14,2024-03-14,Czech Republic,Pilsen,13.66
111582,1469,08.03.2024,2024-03-11,"Mar 13, 2024",Netherlands,Amsterdam,8.84
111584,209,08/03/2024,"Mar 11, 2024",2024-03-19,Norway,Oslo,23.95
111589,2066,2024-03-08,19.03.2024,2024-03-18,Spain,Valencia,44.79
111594,2174,03/08/2024,17.03.2024,,Spain,Seville,50.91
111599,2857,2024-03-08,03/16/2024,,United Kingdom,Liverpool,11.78
111603,1559,"Mar 08, 2024",15.03.2024,2024-03-09,Germany,Cologne,21.29
111609,697,09.03.2024,03/21/2024,13/03/2024,Poland,Krakow,4.58
111612,1558,2024-03-09,18/03/2024,,United Kingdom,Liverpool,16.77
111614,620,2024-03-09,2024-03-15,"Mar 11, 2024",United Kingdom,Bristol,51.24
111619,101,03/09/2024,"Mar 20, 2024",03/13/2024,Norway,Stavanger,16.28
111621,1176,2024-03-09,2024-03-13,12/03/2024,USA,Denver,8.24
111626,454,2024-03-09,2024-03-17,10.03.2024,Italy,Milan,13.27
111628,1733,2024-03-09,03/19/2024,"Mar 11, 2024",USA,Seattle,6.41
111632,2661,2024-03-10,2024-03-22,15.03.2024,Czech Republic,Ostrava,7.81
111633,2959,10/03/2024,03/15/2024,2024-03-19,France,Marseille,9.49
111643,2445,03/11/2024,03/17/2024,03/22/2024,Italy,Naples,10.69
111645,401,2024-03-11,22/03/2024,,France,Nice,20.5
111647,1660,"Mar 11, 2024",14.03.2024,2024-03-13,Czech Republic,Brno,8.89
111648,2365,2024-03-11,2024-03-22,03/16/2024,France,Nice,34.46
111652,1290,2024-03-11,21/03/2024,,USA,Chicago,23.12
111656,1650,2024-03-11,2024-03-20,03/20/2024,Poland,Lodz,9.06
111659,1098,"Mar 11, 2024",14/03/2024,2024-03-19,Germany,Berlin,22.16
111660,5,2024-03-11,03/21/2024,19.03.2024,France,Lyon,11.02
111661,2341,"Mar 11, 2024",23.03.2024,2024-03-19,Sweden,Uppsala,7.92
111663,2148,03/11/2024,2024-03-18,03/16/2024,France,Nice,7.18
111664,1835,11.03.2024,"Mar 23, 2024",2024-03-17,United Kingdom,Leeds,26.37
111665,11,11.03.2024,03/18/2024,,Germany,Hamburg,15.84
111669,2444,2024-03-11,2024-03-20,2024-03-19,Italy,Florence,12.09
111670,682,03/11/2024,20/03/2024,03/18/2024,Germany,Munich,27.69
111673,1555,2024-03-12,2024-03-17,2024-03-23,Czech Republic,Brno,13.76
111676,2202,2024-03-12,2024-03-22,17/03/2024,Poland,Krakow,26.45
111677,476,12.03.2024,03/21/2024,2024-03-23,United Kingdom,Leeds,13.32
111680,1167,2024-03-12,21/03/2024,03/13/2024,France,Lyon,6.64
111684,1857,12/03/2024,2024-03-17,20/03/2024,Italy,Naples,15.32
111688,2564,2024-03-12,2024-03-21,,France,Nice,26.36
111689,1021,03/13/2024,03/18/2024,2024-03-20,Netherlands,Eindhoven,43.47
111694,1075,2024-03-13,18/03/2024,"Mar 16, 2024",Czech Republic,Pilsen,30.93
111697,993,2024-03-13,03/20/2024,,USA,Denver,14.85
111701,2737,2024-03-13,2024-03-19,18/03/2024,Canada,Vancouver,17.19
111702,1141,2024-03-13,2024-03-22,2024-03-15,United Kingdom,London,15.22
111704,250,2024-03-13,23/03/2024,"Mar 20, 2024",Austria,Linz,11.1
111705,1222,13/03/2024,18/03/2024,2024-03-19,Poland,Gdansk,7.41
111706,317,2024-03-13,2024-03-23,2024-03-21,United Kingdom,Leeds,10.3
111712,754,13.03.2024,2024-03-25,2024-03-21,USA,Chicago,4.1
111714,1936,"Mar 13, 2024",03/22/2024,17/03/2024,USA,Denver,15.28
111717,551,13.03.2024,"Mar 25, 2024",2024-03-21,Poland,Gdansk,21.42
111723,1583,2024-03-13,2024-03-22,2024-03-22,France,Marseille,19.0
111725,2877,14/03/2024,03/26/2024,03/15/2024,Germany,Berlin,35.61
111733,2148,2024-03-14,2024-03-20,,France,Nice,18.04
111734,2633,2024-03-14,2024-03-24,2024-03-21,Italy,Milan,10.89
111737,771,14/03/2024,2024-03-23,21.03.2024,USA,Boston,15.77
111744,656,15/03/2024,03/22/2024,03/17/2024,Italy,Turin,14.0
111745,1534,15.03.2024,"Mar 25, 2024",2024-03-20,Germany,Munich,24.71
111753,1703,1900-01-01,2024-03-19,20/03/2024,Sweden,Gothenburg,9.73
111754,29,03/15/2024,03/27/2024,03/20/2024,United Kingdom,Manchester,14.04
111763,738,2024-03-15,26/03/2024,2024-03-26,Austria,Graz,33.24
111766,1323,"Mar 15, 2024",21.03.2024,26/03/2024,Sweden,Malmo,14.68
111767,609,15/03/2024,2024-03-25,16/03/2024,Spain,Madrid,8.78
111779,376,2024-03-16,2024-03-28,20.03.2024,Poland,Poznan,9.42
111780,2218,2024-03-16,03/22/2024,,United Kingdom,London,12.41
111785,193,2024-03-16,2024-03-23,,France,Paris,10.55
111786,2212,17/03/2024,2024-03-27,2024-03-21,Austria,Linz,13.87
111789,1793,03/17/2024,2024-03-22,03/27/2024,USA,Boston,19.77
111791,311,17.03.2024,2024-03-21,2024-03-22,Sweden,Stockholm,13.43
111802,818,2024-03-18,2024-03-22,22.03.2024,Germany,Hamburg,28.29
111806,2153,03/18/2024,2024-03-23,2024-03-25,Canada,Montreal,7.7
111807,2060,03/18/2024,2024-03-29,22/03/2024,Germany,Cologne,17.53
111809,434,18/03/2024,03/21/2024,2024-03-22,USA,Seattle,14.09
111816,787,2024-03-18,25/03/2024,2024-03-25,USA,Austin,14.42
111817,626,2024-03-18,25/03/2024,23/03/2024,Italy,Turin,13.69
111819,787,03/18/2024,03/26/2024,03/22/2024,USA,Austin,38.85
111822,1427,18/03/2024,28.03.2024,25.03.2024,Netherlands,Utrecht,9.8
111823,735,2024-03-18,03/30/2024,25.03.2024,Spain,Madrid,37.08
111826,313,03/18/2024,03/28/2024,03/20/2024,Czech Republic,Ostrava,21.47
111827,1776,19/03/2024,"Mar 28, 2024",2024-03-22,Austria,Vienna,29.47
111830,2217,2024-03-19,2024-03-29,2024-03-27,Germany,Munich,7.04
111833,1382,19.03.2024,03/25/2024,28.03.2024,Czech Republic,Brno,21.88
111838,1758,19/03/2024,01/04/2024,2024-03-22,Canada,Montreal,37.61
111839,2434,2024-03-19,2024-03-27,2024-03-24,United Kingdom,Bristol,7.86
111843,2003,03/19/2024,25.03.2024,24.03.2024,France,Toulouse,15.6
111845,2429,2024-03-19,03/28/2024,,Italy,Naples,6.13
111846,1627,2024-03-19,03/27/2024,28/03/2024,Poland,Lodz,48.26
111851,2121,03/19/2024,26/03/2024,24.03.2024,Norway,Trondheim,23.27
111853,2899,2024-03-20,2024-03-27,2024-03-24,Netherlands,Amsterdam,14.93
111854,722,20.03.2024,2024-04-01,2024-03-25,Spain,Bilbao,9.87
111857,1777,2024-03-20,2024-04-01,25.03.2024,USA,Chicago,9.59
111861,674,2024-03-20,2024-03-25,"Mar 26, 2024",France,Toulouse,16.65
111862,224,"Mar 20, 2024",29.03.2024,,Sweden,Gothenburg,7.94
111865,1576,03/20/2024,03/26/2024,30/03/2024,France,Lyon,12.86
111873,1362,2024-03-21,2024-03-24,31/03/2024,Italy,Rome,8.0
111877,2850,2024-03-21,2024-03-25,31.03.2024,Canada,Montreal,24.92
111878,1521,2024-03-21,2024-03-27,25/03/2024,USA,Chicago,12.25
111882,2726,2024-03-21,2024-04-02,2024-03-24,Germany,Munich,12.97
111883,103,21.03.2024,31.03.2024,2024-04-01,United Kingdom,Liverpool,33.16
111891,2409,2024-03-22,01.04.2024,2024-03-28,Poland,Gdansk,20.91
111893,386,22/03/2024,2024-03-30,,Poland,Poznan,10.97
111895,1211,2024-03-22,2024-04-01,,Germany,Frankfurt,16.08
111896,1777,22/03/2024,2024-03-31,2024-04-01,USA,Chicago,40.02
111899,2641,03/22/2024,"Mar 28, 2024",,France,Lyon,30.4
111904,265,22/03/2024,31.03.2024,01/04/2024,USA,Denver,10.61
111910,918,2024-03-22,28/03/2024,30/03/2024,USA,Chicago,29.64
111912,475,22.03.2024,2024-03-26,2024-03-26,Germany,Hamburg,13.81
111915,2828,22/03/2024,"Apr 02, 2024",04/01/2024,United Kingdom,Bristol,11.06
111917,2413,2024-03-22,2024-03-26,2024-03-26,Germany,Berlin,14.1
111919,1715,"Mar 22, 2024",30/03/2024,03/26/2024,Spain,Seville,10.67
111924,684,23.03.2024,29.03.2024,2024-04-03,Poland,Krakow,12.22
111929,646,03/23/2024,01.04.2024,2024-04-02,Germany,Cologne,13.62
111937,2651,23/03/2024,2024-03-29,30.03.2024,Italy,Rome,19.02
111939,890,2024-03-24,31.03.2024,2024-03-30,USA,Austin,16.95
111943,1478,24.03.2024,"Apr 06, 2024",,United Kingdom,Leeds,41.01
111945,723,2024-03-24,27/03/2024,25.03.2024,Canada,Ottawa,14.12
111948,348,24/03/2024,28.03.2024,28.03.2024,Germany,Berlin,14.39
111950,2148,2024-03-24,04/06/2024,,France,Nice,19.86
111953,227,2024-03-24,2024-03-27,03.04.2024,Germany,Berlin,16.17
111955,1209,2024-03-24,31.03.2024,2024-04-01,Netherlands,Utrecht,31.33
111958,2212,2024-03-25,2024-04-04,03.04.2024,Austria,Linz,12.99
111960,2687,2024-03-25,04/04/2024,2024-03-31,USA,New York,11.72
111963,790,2024-03-25,07.04.2024,2024-03-26,Netherlands,Amsterdam,37.19
111964,2324,"Mar 25, 2024","Apr 01, 2024","Apr 02, 2024",Poland,Wroclaw,24.6
111965,910,03/25/2024,29/03/2024,27.03.2024,Germany,Cologne,22.24
111967,2783,25.03.2024,2024-04-01,"Apr 05, 2024",Italy,Milan,15.83
111970,342,2024-03-25,04/04/2024,2024-04-02,Sweden,Uppsala,6.47
111971,2647,25.03.2024,"Mar 30, 2024","Mar 31, 2024",Italy,Florence,23.02
111980,2883,25.03.2024,2024-04-07,28/03/2024,United Kingdom,Liverpool,6.45
111981,2783,2024-03-25,31/03/2024,,Italy,Milan,7.18
111988,950,26/03/2024,2024-04-08,2024-04-04,USA,Boston,18.74
111990,2066,26/03/2024,04/04/2024,,Spain,Valencia,37.5
111993,1281,26/03/2024,2024-04-03,06/04/2024,France,Nice,20.92
111997,346,26/03/2024,29/03/2024,01/04/2024,Germany,Berlin,62.33
111998,1907,"Mar 26, 2024",2024-04-07,2024-04-06,United Kingdom,London,7.21
111999,2394,2024-03-26,01/04/2024,,Spain,Bilbao,30.33
112000,2426,2024-03-26,31/03/2024,31.03.2024,Norway,Oslo,41.0
112002,1540,03/26/2024,2024-03-31,04/06/2024,Czech Republic,Pilsen,16.68
112006,437,2024-03-27,2024-04-05,31/03/2024,Spain,Madrid,15.03
112007,1238,27.03.2024,31.03.2024,07.04.2024,United Kingdom,Liverpool,20.37
112008,734,27/03/2024,"Apr 09, 2024","Apr 05, 2024",Norway,Stavanger,4.71
112014,2931,27.03.2024,31.03.2024,2024-03-31,Poland,Gdansk,16.11
112016,2744,"Mar 27, 2024",2024-04-07,,Poland,Wroclaw,10.97
112022,1421,2024-03-27,"Apr 04, 2024",,Netherlands,Eindhoven,10.76
112027,1459,28/03/2024,07.04.2024,2024-04-01,Norway,Trondheim,9.46
112033,619,28/03/2024,2024-04-01,04/01/2024,Spain,Valencia,8.36
112034,1401,2024-03-28,2024-04-08,2024-04-01,France,Paris,25.3
112036,2872,03/28/2024,04/10/2024,"Mar 30, 2024",France,Toulouse,23.96
112038,2092,28/03/2024,10.04.2024,31.03.2024,Austria,Linz,21.35
112039,193,28.03.2024,"Apr 03, 2024",2024-04-02,France,Paris,10.85
112047,356,2024-03-28,2024-04-10,,USA,Chicago,14.54
112054,1760,03/28/2024,03.04.2024,05.04.2024,Czech Republic,Prague,14.15
112061,2286,"Mar 29, 2024","Apr 04, 2024",2024-04-02,Canada,Toronto,15.6
112064,2233,2024-03-29,2024-04-10,04/03/2024,Italy,Florence,15.53
112069,1344,29.03.2024,"Apr 02, 2024",04/02/2024,United Kingdom,Leeds,30.91
112075,2064,29/03/2024,"Apr 01, 2024","Apr 07, 2024",France,Toulouse,24.2
112079,2641,2024-03-29,2024-04-11,2024-03-30,France,Lyon,16.41
112083,2021,03/29/2024,2024-04-08,2024-04-08,Canada,Toronto,12.78
112092,591,2024-03-30,02.04.2024,2024-04-02,Netherlands,Amsterdam,11.7
112099,567,2024-03-30,09/04/2024,2024-04-08,Austria,Vienna,10.05
112100,2474,03/30/2024,2024-04-12,03/04/2024,Netherlands,Rotterdam,23.85
112101,2335,2024-03-30,06/04/2024,05.04.2024,Germany,Berlin,24.29
112104,2436,2024-03-30,2024-04-03,2024-04-08,Austria,Salzburg,7.86
112107,1234,"Mar 31, 2024",10/04/2024,04/06/2024,Canada,Toronto,18.27
112108,2840,"Mar 31, 2024",2024-04-12,11/04/2024,Spain,Madrid,21.0
112111,600,03/31/2024,2024-04-07,2024-04-08,United Kingdom,Leeds,8.98
112112,1355,2024-03-31,04/07/2024,,Spain,Madrid,16.85
112113,2875,03/31/2024,04/10/2024,2024-04-03,Italy,Naples,26.93
112115,637,2024-03-31,11/04/2024,2024-04-03,USA,Boston,14.88
112116,2320,31/03/2024,"Apr 11, 2024",2024-04-05,Czech Republic,Prague,7.79
112117,2610,31/03/2024,04/03/2024,2024-04-09,USA,Denver,15.19
112119,1644,2024-03-31,13/04/2024,2024-04-04,Poland,Poznan,8.08
112125,2406,31/03/2024,11/04/2024,,Norway,Bergen,7.51
112126,1962,2024-03-31,04/13/2024,2024-04-09,Italy,Milan,11.29
112127,1130,"Mar 31, 2024",2024-04-11,,France,Nice,17.12
112132,1179,31/03/2024,03/04/2024,11.04.2024,Poland,Wroclaw,37.15
112140,2587,01.04.2024,"Apr 07, 2024",04/08/2024,France,Marseille,20.32
112144,100,2024-04-01,11/04/2024,2024-04-12,Netherlands,Amsterdam,10.98
112150,858,01/04/2024,2024-04-06,04/02/2024,Poland,Lodz,15.15
112151,1591,2024-04-01,2024-04-04,,Canada,Vancouver,16.29
112157,2548,02.04.2024,"Apr 15, 2024","Apr 13, 2024",Austria,Salzburg,17.35
112162,1112,2024-04-02,2024-04-12,2024-04-04,Sweden,Malmo,17.57
112165,1298,2024-04-02,2024-04-06,09.04.2024,Czech Republic,Brno,18.22
112168,1756,02.04.2024,2024-04-12,2024-04-11,Austria,Linz,14.42
112172,790,02/04/2024,2024-04-07,"Apr 04, 2024",Netherlands,Amsterdam,9.62
112176,5,2024-04-03,"Apr 12, 2024",2024-04-04,France,Lyon,19.37
112178,209,"Apr 03, 2024",04/12/2024,04/14/2024,Norway,Oslo,41.67
112179,1904,03/04/2024,04/15/2024,2024-04-08,USA,Denver,9.39
112180,2451,03/04/2024,"Apr 07, 2024",2024-04-05,Spain,Barcelona,11.88
112181,2970,2024-04-03,2024-04-10,04/09/2024,Netherlands,Amsterdam,7.84
112184,1391,"Apr 03, 2024",2024-04-15,"Apr 11, 2024",Norway,Trondheim,17.96
112185,1643,"Apr 03, 2024",2024-04-12,04/13/2024,United Kingdom,Manchester,21.51
112189,481,04/03/2024,"Apr 15, 2024",2024-04-04,Canada,Ottawa,10.96
112191,2584,2024-04-03,"Apr 12, 2024",10.04.2024,United Kingdom,London,12.36
112192,935,2024-04-03,10/04/2024,2024-04-11,Sweden,Gothenburg,23.22
112193,1981,03/04/2024,04/07/2024,,Poland,Krakow,11.63
112197,1840,04.04.2024,17/04/2024,15/04/2024,Poland,Wroclaw,32.73
112202,2675,04/04/2024,12/04/2024,"Apr 07, 2024",Czech Republic,Prague,19.22
112208,224,04.04.2024,13.04.2024,2024-04-10,Sweden,Gothenburg,13.04
112210,2044,04/04/2024,07/04/2024,2024-04-05,Germany,Berlin,11.96
112212,217,2024-04-04,16/04/2024,"Apr 12, 2024",Czech Republic,Pilsen,6.58
112215,913,"Apr 05, 2024",2024-04-17,"Apr 06, 2024",Norway,Oslo,21.7
112218,1881,2024-04-05,04/11/2024,10/04/2024,Germany,Munich,13.62
112220,2423,2024-04-05,15.04.2024,2024-04-14,Germany,Hamburg,28.6
112226,2492,05/04/2024,09/04/2024,,USA,Chicago,11.32
112233,618,04/05/2024,2024-04-17,2024-04-06,Germany,Cologne,24.72
112237,1534,2024-04-05,08/04/2024,2024-04-10,Germany,Munich,38.01
112238,2733,2024-04-05,04/14/2024,2024-04-08,USA,Seattle,21.72
112243,451,04/05/2024,2024-04-18,2024-04-10,Poland,Poznan,21.02
112247,821,04/06/2024,16.04.2024,"Apr 12, 2024",France,Paris,10.25
112249,1590,06/04/2024,2024-04-18,2024-04-14,Norway,Bergen,21.02
112259,1238,"Apr 06, 2024",2024-04-15,"Apr 13, 2024",United Kingdom,Liverpool,22.61
112266,1799,2024-04-06,2024-04-17,04/12/2024,Germany,Munich,29.65
112267,916,"Apr 06, 2024",2024-04-10,,USA,Seattle,30.84
112268,1750,06/04/2024,"Apr 10, 2024",08.04.2024,France,Lyon,13.86
112270,1995,04/06/2024,2024-04-15,2024-04-17,USA,Chicago,12.61
112272,116,07/04/2024,"Apr 17, 2024",,United Kingdom,London,8.47
112279,2342,2024-04-07,04/13/2024,2024-04-13,Canada,Vancouver,14.28
112282,422,07.04.2024,15/04/2024,,Germany,Cologne,-7.16
112285,2209,07/04/2024,"Apr 16, 2024",,Italy,Florence,14.04
112293,2798,2024-04-07,2024-04-19,04/16/2024,Norway,Oslo,6.69
112299,510,2024-04-08,13.04.2024,14.04.2024,Spain,Valencia,18.41
112303,2274,08.04.2024,04/19/2024,2024-04-15,Poland,Gdansk,11.49
112304,656,2024-04-08,04/12/2024,04/10/2024,Italy,Turin,7.64
112305,2801,2024-04-08,2024-04-21,16/04/2024,Poland,Poznan,8.31
112307,555,2024-04-08,11.04.2024,2024-04-15,Germany,Cologne,11.57
112309,2846,04/08/2024,18/04/2024,2024-04-12,USA,Seattle,15.69
112310,1251,08.04.2024,2024-04-19,2024-04-16,Spain,Valencia,29.72
112315,879,"Apr 08, 2024",2024-04-12,2024-04-11,Italy,Rome,10.46
112321,21,2024-04-09,22/04/2024,13.04.2024,Austria,Linz,14.55
112322,1473,09.04.2024,2024-04-14,10/04/2024,Canada,Calgary,7.4
112324,2633,2024-04-09,15/04/2024,2024-04-10,Italy,Milan,9.55
112329,2699,2024-04-09,2024-04-21,20.04.2024,France,Paris,10.73
112330,2146,2024-04-09,04/15/2024,2024-04-17,Germany,Hamburg,17.61
112334,504,2024-04-10,2024-04-19,20/04/2024,Germany,Cologne,13.23
112340,2003,2024-04-10,2024-04-14,2024-04-13,France,Toulouse,23.35
112345,1548,10.04.2024,21.04.2024,04/21/2024,France,Lyon,8.27
112349,1479,2024-04-10,"Apr 19, 2024",2024-04-16,Germany,Berlin,13.27
112355,2851,04/10/2024,"Apr 15, 2024",2024-04-12,Spain,Seville,19.14
112356,1644,10/04/2024,20/04/2024,13.04.2024,Poland,Poznan,11.47
112358,2622,2024-04-10,2024-04-21,04/16/2024,Sweden,Gothenburg,19.98
112359,1362,2024-04-11,2024-04-22,15/04/2024,Italy,Rome,20.47
112360,2932,11/04/2024,2024-04-14,,Germany,Hamburg,9.25
112361,210,2024-04-11,24/04/2024,2024-04-19,France,Lyon,10.76
112365,2529,2024-04-11,21/04/2024,04/20/2024,Germany,Frankfurt,32.78
112366,324,2024-04-11,2024-04-21,2024-04-12,France,Paris,8.79
112369,2227,2024-04-11,2024-04-21,"Apr 19, 2024",France,Nice,37.41
112373,806,11/04/2024,2024-04-23,2024-04-14,Germany,Hamburg,6.48
112376,2493,11/04/2024,04/15/2024,,Germany,Hamburg,65.31
112379,656,11/04/2024,23/04/2024,17.04.2024,Italy,Turin,29.47
112386,2597,11/04/2024,2024-04-23,,USA,Austin,7.67
112388,2316,11.04.2024,15/04/2024,2024-04-18,Sweden,Uppsala,5.04
112392,2436,"Apr 12, 2024","Apr 25, 2024",2024-04-17,Austria,Salzburg,7.32
112393,1665,12.04.2024,04/22/2024,2024-04-21,France,Lyon,14.56
112394,1906,2024-04-12,25/04/2024,04/15/2024,Poland,Krakow,11.51
112395,488,2024-04-12,2024-04-17,04/17/2024,United Kingdom,Liverpool,28.54
112396,2355,2024-04-12,2024-04-16,2024-04-15,Spain,Madrid,34.59
112398,560,2024-04-12,04/22/2024,,France,Lyon,14.57
112401,1368,"Apr 12, 2024",18/04/2024,14/04/2024,France,Nice,14.95
112404,2024,2024-04-12,"Apr 20, 2024",04/22/2024,USA,Austin,19.21
112406,2825,12.04.2024,15/04/2024,,France,Nice,46.16
112410,2455,2024-04-12,"Apr 25, 2024",,Canada,Ottawa,9.59
112411,2412,2024-04-12,2024-04-20,04/17/2024,Canada,Calgary,16.49
112416,121,04/12/2024,2024-04-20,2024-04-19,Germany,Frankfurt,16.98
112422,2445,2024-04-13,2024-04-24,19/04/2024,Italy,Naples,15.44
112427,1597,"Apr 13, 2024",2024-04-22,24/04/2024,Poland,Krakow,11.18
112428,1827,2024-04-13,2024-04-16,04/21/2024,Sweden,Gothenburg,19.77
112429,1283,04/13/2024,22.04.2024,2024-04-22,France,Marseille,18.61
112431,2795,04/13/2024,"Apr 17, 2024",2024-04-24,Netherlands,Rotterdam,17.24
112438,389,14/04/2024,2024-04-17,04/16/2024,Poland,Wroclaw,11.84
112443,2422,2024-04-14,2024-04-21,2024-04-16,Poland,Poznan,32.88
112446,2263,2024-04-14,21/04/2024,04/16/2024,USA,New York,6.38
112447,1238,04/14/2024,25.04.2024,2024-04-21,United Kingdom,Liverpool,5.67
112448,2535,14/04/2024,"Apr 26, 2024",22/04/2024,Germany,Cologne,11.89
112453,923,14.04.2024,04/23/2024,2024-04-17,USA,Chicago,16.39
112456,268,04/14/2024,2024-04-19,2024-04-18,United Kingdom,London,29.67
112461,2325,15.04.2024,"Apr 19, 2024",2024-04-21,Canada,Ottawa,11.12
112463,598,15.04.2024,2024-04-24,17/04/2024,France,Paris,8.12
112464,2950,2024-04-15,20/04/2024,24.04.2024,Netherlands,Utrecht,24.09
112469,1585,15/04/2024,2024-04-26,"Apr 21, 2024",Czech Republic,Prague,14.3
112470,723,2024-04-15,2024-04-23,,Canada,Ottawa,11.07
112471,2828,"Apr 15, 2024",04/25/2024,2024-04-21,United Kingdom,Bristol,5.47
112472,4,2024-04-15,2024-04-27,2024-04-23,Poland,Gdansk,22.39
112473,276,04/15/2024,04/27/2024,2024-04-25,Norway,Oslo,35.26
112475,2212,15.04.2024,2024-04-26,2024-04-26,Austria,Linz,31.66
112478,2398,04/15/2024,25.04.2024,"Apr 18, 2024",Norway,Oslo,16.84
112480,2766,15/04/2024,2024-04-20,2024-04-19,Spain,Barcelona,20.21
112481,1930,04/15/2024,2024-04-18,"Apr 19, 2024",Austria,Vienna,7.62
112482,646,04/16/2024,"Apr 23, 2024",2024-04-22,Germany,Cologne,12.61
112487,547,16/04/2024,"Apr 26, 2024",20/04/2024,Austria,Vienna,5.28
112488,801,04/16/2024,"Apr 25, 2024",04/24/2024,Italy,Rome,13.26
112489,1475,16.04.2024,"Apr 23, 2024",2024-04-21,Spain,Bilbao,14.04
112493,1225,04/16/2024,04/26/2024,2024-04-27,Spain,Valencia,18.78
112494,1211,2024-04-16,2024-04-26,26/04/2024,Germany,Frankfurt,13.9
112500,2054,2024-04-16,2024-04-27,2024-04-23,Netherlands,Utrecht,13.58
112505,819,2024-04-16,2024-04-23,2024-04-23,Sweden,Malmo,16.49
112509,470,2024-04-17,2024-04-28,2024-04-26,USA,Denver,5.28
112515,655,"Apr 17, 2024",20/04/2024,2024-04-26,Sweden,Stockholm,9.94
112517,2051,2024-04-17,23.04.2024,20/04/2024,United Kingdom,London,4.69
112519,1448,2024-04-17,26.04.2024,"Apr 24, 2024",Sweden,Uppsala,27.85
112520,933,2024-04-17,"Apr 24, 2024",2024-04-26,Germany,Cologne,11.57
112527,668,2024-04-18,01/05/2024,2024-04-27,Germany,Munich,8.55
112528,2967,2024-04-18,24/04/2024,23/04/2024,Austria,Salzburg,14.36
112533,2949,2024-04-18,04/23/2024,2024-04-24,Spain,Madrid,12.06
112534,1141,2024-04-18,2024-04-21,29.04.2024,United Kingdom,London,14.1
112539,2123,2099-01-01,22.04.2024,"Apr 20, 2024",France,Nice,11.95
112544,637,18/04/2024,21.04.2024,2024-04-23,USA,Boston,30.28
112552,669,19/04/2024,28.04.2024,,Poland,Poznan,9.32
112559,2410,2024-04-19,2024-05-02,2024-04-29,Poland,Lodz,12.58
112561,2369,19.04.2024,22/04/2024,,Spain,Valencia,28.83
112570,127,20.04.2024,"Apr 27, 2024",,USA,Chicago,7.92
112572,257,2024-04-20,01/05/2024,2024-04-22,France,Lyon,27.53
112575,367,20/04/2024,2024-05-03,23.04.2024,Spain,Madrid,17.9
112579,1382,20/04/2024,2024-05-01,24/04/2024,Czech Republic,Brno,21.85
112580,1522,20/04/2024,2024-05-01,25/04/2024,Czech Republic,Prague,22.13
112581,307,04/20/2024,2024-05-01,27.04.2024,Czech Republic,Prague,9.64
112588,451,04/20/2024,2024-04-23,"Apr 21, 2024",Poland,Poznan,13.99
112589,2055,04/21/2024,2024-05-03,04/22/2024,France,Nice,22.33
112591,1589,04/21/2024,2024-04-29,,United Kingdom,Bristol,32.11
112595,2436,2024-04-21,02/05/2024,04/30/2024,Austria,Salzburg,12.11
112602,137,21.04.2024,04/24/2024,,Poland,Wroclaw,6.31
112605,333,"Apr 21, 2024","May 02, 2024",2024-05-02,USA,Boston,13.58
112609,731,"Apr 21, 2024",24/04/2024,04/24/2024,USA,Seattle,15.68
112610,701,"Apr 21, 2024",2024-04-28,02/05/2024,United Kingdom,Liverpool,27.29
112622,2443,04/22/2024,2024-05-01,2024-04-25,Spain,Seville,-7.96
112623,1846,04/22/2024,30/04/2024,28/04/2024,France,Marseille,22.65
112633,368,2024-04-22,28.04.2024,04/23/2024,USA,Austin,9.23
112644,2666,2024-04-22,"May 04, 2024",,Poland,Gdansk,10.02
112650,2622,23.04.2024,"May 01, 2024",,Sweden,Gothenburg,4.12
112651,1119,04/23/2024,05.05.2024,2024-04-24,Germany,Cologne,34.87
112654,1864,23/04/2024,"Apr 29, 2024",,Netherlands,Utrecht,8.45
112657,922,2024-04-23,2024-04-26,05/01/2024,Germany,Berlin,4.96
112663,1262,23.04.2024,"Apr 27, 2024",2024-04-25,France,Paris,22.36
112666,1264,2024-04-23,02/05/2024,2024-05-04,USA,Denver,8.46
112668,790,23.04.2024,05.05.2024,24/04/2024,Netherlands,Amsterdam,18.64
112672,1366,24.04.2024,2024-05-01,2024-05-02,Germany,Cologne,6.46
112673,2873,24.04.2024,04/29/2024,"May 05, 2024",Germany,Berlin,37.12
112676,2558,"Apr 24, 2024",01.05.2024,01/05/2024,Austria,Linz,8.87
112677,2557,04/24/2024,2024-04-29,,Poland,Warsaw,24.56
112680,2362,2024-04-24,2024-05-07,2024-05-04,United Kingdom,Leeds,9.21
112681,183,"Apr 24, 2024",2024-05-06,2024-04-28,Italy,Milan,31.83
112683,364,"Apr 24, 2024","Apr 28, 2024",2024-05-03,USA,Seattle,22.21
112685,1950,24.04.2024,2024-04-30,2024-05-02,United Kingdom,Bristol,8.66
112686,1117,04/24/2024,07.05.2024,2024-04-26,Italy,Florence,30.66
112687,185,24.04.2024,05/07/2024,,Poland,Gdansk,9.57
112689,975,24/04/2024,2024-04-30,"May 01, 2024",Germany,Hamburg,13.64
112690,1421,"Apr 24, 2024",2024-05-03,01.05.2024,Netherlands,Eindhoven,12.12
112694,1411,25/04/2024,07.05.2024,2024-05-02,Austria,Salzburg,27.51
112695,296,"Apr 25, 2024",2024-04-29,2024-05-05,USA,Boston,11.15
112703,1876,"Apr 25, 2024","May 08, 2024",30/04/2024,Sweden,Uppsala,38.65
112705,75,"Apr 25, 2024","Apr 28, 2024",2024-05-06,United Kingdom,Liverpool,10.56
112707,2332,04/25/2024,29/04/2024,,Sweden,Malmo,4.27
112713,961,2024-04-25,"Apr 29, 2024",26.04.2024,Austria,Vienna,20.16
112717,688,2024-04-25,08/05/2024,,Netherlands,Utrecht,22.34
112718,1001,"Apr 26, 2024",2024-05-07,2024-04-29,Austria,Linz,20.31
112720,560,"Apr 26, 2024",09/05/2024,2024-05-02,France,Lyon,12.3
112721,308,26/04/2024,2024-05-07,04/27/2024,USA,New York,17.02
112722,1259,04/26/2024,2024-04-29,2024-05-03,USA,Denver,17.01
112724,2672,2024-04-26,"May 01, 2024",2024-04-30,United Kingdom,Leeds,20.72
112729,286,26.04.2024,04/30/2024,2024-05-01,Canada,Ottawa,10.42
112730,481,26/04/2024,2024-05-06,29.04.2024,Canada,Ottawa,15.14
112736,1872,2024-04-26,06/05/2024,04/05/2024,Czech Republic,Ostrava,14.98
112739,2780,26.04.2024,2024-04-29,06/05/2024,Netherlands,Utrecht,23.06
112741,1041,04/26/2024,"May 05, 2024",30/04/2024,Spain,Seville,10.9
112743,2705,26/04/2024,04/29/2024,2024-05-02,Sweden,Malmo,18.39
112744,2480,"Apr 26, 2024",2024-05-01,2024-04-27,Norway,Stavanger,17.56
112747,2631,04/27/2024,05.05.2024,05/02/2024,Spain,Valencia,20.88
112752,1107,2024-04-27,2024-05-07,03.05.2024,Czech Republic,Prague,15.67
112753,569,2024-04-27,2024-04-30,04.05.2024,United Kingdom,London,14.23
112756,830,2024-04-27,2024-05-09,08/05/2024,Germany,Frankfurt,22.44
112757,1281,2024-04-27,05/06/2024,,France,Nice,7.0
112765,333,2024-04-27,2024-05-03,,USA,Boston,18.95
112766,2327,"Apr 28, 2024",03.05.2024,2024-05-04,USA,Seattle,44.92
112769,800,28.04.2024,05/05/2024,09/05/2024,USA,Chicago,23.42
112776,1220,"Apr 28, 2024","May 10, 2024",2024-05-01,Czech Republic,Ostrava,30.71
112782,1881,28/04/2024,2024-05-07,2024-05-03,Germany,Munich,16.86
112790,1326,2024-04-29,06.05.2024,10/05/2024,Poland,Krakow,50.0
112791,1810,29.04.2024,03/05/2024,02.05.2024,France,Lyon,30.76
112795,1445,2024-04-29,2024-05-07,2024-05-04,France,Toulouse,4.95
112796,1119,04/29/2024,02/05/2024,05/09/2024,Germany,Cologne,14.05
112797,666,29.04.2024,2024-05-12,01/05/2024,Czech Republic,Ostrava,15.65
112800,2537,04/29/2024,2024-05-12,,France,Marseille,9.34
112807,311,04/29/2024,11/05/2024,07/05/2024,Sweden,Stockholm,7.5
112812,2613,2024-04-29,2024-05-06,2024-05-02,Germany,Munich,15.85
112814,2329,2024-04-30,2024-05-03,01.05.2024,Italy,Milan,25.98
112818,1955,2024-04-30,05/07/2024,2024-05-04,USA,Boston,17.27
112822,613,2024-04-30,13/05/2024,2024-05-11,United Kingdom,Leeds,20.37
112824,104,30.04.2024,11/05/2024,2024-05-06,France,Paris,24.47
112827,1535,30.04.2024,05/05/2024,05/10/2024,Germany,Frankfurt,9.1
112833,1812,30.04.2024,2024-05-08,05/08/2024,Poland,Gdansk,14.12
112835,2021,2024-04-30,"May 12, 2024",2024-05-05,Canada,Toronto,29.44
112836,2388,"Apr 30, 2024",2024-05-13,05/11/2024,Spain,Valencia,11.14
112837,2971,"Apr 30, 2024",12.05.2024,2024-05-10,Spain,Barcelona,25.12
112839,1130,2024-04-30,2024-05-06,2024-05-11,France,Nice,16.38
112840,536,01.05.2024,05/10/2024,2024-05-05,Poland,Krakow,32.51
112845,2941,2024-05-01,2024-05-09,12/05/2024,USA,Seattle,9.45
112846,2350,2024-05-01,2024-05-10,03/05/2024,Austria,Salzburg,18.83
112850,2263,01.05.2024,05/12/2024,05/03/2024,USA,New York,10.54
112854,1816,"May 01, 2024",2024-05-05,"May 12, 2024",USA,Seattle,31.52
112859,1158,2024-05-01,2024-05-07,"May 05, 2024",France,Lyon,13.69
112861,1397,01/05/2024,14/05/2024,2024-05-10,Germany,Hamburg,15.23
112867,950,05/02/2024,2024-05-08,,USA,Boston,25.7
112868,2959,2024-05-02,"May 07, 2024",,France,Marseille,23.46
112872,1843,"May 02, 2024","May 05, 2024",,Austria,Vienna,8.26
112883,972,02.05.2024,05/13/2024,"May 06, 2024",Poland,Krakow,27.45
112888,997,2024-05-02,09/05/2024,"May 10, 2024",Germany,Berlin,31.2
112889,439,03/05/2024,09/05/2024,10/05/2024,Czech Republic,Brno,11.42
112891,2268,03/05/2024,2024-05-14,2024-05-12,United Kingdom,Leeds,22.92
112894,770,2024-05-03,2024-05-06,,Czech Republic,Ostrava,24.98
112895,1521,2024-05-03,10.05.2024,2024-05-12,USA,Chicago,11.03
112896,1462,03.05.2024,07.05.2024,05/05/2024,Italy,Naples,24.69
112900,1745,05/03/2024,10/05/2024,"May 09, 2024",Czech Republic,Prague,15.28
112905,1335,"May 03, 2024",2024-05-07,"May 12, 2024",Germany,Berlin,19.55
112907,2611,05/03/2024,15/05/2024,2024-05-06,Poland,Poznan,10.22
112911,2297,2024-05-04,17.05.2024,2024-05-13,Germany,Cologne,9.88
112913,1478,05/04/2024,2024-05-11,14/05/2024,United Kingdom,Leeds,9.12
112929,1514,"May 05, 2024",2024-05-12,05/15/2024,France,Marseille,26.91
112933,1404,2024-05-05,2024-05-11,,United Kingdom,London,8.33
112935,2883,05.05.2024,2024-05-13,,United Kingdom,Liverpool,26.69
112940,686,05/05/2024,"May 09, 2024",2024-05-07,Czech Republic,Pilsen,14.37
112945,437,"May 06, 2024",2024-05-17,05/15/2024,Spain,Madrid,11.6
112947,1363,06/05/2024,2024-05-14,2024-05-07,Austria,Salzburg,41.78
112950,594,2024-05-06,2024-05-16,2024-05-08,Italy,Naples,16.12
112951,1564,1900-01-01,14/05/2024,05/14/2024,Italy,Florence,-23.23
112959,711,"May 06, 2024",2024-05-17,2024-05-16,Canada,Montreal,14.93
112966,227,06.05.2024,2024-05-13,2024-05-13,Germany,Berlin,22.88
112968,2327,2024-05-06,11.05.2024,2024-05-17,USA,Seattle,9.16
112969,501,2024-05-07,"May 18, 2024",10/05/2024,Netherlands,Amsterdam,24.55
112972,1359,07/05/2024,11.05.2024,2024-05-18,Poland,Lodz,39.3
112977,895,2024-05-07,"May 19, 2024",2024-05-10,Netherlands,Rotterdam,13.78
112978,1689,2024-05-07,"May 15, 2024",2024-05-18,Germany,Hamburg,19.39
112981,2364,07.05.2024,2024-05-17,2024-05-10,Spain,Seville,26.48
112982,1411,07/05/2024,2024-05-20,18/05/2024,Austria,Salzburg,49.32
112987,1887,2024-05-07,2024-05-15,10/05/2024,United Kingdom,Leeds,31.29
112993,518,05/08/2024,16/05/2024,10.05.2024,Germany,Hamburg,24.85
112996,2130,08.05.2024,"May 14, 2024",2024-05-09,United Kingdom,London,12.36
112997,2071,2024-05-08,11.05.2024,"May 19, 2024",Germany,Berlin,32.31
112999,2163,2024-05-08,2024-05-17,2024-05-16,Poland,Krakow,10.46
113005,1160,08/05/2024,17/05/2024,"May 15, 2024",Germany,Frankfurt,3.7
113006,488,2024-05-08,18/05/2024,2024-05-15,United Kingdom,Liverpool,12.71
113012,887,08.05.2024,15.05.2024,2024-05-12,France,Marseille,27.52
113015,1226,2024-05-08,2024-05-12,,Poland,Lodz,11.84
113018,291,09.05.2024,2024-05-15,2024-05-12,Italy,Naples,26.91
113021,626,2024-05-09,2024-05-19,2024-05-20,Italy,Turin,32.14
113022,1989,09.05.2024,15.05.2024,2024-05-15,Canada,Toronto,17.72
113027,884,2024-05-09,14.05.2024,,Poland,Gdansk,6.72
113028,512,09.05.2024,2024-05-20,,Italy,Rome,16.39
113032,2928,2024-05-09,2024-05-19,10.05.2024,Canada,Vancouver,18.62
113034,2332,05/09/2024,19/05/2024,,Sweden,Malmo,5.44
113038,2470,2024-05-09,17/05/2024,2024-05-19,United Kingdom,Leeds,8.42
113039,1685,09.05.2024,2024-05-21,10/05/2024,Netherlands,Amsterdam,21.09
113041,1049,09/05/2024,2024-05-13,2024-05-11,Czech Republic,Ostrava,15.07
113052,1713,05/10/2024,20.05.2024,2024-05-19,USA,Austin,-35.92
113054,1709,05/10/2024,2024-05-21,12.05.2024,Austria,Graz,14.39
113055,208,2024-05-10,05/16/2024,14/05/2024,Poland,Warsaw,9.57
113058,2707,10.05.2024,2024-05-16,2024-05-14,Italy,Turin,13.45
113060,1061,10/05/2024,2024-05-14,2024-05-15,Spain,Valencia,21.15
113061,2013,2024-05-10,2024-05-14,21/05/2024,Canada,Montreal,18.58
113062,1701,2024-05-10,05/17/2024,2024-05-16,Italy,Turin,20.75
113065,1262,10/05/2024,18/05/2024,05/13/2024,France,Paris,13.94
113066,1327,10.05.2024,"May 23, 2024",2024-05-13,Italy,Rome,15.73
113069,2212,10/05/2024,2024-05-14,2024-05-19,Austria,Linz,8.37
113072,332,2024-05-11,20.05.2024,05/22/2024,France,Lyon,26.5
113073,2775,11/05/2024,24.05.2024,15.05.2024,Germany,Frankfurt,20.64
113078,813,11/05/2024,05/15/2024,05/22/2024,United Kingdom,London,15.2
113083,2690,2024-05-11,21/05/2024,2024-05-22,France,Nice,10.44
113084,1915,2024-05-11,05/24/2024,15/05/2024,Poland,Poznan,6.44
113086,1262,11.05.2024,"May 14, 2024",2024-05-20,France,Paris,30.95
113087,847,2024-05-11,2024-05-14,2024-05-17,Italy,Rome,36.18
113089,1738,2024-05-12,24.05.2024,2024-05-13,Austria,Vienna,18.82
113092,1491,2024-05-12,2024-05-24,20/05/2024,France,Paris,11.96
113093,2449,12/05/2024,2024-05-16,,Canada,Toronto,32.63
113094,2473,12/05/2024,2024-05-24,18.05.2024,Czech Republic,Ostrava,13.18
113100,206,2024-05-12,05/17/2024,,Sweden,Stockholm,20.73
113101,607,12.05.2024,15.05.2024,2024-05-22,France,Lyon,5.78
113102,1714,2024-05-12,2024-05-19,,Poland,Wroclaw,38.93
113106,332,12/05/2024,2024-05-19,15.05.2024,France,Lyon,7.88
113107,39,13.05.2024,2024-05-18,14/05/2024,Poland,Lodz,19.68
113112,1607,05/13/2024,2024-05-23,"May 22, 2024",United Kingdom,Leeds,15.32
113118,389,2024-05-13,2024-05-16,2024-05-22,Poland,Wroclaw,15.4
113119,811,05/13/2024,2024-05-20,2024-05-16,Czech Republic,Prague,8.1
113122,544,2024-05-13,05/21/2024,,Austria,Graz,19.53
113123,472,05/13/2024,23/05/2024,05/16/2024,France,Marseille,31.3
113124,2426,05/13/2024,25/05/2024,2024-05-16,Norway,Oslo,11.32
113130,427,05/14/2024,2024-05-23,,Spain,Valencia,33.32
113131,2705,05/14/2024,2024-05-17,,Sweden,Malmo,34.86
113140,756,14.05.2024,2024-05-27,2024-05-16,Poland,Krakow,31.6
113144,1132,05/14/2024,2024-05-23,2024-05-21,Czech Republic,Brno,5.68
113148,1663,15/05/2024,"May 26, 2024",,Sweden,Stockholm,11.0
113150,1568,05/15/2024,05/26/2024,2024-05-20,Poland,Warsaw,14.55
113152,1840,05/15/2024,2024-05-18,"May 20, 2024",Poland,Wroclaw,26.72
113153,2751,2024-05-15,25/05/2024,22.05.2024,France,Paris,17.31
113156,1185,15.05.2024,2024-05-27,"May 19, 2024",USA,Austin,51.88
113160,789,2024-05-15,"May 26, 2024",2024-05-20,USA,Denver,15.27
113162,1888,15/05/2024,2024-05-26,23.05.2024,Canada,Toronto,12.5
113168,2521,2024-05-15,2024-05-22,23.05.2024,Spain,Valencia,36.42
113170,2350,05/15/2024,2024-05-27,20/05/2024,Austria,Salzburg,18.54
113171,381,2024-05-16,2024-05-19,25/05/2024,Italy,Milan,13.37
113179,338,2024-05-16,05/28/2024,2024-05-23,Germany,Frankfurt,18.03
113181,526,16/05/2024,05/28/2024,22/05/2024,United Kingdom,London,14.95
113185,141,16.05.2024,28.05.2024,24.05.2024,France,Paris,15.45
113189,2003,05/17/2024,30.05.2024,25.05.2024,France,Toulouse,6.98
113190,2132,"May 17, 2024",05/21/2024,2024-05-25,Poland,Krakow,11.98
113192,2155,17.05.2024,2024-05-22,2024-05-25,Czech Republic,Pilsen,25.52
113195,357,05/17/2024,2024-05-25,05/27/2024,Germany,Frankfurt,8.78
113196,542,2024-05-17,05/27/2024,2024-05-26,Germany,Frankfurt,14.01
113197,862,17/05/2024,"May 25, 2024",05/22/2024,Germany,Munich,14.91
113198,739,17/05/2024,2024-05-30,05/28/2024,Norway,Trondheim,11.69
113200,1162,2024-05-17,05/30/2024,19/05/2024,United Kingdom,Bristol,25.81
113204,41,2024-05-17,2024-05-26,25.05.2024,Poland,Poznan,22.3
113206,884,2024-05-17,2024-05-29,"May 28, 2024",Poland,Gdansk,18.19
113209,1819,2024-05-17,23/05/2024,19/05/2024,Germany,Cologne,13.7
113213,1803,2024-05-17,2024-05-26,"May 24, 2024",Sweden,Gothenburg,7.13
113214,966,05/17/2024,2024-05-25,,Netherlands,Eindhoven,16.83
113217,1421,18.05.2024,05/26/2024,,Netherlands,Eindhoven,15.89
113221,864,18.05.2024,05/22/2024,2024-05-28,France,Paris,9.46
113222,1765,05/18/2024,2024-05-28,"May 23, 2024",Norway,Stavanger,9.75
113223,1692,05/18/2024,"May 24, 2024",,Germany,Berlin,20.16
113226,267,18/05/2024,05/27/2024,26/05/2024,Poland,Lodz,17.95
113228,997,"May 18, 2024",2024-05-26,2024-05-21,Germany,Berlin,11.47
113234,542,05/18/2024,30/05/2024,2024-05-19,Germany,Frankfurt,6.95
113238,2546,18/05/2024,2024-05-22,"May 21, 2024",Austria,Salzburg,8.64
113239,2426,2024-05-18,05/28/2024,05/28/2024,Norway,Oslo,11.02
113241,1499,2024-05-18,05/22/2024,20/05/2024,France,Paris,6.11
113243,1959,"May 18, 2024",24/05/2024,23/05/2024,Sweden,Gothenburg,41.27
113246,1750,2024-05-19,2024-05-29,05/26/2024,France,Lyon,6.68
113253,1840,2024-05-19,30/05/2024,28/05/2024,Poland,Wroclaw,21.75
113256,1865,2024-05-19,"May 27, 2024",2024-05-22,France,Toulouse,22.12
113261,1501,05/19/2024,25/05/2024,2024-05-29,France,Paris,15.06
113263,152,19/05/2024,2024-05-31,2024-05-23,France,Nice,14.01
113265,1528,"May 20, 2024",2024-05-27,2024-05-25,Poland,Lodz,11.02
113267,2486,20.05.2024,05/27/2024,23/05/2024,Poland,Gdansk,11.85
113269,140,2024-05-20,2024-05-30,2024-05-22,Netherlands,Utrecht,23.3
113270,2319,2024-05-20,28/05/2024,05/28/2024,Netherlands,Amsterdam,36.5
113271,2612,05/20/2024,"May 23, 2024",,Netherlands,Eindhoven,4.24
113272,1367,2024-05-20,28.05.2024,2024-05-31,United Kingdom,Manchester,15.14
113275,2301,2024-05-20,02/06/2024,,Poland,Krakow,18.06
113278,2105,2024-05-20,25.05.2024,23.05.2024,USA,Denver,15.27
113281,287,20.05.2024,05/31/2024,2024-05-21,Austria,Graz,30.42
113295,1635,20/05/2024,"May 23, 2024","May 26, 2024",Poland,Poznan,15.31
113296,2951,20/05/2024,2024-05-23,05/28/2024,France,Nice,9.95
113298,1209,2024-05-20,"May 27, 2024","May 24, 2024",Netherlands,Utrecht,53.01
113302,500,2024-05-21,25.05.2024,05/23/2024,Poland,Lodz,4.44
113303,396,21.05.2024,2024-05-25,05/23/2024,USA,Chicago,24.37
113310,2387,2024-05-21,2024-05-31,2024-05-30,Germany,Frankfurt,63.54
113311,2455,2024-05-21,"Jun 02, 2024","May 30, 2024",Canada,Ottawa,18.29
113312,2490,"May 21, 2024","Jun 03, 2024",06/01/2024,Poland,Warsaw,22.36
113313,879,21.05.2024,29/05/2024,2024-05-29,Italy,Rome,8.55
113315,2350,2024-05-21,27/05/2024,31.05.2024,Austria,Salzburg,15.59
113317,2056,2024-05-21,2024-05-29,,Germany,Cologne,53.61
113319,2885,2024-05-21,02.06.2024,,Germany,Frankfurt,19.58
113320,758,22.05.2024,2024-05-26,2024-05-30,France,Toulouse,11.54
113321,1413,2024-05-22,2024-05-26,,Germany,Berlin,17.01
113323,505,"May 22, 2024",2024-05-26,2024-05-25,Norway,Stavanger,19.65
113325,1226,"May 22, 2024",25/05/2024,05/29/2024,Poland,Lodz,13.97
113332,2577,"May 22, 2024","May 30, 2024",30.05.2024,Poland,Krakow,12.66
113335,553,2024-05-22,04/06/2024,2024-05-26,USA,Seattle,9.93
113337,2461,2024-05-22,"May 25, 2024",2024-05-24,USA,New York,11.8
113338,2626,2024-05-22,02/06/2024,2024-06-01,USA,Chicago,9.99
113353,2090,23/05/2024,02/06/2024,2024-06-03,France,Lyon,11.38
113354,2532,05/23/2024,2024-05-28,01/06/2024,Spain,Valencia,7.56
113355,2583,05/23/2024,2024-06-02,2024-05-24,Netherlands,Eindhoven,5.4
113356,1332,23.05.2024,05/06/2024,05/30/2024,Austria,Graz,13.27
113361,2394,2024-05-23,31/05/2024,2024-06-01,Spain,Bilbao,15.76
113362,2866,"May 23, 2024",02/06/2024,,USA,New York,13.49
113369,941,2024-05-23,05/26/2024,"May 31, 2024",Poland,Warsaw,16.15
113371,2880,23/05/2024,29.05.2024,2024-06-02,France,Nice,22.36
113372,1950,2024-05-23,"May 30, 2024",2024-06-01,United Kingdom,Bristol,23.4
113373,631,23/05/2024,30.05.2024,25/05/2024,Spain,Bilbao,15.99
113374,1597,2024-05-24,2024-06-02,2024-06-03,Poland,Krakow,16.1
113375,974,"May 24, 2024",2024-05-30,2024-05-25,Germany,Frankfurt,13.13
113376,1498,"May 24, 2024",31/05/2024,05/31/2024,France,Nice,18.76
113380,818,2024-05-24,2024-05-28,2024-05-25,Germany,Hamburg,9.35
113383,2053,2024-05-24,01/06/2024,26/05/2024,France,Nice,15.3
113384,488,05/24/2024,05.06.2024,2024-05-28,United Kingdom,Liverpool,18.12
113387,2391,"May 24, 2024",2024-05-31,,Italy,Naples,35.4
113390,293,24/05/2024,2024-06-01,02.06.2024,Poland,Warsaw,25.83
113396,99,24/05/2024,2024-06-02,27/05/2024,France,Paris,20.68
113400,686,2024-05-24,01/06/2024,06/03/2024,Czech Republic,Pilsen,17.37
113402,2314,24.05.2024,04.06.2024,2024-05-28,Austria,Graz,17.37
113404,2557,2024-05-25,30.05.2024,"May 29, 2024",Poland,Warsaw,34.64
113408,140,25.05.2024,05/30/2024,2024-06-01,Netherlands,Utrecht,23.99
113413,1808,25/05/2024,2024-06-05,05/30/2024,Poland,Warsaw,22.51
113414,2553,2024-05-25,"Jun 01, 2024","Jun 02, 2024",Spain,Madrid,11.91
113417,2398,05/25/2024,"Jun 05, 2024",2024-06-05,Norway,Oslo,13.37
113432,1391,05/26/2024,06/06/2024,"Jun 01, 2024",Norway,Trondheim,10.19
113433,993,2024-05-26,29.05.2024,,USA,Denver,7.32
113436,2136,2024-05-26,04/06/2024,29.05.2024,Germany,Berlin,24.05
113437,488,"May 26, 2024",2024-06-07,2024-06-06,United Kingdom,Liverpool,13.67
113441,539,26.05.2024,2024-06-05,2024-06-05,Austria,Graz,16.23
113445,1735,26.05.2024,2024-05-31,2024-06-05,Netherlands,Rotterdam,14.48
113448,403,05/26/2024,08.06.2024,2024-05-28,USA,Boston,7.76
113449,2512,"May 26, 2024",06/06/2024,05/29/2024,Poland,Krakow,11.27
113450,1132,2024-05-26,06/06/2024,2024-05-29,Czech Republic,Brno,21.17
113451,827,27.05.2024,2024-06-03,"May 28, 2024",Spain,Bilbao,37.21
113452,1127,2024-05-27,2024-06-06,,USA,Seattle,7.73
113453,2070,"May 27, 2024",2024-06-07,2024-06-07,Austria,Vienna,34.59
113454,2485,05/27/2024,02/06/2024,03/06/2024,USA,Chicago,28.62
113458,412,"May 27, 2024",31/05/2024,2024-05-28,Poland,Warsaw,7.72
113462,90,2024-05-27,06/04/2024,2024-05-31,United Kingdom,Leeds,11.7
113464,2517,27/05/2024,06/05/2024,"Jun 03, 2024",United Kingdom,Bristol,29.21
113474,2993,28.05.2024,31.05.2024,2024-06-03,USA,Austin,14.43
113477,1777,2024-05-28,"Jun 02, 2024",,USA,Chicago,10.3
113481,879,28/05/2024,"Jun 06, 2024",2024-06-04,Italy,Rome,19.22
113490,38,28/05/2024,2024-06-09,07.06.2024,Germany,Munich,18.36
113492,778,28.05.2024,"Jun 10, 2024",2024-06-01,Germany,Frankfurt,17.26
113495,488,2024-05-28,02/06/2024,31/05/2024,United Kingdom,Liverpool,19.01
113496,1303,2024-05-28,03/06/2024,,Germany,Cologne,23.26
113498,870,"May 29, 2024",2024-06-09,07/06/2024,Spain,Bilbao,13.12
113500,1156,29/05/2024,09/06/2024,2024-06-04,Czech Republic,Prague,33.25
113505,666,2024-05-29,04/06/2024,2024-06-03,Czech Republic,Ostrava,14.53
113508,658,29.05.2024,2024-06-11,01/06/2024,Poland,Wroclaw,8.55
113513,720,2024-05-29,10/06/2024,"May 30, 2024",Netherlands,Eindhoven,7.4
113514,2794,05/29/2024,03/06/2024,2024-06-08,Netherlands,Eindhoven,44.52
113515,183,29/05/2024,2024-06-09,"May 31, 2024",Italy,Milan,24.67
113518,1870,05/29/2024,"Jun 04, 2024",2024-06-07,Czech Republic,Prague,10.39
113519,1577,2024-05-30,2024-06-10,06.06.2024,Germany,Cologne,9.27
113520,194,2024-05-30,2024-06-03,,Italy,Naples,10.58
113523,2596,1900-01-01,2024-06-09,2024-05-31,Canada,Calgary,9.03
113528,1161,30/05/2024,2024-06-03,03/06/2024,Netherlands,Rotterdam,21.54
113529,1887,2024-05-30,03/06/2024,2024-05-31,United Kingdom,Leeds,19.44
113534,2699,2024-05-30,06/04/2024,2024-06-06,France,Paris,33.09
113535,2165,2024-05-30,"Jun 03, 2024",,Germany,Berlin,26.24
113537,1886,2024-05-30,06/12/2024,03.06.2024,Germany,Frankfurt,18.7
113539,1989,2024-05-30,11/06/2024,2024-06-10,Canada,Toronto,18.93
113540,2039,2024-05-30,2024-06-04,2024-06-06,Sweden,Gothenburg,7.16
113543,561,2024-05-30,2024-06-08,06/05/2024,Germany,Berlin,9.45
113545,1197,31.05.2024,"Jun 04, 2024",05/06/2024,Netherlands,Amsterdam,21.17
113550,1552,31.05.2024,2024-06-04,,Italy,Rome,31.47
113552,933,05/31/2024,"Jun 12, 2024",2024-06-05,Germany,Cologne,19.08
113563,1445,2024-05-31,2024-06-04,2024-06-07,France,Toulouse,7.72
113564,1623,2024-05-31,10/06/2024,"Jun 11, 2024",United Kingdom,Bristol,6.89
113565,2165,31/05/2024,08.06.2024,2024-06-11,Germany,Berlin,23.92
113566,1366,2024-05-31,2024-06-08,04/06/2024,Germany,Cologne,18.4
113573,2696,2024-06-01,06/12/2024,2024-06-04,Norway,Bergen,13.24
113575,72,01.06.2024,2024-06-10,05/06/2024,Germany,Cologne,15.41
113578,1759,01.06.2024,07/06/2024,12.06.2024,Germany,Munich,19.86
113584,2734,01.06.2024,2024-06-12,,Italy,Turin,14.72
113585,2809,2024-06-01,10/06/2024,2024-06-11,United Kingdom,Manchester,7.35
113586,1650,01/06/2024,12/06/2024,2024-06-11,Poland,Lodz,6.66
113587,2919,01.06.2024,"Jun 06, 2024",2024-06-05,Canada,Vancouver,42.23
113592,357,2024-06-01,2024-06-12,,Germany,Frankfurt,23.2
113596,357,06/02/2024,2024-06-08,,Germany,Frankfurt,5.4
113597,876,"Jun 02, 2024",2024-06-08,2024-06-07,Netherlands,Eindhoven,6.92
113599,1483,"Jun 02, 2024","Jun 13, 2024","Jun 04, 2024",USA,Boston,10.38
113600,2546,2024-06-02,"Jun 09, 2024",06/12/2024,Austria,Salzburg,16.57
113601,1794,2024-06-02,2024-06-15,"Jun 11, 2024",Sweden,Gothenburg,21.42
113602,67,2099-01-01,12/06/2024,2024-06-04,Spain,Barcelona,24.61
113606,492,2024-06-02,12.06.2024,06/12/2024,United Kingdom,Leeds,20.65
113607,201,2024-06-02,"Jun 07, 2024",03.06.2024,Czech Republic,Pilsen,14.23
113609,2971,02/06/2024,"Jun 13, 2024",,Spain,Barcelona,8.1
113614,1839,2024-06-02,2024-06-10,05.06.2024,France,Marseille,8.4
113617,783,2024-06-02,06/09/2024,2024-06-12,France,Lyon,16.08
113618,2798,02/06/2024,"Jun 11, 2024","Jun 04, 2024",Norway,Oslo,32.7
113622,1405,"Jun 02, 2024",2024-06-10,2024-06-09,Germany,Berlin,22.64
113624,1613,2024-06-02,06/06/2024,,France,Nice,14.72
113627,390,06/03/2024,2024-06-06,,Czech Republic,Pilsen,36.25
113631,690,03/06/2024,09/06/2024,04/06/2024,Sweden,Uppsala,9.12
113634,1366,2024-06-03,2024-06-11,2024-06-14,Germany,Cologne,34.31
113640,2539,2024-06-03,2024-06-09,04.06.2024,Czech Republic,Brno,18.28
113641,269,2024-06-03,06/07/2024,2024-06-13,Poland,Warsaw,5.18
113646,197,03/06/2024,13/06/2024,06.06.2024,United Kingdom,Liverpool,7.34
113649,2799,"Jun 03, 2024",2024-06-08,2024-06-07,Netherlands,Amsterdam,20.83
113650,448,2024-06-03,06/13/2024,11/06/2024,Czech Republic,Brno,15.46
113651,1008,03/06/2024,12/06/2024,04/06/2024,USA,Boston,10.53
113655,542,03/06/2024,06/12/2024,"Jun 07, 2024",Germany,Frankfurt,36.11
113657,816,2024-06-03,"Jun 16, 2024",2024-06-06,Spain,Seville,20.18
113660,1524,06/03/2024,2024-06-06,10/06/2024,Netherlands,Amsterdam,44.58
113663,2392,03.06.2024,"Jun 10, 2024",2024-06-07,Germany,Hamburg,49.0
113664,2995,03/06/2024,2024-06-14,14/06/2024,Czech Republic,Pilsen,36.86
113665,2662,03.06.2024,13/06/2024,14/06/2024,USA,Boston,11.92
113666,1683,06/03/2024,"Jun 09, 2024",10/06/2024,USA,New York,12.45
113667,480,2024-06-03,11/06/2024,06.06.2024,Sweden,Gothenburg,30.44
113671,2892,2024-06-03,2024-06-08,06/11/2024,Germany,Cologne,14.28
113680,1721,03.06.2024,11/06/2024,2024-06-06,Norway,Stavanger,4.81
113682,464,2024-06-03,06/08/2024,06/08/2024,France,Paris,30.27
113685,2072,2024-06-03,2024-06-12,2024-06-05,Germany,Cologne,18.17
113687,1364,03/06/2024,09.06.2024,,Canada,Vancouver,5.94
113689,1322,2024-06-03,11.06.2024,2024-06-05,Spain,Barcelona,28.16
113690,595,03.06.2024,2024-06-14,05/06/2024,Germany,Frankfurt,16.79
113692,1671,2024-06-03,2024-06-10,06/04/2024,USA,New York,22.53
113696,2825,2024-06-03,06/12/2024,13/06/2024,France,Nice,13.2
113699,219,03/06/2024,2024-06-11,2024-06-09,Norway,Stavanger,27.55
113701,1521,"Jun 03, 2024",16.06.2024,12/06/2024,USA,Chicago,7.72
113708,1089,2024-06-03,12.06.2024,2024-06-10,Sweden,Malmo,18.84
113710,1623,2024-06-03,06/06/2024,06/07/2024,United Kingdom,Bristol,14.46
113712,678,2024-06-03,2024-06-11,,Italy,Turin,4.97
113714,797,03.06.2024,"Jun 11, 2024",13/06/2024,United Kingdom,London,11.13
113717,1044,06/03/2024,09.06.2024,06/14/2024,Sweden,Uppsala,10.2
113718,2876,03/06/2024,2024-06-11,2024-06-07,Poland,Poznan,8.37
113728,1415,2024-06-03,10/06/2024,04.06.2024,Netherlands,Amsterdam,18.03
113731,1698,2024-06-03,06/15/2024,"Jun 12, 2024",Poland,Gdansk,8.38
113733,1663,2024-06-03,13.06.2024,"Jun 14, 2024",Sweden,Stockholm,19.25
113739,2151,2024-06-03,12/06/2024,06/13/2024,Italy,Florence,5.4
113742,500,06/03/2024,2024-06-10,,Poland,Lodz,8.83
113743,1235,2024-06-03,2024-06-12,06/04/2024,Sweden,Gothenburg,15.46
113744,353,03/06/2024,08/06/2024,2024-06-04,France,Paris,19.08
113748,2921,03.06.2024,2024-06-11,2024-06-07,Netherlands,Rotterdam,7.38
113749,1770,06/03/2024,06/08/2024,2024-06-12,Norway,Stavanger,44.79
113750,91,"Jun 03, 2024","Jun 08, 2024",,Germany,Cologne,18.92
113752,1782,"Jun 03, 2024","Jun 09, 2024",2024-06-06,United Kingdom,London,22.38
113754,11,06/03/2024,2024-06-12,"Jun 14, 2024",Germany,Hamburg,8.8
113755,188,03/06/2024,"Jun 13, 2024",2024-06-04,Czech Republic,Pilsen,18.38
113756,1519,2024-06-03,08/06/2024,2024-06-10,USA,Chicago,26.81
113758,1744,03.06.2024,06/06/2024,,USA,Chicago,14.52
113767,2908,2024-06-03,2024-06-11,2024-06-04,Germany,Munich,7.38
113770,2906,03/06/2024,2024-06-07,2024-06-04,United Kingdom,London,18.68
113771,1872,2024-06-03,2024-06-12,,Czech Republic,Ostrava,17.38
113774,1500,06/03/2024,06/16/2024,06/10/2024,USA,Denver,33.18
113777,890,2024-06-03,"Jun 09, 2024",07.06.2024,USA,Austin,15.95
113783,2833,"Jun 04, 2024","Jun 12, 2024",06/10/2024,Czech Republic,Ostrava,9.87
113784,2078,04.06.2024,"Jun 08, 2024",06/14/2024,Netherlands,Rotterdam,4.47
113785,56,"Jun 04, 2024",16.06.2024,2024-06-06,Sweden,Uppsala,14.71
113786,1773,"Jun 04, 2024",2024-06-16,2024-06-11,United Kingdom,London,4.98
113789,2833,2024-06-04,14/06/2024,2024-06-10,Czech Republic,Ostrava,17.57
113790,789,04.06.2024,2024-06-14,2024-06-09,USA,Denver,30.65
113793,950,2024-06-04,2024-06-11,07/06/2024,USA,Boston,15.02
113795,613,2099-01-01,"Jun 11, 2024",15/06/2024,United Kingdom,Leeds,21.42
113796,2504,2024-06-04,16.06.2024,2024-06-14,Austria,Linz,14.64
113798,778,04/06/2024,12.06.2024,2024-06-15,Germany,Frankfurt,16.47
113799,787,06/04/2024,2024-06-15,14.06.2024,USA,Austin,28.43
113803,2042,2024-06-04,09.06.2024,06/10/2024,Spain,Barcelona,20.9
113805,202,04.06.2024,"Jun 08, 2024",2024-06-07,Germany,Berlin,-17.23
113807,2719,"Jun 04, 2024",2024-06-09,14/06/2024,France,Toulouse,20.01
113809,2666,04.06.2024,2024-06-08,06/15/2024,Poland,Gdansk,8.52
113810,1026,04/06/2024,2024-06-12,,Italy,Milan,41.89
113816,1889,2024-06-04,12/06/2024,2024-06-08,Poland,Gdansk,22.26
113820,684,2024-06-04,2024-06-13,"Jun 15, 2024",Poland,Krakow,21.03
113821,2532,2024-06-04,06/17/2024,2024-06-11,Spain,Valencia,16.44
113823,2823,04/06/2024,2024-06-12,2024-06-10,Netherlands,Rotterdam,3.28
113829,1124,04/06/2024,"Jun 15, 2024",2024-06-07,Netherlands,Rotterdam,30.36
113833,1326,2024-06-04,08/06/2024,06/13/2024,Poland,Krakow,9.95
113835,1533,04/06/2024,2024-06-11,,Canada,Ottawa,25.19
113844,2139,06/05/2024,2024-06-12,06/12/2024,Poland,Lodz,14.39
113846,1884,05.06.2024,2024-06-14,2024-06-14,Spain,Barcelona,8.52
113850,887,2024-06-05,10/06/2024,,France,Marseille,43.32
113853,1098,"Jun 05, 2024",2024-06-13,2024-06-11,Germany,Berlin,7.71
113855,764,"Jun 05, 2024",2024-06-18,"Jun 14, 2024",Sweden,Gothenburg,8.59
113856,2397,05/06/2024,09.06.2024,,Poland,Poznan,15.2
113859,281,2024-06-05,2024-06-10,09/06/2024,Canada,Montreal,22.03
113861,1013,2024-06-05,2024-06-10,2024-06-07,Czech Republic,Prague,15.59
113862,994,2024-06-05,16/06/2024,2024-06-08,Netherlands,Amsterdam,20.45
113863,2940,05/06/2024,2024-06-13,06/15/2024,Norway,Trondheim,22.2
113864,2262,2024-06-05,2024-06-16,,France,Paris,17.74
113865,2700,"Jun 05, 2024",2024-06-09,11/06/2024,Sweden,Malmo,15.88
113867,2812,2024-06-05,"Jun 09, 2024",2024-06-12,Austria,Linz,27.18
113873,1688,2024-06-06,2024-06-15,06/09/2024,Canada,Montreal,12.1
113875,1335,2024-06-06,2024-06-19,06/16/2024,Germany,Berlin,16.87
113877,1151,2024-06-06,06/12/2024,2024-06-07,United Kingdom,Liverpool,24.11
113878,527,06/06/2024,2024-06-14,17.06.2024,Poland,Warsaw,15.37
113881,2672,06/06/2024,2024-06-15,,United Kingdom,Leeds,10.12
113884,1714,2024-06-06,12.06.2024,2024-06-10,Poland,Wroclaw,37.77
113889,685,06/06/2024,14.06.2024,2024-06-10,Spain,Valencia,29.19
113893,2280,06.06.2024,09/06/2024,16/06/2024,Spain,Madrid,34.65
113894,2498,2024-06-07,"Jun 19, 2024",2024-06-18,United Kingdom,Manchester,9.57
113895,813,2024-06-07,19.06.2024,18/06/2024,United Kingdom,London,7.39
113896,2133,2024-06-07,19/06/2024,2024-06-15,United Kingdom,London,25.07
113900,692,07.06.2024,2024-06-19,16/06/2024,Austria,Graz,16.33
113902,1713,07/06/2024,11.06.2024,2024-06-09,USA,Austin,4.53
113906,1839,"Jun 07, 2024",2024-06-14,2024-06-12,France,Marseille,25.71
113908,2598,2024-06-07,20/06/2024,2024-06-17,United Kingdom,Liverpool,8.2
113914,2933,07/06/2024,13/06/2024,06/17/2024,Norway,Bergen,22.86
113921,15,06/07/2024,2024-06-17,,United Kingdom,Liverpool,17.88
113922,560,2024-06-07,2024-06-16,2024-06-14,France,Lyon,7.48
113925,1158,2024-06-07,2024-06-11,2024-06-11,France,Lyon,15.85
113929,2577,08/06/2024,2024-06-17,10/06/2024,Poland,Krakow,8.39
113939,1145,06/08/2024,2024-06-14,2024-06-19,Germany,Munich,16.65
113940,1815,06/08/2024,"Jun 21, 2024",12/06/2024,Germany,Berlin,14.88
113941,2590,08.06.2024,21/06/2024,06/14/2024,United Kingdom,London,30.91
113942,1920,06/08/2024,2024-06-17,19.06.2024,France,Paris,12.05
113943,1178,2024-06-08,2024-06-20,"Jun 16, 2024",Germany,Berlin,17.67
113953,1829,2024-06-09,06/14/2024,2024-06-12,Netherlands,Eindhoven,5.08
113954,241,2024-06-09,14/06/2024,2024-06-14,Poland,Wroclaw,18.18
113967,2486,09/06/2024,2024-06-22,,Poland,Gdansk,20.83
113968,1365,"Jun 09, 2024",16/06/2024,2024-06-15,Sweden,Gothenburg,23.79
113972,2825,2024-06-09,17.06.2024,15/06/2024,France,Nice,9.95
113980,1649,2024-06-10,"Jun 22, 2024",17.06.2024,Germany,Hamburg,25.01
113985,2050,2024-06-10,06/19/2024,,Sweden,Malmo,19.55
113998,1836,2024-06-10,16.06.2024,19/06/2024,Netherlands,Rotterdam,28.89
113999,227,10.06.2024,17/06/2024,13/06/2024,Germany,Berlin,20.41
114001,605,2024-06-11,21/06/2024,"Jun 12, 2024",Spain,Barcelona,9.63
114002,2023,06/11/2024,2024-06-14,14.06.2024,France,Lyon,33.98
114008,1159,11/06/2024,14.06.2024,,Sweden,Malmo,14.95
114010,2936,2024-06-11,2024-06-15,2024-06-12,Czech Republic,Brno,16.6
114012,1335,"Jun 11, 2024",18.06.2024,"Jun 12, 2024",Germany,Berlin,24.87
114013,1034,2024-06-11,21/06/2024,,Germany,Berlin,9.1
114014,1876,11/06/2024,2024-06-15,14.06.2024,Sweden,Uppsala,13.66
114015,1717,2024-06-11,2024-06-16,"Jun 13, 2024",Germany,Cologne,17.97
114017,2705,2024-06-11,2024-06-16,,Sweden,Malmo,20.3
114018,2869,06/11/2024,2024-06-21,19/06/2024,Germany,Cologne,13.67
114026,1238,"Jun 12, 2024","Jun 19, 2024","Jun 13, 2024",United Kingdom,Liverpool,50.21
114027,526,2024-06-12,2024-06-20,22/06/2024,United Kingdom,London,8.34
114033,1410,12/06/2024,2024-06-23,2024-06-22,France,Nice,28.7
114036,2663,12/06/2024,2024-06-21,06/21/2024,Netherlands,Amsterdam,17.37
114038,1058,12/06/2024,2024-06-25,06/22/2024,France,Marseille,-4.12
114041,621,"Jun 12, 2024",2024-06-21,06/18/2024,United Kingdom,Leeds,11.52
114045,2636,2024-06-12,2024-06-24,18.06.2024,Poland,Wroclaw,20.99
114047,1937,12/06/2024,16.06.2024,,Czech Republic,Ostrava,34.0
114048,1945,13.06.2024,2024-06-24,20/06/2024,Poland,Warsaw,22.67
114056,1367,2024-06-13,2024-06-23,2024-06-24,United Kingdom,Manchester,29.37
114059,2918,2024-06-13,2024-06-17,20/06/2024,United Kingdom,Liverpool,18.15
114065,527,13.06.2024,19.06.2024,,Poland,Warsaw,15.9
114066,201,13/06/2024,2024-06-16,24.06.2024,Czech Republic,Pilsen,16.06
114074,893,"Jun 13, 2024",20.06.2024,2024-06-23,Spain,Valencia,13.48
114075,2624,"Jun 13, 2024",2024-06-20,2024-06-17,Italy,Rome,31.02
114080,172,2024-06-14,06/27/2024,"Jun 23, 2024",Italy,Turin,10.76
114084,2070,14/06/2024,2024-06-17,18/06/2024,Austria,Vienna,21.76
114087,1705,"Jun 14, 2024",2024-06-21,17.06.2024,Italy,Naples,28.85
114088,1578,"Jun 14, 2024",21/06/2024,2024-06-21,Poland,Poznan,34.41
114089,1707,"Jun 14, 2024",2024-06-23,16.06.2024,Austria,Linz,27.42
114094,1637,14/06/2024,23/06/2024,2024-06-18,Czech Republic,Ostrava,18.43
114095,2021,2024-06-14,06/26/2024,2024-06-23,Canada,Toronto,17.96
114096,1282,2024-06-14,2024-06-20,2024-06-16,France,Toulouse,14.91
114107,633,2024-06-15,2024-06-22,2024-06-25,Netherlands,Utrecht,30.86
114108,1326,2024-06-15,27.06.2024,24/06/2024,Poland,Krakow,10.4
114112,385,15.06.2024,2024-06-20,06/20/2024,Italy,Turin,10.83
114115,2144,15/06/2024,2024-06-25,,Sweden,Malmo,15.53
114116,560,2024-06-15,"Jun 21, 2024",06/21/2024,France,Lyon,9.4
114118,2828,"Jun 15, 2024",19/06/2024,"Jun 25, 2024",United Kingdom,Bristol,38.82
114122,603,06/15/2024,26/06/2024,2024-06-22,United Kingdom,Manchester,11.61
114123,1628,06/15/2024,26.06.2024,"Jun 26, 2024",France,Paris,20.22
114125,1028,15.06.2024,2024-06-20,2024-06-20,Poland,Poznan,18.45
114127,1414,15/06/2024,06/19/2024,,Spain,Valencia,4.09
114132,2584,16/06/2024,2024-06-20,27/06/2024,United Kingdom,London,24.13
114134,697,"Jun 16, 2024",2024-06-27,18.06.2024,Poland,Krakow,21.83
114137,396,16.06.2024,2024-06-28,06/20/2024,USA,Chicago,14.59
114143,1229,2024-06-16,2024-06-26,27.06.2024,Italy,Naples,18.92
114144,1044,06/16/2024,"Jun 21, 2024",,Sweden,Uppsala,37.73
114147,2677,06/16/2024,2024-06-29,2024-06-24,Netherlands,Utrecht,22.52
114148,1699,16/06/2024,2024-06-23,2024-06-18,Austria,Vienna,11.24
114149,79,2024-06-16,06/22/2024,"Jun 23, 2024",Canada,Vancouver,8.29
114150,2893,16.06.2024,2024-06-27,,USA,Denver,-7.42
114152,1614,2024-06-16,20/06/2024,20/06/2024,Germany,Munich,11.08
114158,1534,"Jun 17, 2024",2024-06-21,2024-06-22,Germany,Munich,17.79
114166,1694,2024-06-17,28.06.2024,"Jun 27, 2024",Poland,Krakow,12.38
114171,1766,2024-06-17,20/06/2024,06/28/2024,Sweden,Malmo,15.87
114174,1649,17/06/2024,2024-06-27,,Germany,Hamburg,11.12
114176,1158,2024-06-17,06/22/2024,24.06.2024,France,Lyon,21.72
114178,1358,17/06/2024,"Jun 29, 2024",21/06/2024,USA,New York,15.99
114183,2752,2024-06-17,06/22/2024,,Netherlands,Eindhoven,-10.01
114184,229,2024-06-17,2024-06-23,2024-06-22,USA,New York,23.86
114186,2114,2024-06-17,2024-06-29,,Czech Republic,Brno,27.8
114190,2146,18/06/2024,"Jun 29, 2024",28/06/2024,Germany,Hamburg,32.41
114193,224,18.06.2024,2024-07-01,,Sweden,Gothenburg,7.49
114203,144,06/18/2024,06/25/2024,2024-06-20,United Kingdom,Leeds,24.71
114205,2529,18.06.2024,2024-06-22,,Germany,Frankfurt,13.24
114207,2830,18.06.2024,29/06/2024,"Jun 27, 2024",Spain,Madrid,8.33
114208,735,2024-06-18,2024-06-28,2024-06-28,Spain,Madrid,10.84
114215,2883,2024-06-18,26/06/2024,24/06/2024,United Kingdom,Liverpool,7.65
114217,1226,2024-06-19,2024-06-23,21/06/2024,Poland,Lodz,19.3
114219,2011,19.06.2024,06/26/2024,2024-06-26,United Kingdom,Manchester,22.1
114220,613,"Jun 19, 2024",2024-06-24,"Jun 30, 2024",United Kingdom,Leeds,6.41
114226,1623,"Jun 19, 2024",06/23/2024,30/06/2024,United Kingdom,Bristol,10.29
114230,1969,06/19/2024,06/27/2024,27/06/2024,Germany,Hamburg,12.99
114234,377,"Jun 19, 2024","Jun 29, 2024",2024-06-29,Spain,Seville,6.13
114235,1848,06/19/2024,2024-07-01,2024-06-26,France,Nice,17.88
114236,2286,"Jun 19, 2024",02.07.2024,,Canada,Toronto,16.78
114241,86,2024-06-19,2024-06-24,,Austria,Salzburg,26.08
114245,962,"Jun 20, 2024",2024-06-28,30/06/2024,Poland,Wroclaw,13.89
114248,2414,20/06/2024,2024-07-03,27/06/2024,Germany,Munich,23.58
114250,1314,20.06.2024,2024-06-29,,Netherlands,Rotterdam,24.12
114253,1578,2024-06-20,2024-06-24,"Jun 26, 2024",Poland,Poznan,14.97
114256,1544,20.06.2024,2024-07-03,07/01/2024,Germany,Cologne,15.72
114262,2661,2024-06-20,"Jun 27, 2024",2024-06-30,Czech Republic,Ostrava,10.19
114265,1061,20/06/2024,2024-06-25,"Jun 22, 2024",Spain,Valencia,10.14
114268,685,2024-06-20,28/06/2024,"Jun 21, 2024",Spain,Valencia,19.54
114269,1242,06/21/2024,24/06/2024,2024-06-24,France,Paris,25.92
114270,1124,2024-06-21,07/03/2024,2024-06-23,Netherlands,Rotterdam,7.89
114271,2647,06/21/2024,2024-06-28,25/06/2024,Italy,Florence,22.73
114275,1950,2024-06-21,26/06/2024,,United Kingdom,Bristol,12.88
114277,2558,06/21/2024,24.06.2024,"Jun 25, 2024",Austria,Linz,24.12
114280,145,21/06/2024,2024-07-01,2024-06-22,Italy,Florence,7.92
114284,1694,2024-06-21,2024-06-24,2024-06-27,Poland,Krakow,14.98
114286,1370,"Jun 21, 2024",02.07.2024,27/06/2024,Spain,Seville,16.05
114296,359,2024-06-21,2024-06-28,07/01/2024,Germany,Munich,32.63
114303,99,"Jun 22, 2024",2024-07-02,,France,Paris,17.41
114311,395,2099-01-01,03/07/2024,06/24/2024,Italy,Rome,27.14
114315,1156,2024-06-22,2024-07-02,2024-07-02,Czech Republic,Prague,20.82
114316,431,06/22/2024,"Jul 01, 2024",,Netherlands,Utrecht,25.98
114318,319,"Jun 22, 2024",2024-06-25,,United Kingdom,London,24.31
114324,2751,23.06.2024,01/07/2024,27.06.2024,France,Paris,11.52
114325,1979,"Jun 23, 2024",01/07/2024,"Jun 24, 2024",France,Toulouse,22.85
114330,1997,23/06/2024,2024-07-06,30.06.2024,Austria,Salzburg,33.19
114335,1204,2024-06-23,02.07.2024,29/06/2024,Poland,Poznan,13.62
114336,2412,23.06.2024,05.07.2024,2024-06-25,Canada,Calgary,19.37
114339,393,23/06/2024,26.06.2024,"Jun 28, 2024",France,Marseille,16.12
114346,498,2024-06-23,2024-06-29,"Jun 24, 2024",Spain,Valencia,37.57
114347,2850,2024-06-23,2024-07-02,,Canada,Montreal,17.38
114350,64,23.06.2024,27.06.2024,2024-07-02,Germany,Cologne,32.82
114353,1751,24/06/2024,2024-06-27,2024-07-02,Germany,Cologne,4.18
114354,2810,"Jun 24, 2024",2024-07-04,2024-07-04,USA,Chicago,19.94
114355,2118,06/24/2024,29/06/2024,"Jun 26, 2024",France,Lyon,21.3
114356,999,24/06/2024,2024-07-02,"Jun 27, 2024",Canada,Montreal,33.05
114360,1151,24/06/2024,07/07/2024,2024-07-04,United Kingdom,Liverpool,9.7
114363,1502,24/06/2024,2024-06-30,2024-06-29,USA,Seattle,16.69
114366,1195,2024-06-24,2024-07-02,2024-07-05,Poland,Warsaw,21.78
114367,2291,06/24/2024,2024-07-03,27.06.2024,Italy,Rome,20.5
114368,1397,06/24/2024,05.07.2024,06/30/2024,Germany,Hamburg,14.91
114369,575,24.06.2024,28/06/2024,,Netherlands,Utrecht,5.2
114370,1735,2024-06-24,03/07/2024,2024-06-27,Netherlands,Rotterdam,16.86
114375,1900,2024-06-24,29.06.2024,06/30/2024,Germany,Berlin,5.72
114382,147,2024-06-25,02/07/2024,2024-06-29,Germany,Hamburg,38.8
114384,2666,2024-06-25,2024-06-28,,Poland,Gdansk,14.62
114386,1975,2024-06-25,2024-07-01,"Jul 03, 2024",Germany,Cologne,12.84
114387,2499,25.06.2024,2024-07-04,2024-07-01,Spain,Barcelona,19.99
114390,705,2024-06-25,2024-06-30,29.06.2024,Poland,Poznan,20.24
114391,1231,25/06/2024,2024-07-06,"Jun 28, 2024",Poland,Warsaw,4.91
114395,308,2024-06-25,2024-07-04,2024-07-02,USA,New York,20.82
114399,942,2024-06-25,2024-07-02,,Italy,Turin,23.95
114400,910,06/25/2024,04/07/2024,29/06/2024,Germany,Cologne,8.93
114402,487,2024-06-25,2024-06-30,"Jul 02, 2024",Spain,Madrid,34.5
114403,2098,06/25/2024,06/29/2024,2024-07-02,Spain,Barcelona,19.94
114404,262,25/06/2024,01/07/2024,2024-07-01,Poland,Gdansk,40.52
114406,262,26/06/2024,2024-06-30,06/07/2024,Poland,Gdansk,16.31
114407,695,2024-06-26,02/07/2024,30/06/2024,USA,Chicago,15.74
114410,1958,2024-06-26,2024-07-05,06/30/2024,Sweden,Malmo,13.49
114412,1665,2024-06-26,2024-07-07,28.06.2024,France,Lyon,10.26
114415,2535,2024-06-26,2024-07-02,2024-07-03,Germany,Cologne,26.11
114417,860,26/06/2024,07/05/2024,06/27/2024,France,Nice,13.51
114420,141,"Jun 26, 2024","Jul 08, 2024",2024-06-28,France,Paris,58.22
114421,2404,06/26/2024,08.07.2024,03.07.2024,Austria,Salzburg,27.3
114429,820,2024-06-26,2024-07-03,05.07.2024,United Kingdom,Leeds,15.91
114430,43,06/26/2024,30.06.2024,,France,Toulouse,18.39
114433,269,2024-06-26,08/07/2024,,Poland,Warsaw,15.78
114435,1459,26/06/2024,06/07/2024,07/07/2024,Norway,Trondheim,18.11
114437,2058,2024-06-27,2024-07-01,2024-07-03,USA,New York,15.5
114442,427,2024-06-27,"Jul 05, 2024",2024-07-02,Spain,Valencia,7.52
114445,2331,27/06/2024,"Jul 02, 2024",2024-07-05,USA,Austin,8.71
114447,2995,2024-06-27,07/06/2024,"Jul 01, 2024",Czech Republic,Pilsen,10.73
114450,1247,27/06/2024,07/10/2024,"Jul 06, 2024",France,Nice,18.54
114451,2296,06/27/2024,07/03/2024,2024-06-29,United Kingdom,London,27.31
114453,226,2024-06-27,06/07/2024,30/06/2024,Poland,Krakow,21.67
114456,1487,27/06/2024,"Jul 07, 2024",2024-07-07,Netherlands,Eindhoven,5.0
114457,697,"Jun 27, 2024",07/03/2024,2024-06-30,Poland,Krakow,15.94
114460,2967,2024-06-27,2024-07-02,2024-06-29,Austria,Salzburg,22.04
114462,2056,28.06.2024,07.07.2024,,Germany,Cologne,27.03
114465,1945,28/06/2024,10/07/2024,02.07.2024,Poland,Warsaw,17.17
114466,1326,2024-06-28,"Jul 09, 2024",07/04/2024,Poland,Krakow,26.34
114467,2192,28.06.2024,2024-07-04,"Jul 04, 2024",United Kingdom,Bristol,19.26
114468,403,28/06/2024,07.07.2024,2024-07-04,USA,Boston,11.53
114472,1359,28.06.2024,"Jul 11, 2024",03.07.2024,Poland,Lodz,16.28
114473,461,"Jun 28, 2024",2024-07-08,05/07/2024,Spain,Valencia,38.68
114475,141,28/06/2024,2024-07-08,2024-07-06,France,Paris,22.32
114476,2245,28/06/2024,03/07/2024,2024-06-30,Spain,Madrid,20.34
114478,2005,28/06/2024,2024-07-06,07/03/2024,Spain,Bilbao,49.75
114479,2056,28/06/2024,2024-07-08,07/03/2024,Germany,Cologne,15.31
114480,2892,2024-06-28,06/07/2024,2024-07-05,Germany,Cologne,22.0
114481,1346,2024-06-28,10/07/2024,2024-07-07,Sweden,Uppsala,20.62
114483,942,28.06.2024,11.07.2024,2024-06-29,Italy,Turin,12.58
114489,2365,2024-06-28,07/11/2024,07/05/2024,France,Nice,16.52
114492,1627,2024-06-28,2024-07-01,2024-07-05,Poland,Lodz,10.72
114498,1225,2024-06-28,07/02/2024,"Jul 07, 2024",Spain,Valencia,17.61
114501,885,2024-06-29,10/07/2024,30.06.2024,Germany,Frankfurt,10.82
114502,1627,2024-06-29,2024-07-11,2024-07-10,Poland,Lodz,5.31
114503,2408,06/29/2024,2024-07-08,,France,Nice,8.17
114508,2335,06/29/2024,2024-07-12,"Jun 30, 2024",Germany,Berlin,11.3
114511,439,29.06.2024,2024-07-05,"Jul 03, 2024",Czech Republic,Brno,3.37
114512,627,29/06/2024,2024-07-03,06.07.2024,Poland,Gdansk,20.81
114515,260,"Jun 29, 2024",07/07/2024,2024-07-03,Germany,Frankfurt,29.75
114517,967,"Jun 29, 2024",07/04/2024,10.07.2024,Spain,Bilbao,21.26
114518,737,2024-06-29,2024-07-09,05.07.2024,Poland,Warsaw,18.9
114531,2973,2024-06-30,08.07.2024,,France,Paris,12.54
114537,2842,2024-06-30,2024-07-09,2024-07-07,Germany,Hamburg,30.36
114538,2593,30.06.2024,08/07/2024,2024-07-07,Italy,Naples,13.66
114539,2740,30.06.2024,08/07/2024,09/07/2024,Czech Republic,Brno,6.53
114540,2749,2024-06-30,2024-07-05,07/11/2024,Netherlands,Amsterdam,12.85
114541,430,2024-06-30,2024-07-12,08/07/2024,France,Lyon,17.47
114547,2995,2024-07-01,2024-07-09,08/07/2024,Czech Republic,Pilsen,7.01
114553,2051,2024-07-01,"Jul 14, 2024",2024-07-03,United Kingdom,London,9.64
114554,1905,01/07/2024,2024-07-06,"Jul 08, 2024",Sweden,Gothenburg,20.63
114555,446,2024-07-01,2024-07-08,2024-07-03,Poland,Lodz,12.7
114564,2582,"Jul 01, 2024",2024-07-04,07/08/2024,Canada,Toronto,31.65
114566,2373,01/07/2024,"Jul 12, 2024",03/07/2024,United Kingdom,Leeds,16.39
114575,1709,07/02/2024,2024-07-11,2024-07-05,Austria,Graz,11.92
114576,2155,02/07/2024,"Jul 15, 2024",,Czech Republic,Pilsen,15.73
114578,2338,"Jul 02, 2024","Jul 11, 2024",11/07/2024,Poland,Poznan,28.18
114580,1621,07/02/2024,12/07/2024,05/07/2024,Italy,Florence,21.58
114582,533,02.07.2024,09/07/2024,2024-07-12,Germany,Hamburg,26.98
114583,2557,02.07.2024,2024-07-14,10/07/2024,Poland,Warsaw,6.7
114585,1162,2024-07-02,2024-07-05,07/06/2024,United Kingdom,Bristol,26.69
114586,31,02/07/2024,2024-07-08,2024-07-05,Netherlands,Rotterdam,27.36
114591,2543,02/07/2024,2024-07-07,06.07.2024,France,Lyon,27.31
114592,2443,07/02/2024,2024-07-08,03.07.2024,Spain,Seville,12.46
114595,2071,2024-07-02,"Jul 10, 2024",13.07.2024,Germany,Berlin,6.6
114603,206,2024-07-03,2024-07-12,04/07/2024,Sweden,Stockholm,7.46
114605,2737,03/07/2024,"Jul 07, 2024",2024-07-06,Canada,Vancouver,16.37
114607,2546,03/07/2024,2024-07-09,2024-07-13,Austria,Salzburg,19.57
114614,2965,03/07/2024,16/07/2024,07/11/2024,Italy,Turin,14.33
114622,2865,03.07.2024,07.07.2024,2024-07-12,Austria,Linz,18.16
114623,2828,07/03/2024,07/06/2024,2024-07-13,United Kingdom,Bristol,17.33
114625,627,2024-07-04,15/07/2024,,Poland,Gdansk,13.91
114628,474,04/07/2024,16/07/2024,2024-07-09,Canada,Calgary,15.7
114629,2195,"Jul 04, 2024",07/07/2024,06/07/2024,Germany,Munich,21.51
114639,1221,07/04/2024,2024-07-16,2024-07-12,Netherlands,Eindhoven,11.64
114640,867,2024-07-04,09/07/2024,2024-07-10,France,Nice,17.15
114642,2930,04.07.2024,14/07/2024,,Italy,Turin,23.51
114645,262,07/05/2024,15/07/2024,,Poland,Gdansk,22.07
114650,2851,2024-07-05,2024-07-08,2024-07-15,Spain,Seville,13.37
114651,1820,05/07/2024,2024-07-17,2024-07-16,USA,Boston,11.49
114653,746,2024-07-05,"Jul 16, 2024",2024-07-14,France,Nice,34.16
114659,1005,2024-07-05,08/07/2024,2024-07-06,Poland,Warsaw,12.27
114660,1222,05/07/2024,"Jul 17, 2024",,Poland,Gdansk,14.36
114663,1155,07/05/2024,2024-07-10,2024-07-15,United Kingdom,Manchester,31.71
114666,1728,05/07/2024,07/08/2024,,Netherlands,Utrecht,14.62
114671,2640,05/07/2024,12.07.2024,2024-07-16,United Kingdom,Leeds,18.55
114672,1819,05/07/2024,07/15/2024,2024-07-08,Germany,Cologne,34.59
114675,1237,07/05/2024,"Jul 08, 2024",07/15/2024,USA,Boston,11.69
114679,1316,06/07/2024,2024-07-13,,France,Toulouse,14.26
114680,1317,06.07.2024,2024-07-16,07/07/2024,Germany,Berlin,14.56
114684,1790,"Jul 06, 2024",2024-07-18,,USA,Denver,31.15
114685,634,06/07/2024,"Jul 18, 2024",11/07/2024,USA,Austin,-11.87
114692,488,06.07.2024,07/14/2024,,United Kingdom,Liverpool,5.58
114693,560,2024-07-06,17.07.2024,2024-07-14,France,Lyon,15.5
114695,2005,06.07.2024,11/07/2024,2024-07-17,Spain,Bilbao,61.99
114698,1448,2024-07-06,17.07.2024,2024-07-11,Sweden,Uppsala,7.2
114702,1320,2024-07-06,2024-07-11,2024-07-07,France,Marseille,38.33
114711,2778,2024-07-07,07/16/2024,11/07/2024,Netherlands,Eindhoven,25.38
114713,2051,2024-07-07,"Jul 11, 2024",10.07.2024,United Kingdom,London,13.55
114715,1665,2024-07-07,07/16/2024,,France,Lyon,5.08
114716,6,07.07.2024,"Jul 18, 2024",2024-07-16,Netherlands,Utrecht,10.69
114720,2148,"Jul 07, 2024",2024-07-14,"Jul 17, 2024",France,Nice,13.96
114721,2973,"Jul 07, 2024",18.07.2024,,France,Paris,49.57
114725,2818,07.07.2024,18/07/2024,18/07/2024,France,Toulouse,26.54
114726,2333,2024-07-07,2024-07-16,2024-07-09,Czech Republic,Prague,8.9
114729,2431,2024-07-07,2024-07-11,2024-07-09,Poland,Krakow,24.33
114731,637,2024-07-07,07/14/2024,2024-07-17,USA,Boston,13.57
114733,1146,2024-07-07,2024-07-12,11/07/2024,Austria,Linz,-10.96
114735,1359,2024-07-07,20/07/2024,2024-07-17,Poland,Lodz,14.16
114737,571,07/07/2024,07/17/2024,2024-07-13,Czech Republic,Brno,6.98
114739,2719,"Jul 08, 2024",17.07.2024,2024-07-13,France,Toulouse,15.54
114741,817,2024-07-08,18/07/2024,2024-07-14,Germany,Frankfurt,11.6
114743,2350,08.07.2024,2024-07-12,09/07/2024,Austria,Salzburg,20.06
114745,1533,2024-07-08,2024-07-19,07/12/2024,Canada,Ottawa,32.33
114747,2948,08/07/2024,15.07.2024,07/10/2024,France,Marseille,24.89
114748,2524,2024-07-08,11.07.2024,"Jul 11, 2024",Italy,Rome,18.43
114749,2660,2024-07-08,"Jul 14, 2024",15/07/2024,Norway,Stavanger,5.41
114755,1005,08.07.2024,2024-07-20,14/07/2024,Poland,Warsaw,27.16
114756,1962,2024-07-08,"Jul 12, 2024",,Italy,Milan,9.93
114759,1622,2024-07-08,07/16/2024,,United Kingdom,Liverpool,28.8
114760,1977,"Jul 08, 2024",17.07.2024,2024-07-16,United Kingdom,Bristol,22.81
114762,1790,2024-07-08,17/07/2024,2024-07-10,USA,Denver,18.93
114765,122,09/07/2024,2024-07-17,13.07.2024,Spain,Madrid,17.69
114767,1844,2024-07-09,"Jul 21, 2024",11/07/2024,Germany,Frankfurt,40.74
114769,2644,09/07/2024,"Jul 19, 2024",,Poland,Wroclaw,8.42
114771,884,09/07/2024,19/07/2024,13/07/2024,Poland,Gdansk,10.52
114772,2829,2024-07-09,"Jul 17, 2024",14/07/2024,France,Paris,19.07
114773,59,2024-07-09,2024-07-16,2024-07-16,United Kingdom,Liverpool,16.23
114780,455,"Jul 09, 2024",2024-07-19,16/07/2024,USA,Boston,18.61
114784,1192,2024-07-09,"Jul 13, 2024",07/12/2024,Spain,Bilbao,12.69
114794,1225,10/07/2024,2024-07-15,2024-07-21,Spain,Valencia,23.75
114797,1281,10/07/2024,2024-07-13,"Jul 19, 2024",France,Nice,33.27
114799,2291,10/07/2024,14.07.2024,,Italy,Rome,35.49
114800,2070,07/10/2024,22.07.2024,"Jul 16, 2024",Austria,Vienna,6.66
114803,2906,2024-07-10,2024-07-13,,United Kingdom,London,22.79
114804,626,2024-07-10,2024-07-22,,Italy,Turin,44.46
114808,2923,07/10/2024,2024-07-19,17.07.2024,Poland,Lodz,27.36
114809,324,2024-07-10,2024-07-14,2024-07-17,France,Paris,4.61
114810,121,10/07/2024,2024-07-18,,Germany,Frankfurt,15.97
114811,2456,2024-07-10,"Jul 13, 2024","Jul 15, 2024",Poland,Warsaw,40.33
114814,2177,2024-07-11,2024-07-16,2024-07-20,Germany,Berlin,25.16
114817,918,2024-07-11,2024-07-23,07/21/2024,USA,Chicago,26.85
114820,378,2024-07-11,2024-07-21,2024-07-19,United Kingdom,Manchester,7.22
114821,1470,"Jul 11, 2024",2024-07-17,,Poland,Poznan,32.08
114823,2778,2024-07-11,"Jul 14, 2024",2024-07-18,Netherlands,Eindhoven,12.68
114828,1222,11/07/2024,2024-07-21,,Poland,Gdansk,6.14
114830,2247,11/07/2024,2024-07-18,19/07/2024,Poland,Gdansk,20.31
114831,1124,07/11/2024,07/18/2024,2024-07-13,Netherlands,Rotterdam,25.3
114832,261,11.07.2024,2024-07-19,"Jul 21, 2024",Spain,Seville,19.0
114837,2708,07/11/2024,2024-07-24,2024-07-15,USA,Chicago,14.47
114839,2839,"Jul 11, 2024",07/15/2024,17/07/2024,Germany,Frankfurt,27.72
114840,1777,11.07.2024,24/07/2024,2024-07-12,USA,Chicago,19.9
114843,811,2024-07-11,2024-07-17,2024-07-17,Czech Republic,Prague,19.55
114845,2624,12/07/2024,2024-07-21,15/07/2024,Italy,Rome,8.3
114847,2212,07/12/2024,2024-07-18,2024-07-19,Austria,Linz,13.21
114852,1415,12/07/2024,25.07.2024,,Netherlands,Amsterdam,12.28
114856,731,2024-07-12,07/16/2024,2024-07-22,USA,Seattle,-24.62
114859,862,07/12/2024,2024-07-21,2024-07-19,Germany,Munich,6.2
114860,2804,12.07.2024,2024-07-19,07/15/2024,Spain,Madrid,32.51
114861,933,07/12/2024,2024-07-19,"Jul 23, 2024",Germany,Cologne,27.68
114874,1859,"Jul 12, 2024",21.07.2024,2024-07-15,Germany,Frankfurt,12.44
114875,2944,12/07/2024,24/07/2024,2024-07-16,Poland,Warsaw,24.98
114880,811,2024-07-13,2024-07-21,2024-07-21,Czech Republic,Prague,10.0
114882,1959,13/07/2024,25/07/2024,24/07/2024,Sweden,Gothenburg,23.31
114884,1631,2024-07-13,26/07/2024,07/15/2024,Norway,Trondheim,25.06
114885,121,13/07/2024,07/17/2024,"Jul 16, 2024",Germany,Frankfurt,13.2
114892,140,2024-07-13,"Jul 19, 2024",2024-07-21,Netherlands,Utrecht,8.85
114894,1794,"Jul 13, 2024",26/07/2024,2024-07-22,Sweden,Gothenburg,8.38
114895,1657,2024-07-13,"Jul 24, 2024",,Poland,Warsaw,21.61
114897,261,07/13/2024,"Jul 26, 2024",2024-07-17,Spain,Seville,19.66
114900,771,"Jul 13, 2024",07/24/2024,,USA,Boston,14.22
114902,2002,"Jul 13, 2024",24/07/2024,2024-07-18,Poland,Warsaw,11.63
114906,830,2024-07-13,21.07.2024,19.07.2024,Germany,Frankfurt,9.17
114917,958,2024-07-14,21.07.2024,2024-07-25,Poland,Poznan,7.15
114921,2442,2024-07-14,17/07/2024,07/19/2024,Poland,Warsaw,11.19
114922,1881,2024-07-14,2024-07-26,07/19/2024,Germany,Munich,20.25
114923,2445,14/07/2024,21.07.2024,2024-07-22,Italy,Naples,13.88
114924,2704,"Jul 14, 2024",17/07/2024,16/07/2024,Czech Republic,Prague,17.46
114926,2862,07/14/2024,18.07.2024,"Jul 24, 2024",Italy,Rome,20.2
114940,1315,2024-07-15,2024-07-22,07/25/2024,Czech Republic,Ostrava,24.67
114941,1306,2024-07-15,27.07.2024,,Germany,Cologne,29.45
114944,121,15.07.2024,2024-07-27,2024-07-22,Germany,Frankfurt,43.79
114946,2940,07/15/2024,07/18/2024,2024-07-18,Norway,Trondheim,37.84
114962,2557,15/07/2024,18.07.2024,24/07/2024,Poland,Warsaw,11.18
114966,1113,"Jul 15, 2024",27.07.2024,2024-07-20,United Kingdom,Manchester,20.15
114967,140,2024-07-15,20/07/2024,,Netherlands,Utrecht,26.09
114968,1064,15.07.2024,"Jul 20, 2024",,Poland,Poznan,22.47
114970,169,2024-07-15,2024-07-28,,Germany,Munich,16.37
114971,1449,15.07.2024,2024-07-28,"Jul 20, 2024",France,Marseille,-22.23
114972,1653,15.07.2024,23.07.2024,07/23/2024,Germany,Munich,16.66
114974,1499,2024-07-15,"Jul 28, 2024",2024-07-18,France,Paris,7.57
114975,1723,07/15/2024,"Jul 24, 2024",2024-07-22,Germany,Munich,15.63
114977,578,"Jul 15, 2024",25/07/2024,"Jul 19, 2024",Canada,Calgary,8.28
114982,1691,2024-07-16,2024-07-21,,Poland,Lodz,10.52
114983,1515,"Jul 16, 2024",2024-07-27,,Italy,Rome,-26.76
114986,922,"Jul 16, 2024",2024-07-20,21.07.2024,Germany,Berlin,9.14
114993,2702,2024-07-16,2024-07-19,2024-07-26,Poland,Warsaw,8.91
114997,500,2024-07-16,2024-07-19,2024-07-17,Poland,Lodz,18.53
114998,2918,2024-07-16,2024-07-28,27.07.2024,United Kingdom,Liverpool,12.3
115001,1622,"Jul 16, 2024","Jul 21, 2024","Jul 23, 2024",United Kingdom,Liverpool,19.78
115002,390,16/07/2024,22/07/2024,2024-07-17,Czech Republic,Pilsen,14.97
115007,862,17/07/2024,23.07.2024,21/07/2024,Germany,Munich,12.63
115009,1777,2024-07-17,2024-07-24,,USA,Chicago,26.89
115010,2561,07/17/2024,"Jul 25, 2024",07/26/2024,France,Lyon,12.47
115012,790,"Jul 17, 2024",29/07/2024,2024-07-20,Netherlands,Amsterdam,23.6
115017,2950,2024-07-17,2024-07-21,,Netherlands,Utrecht,20.9
115019,918,2024-07-17,2024-07-30,07/18/2024,USA,Chicago,16.26
115022,750,07/17/2024,"Jul 27, 2024",,USA,Chicago,42.9
115029,338,2024-07-17,2024-07-21,28/07/2024,Germany,Frankfurt,5.87
115034,1892,18/07/2024,07/30/2024,25/07/2024,Germany,Hamburg,22.54
115035,2166,18.07.2024,07/30/2024,2024-07-21,Italy,Florence,37.81
115037,2495,07/18/2024,2024-07-29,,Netherlands,Rotterdam,44.8
115040,2647,2024-07-18,2024-07-28,"Jul 21, 2024",Italy,Florence,36.12
115043,346,2024-07-18,2024-07-21,,Germany,Berlin,12.65
115044,211,2024-07-18,2024-07-25,2024-07-21,USA,Denver,19.21
115046,35,2024-07-18,2024-07-31,22/07/2024,Netherlands,Utrecht,29.09
115047,1292,2024-07-18,25/07/2024,2024-07-27,France,Paris,12.13
115048,1847,18/07/2024,2024-07-28,21/07/2024,Netherlands,Amsterdam,10.36
115053,1975,07/18/2024,2024-07-21,2024-07-19,Germany,Cologne,13.56
115055,2875,2024-07-18,"Jul 28, 2024",2024-07-21,Italy,Naples,6.49
115057,918,2024-07-18,2024-07-30,2024-07-24,USA,Chicago,15.55
115059,1960,07/18/2024,07/26/2024,,Germany,Cologne,25.03
115063,368,19/07/2024,2024-07-29,2024-07-20,USA,Austin,9.05
115065,1872,2024-07-19,2024-07-30,23.07.2024,Czech Republic,Ostrava,15.2
115071,449,19/07/2024,27.07.2024,"Jul 28, 2024",Germany,Frankfurt,22.34
115081,2391,"Jul 19, 2024",31/07/2024,26/07/2024,Italy,Naples,23.93
115086,1783,19/07/2024,2024-07-23,2024-07-28,United Kingdom,Bristol,13.17
115089,526,"Jul 20, 2024",2024-07-31,07/30/2024,United Kingdom,London,21.46
115090,613,"Jul 20, 2024",07/25/2024,07/28/2024,United Kingdom,Leeds,12.38
115091,512,2024-07-20,2024-07-28,28.07.2024,Italy,Rome,5.18
115095,1924,2024-07-20,2024-07-28,2024-07-25,France,Lyon,7.17
115098,1623,2024-07-20,2024-07-27,2024-07-21,United Kingdom,Bristol,39.5
115099,2905,20.07.2024,2024-07-25,2024-07-21,USA,Boston,14.22
115100,2148,2024-07-20,2024-07-23,24/07/2024,France,Nice,18.79
115106,1997,2024-07-20,28/07/2024,,Austria,Salzburg,8.77
115108,718,20.07.2024,27.07.2024,"Jul 30, 2024",Poland,Warsaw,14.27
115115,474,2024-07-20,2024-07-24,29.07.2024,Canada,Calgary,12.19
115116,1227,20.07.2024,29.07.2024,2024-07-30,Germany,Munich,25.51
115118,943,07/20/2024,29.07.2024,2024-07-24,Spain,Seville,10.07
115121,1283,2024-07-20,29.07.2024,,France,Marseille,25.4
115123,427,2024-07-21,2024-08-03,26/07/2024,Spain,Valencia,7.56
115124,2748,21.07.2024,2024-07-29,2024-07-29,USA,Boston,13.07
115126,1356,2024-07-21,2024-08-03,29/07/2024,Netherlands,Amsterdam,8.06
115129,2864,2024-07-21,24/07/2024,2024-07-26,Poland,Gdansk,21.61
115134,2635,2024-07-21,2024-07-24,2024-08-01,Poland,Krakow,17.42
115146,2218,07/22/2024,31/07/2024,01/08/2024,United Kingdom,London,4.41
115152,2687,22/07/2024,07/31/2024,2024-07-26,USA,New York,17.08
115153,1141,2024-07-22,2024-07-28,,United Kingdom,London,14.8
115157,2816,2024-07-22,2024-08-02,27.07.2024,Canada,Toronto,19.88
115160,2346,22/07/2024,07/27/2024,2024-07-30,Spain,Madrid,38.1
115161,2111,22.07.2024,04/08/2024,08/01/2024,Austria,Vienna,20.75
115167,469,2024-07-22,2024-08-03,2024-07-31,France,Marseille,23.46
115169,140,22.07.2024,2024-07-30,29/07/2024,Netherlands,Utrecht,29.81
115172,599,"Jul 23, 2024","Aug 02, 2024",2024-07-26,Germany,Munich,10.14
115177,155,23/07/2024,08/04/2024,26.07.2024,Poland,Wroclaw,22.4
115179,282,"Jul 23, 2024",27/07/2024,,Poland,Warsaw,23.19
115184,183,2024-07-23,01.08.2024,01.08.2024,Italy,Milan,17.35
115185,2180,2024-07-23,2024-07-31,26.07.2024,Netherlands,Amsterdam,45.21
115189,946,07/23/2024,27/07/2024,2024-07-26,Czech Republic,Brno,12.27
115197,986,23.07.2024,2024-07-26,2024-07-25,France,Lyon,10.9
115199,1516,2024-07-23,2024-07-29,"Jul 29, 2024",Netherlands,Amsterdam,9.77
115208,1377,24/07/2024,01.08.2024,08/01/2024,Italy,Rome,9.3
115211,582,"Jul 24, 2024",08/04/2024,08/02/2024,Poland,Warsaw,29.98
115213,1705,2024-07-24,02/08/2024,,Italy,Naples,9.43
115214,1830,2024-07-24,08/03/2024,2024-07-29,Italy,Florence,8.4
115217,2217,07/24/2024,"Aug 04, 2024",25.07.2024,Germany,Munich,59.04
115222,461,2024-07-24,31.07.2024,2024-08-03,Spain,Valencia,7.83
115234,2577,2024-07-25,03/08/2024,2024-07-27,Poland,Krakow,23.51
115235,458,07/25/2024,07/29/2024,07/28/2024,Germany,Hamburg,15.38
115238,1911,2024-07-25,2024-08-01,2024-07-26,Poland,Poznan,21.38
115241,2624,07/25/2024,08/07/2024,,Italy,Rome,28.69
115247,2071,2024-07-26,2024-08-04,2024-08-02,Germany,Berlin,25.51
115249,1444,2024-07-26,29/07/2024,"Aug 02, 2024",France,Marseille,8.57
115251,854,2024-07-26,"Aug 01, 2024",01/08/2024,Spain,Madrid,13.91
115252,2148,2024-07-26,2024-07-31,08/06/2024,France,Nice,-27.03
115256,1643,"Jul 26, 2024",03/08/2024,2024-07-29,United Kingdom,Manchester,8.68
115266,143,2024-07-26,2024-08-05,28/07/2024,USA,Austin,12.22
115270,1847,2024-07-26,07.08.2024,2024-08-06,Netherlands,Amsterdam,23.36
115271,492,"Jul 26, 2024",2024-08-01,30.07.2024,United Kingdom,Leeds,9.58
115274,1519,2024-07-26,2024-08-04,2024-08-06,USA,Chicago,6.33
115275,2731,"Jul 26, 2024",2024-08-03,2024-08-05,Poland,Wroclaw,7.33
115276,1144,2024-07-27,09/08/2024,,United Kingdom,Leeds,8.8
115290,1210,"Jul 27, 2024","Jul 30, 2024",2024-08-01,United Kingdom,London,15.65
115295,875,2024-07-27,2024-08-09,2024-07-28,USA,Seattle,13.0
115297,2906,2024-07-27,2024-08-06,2024-07-28,United Kingdom,London,18.18
115299,1004,"Jul 27, 2024",2024-08-03,,Norway,Oslo,20.41
115300,2896,07/27/2024,08/08/2024,06.08.2024,USA,Denver,26.14
115303,380,2024-07-27,30/07/2024,"Jul 28, 2024",Germany,Munich,43.34
115304,1323,2024-07-27,2024-08-02,2024-08-02,Sweden,Malmo,12.22
115305,843,2024-07-27,08/09/2024,,Netherlands,Amsterdam,26.03
115310,552,28.07.2024,08/08/2024,,Italy,Florence,16.85
115318,1496,28.07.2024,2024-07-31,01/08/2024,Poland,Poznan,12.31
115321,1375,2024-07-28,10/08/2024,"Aug 04, 2024",Austria,Vienna,16.91
115322,617,2024-07-28,2024-08-07,2024-07-29,Netherlands,Amsterdam,6.05
115335,637,2024-07-29,10/08/2024,2024-07-31,USA,Boston,16.96
115338,2018,07/29/2024,2024-08-10,31/07/2024,Spain,Seville,40.26
115344,81,29/07/2024,2024-08-08,03.08.2024,Poland,Poznan,15.82
115345,444,2024-07-29,03/08/2024,07/30/2024,USA,New York,25.3
115346,208,29/07/2024,2024-08-01,2024-08-06,Poland,Warsaw,21.42
115353,1550,2024-07-29,08/02/2024,2024-08-06,France,Paris,16.32
115354,665,2024-07-29,05/08/2024,,United Kingdom,Manchester,33.23
115356,2574,2024-07-30,2024-08-10,2024-08-10,USA,Boston,18.94
115357,169,2024-07-30,2024-08-03,08/08/2024,Germany,Munich,21.07
115362,619,07/30/2024,12.08.2024,03/08/2024,Spain,Valencia,10.74
115364,612,30/07/2024,2024-08-06,2024-08-07,Netherlands,Amsterdam,15.77
115365,1402,30/07/2024,07/08/2024,2024-08-07,Germany,Munich,17.12
115367,1865,2024-07-30,07/08/2024,08/08/2024,France,Toulouse,5.53
115368,641,2024-07-30,11/08/2024,07/31/2024,United Kingdom,Liverpool,14.04
115374,1446,2024-07-30,2024-08-02,,Poland,Wroclaw,7.34
115376,1643,30/07/2024,08/02/2024,2024-08-10,United Kingdom,Manchester,15.57
115379,731,2024-07-31,2024-08-04,2024-08-01,USA,Seattle,12.45
115380,2930,2024-07-31,04.08.2024,"Aug 07, 2024",Italy,Turin,11.64
115383,956,2024-07-31,2024-08-11,2024-08-07,Italy,Florence,26.12
115386,2320,2024-07-31,08/04/2024,2024-08-07,Czech Republic,Prague,8.25
115389,2133,31/07/2024,05.08.2024,08/08/2024,United Kingdom,London,7.15
115390,263,"Jul 31, 2024","Aug 09, 2024",2024-08-02,Czech Republic,Brno,8.74
115394,963,2024-07-31,2024-08-04,2024-08-08,France,Toulouse,14.85
115396,1338,31/07/2024,06.08.2024,"Aug 02, 2024",Germany,Frankfurt,19.77
115400,1568,07/31/2024,2024-08-04,08/01/2024,Poland,Warsaw,37.25
115406,1238,01/08/2024,06/08/2024,2024-08-06,United Kingdom,Liverpool,13.21
115407,639,01/08/2024,13.08.2024,2024-08-11,France,Paris,33.23
115408,2886,2024-08-01,2024-08-14,2024-08-05,Netherlands,Utrecht,13.36
115410,1491,01/08/2024,04.08.2024,2024-08-06,France,Paris,15.66
115414,2443,01.08.2024,10.08.2024,2024-08-07,Spain,Seville,21.61
115419,393,01/08/2024,2024-08-12,,France,Marseille,25.09
115421,1855,01/08/2024,07/08/2024,,United Kingdom,Bristol,35.55
115423,2555,2024-08-01,2024-08-12,04/08/2024,USA,Chicago,8.85
115437,1319,02/08/2024,2024-08-07,12.08.2024,United Kingdom,Liverpool,13.04
115441,1047,2024-08-02,2024-08-13,08/08/2024,Germany,Frankfurt,9.72
115445,2707,03/08/2024,"Aug 12, 2024",12/08/2024,Italy,Turin,26.9
115454,1382,2024-08-03,2024-08-12,10/08/2024,Czech Republic,Brno,28.59
115456,2923,2024-08-03,2024-08-09,08/12/2024,Poland,Lodz,17.58
115459,313,03/08/2024,14/08/2024,2024-08-10,Czech Republic,Ostrava,25.76
115460,2353,"Aug 03, 2024",08/07/2024,2024-08-07,Italy,Turin,4.23
115464,2145,08/03/2024,2024-08-11,2024-08-13,United Kingdom,Leeds,15.97
115465,1008,08/03/2024,2024-08-10,2024-08-13,USA,Boston,27.26
115469,9,"Aug 04, 2024",2024-08-16,,Austria,Salzburg,13.08
115476,2885,"Aug 04, 2024",12.08.2024,2024-08-09,Germany,Frankfurt,21.65
115480,2647,2024-08-04,08/09/2024,2024-08-14,Italy,Florence,31.85
115484,1109,2024-08-05,12.08.2024,08/08/2024,Canada,Montreal,6.28
115492,2489,08/05/2024,2024-08-13,16/08/2024,United Kingdom,Bristol,15.22
115496,1782,2024-08-05,2024-08-11,08/14/2024,United Kingdom,London,9.87
115504,2532,2024-08-05,2024-08-14,,Spain,Valencia,16.44
115511,352,08/06/2024,18/08/2024,2024-08-16,USA,Chicago,23.61
115512,1005,"Aug 06, 2024",2024-08-09,2024-08-12,Poland,Warsaw,6.13
115513,848,2024-08-06,08/17/2024,08/16/2024,Spain,Madrid,37.25
115515,2626,2024-08-06,17.08.2024,2024-08-07,USA,Chicago,13.62
115518,1158,2024-08-06,08/16/2024,,France,Lyon,4.74
115519,476,2024-08-06,2024-08-18,"Aug 17, 2024",United Kingdom,Leeds,16.58
115523,216,08/06/2024,12/08/2024,10.08.2024,Czech Republic,Prague,16.14
115524,1446,2024-08-06,08/17/2024,2024-08-15,Poland,Wroclaw,32.31
115529,2092,2024-08-06,18/08/2024,2024-08-12,Austria,Linz,8.43
115530,820,2024-08-07,08/20/2024,2024-08-18,United Kingdom,Leeds,10.54
115531,179,07/08/2024,12/08/2024,2024-08-15,Spain,Bilbao,6.27
115535,1816,2024-08-07,20/08/2024,,USA,Seattle,21.84
115540,1832,2024-08-07,"Aug 18, 2024",11/08/2024,USA,Boston,4.16
115542,2549,2024-08-07,"Aug 14, 2024",18/08/2024,Netherlands,Amsterdam,25.14
115549,709,08.08.2024,"Aug 14, 2024",17/08/2024,France,Marseille,20.99
115551,1472,2024-08-08,2024-08-18,2024-08-16,Italy,Rome,12.81
115552,2894,08/08/2024,19.08.2024,08/17/2024,Poland,Poznan,18.1
115554,447,08.08.2024,08/18/2024,2024-08-09,France,Marseille,23.71
115556,2738,2024-08-08,08/17/2024,"Aug 16, 2024",Austria,Linz,12.32
115557,1442,2024-08-08,"Aug 17, 2024",2024-08-14,United Kingdom,Leeds,21.67
115558,2633,2024-08-08,08/16/2024,11.08.2024,Italy,Milan,52.92
115560,1405,08.08.2024,08/21/2024,2024-08-14,Germany,Berlin,16.46
115563,867,2024-08-08,2024-08-20,"Aug 13, 2024",France,Nice,4.59
115564,488,2024-08-08,"Aug 17, 2024",11/08/2024,United Kingdom,Liverpool,38.73
115565,2648,2024-08-08,2024-08-11,2024-08-11,France,Nice,13.18
115569,2951,2024-08-09,2024-08-13,08/11/2024,France,Nice,8.98
115572,2498,2024-08-09,12.08.2024,2024-08-11,United Kingdom,Manchester,35.54
115574,867,2024-08-09,"Aug 20, 2024",14.08.2024,France,Nice,4.28
115575,1682,09/08/2024,2024-08-16,2024-08-15,Italy,Rome,11.87
115576,2371,2024-08-09,13.08.2024,15/08/2024,Canada,Calgary,5.75
115578,2365,09/08/2024,2024-08-12,"Aug 20, 2024",France,Nice,22.32
115581,1580,09/08/2024,08/17/2024,,Poland,Warsaw,21.83
115582,2548,"Aug 09, 2024",22/08/2024,,Austria,Salzburg,25.9
115583,2465,2024-08-09,12/08/2024,"Aug 18, 2024",Netherlands,Amsterdam,43.55
115595,696,2024-08-10,2024-08-19,,United Kingdom,Liverpool,18.18
115598,2412,2024-08-10,"Aug 22, 2024",20/08/2024,Canada,Calgary,21.31
115601,1662,2024-08-10,2024-08-15,2024-08-11,USA,Denver,26.61
115604,1338,10.08.2024,2024-08-20,2024-08-11,Germany,Frankfurt,20.32
115606,2018,2024-08-10,15/08/2024,08/18/2024,Spain,Seville,15.41
115611,932,11/08/2024,18/08/2024,2024-08-21,USA,Boston,64.27
115615,1372,11/08/2024,2024-08-15,08/20/2024,United Kingdom,Manchester,12.11
115617,938,2024-08-11,14/08/2024,2024-08-16,Spain,Bilbao,9.1
115621,887,"Aug 11, 2024","Aug 16, 2024",2024-08-20,France,Marseille,15.92
115622,2919,2024-08-11,2024-08-19,2024-08-12,Canada,Vancouver,9.86
115626,921,2024-08-11,2024-08-24,2024-08-12,Spain,Madrid,14.55
115629,2828,"Aug 11, 2024","Aug 15, 2024",08/17/2024,United Kingdom,Bristol,20.87
115630,1334,11/08/2024,2024-08-19,12/08/2024,Spain,Madrid,27.05
115633,1600,2024-08-12,15.08.2024,16.08.2024,Poland,Poznan,15.05
115635,2891,08/12/2024,"Aug 22, 2024","Aug 19, 2024",Canada,Vancouver,18.85
115636,1331,12/08/2024,17.08.2024,21/08/2024,France,Toulouse,18.34
115638,1739,08/12/2024,19.08.2024,17/08/2024,Norway,Bergen,33.32
115639,2431,"Aug 12, 2024",24/08/2024,2024-08-13,Poland,Krakow,11.57
115642,688,2024-08-12,"Aug 18, 2024",2024-08-15,Netherlands,Utrecht,26.03
115646,14,2024-08-12,08/23/2024,2024-08-14,USA,Boston,44.76
115648,2436,12/08/2024,2024-08-16,18/08/2024,Austria,Salzburg,12.6
115650,903,2024-08-12,08/15/2024,,United Kingdom,Manchester,8.3
115653,324,12.08.2024,2024-08-17,2024-08-18,France,Paris,28.17
115654,1099,2024-08-12,2024-08-24,2024-08-15,Poland,Warsaw,15.17
115659,1332,2024-08-12,2024-08-23,21/08/2024,Austria,Graz,49.81
115660,2145,"Aug 12, 2024",15/08/2024,2024-08-15,United Kingdom,Leeds,25.73
115661,2077,2024-08-12,21/08/2024,,Poland,Warsaw,20.31
115663,1569,12.08.2024,18.08.2024,2024-08-22,USA,Austin,26.07
115667,311,"Aug 13, 2024",08/20/2024,2024-08-16,Sweden,Stockholm,34.42
115671,1772,"Aug 13, 2024",2024-08-16,"Aug 16, 2024",Germany,Berlin,9.13
115678,1489,2024-08-13,"Aug 18, 2024","Aug 24, 2024",Germany,Berlin,13.19
115683,1997,2024-08-13,2024-08-19,19.08.2024,Austria,Salzburg,11.63
115684,311,"Aug 14, 2024",2024-08-22,,Sweden,Stockholm,10.11
115687,70,2024-08-14,2024-08-22,2024-08-18,United Kingdom,Bristol,26.02
115689,2565,14/08/2024,21.08.2024,2024-08-21,USA,Boston,23.52
115690,678,14.08.2024,"Aug 17, 2024",2024-08-20,Italy,Turin,23.46
115694,813,2024-08-14,2024-08-20,2024-08-22,United Kingdom,London,10.52
115695,2414,2024-08-14,2024-08-21,"Aug 24, 2024",Germany,Munich,17.75
115698,1717,08/14/2024,2024-08-22,24/08/2024,Germany,Cologne,26.97
115700,1009,14/08/2024,"Aug 19, 2024",,France,Toulouse,18.75
115704,1663,2024-08-14,2024-08-24,,Sweden,Stockholm,8.31
115706,1067,2024-08-15,18/08/2024,"Aug 22, 2024",France,Paris,14.76
115707,1486,2024-08-15,2024-08-26,08/24/2024,France,Toulouse,73.02
115710,1338,08/15/2024,2024-08-25,20.08.2024,Germany,Frankfurt,17.85
115715,2652,2024-08-15,08/28/2024,"Aug 21, 2024",Germany,Frankfurt,41.24
115717,2087,15.08.2024,2024-08-28,23/08/2024,USA,Denver,14.56
115719,526,15.08.2024,"Aug 25, 2024",2024-08-17,United Kingdom,London,14.93
115721,2517,08/15/2024,2024-08-22,2024-08-24,United Kingdom,Bristol,9.66
115723,2671,2024-08-15,2024-08-27,21/08/2024,Poland,Wroclaw,15.61
115724,2987,"Aug 15, 2024",2024-08-24,2024-08-26,Poland,Krakow,36.53
115725,111,2024-08-15,"Aug 25, 2024",24/08/2024,Canada,Ottawa,20.53
115733,570,16.08.2024,2024-08-19,2024-08-24,France,Nice,12.33
115737,1325,"Aug 16, 2024",2024-08-23,,Poland,Krakow,6.14
115739,1754,2024-08-16,21.08.2024,08/22/2024,Norway,Oslo,5.78
115741,1723,"Aug 16, 2024","Aug 25, 2024",2024-08-23,Germany,Munich,30.74
115744,2778,2024-08-16,2024-08-29,2024-08-24,Netherlands,Eindhoven,17.28
115749,2927,2024-08-16,08/19/2024,"Aug 19, 2024",France,Marseille,16.7
115751,2499,16/08/2024,2024-08-25,21.08.2024,Spain,Barcelona,13.62
115752,2269,"Aug 16, 2024",25.08.2024,08/19/2024,United Kingdom,Manchester,21.04
115761,1226,2024-08-16,2024-08-22,26.08.2024,Poland,Lodz,11.27
115762,1683,2024-08-16,26/08/2024,,USA,New York,20.22
115763,1559,2024-08-16,25/08/2024,,Germany,Cologne,9.99
115765,2500,08/17/2024,20.08.2024,2024-08-18,Netherlands,Rotterdam,30.56
115767,1564,17/08/2024,2024-08-24,21/08/2024,Italy,Florence,24.77
115769,770,08/17/2024,2024-08-22,2024-08-25,Czech Republic,Ostrava,13.89
115771,2078,"Aug 17, 2024",2024-08-26,08/22/2024,Netherlands,Rotterdam,21.98
115772,2239,2024-08-17,22.08.2024,2024-08-23,Germany,Frankfurt,51.55
115776,997,2024-08-17,29.08.2024,08/24/2024,Germany,Berlin,4.76
115781,1054,08/17/2024,23.08.2024,,Netherlands,Amsterdam,11.94
115783,826,2024-08-17,23/08/2024,27/08/2024,Austria,Linz,16.47
115785,966,2024-08-17,2024-08-26,"Aug 23, 2024",Netherlands,Eindhoven,29.37
115788,734,18.08.2024,"Aug 26, 2024",2024-08-23,Norway,Stavanger,10.17
115790,2197,2024-08-18,2024-08-31,22/08/2024,Italy,Florence,8.51
115791,765,2024-08-18,2024-08-22,2024-08-21,France,Paris,7.17
115795,2350,2024-08-18,23/08/2024,"Aug 26, 2024",Austria,Salzburg,26.77
115802,278,18/08/2024,08/27/2024,2024-08-26,Poland,Poznan,5.1
115806,2963,2024-08-18,24.08.2024,2024-08-21,Italy,Turin,10.36
115807,2050,2024-08-18,2024-08-28,2024-08-22,Sweden,Malmo,14.6
115810,1651,19.08.2024,2024-08-28,2024-08-26,Spain,Madrid,9.33
115817,568,08/19/2024,31.08.2024,26/08/2024,Canada,Toronto,17.7
115819,615,2024-08-19,2024-08-22,23.08.2024,Spain,Madrid,10.52
115822,282,19/08/2024,"Aug 23, 2024",2024-08-23,Poland,Warsaw,19.27
115827,1030,"Aug 19, 2024",23.08.2024,2024-08-23,Germany,Frankfurt,23.15
115830,1814,20/08/2024,2024-08-26,31.08.2024,Germany,Munich,12.9
115833,1938,08/20/2024,31.08.2024,,Germany,Cologne,6.85
115837,56,2024-08-20,08/27/2024,2024-08-22,Sweden,Uppsala,30.73
115846,770,2024-08-20,2024-08-26,,Czech Republic,Ostrava,35.57
115851,1320,2024-08-20,08/26/2024,2024-08-22,France,Marseille,13.84
115854,2888,2024-08-21,2024-08-27,2024-08-25,United Kingdom,Leeds,29.72
115858,953,2024-08-21,2024-08-26,2024-08-30,France,Paris,18.98
115860,1064,21.08.2024,2024-09-03,2024-08-27,Poland,Poznan,23.86
115869,2998,2024-08-21,2024-09-03,08/26/2024,United Kingdom,Leeds,13.73
115871,2866,2024-08-21,2024-09-01,2024-08-25,USA,New York,20.8
115872,1827,21/08/2024,26/08/2024,28/08/2024,Sweden,Gothenburg,18.8
115873,998,2024-08-21,2024-08-30,2024-08-31,Germany,Cologne,21.36
115874,1421,08/22/2024,2024-08-31,2024-08-31,Netherlands,Eindhoven,25.95
115877,2729,08/22/2024,2024-09-01,,France,Marseille,4.23
115878,2717,2024-08-22,01/09/2024,23/08/2024,Spain,Madrid,33.45
115879,1633,"Aug 22, 2024",2024-09-03,26/08/2024,France,Nice,41.2
115882,1714,2024-08-22,2024-09-01,01.09.2024,Poland,Wroclaw,30.19
115885,1445,2024-08-22,2024-08-27,2024-08-23,France,Toulouse,25.56
115889,1211,22/08/2024,31/08/2024,23/08/2024,Germany,Frankfurt,21.84
115890,2571,"Aug 22, 2024",08/25/2024,09/01/2024,France,Lyon,25.52
115895,2493,2024-08-23,2024-08-30,08/26/2024,Germany,Hamburg,22.2
115899,2016,08/23/2024,2024-09-03,2024-08-26,Germany,Munich,13.34
115903,2756,23/08/2024,2024-08-29,31/08/2024,Canada,Toronto,24.43
115904,2881,23.08.2024,26.08.2024,2024-08-25,Czech Republic,Prague,10.11
115907,2244,2024-08-23,2024-09-01,2024-09-02,Netherlands,Utrecht,13.72
115908,2884,23/08/2024,2024-08-28,08/29/2024,United Kingdom,London,7.15
115910,2839,2024-08-23,"Aug 28, 2024",,Germany,Frankfurt,16.77
115912,1535,2024-08-23,09/05/2024,29.08.2024,Germany,Frankfurt,6.36
115913,1393,23/08/2024,2024-08-29,,Italy,Turin,10.47
115914,2174,"Aug 23, 2024",2024-09-02,,Spain,Seville,15.4
115916,889,23/08/2024,2024-09-03,2024-08-27,USA,New York,18.25
115920,809,24/08/2024,2024-09-02,02.09.2024,Germany,Cologne,6.64
115928,1201,24.08.2024,2024-08-29,2024-08-26,Poland,Warsaw,27.12
115932,1168,2024-08-24,27.08.2024,,USA,Chicago,22.2
115933,187,2024-08-24,"Sep 04, 2024",2024-09-01,France,Marseille,17.71
115936,1338,2024-08-24,04/09/2024,2024-09-01,Germany,Frankfurt,6.12
115941,1929,2024-08-25,09/02/2024,2024-08-31,United Kingdom,Manchester,15.18
115943,517,"Aug 25, 2024",2024-09-03,01/09/2024,Spain,Valencia,3.92
115946,395,25/08/2024,"Sep 01, 2024",02/09/2024,Italy,Rome,17.39
115955,867,2024-08-26,2024-08-30,"Sep 01, 2024",France,Nice,34.81
115958,1997,26/08/2024,03/09/2024,03/09/2024,Austria,Salzburg,18.23
115959,280,2024-08-26,2024-09-07,09/06/2024,France,Toulouse,12.62
115962,2331,26/08/2024,2024-09-06,2024-09-04,USA,Austin,5.02
115963,1643,2024-08-26,29/08/2024,"Sep 01, 2024",United Kingdom,Manchester,30.36
115964,980,08/26/2024,2024-08-31,,Austria,Salzburg,10.25
115965,1596,26/08/2024,2024-09-04,08/31/2024,USA,Austin,24.97
115966,418,2024-08-26,08/30/2024,28/08/2024,Austria,Linz,14.7
115967,881,26.08.2024,2024-09-07,2024-09-03,Netherlands,Eindhoven,12.77
115968,421,2024-08-26,29/08/2024,03.09.2024,Italy,Turin,17.18
115969,2227,26.08.2024,08/09/2024,2024-09-01,France,Nice,47.2
115972,137,2024-08-26,"Aug 31, 2024",,Poland,Wroclaw,8.46
115973,2212,26/08/2024,07/09/2024,2024-09-06,Austria,Linz,37.48
115975,2717,2024-08-26,08/29/2024,,Spain,Madrid,10.24
115976,2987,2024-08-26,2024-09-07,2024-08-31,Poland,Krakow,16.71
115978,1906,26.08.2024,"Sep 02, 2024",04.09.2024,Poland,Krakow,11.86
115982,1220,2024-08-26,2024-08-29,2024-09-04,Czech Republic,Ostrava,20.85
115984,2416,27.08.2024,2024-09-02,2024-08-31,Sweden,Malmo,15.82
115988,1848,27.08.2024,01/09/2024,04.09.2024,France,Nice,5.9
115989,2809,2024-08-27,"Sep 03, 2024",03/09/2024,United Kingdom,Manchester,29.15
115990,597,2024-08-27,09/07/2024,"Aug 29, 2024",United Kingdom,Liverpool,20.22
115991,2870,27.08.2024,30/08/2024,2024-08-30,Spain,Valencia,38.2
115994,1026,2024-08-27,04.09.2024,02.09.2024,Italy,Milan,24.4
115996,2851,"Aug 27, 2024",30.08.2024,09/07/2024,Spain,Seville,9.39
116001,342,"Aug 27, 2024",2024-09-04,09/01/2024,Sweden,Uppsala,21.16
116010,2630,2024-08-28,31.08.2024,05/09/2024,United Kingdom,Liverpool,25.54
116011,2153,"Aug 28, 2024",2024-09-03,31/08/2024,Canada,Montreal,25.48
116019,412,2024-08-28,2024-09-09,2024-09-02,Poland,Warsaw,22.2
116021,318,2024-08-28,2024-09-10,2024-08-30,USA,Chicago,11.6
116023,393,08/28/2024,"Sep 05, 2024",2024-08-30,France,Marseille,26.29
116026,773,2024-08-28,"Sep 05, 2024",09/05/2024,Norway,Stavanger,29.28
116029,1761,"Aug 28, 2024",2024-09-02,2024-09-01,Germany,Cologne,11.03
116032,2318,08/28/2024,31.08.2024,"Sep 04, 2024",Italy,Rome,20.49
116033,2796,2024-08-28,2024-09-03,30/08/2024,USA,Seattle,24.96
116038,2075,2024-08-29,"Sep 01, 2024",09.09.2024,Poland,Warsaw,20.43
116039,2385,29/08/2024,2024-09-05,09.09.2024,Spain,Bilbao,40.74
116041,2598,29.08.2024,2024-09-04,,United Kingdom,Liverpool,3.92
116043,1697,29/08/2024,2024-09-06,09/09/2024,USA,Chicago,22.05
116046,121,2024-08-29,"Sep 01, 2024",31.08.2024,Germany,Frankfurt,8.83
116047,601,2024-08-29,09.09.2024,2024-08-30,Austria,Graz,6.54
116048,2571,29/08/2024,2024-09-05,"Aug 31, 2024",France,Lyon,24.42
116050,756,29.08.2024,2024-09-08,05/09/2024,Poland,Krakow,5.06
116051,2066,29/08/2024,"Sep 07, 2024",09/09/2024,Spain,Valencia,22.22
116057,2412,2024-08-30,2024-09-05,2024-09-06,Canada,Calgary,5.17
116058,2219,30/08/2024,09/03/2024,,Italy,Rome,12.61
116061,1243,2024-08-30,04/09/2024,2024-09-07,Canada,Ottawa,16.55
116063,5,30/08/2024,07/09/2024,2024-09-06,France,Lyon,30.22
116065,1893,"Aug 30, 2024",02/09/2024,09/10/2024,USA,Chicago,9.75
116066,521,"Aug 30, 2024",2024-09-08,09.09.2024,Austria,Salzburg,9.48
116074,2433,30/08/2024,"Sep 10, 2024",31/08/2024,Poland,Warsaw,-21.84
116076,402,2024-08-30,09/12/2024,2024-09-07,Poland,Warsaw,19.93
116079,2155,2024-08-30,2024-09-12,2024-09-02,Czech Republic,Pilsen,9.63
116080,2463,30/08/2024,03.09.2024,05.09.2024,Poland,Krakow,47.96
116083,1247,08/30/2024,10/09/2024,09/08/2024,France,Nice,22.43
116085,1424,2024-08-30,03.09.2024,"Aug 31, 2024",United Kingdom,Manchester,10.14
116086,1926,2024-08-30,2024-09-04,09/02/2024,France,Nice,6.1
116089,1404,2024-08-30,2024-09-03,,United Kingdom,London,6.33
116097,223,08/31/2024,07.09.2024,2024-09-07,France,Toulouse,7.91
116099,1550,2024-08-31,09/09/2024,"Sep 05, 2024",France,Paris,13.43
116100,2435,2024-08-31,08/09/2024,2024-09-07,USA,Seattle,28.97
116101,2400,31.08.2024,2024-09-09,,USA,New York,24.69
116104,625,2024-08-31,2024-09-13,2024-09-02,United Kingdom,Liverpool,5.34
116110,1997,08/31/2024,"Sep 09, 2024",02/09/2024,Austria,Salzburg,19.91
116114,439,2024-09-01,2024-09-12,2024-09-11,Czech Republic,Brno,37.62
116115,1356,"Sep 01, 2024",2024-09-10,2024-09-12,Netherlands,Amsterdam,9.43
116116,2116,01/09/2024,2024-09-08,"Sep 04, 2024",Netherlands,Rotterdam,5.25
116118,2806,2024-09-01,05/09/2024,08/09/2024,USA,Denver,17.61
116124,1665,"Sep 01, 2024","Sep 09, 2024",2024-09-02,France,Lyon,20.38
116126,2557,09/01/2024,10.09.2024,,Poland,Warsaw,19.01
116131,1773,01.09.2024,2024-09-07,2024-09-05,United Kingdom,London,5.34
116135,244,01/09/2024,2024-09-08,2024-09-02,Poland,Poznan,25.69
116137,2866,01/09/2024,"Sep 09, 2024",2024-09-08,USA,New York,18.89
116142,654,"Sep 02, 2024",09/07/2024,04.09.2024,Germany,Berlin,44.99
116144,2365,02.09.2024,2024-09-05,09/10/2024,France,Nice,35.68
116145,1981,"Sep 02, 2024",2024-09-11,"Sep 03, 2024",Poland,Krakow,7.73
116147,858,2024-09-02,2024-09-10,13/09/2024,Poland,Lodz,-25.27
116150,1386,02/09/2024,2024-09-15,2024-09-03,Poland,Poznan,10.82
116155,224,02/09/2024,08/09/2024,2024-09-06,Sweden,Gothenburg,7.51
116158,1620,2024-09-02,2024-09-10,10/09/2024,Germany,Frankfurt,6.54
116160,1151,02/09/2024,2024-09-10,"Sep 03, 2024",United Kingdom,Liverpool,29.56
116168,1030,09/03/2024,12.09.2024,14/09/2024,Germany,Frankfurt,13.72
116172,1444,2024-09-03,11.09.2024,13/09/2024,France,Marseille,10.94
116177,2828,03/09/2024,13.09.2024,09/09/2024,United Kingdom,Bristol,3.61
116179,2922,"Sep 03, 2024",10/09/2024,2024-09-06,Poland,Warsaw,20.5
116185,2635,09/04/2024,09/17/2024,2024-09-06,Poland,Krakow,13.34
116186,2794,2024-09-04,2024-09-08,09/07/2024,Netherlands,Eindhoven,31.3
116187,405,04/09/2024,09/15/2024,,Poland,Poznan,19.62
116188,1356,2024-09-04,2024-09-10,2024-09-12,Netherlands,Amsterdam,8.54
116190,166,04/09/2024,09/17/2024,2024-09-15,USA,Denver,10.4
116197,321,2024-09-04,"Sep 08, 2024",05/09/2024,USA,New York,12.02
116198,395,2024-09-04,2024-09-08,09/13/2024,Italy,Rome,-19.57
116199,2815,2024-09-04,2024-09-16,2024-09-08,Poland,Warsaw,21.38
116200,2954,04/09/2024,09/15/2024,08/09/2024,France,Marseille,34.65
116202,2995,2024-09-04,10/09/2024,2024-09-06,Czech Republic,Pilsen,12.91
116203,2788,2024-09-04,2024-09-09,14/09/2024,Netherlands,Amsterdam,21.43
116206,1972,05/09/2024,"Sep 15, 2024",2024-09-08,Italy,Florence,14.35
116215,2555,05/09/2024,2024-09-15,12/09/2024,USA,Chicago,37.23
116216,490,2024-09-05,2024-09-18,2024-09-10,Italy,Milan,73.86
116218,1334,05/09/2024,2024-09-13,2024-09-15,Spain,Madrid,14.65
116221,2961,05/09/2024,08/09/2024,14.09.2024,Italy,Rome,8.56
116230,887,2024-09-06,09/10/2024,09/16/2024,France,Marseille,22.04
116231,2449,2024-09-06,2024-09-18,2024-09-10,Canada,Toronto,5.18
116232,2228,2024-09-06,2024-09-09,2024-09-17,France,Toulouse,23.99
116235,1528,2024-09-06,2024-09-15,08.09.2024,Poland,Lodz,19.17
116238,1374,2024-09-06,09/13/2024,14/09/2024,France,Lyon,10.97
116239,2445,2024-09-06,2024-09-19,10/09/2024,Italy,Naples,25.28
116240,94,09/06/2024,09/09/2024,2024-09-10,United Kingdom,Leeds,14.16
116243,2754,2024-09-06,10/09/2024,16/09/2024,USA,New York,6.95
116244,13,09/06/2024,2024-09-17,2024-09-10,Italy,Rome,15.94
116249,2471,"Sep 07, 2024","Sep 14, 2024",,USA,Seattle,11.03
116252,2716,09/07/2024,18.09.2024,"Sep 18, 2024",Poland,Poznan,33.58
116253,1665,07/09/2024,2024-09-17,2024-09-09,France,Lyon,26.89
116255,201,2024-09-07,09/19/2024,"Sep 16, 2024",Czech Republic,Pilsen,16.34
116261,1900,09/07/2024,09/10/2024,2024-09-14,Germany,Berlin,9.29
116263,705,"Sep 07, 2024",15.09.2024,2024-09-09,Poland,Poznan,15.72
116265,1804,09/07/2024,2024-09-13,2024-09-08,USA,Chicago,35.41
116268,2686,2024-09-07,2024-09-16,15.09.2024,Czech Republic,Prague,22.37
116271,1457,2024-09-08,2024-09-11,,Canada,Calgary,46.35
116272,1953,2024-09-08,14/09/2024,12.09.2024,Spain,Valencia,25.47
116273,688,"Sep 08, 2024",09/12/2024,13.09.2024,Netherlands,Utrecht,23.95
116274,193,08/09/2024,"Sep 11, 2024",,France,Paris,30.49
116275,2042,2024-09-08,09/19/2024,10/09/2024,Spain,Barcelona,40.81
116276,2177,2024-09-08,2024-09-17,09/09/2024,Germany,Berlin,24.13
116278,1881,08/09/2024,2024-09-14,"Sep 15, 2024",Germany,Munich,22.66
116280,1938,"Sep 08, 2024",2024-09-13,09/19/2024,Germany,Cologne,7.94
116281,2883,08/09/2024,"Sep 11, 2024",2024-09-12,United Kingdom,Liverpool,21.89
116282,2096,"Sep 08, 2024",20/09/2024,2024-09-19,USA,New York,14.49
116283,853,"Sep 08, 2024",15.09.2024,2024-09-14,Czech Republic,Prague,19.03
116285,79,08.09.2024,2024-09-13,2024-09-14,Canada,Vancouver,22.55
116288,188,2024-09-08,2024-09-18,2024-09-12,Czech Republic,Pilsen,23.63
116291,1735,09/08/2024,2024-09-13,,Netherlands,Rotterdam,5.06
116296,151,09.09.2024,09/18/2024,,France,Lyon,25.2
116297,2907,2024-09-09,2024-09-17,16/09/2024,Sweden,Stockholm,7.67
116298,658,09.09.2024,2024-09-19,2024-09-15,Poland,Wroclaw,11.59
116299,2365,"Sep 09, 2024",2024-09-18,2024-09-11,France,Nice,12.71
116301,2005,2024-09-09,20.09.2024,2024-09-16,Spain,Bilbao,7.55
116303,2361,09/09/2024,2024-09-16,14.09.2024,France,Paris,11.95
116307,701,2024-09-09,13/09/2024,"Sep 19, 2024",United Kingdom,Liverpool,10.67
116308,2751,2024-09-09,2024-09-16,,France,Paris,19.42
116312,2430,2024-09-09,19/09/2024,2024-09-15,Czech Republic,Brno,15.07
116320,254,10/09/2024,"Sep 18, 2024",2024-09-17,Spain,Seville,9.77
116321,637,09/10/2024,2024-09-21,,USA,Boston,11.51
116325,357,10/09/2024,2024-09-13,2024-09-15,Germany,Frankfurt,19.21
116327,1411,10/09/2024,21/09/2024,2024-09-12,Austria,Salzburg,16.74
116334,2641,2024-09-11,09/18/2024,16.09.2024,France,Lyon,13.38
116335,946,2024-09-11,2024-09-24,2024-09-12,Czech Republic,Brno,11.22
116336,317,2024-09-11,2024-09-21,2024-09-17,United Kingdom,Leeds,22.24
116339,827,11/09/2024,23.09.2024,,Spain,Bilbao,6.46
116345,2532,11.09.2024,2024-09-24,2024-09-13,Spain,Valencia,25.46
116346,2357,2024-09-11,2024-09-21,19/09/2024,France,Marseille,19.52
116350,2951,09/11/2024,2024-09-19,15/09/2024,France,Nice,-4.72
116353,448,2024-09-11,2024-09-21,20/09/2024,Czech Republic,Brno,10.37
116355,2571,2024-09-11,09/17/2024,,France,Lyon,19.1
116362,2858,12/09/2024,25.09.2024,"Sep 13, 2024",Germany,Munich,24.62
116364,2129,2024-09-12,2024-09-24,"Sep 22, 2024",United Kingdom,Leeds,16.29
116366,1475,2024-09-12,2024-09-15,2024-09-17,Spain,Bilbao,7.09
116377,1950,"Sep 12, 2024",2024-09-25,,United Kingdom,Bristol,33.31
116380,1356,2024-09-12,20/09/2024,,Netherlands,Amsterdam,20.76
116395,538,13.09.2024,25/09/2024,09/17/2024,Germany,Hamburg,11.44
116397,2801,"Sep 13, 2024",16/09/2024,2024-09-22,Poland,Poznan,20.66
116398,2571,13.09.2024,"Sep 20, 2024","Sep 14, 2024",France,Lyon,18.57
116404,475,13.09.2024,2024-09-25,23/09/2024,Germany,Hamburg,26.32
116405,803,13/09/2024,09/26/2024,2024-09-19,Canada,Montreal,8.87
116407,2751,13/09/2024,2024-09-16,18/09/2024,France,Paris,17.5
116415,2492,2024-09-13,2024-09-18,,USA,Chicago,30.78
116416,2580,14.09.2024,26/09/2024,2024-09-15,United Kingdom,Liverpool,14.77
116417,1411,2024-09-14,18/09/2024,09/23/2024,Austria,Salzburg,10.34
116421,469,2024-09-14,09/23/2024,2024-09-22,France,Marseille,43.5
116422,1643,"Sep 14, 2024",2024-09-19,,United Kingdom,Manchester,52.7
116426,406,2024-09-14,2024-09-22,2024-09-19,Spain,Bilbao,17.23
116429,2739,2024-09-14,09/17/2024,2024-09-20,Norway,Oslo,22.72
116438,1639,2024-09-14,09/24/2024,23/09/2024,Poland,Warsaw,10.22
116442,1415,2024-09-14,2024-09-19,2024-09-25,Netherlands,Amsterdam,6.62
116444,2185,14/09/2024,2024-09-24,09/22/2024,Germany,Cologne,5.79
116445,1221,14/09/2024,18.09.2024,2024-09-21,Netherlands,Eindhoven,77.57
116446,358,09/14/2024,23.09.2024,2024-09-21,Poland,Warsaw,8.56
116448,975,2024-09-14,"Sep 25, 2024",,Germany,Hamburg,12.38
116449,2654,14.09.2024,09/22/2024,09/15/2024,Italy,Florence,25.95
116450,1154,2024-09-15,2024-09-22,25/09/2024,Norway,Trondheim,22.0
116451,206,2024-09-15,2024-09-26,2024-09-19,Sweden,Stockholm,14.27
116453,2685,15/09/2024,28.09.2024,,Sweden,Malmo,29.55
116454,1892,15/09/2024,19.09.2024,2024-09-22,Germany,Hamburg,14.89
116455,615,2024-09-15,22/09/2024,09/20/2024,Spain,Madrid,7.47
116456,1875,2024-09-15,"Sep 27, 2024",,Poland,Warsaw,16.05
116457,136,15.09.2024,24.09.2024,2024-09-16,Sweden,Uppsala,11.98
116459,2930,15/09/2024,2024-09-23,2024-09-20,Italy,Turin,24.5
116460,291,2024-09-15,2024-09-24,,Italy,Naples,26.74
116461,2251,09/15/2024,09/21/2024,2024-09-20,Poland,Krakow,4.25
116467,1279,15/09/2024,"Sep 19, 2024",18/09/2024,United Kingdom,Liverpool,9.08
116468,324,15/09/2024,18.09.2024,2024-09-23,France,Paris,14.8
116471,2268,2024-09-15,23.09.2024,2024-09-17,United Kingdom,Leeds,13.55
116473,1252,2024-09-15,26/09/2024,21/09/2024,Sweden,Stockholm,9.95
116475,1521,2024-09-15,2024-09-20,"Sep 21, 2024",USA,Chicago,23.61
116476,1804,16/09/2024,09/20/2024,27/09/2024,USA,Chicago,7.61
116477,681,2024-09-16,09/22/2024,2024-09-21,USA,Boston,31.07
116481,735,2024-09-16,2024-09-26,26.09.2024,Spain,Madrid,13.41
116482,538,2024-09-16,2024-09-29,09/26/2024,Germany,Hamburg,13.83
116483,744,09/16/2024,27/09/2024,2024-09-26,Germany,Cologne,8.2
116487,169,2024-09-16,19.09.2024,2024-09-21,Germany,Munich,7.76
116491,2419,16/09/2024,19/09/2024,2024-09-22,Austria,Salzburg,22.39
116493,615,16/09/2024,28.09.2024,2024-09-19,Spain,Madrid,24.94
116498,223,09/17/2024,2024-09-27,28.09.2024,France,Toulouse,5.88
116501,1067,17/09/2024,2024-09-20,2024-09-26,France,Paris,22.29
116506,685,2024-09-17,2024-09-29,27/09/2024,Spain,Valencia,3.99
116508,2148,17/09/2024,09/24/2024,2024-09-23,France,Nice,26.4
116515,2550,18/09/2024,23.09.2024,,Poland,Warsaw,7.68
116516,1752,"Sep 18, 2024",21.09.2024,22/09/2024,Poland,Warsaw,26.24
116519,460,2024-09-18,2024-09-23,29.09.2024,Norway,Trondheim,11.08
116526,1650,09/18/2024,2024-09-25,2024-09-19,Poland,Lodz,20.58
116527,2758,2024-09-18,2024-09-25,2024-09-27,Netherlands,Rotterdam,8.22
116528,666,2024-09-19,23/09/2024,,Czech Republic,Ostrava,15.06
116529,1565,09/19/2024,2024-09-22,2024-09-27,USA,New York,24.7
116530,76,2024-09-19,29/09/2024,"Sep 24, 2024",Germany,Hamburg,15.29
116531,2771,2024-09-19,"Sep 26, 2024",22.09.2024,USA,New York,25.3
116533,2756,2024-09-19,2024-09-23,22/09/2024,Canada,Toronto,14.03
116534,1013,19.09.2024,2024-10-02,"Sep 25, 2024",Czech Republic,Prague,10.97
116538,2291,2024-09-19,2024-10-01,2024-09-22,Italy,Rome,18.19
116545,1562,2024-09-19,2024-10-02,26/09/2024,Germany,Hamburg,8.44
116547,1033,09/19/2024,"Sep 25, 2024",2024-09-23,Poland,Lodz,38.36
116548,120,19.09.2024,2024-09-23,2024-09-21,Italy,Rome,7.85
116549,610,19/09/2024,2024-09-29,2024-09-28,Canada,Calgary,15.3
116550,1491,2024-09-19,09/22/2024,,France,Paris,11.95
116555,942,2024-09-20,2024-09-28,2024-09-30,Italy,Turin,12.78
116557,147,20.09.2024,23.09.2024,23/09/2024,Germany,Hamburg,17.17
116562,2255,2024-09-20,2024-10-01,09/29/2024,Poland,Warsaw,15.25
116565,517,2024-09-20,02/10/2024,25.09.2024,Spain,Valencia,6.63
116570,377,"Sep 20, 2024",09/24/2024,09/24/2024,Spain,Seville,25.27
116571,1308,2024-09-20,"Sep 29, 2024",2024-09-21,Canada,Montreal,25.36
116574,1573,20/09/2024,2024-09-27,,Canada,Vancouver,16.93
116575,1012,20/09/2024,09/23/2024,25/09/2024,Germany,Munich,21.87
116578,1897,"Sep 21, 2024","Sep 27, 2024","Oct 02, 2024",USA,Boston,29.24
116579,2064,21/09/2024,"Oct 01, 2024",2024-09-23,France,Toulouse,11.65
116580,2415,2024-09-21,2024-10-04,2024-09-27,Poland,Poznan,15.16
116590,2660,2024-09-21,27.09.2024,,Norway,Stavanger,21.07
116592,1979,2024-09-21,"Oct 04, 2024",,France,Toulouse,18.99
116597,35,"Sep 21, 2024","Sep 24, 2024",25/09/2024,Netherlands,Utrecht,12.47
116598,646,21/09/2024,09/30/2024,22/09/2024,Germany,Cologne,10.12
116600,2026,21/09/2024,24/09/2024,2024-09-25,United Kingdom,Manchester,5.48
116601,2696,22/09/2024,2024-10-03,,Norway,Bergen,26.95
116605,918,"Sep 22, 2024",2024-09-30,10/03/2024,USA,Chicago,26.72
116606,2524,2024-09-22,2024-10-03,2024-09-29,Italy,Rome,29.98
116609,711,2024-09-22,25/09/2024,26/09/2024,Canada,Montreal,18.12
116612,1262,2024-09-22,"Sep 28, 2024",10/03/2024,France,Paris,15.4
116613,1319,2024-09-22,01/10/2024,2024-10-01,United Kingdom,Liverpool,29.12
116614,538,"Sep 22, 2024",2024-10-01,23.09.2024,Germany,Hamburg,16.03
116615,428,2024-09-22,"Sep 30, 2024",23/09/2024,Germany,Berlin,18.29
116616,1315,09/22/2024,2024-09-25,2024-10-03,Czech Republic,Ostrava,9.21
116618,1900,"Sep 22, 2024",29/09/2024,25/09/2024,Germany,Berlin,17.95
116619,2632,2024-09-22,10/04/2024,24.09.2024,Italy,Milan,11.75
116622,958,"Sep 23, 2024",2024-10-02,2024-10-02,Poland,Poznan,37.51
116624,2351,2024-09-23,2024-10-05,09/28/2024,Sweden,Gothenburg,15.86
116625,1616,2024-09-23,09/26/2024,2024-09-28,France,Nice,22.2
116626,2416,23.09.2024,26/09/2024,2024-10-03,Sweden,Malmo,50.72
116628,631,23.09.2024,28/09/2024,,Spain,Bilbao,13.44
116631,94,2024-09-23,2024-10-05,2024-10-03,United Kingdom,Leeds,13.53
116632,872,2024-09-23,2024-10-04,"Sep 24, 2024",Netherlands,Rotterdam,11.28
116636,271,"Sep 23, 2024",04/10/2024,26.09.2024,Italy,Naples,13.56
116637,1329,"Sep 23, 2024",2024-10-02,01.10.2024,France,Lyon,24.92
116639,1642,"Sep 23, 2024",09/29/2024,2024-10-01,USA,New York,24.02
116642,119,09/24/2024,27/09/2024,10/03/2024,Austria,Vienna,23.51
116643,472,2024-09-24,10/05/2024,,France,Marseille,14.19
116647,2251,24.09.2024,07.10.2024,10/02/2024,Poland,Krakow,16.29
116651,921,2024-09-24,2024-10-06,,Spain,Madrid,14.51
116654,2936,2024-09-24,02/10/2024,2024-10-02,Czech Republic,Brno,9.44
116655,257,"Sep 24, 2024",2024-10-02,2024-09-26,France,Lyon,24.65
116658,2618,2024-09-24,06.10.2024,2024-09-27,USA,Denver,41.25
116664,2123,2024-09-24,2024-10-04,26/09/2024,France,Nice,26.01
116672,2936,2024-09-24,07/10/2024,2024-09-26,Czech Republic,Brno,7.09
116676,2426,25/09/2024,2024-10-04,"Oct 05, 2024",Norway,Oslo,17.62
116677,2064,2024-09-25,29/09/2024,,France,Toulouse,14.5
116678,141,2024-09-25,2024-10-07,2024-10-04,France,Paris,14.63
116680,1402,25.09.2024,30/09/2024,2024-10-02,Germany,Munich,26.18
116681,1632,09/25/2024,29.09.2024,09/27/2024,Austria,Linz,8.17
116685,975,2024-09-25,"Oct 06, 2024",2024-10-03,Germany,Hamburg,24.13
116689,1936,25/09/2024,10/08/2024,2024-10-05,USA,Denver,26.62
116693,101,09/25/2024,2024-10-05,2024-09-28,Norway,Stavanger,13.45
116695,1182,25.09.2024,2024-10-07,,Netherlands,Rotterdam,20.9
116702,1445,2024-09-26,2024-10-02,2024-09-28,France,Toulouse,33.86
116704,2389,2024-09-26,03.10.2024,2024-10-02,France,Toulouse,11.48
116705,2352,2024-09-26,2024-10-09,2024-10-04,Czech Republic,Brno,16.25
116711,2179,09/26/2024,30/09/2024,,Canada,Toronto,20.7
116714,116,2024-09-26,2024-10-07,,United Kingdom,London,22.53
116725,2663,2024-09-27,10/03/2024,10/02/2024,Netherlands,Amsterdam,27.59
116726,980,27/09/2024,03.10.2024,30.09.2024,Austria,Salzburg,13.29
116727,1209,2024-09-27,2024-10-05,2024-10-08,Netherlands,Utrecht,13.92
116729,1632,2024-09-27,2024-10-10,10/08/2024,Austria,Linz,21.66
116730,1981,09/27/2024,2024-10-08,,Poland,Krakow,10.26
116731,1729,2024-09-27,2024-10-04,03.10.2024,Sweden,Uppsala,11.26
116733,945,2024-09-27,10/08/2024,2024-09-30,USA,Boston,13.92
116734,735,2024-09-27,30.09.2024,29/09/2024,Spain,Madrid,9.28
116735,1951,09/27/2024,10/10/2024,"Oct 01, 2024",United Kingdom,Bristol,19.46
116738,2898,09/27/2024,2024-10-07,07/10/2024,Germany,Munich,15.38
116741,627,"Sep 27, 2024",2024-10-10,"Oct 02, 2024",Poland,Gdansk,11.89
116742,2396,27.09.2024,02.10.2024,"Oct 01, 2024",USA,Seattle,15.45
116746,2394,2024-09-27,2024-09-30,30.09.2024,Spain,Bilbao,24.49
116747,2798,2024-09-27,2024-10-01,04/10/2024,Norway,Oslo,48.86
116750,1816,28.09.2024,11/10/2024,2024-10-01,USA,Seattle,19.28
116751,90,2024-09-28,2024-10-09,2024-10-07,United Kingdom,Leeds,15.74
116759,2951,2024-09-28,10/06/2024,2024-10-01,France,Nice,13.85
116765,1662,28.09.2024,2024-10-09,,USA,Denver,9.62
116769,998,09/28/2024,11.10.2024,,Germany,Cologne,21.1
116772,460,2024-09-29,2024-10-04,09.10.2024,Norway,Trondheim,18.38
116774,2036,"Sep 29, 2024",10/10/2024,09/30/2024,Spain,Seville,6.3
116776,2132,09/29/2024,03/10/2024,,Poland,Krakow,34.45
116777,1734,2024-09-29,2024-10-08,2024-10-04,Norway,Oslo,11.41
116787,2709,29/09/2024,2024-10-02,08/10/2024,USA,New York,40.03
116789,1437,29/09/2024,"Oct 02, 2024",03/10/2024,Czech Republic,Pilsen,9.13
116792,371,2024-09-29,10/07/2024,09.10.2024,Germany,Cologne,25.78
116793,2959,29/09/2024,10/12/2024,2024-10-05,France,Marseille,14.01
116799,96,2024-09-29,10/11/2024,,France,Paris,28.0
116800,922,30/09/2024,10/09/2024,2024-10-01,Germany,Berlin,12.87
116801,519,09/30/2024,07/10/2024,"Oct 11, 2024",Italy,Naples,20.53
116803,2402,"Sep 30, 2024",08.10.2024,,Germany,Munich,7.9
116805,938,"Sep 30, 2024","Oct 03, 2024",03/10/2024,Spain,Bilbao,37.21
116806,932,09/30/2024,2024-10-06,2024-10-04,USA,Boston,5.27
116811,1587,30.09.2024,10/09/2024,02/10/2024,Poland,Lodz,11.25
116812,587,2024-09-30,2024-10-07,10/02/2024,USA,Chicago,17.96
116814,886,2024-09-30,2024-10-05,2024-10-09,Italy,Milan,13.53
116816,2043,30/09/2024,2024-10-07,05/10/2024,France,Marseille,13.48
116818,177,2024-09-30,2024-10-13,2024-10-08,USA,Austin,23.48
116822,92,"Sep 30, 2024",2024-10-06,,Germany,Berlin,12.59
116827,2646,2024-09-30,08/10/2024,09/10/2024,United Kingdom,Bristol,19.98
116828,1926,2024-09-30,2024-10-13,03.10.2024,France,Nice,23.04
116834,1364,01/10/2024,2024-10-10,,Canada,Vancouver,9.55
116840,648,2024-10-01,10/14/2024,,France,Marseille,51.13
116845,2259,2024-10-01,2024-10-10,10/07/2024,Spain,Barcelona,9.4
116848,2809,01.10.2024,12.10.2024,,United Kingdom,Manchester,25.08
116850,2191,2024-10-01,06.10.2024,2024-10-11,Germany,Frankfurt,47.71
116857,121,10/01/2024,08/10/2024,08.10.2024,Germany,Frankfurt,16.73
116862,1860,"Oct 02, 2024",10/11/2024,12/10/2024,Germany,Frankfurt,19.73
116863,2405,2024-10-02,2024-10-13,09.10.2024,Netherlands,Rotterdam,8.23
116864,2268,"Oct 02, 2024",2024-10-13,2024-10-06,United Kingdom,Leeds,20.7
116869,270,2099-01-01,2024-10-07,"Oct 08, 2024",USA,Denver,10.62
116870,2005,2024-10-02,15.10.2024,2024-10-11,Spain,Bilbao,6.67
116871,931,"Oct 02, 2024",09.10.2024,2024-10-10,Spain,Seville,23.57
116873,1884,2024-10-02,14.10.2024,10/07/2024,Spain,Barcelona,43.79
116875,933,10/02/2024,06/10/2024,,Germany,Cologne,14.9
116876,2296,2024-10-02,15.10.2024,10/03/2024,United Kingdom,London,9.67
116878,2317,2024-10-02,06.10.2024,,Germany,Hamburg,14.32
116880,2676,02/10/2024,"Oct 11, 2024",,Austria,Vienna,15.29
116881,1478,"Oct 02, 2024",11.10.2024,13/10/2024,United Kingdom,Leeds,22.19
116883,1860,2024-10-02,2024-10-07,"Oct 07, 2024",Germany,Frankfurt,23.59
116885,2295,02.10.2024,2024-10-07,2024-10-05,United Kingdom,Bristol,21.07
116886,1627,10/02/2024,"Oct 14, 2024",2024-10-09,Poland,Lodz,31.7
116890,278,2024-10-02,2024-10-11,12/10/2024,Poland,Poznan,26.53
116891,1771,2024-10-02,10/07/2024,2024-10-09,Netherlands,Eindhoven,12.71
116893,2619,10/03/2024,2024-10-13,07/10/2024,Sweden,Stockholm,25.54
116898,1280,10/03/2024,11.10.2024,2024-10-09,Netherlands,Rotterdam,12.18
116899,2250,"Oct 03, 2024",12/10/2024,,Germany,Berlin,11.08
116902,367,03.10.2024,2024-10-13,10.10.2024,Spain,Madrid,13.77
116904,1998,03/10/2024,2024-10-07,,Spain,Bilbao,32.85
116906,1583,03/10/2024,2024-10-13,2024-10-13,France,Marseille,12.51
116914,942,2024-10-03,13/10/2024,2024-10-10,Italy,Turin,10.88
116919,2003,"Oct 03, 2024",2024-10-06,09/10/2024,France,Toulouse,14.65
116923,144,2024-10-03,2024-10-08,,United Kingdom,Leeds,15.99
116925,1485,03/10/2024,2024-10-14,2024-10-05,Spain,Bilbao,36.07
116926,2475,2024-10-03,2024-10-11,05/10/2024,Germany,Munich,10.4
116930,2259,10/04/2024,"Oct 09, 2024",09/10/2024,Spain,Barcelona,31.22
116931,1368,2024-10-04,09/10/2024,2024-10-13,France,Nice,24.75
116933,2922,04.10.2024,15.10.2024,10/05/2024,Poland,Warsaw,21.57
116934,2981,04/10/2024,15.10.2024,10/10/2024,Spain,Bilbao,52.36
116938,470,2024-10-04,15/10/2024,2024-10-08,USA,Denver,17.24
116940,139,04/10/2024,2024-10-10,2024-10-09,USA,Chicago,20.7
116941,822,2024-10-04,2024-10-11,10/10/2024,Czech Republic,Brno,29.26
116944,535,2024-10-04,2024-10-10,2024-10-15,Poland,Warsaw,44.38
116948,376,10/04/2024,"Oct 16, 2024",2024-10-08,Poland,Poznan,10.63
116951,1022,04.10.2024,10/13/2024,2024-10-08,Netherlands,Rotterdam,34.39
116952,758,2024-10-04,2024-10-16,2024-10-15,France,Toulouse,28.83
116957,427,2024-10-04,"Oct 15, 2024","Oct 05, 2024",Spain,Valencia,9.8
116959,514,05.10.2024,15.10.2024,,USA,Seattle,27.05
116962,395,"Oct 05, 2024",2024-10-17,16/10/2024,Italy,Rome,15.3
116963,1983,05.10.2024,17/10/2024,13/10/2024,Norway,Trondheim,6.66
116964,2997,05.10.2024,12/10/2024,2024-10-06,Poland,Poznan,25.63
116965,2474,2024-10-05,2024-10-15,12.10.2024,Netherlands,Rotterdam,24.26
116967,1847,2024-10-05,2024-10-13,2024-10-12,Netherlands,Amsterdam,14.93
116972,1518,2024-10-05,17/10/2024,10/06/2024,Sweden,Malmo,7.4
116974,1815,2024-10-05,10/09/2024,,Germany,Berlin,11.85
116975,2982,2024-10-05,10/08/2024,2024-10-07,Sweden,Gothenburg,18.3
116982,1996,05/10/2024,2024-10-13,2024-10-13,France,Nice,17.78
116983,124,05.10.2024,"Oct 10, 2024",11.10.2024,Germany,Cologne,19.19
116987,468,"Oct 05, 2024","Oct 08, 2024",2024-10-15,France,Marseille,10.24
116991,89,2024-10-05,2024-10-16,10/08/2024,USA,Denver,6.68
116993,2130,05/10/2024,16.10.2024,2024-10-14,United Kingdom,London,11.68
116994,1942,10/05/2024,10/11/2024,2024-10-10,United Kingdom,London,47.36
116997,491,10/05/2024,2024-10-18,10/13/2024,Poland,Wroclaw,28.37
116999,2275,2024-10-05,"Oct 09, 2024","Oct 07, 2024",Germany,Berlin,23.07
117002,2030,2024-10-05,2024-10-16,2024-10-10,Poland,Lodz,15.92
117007,2864,"Oct 06, 2024",12/10/2024,"Oct 08, 2024",Poland,Gdansk,17.71
117009,2881,06.10.2024,2024-10-09,10/10/2024,Czech Republic,Prague,13.45
117011,378,06/10/2024,2024-10-09,10/10/2024,United Kingdom,Manchester,17.52
117026,1622,2099-01-01,2024-10-13,"Oct 13, 2024",United Kingdom,Liverpool,15.31
117030,2948,2024-10-06,10/15/2024,,France,Marseille,20.98
117034,656,2024-10-07,"Oct 14, 2024",,Italy,Turin,20.93
117035,2848,"Oct 07, 2024",2024-10-20,2024-10-14,Poland,Lodz,9.19
117036,2546,07.10.2024,"Oct 17, 2024",2024-10-18,Austria,Salzburg,11.51
117040,2236,2024-10-07,2024-10-17,10/17/2024,Poland,Warsaw,35.8
117046,2707,2024-10-07,17/10/2024,10/13/2024,Italy,Turin,16.22
117049,1360,"Oct 07, 2024",2024-10-17,2024-10-15,Sweden,Gothenburg,10.54
117053,1425,2024-10-07,10/20/2024,14.10.2024,Sweden,Uppsala,7.55
117056,687,2024-10-07,18/10/2024,10/10/2024,France,Lyon,7.64
117060,800,2024-10-07,2024-10-19,2024-10-16,USA,Chicago,13.26
117063,337,07/10/2024,10/11/2024,10/17/2024,United Kingdom,Manchester,17.42
117073,367,"Oct 08, 2024",11/10/2024,2024-10-18,Spain,Madrid,28.39
117074,2344,08/10/2024,15/10/2024,15.10.2024,Poland,Lodz,8.19
117075,1461,08/10/2024,2024-10-14,13/10/2024,USA,Denver,15.93
117076,2524,"Oct 08, 2024",10/15/2024,10/14/2024,Italy,Rome,10.01
117078,2004,08/10/2024,2024-10-17,2024-10-17,Poland,Poznan,14.63
117081,2331,10/08/2024,21.10.2024,10/10/2024,USA,Austin,41.8
117084,1629,08.10.2024,2024-10-19,10/10/2024,Austria,Linz,16.8
117087,764,2024-10-09,2024-10-21,10/20/2024,Sweden,Gothenburg,46.22
117088,668,2024-10-09,2024-10-21,2024-10-18,Germany,Munich,31.09
117089,2071,2024-10-09,2024-10-13,2024-10-11,Germany,Berlin,26.33
117093,1041,2024-10-09,15/10/2024,2024-10-16,Spain,Seville,15.91
117099,1939,"Oct 09, 2024",22.10.2024,10/17/2024,Germany,Berlin,5.48
117105,1323,09/10/2024,10/17/2024,18/10/2024,Sweden,Malmo,27.12
117108,1177,10/09/2024,10/12/2024,2024-10-18,Germany,Berlin,10.67
117109,103,2024-10-09,10/18/2024,19.10.2024,United Kingdom,Liverpool,29.19
117110,790,2024-10-09,"Oct 17, 2024",,Netherlands,Amsterdam,21.91
117119,1328,2024-10-10,2024-10-20,2024-10-11,Spain,Barcelona,21.51
117121,2970,2024-10-10,15.10.2024,21.10.2024,Netherlands,Amsterdam,22.09
117122,1884,10/10/2024,"Oct 16, 2024",2024-10-14,Spain,Barcelona,12.86
117126,1770,2024-10-10,2024-10-16,10/15/2024,Norway,Stavanger,10.81
117129,2102,2024-10-10,2024-10-19,2024-10-15,USA,Chicago,14.46
117132,658,10/10/2024,"Oct 18, 2024",2024-10-12,Poland,Wroclaw,16.48
117133,2294,10/10/2024,2024-10-19,"Oct 14, 2024",Austria,Vienna,18.4
117135,68,2024-10-10,2024-10-14,,Germany,Hamburg,35.08
117141,642,10/10/2024,16/10/2024,11/10/2024,Poland,Wroclaw,28.56
117142,1309,2024-10-10,16.10.2024,2024-10-20,USA,Chicago,27.57
117144,1355,2024-10-10,15/10/2024,2024-10-14,Spain,Madrid,21.8
117147,1784,10/10/2024,22/10/2024,"Oct 12, 2024",United Kingdom,Leeds,24.55
117148,2697,10/10/2024,2024-10-20,20/10/2024,Canada,Montreal,10.09
117149,2994,10/10/2024,2024-10-19,2024-10-16,Czech Republic,Prague,41.53
117154,1900,2024-10-11,10/22/2024,,Germany,Berlin,20.47
117160,2369,10/11/2024,2024-10-22,2024-10-13,Spain,Valencia,12.88
117163,1382,2024-10-11,2024-10-24,18/10/2024,Czech Republic,Brno,12.96
117170,2092,2024-10-11,2024-10-23,2024-10-22,Austria,Linz,33.61
117172,637,11.10.2024,14/10/2024,2024-10-18,USA,Boston,28.32
117173,2922,2024-10-11,2024-10-24,2024-10-13,Poland,Warsaw,13.16
117180,2131,"Oct 11, 2024",10/21/2024,10/13/2024,USA,Seattle,36.22
117184,746,11/10/2024,2024-10-19,12.10.2024,France,Nice,20.51
117185,1374,2024-10-11,10/21/2024,10/12/2024,France,Lyon,6.99
117190,662,2024-10-11,15.10.2024,21.10.2024,Austria,Linz,18.86
117192,985,2024-10-11,16/10/2024,22/10/2024,Poland,Wroclaw,21.46
117193,609,2024-10-11,23.10.2024,"Oct 19, 2024",Spain,Madrid,8.6
117195,43,12/10/2024,10/24/2024,2024-10-17,France,Toulouse,24.33
117203,683,2024-10-12,"Oct 15, 2024",,Germany,Berlin,14.66
117205,1084,12.10.2024,2024-10-21,"Oct 21, 2024",Austria,Salzburg,5.04
117206,666,10/12/2024,2024-10-15,2024-10-15,Czech Republic,Ostrava,38.45
117210,2699,12.10.2024,10/20/2024,"Oct 14, 2024",France,Paris,28.8
117214,826,2024-10-12,"Oct 18, 2024","Oct 19, 2024",Austria,Linz,7.55
117218,877,12/10/2024,2024-10-18,,Netherlands,Utrecht,27.01
117219,821,2024-10-12,2024-10-20,2024-10-20,France,Paris,11.62
117222,1488,10/12/2024,20.10.2024,17/10/2024,Spain,Valencia,8.84
117223,376,12.10.2024,2024-10-18,14/10/2024,Poland,Poznan,5.28
117224,2778,2024-10-12,2024-10-23,2024-10-23,Netherlands,Eindhoven,38.44
117225,905,2024-10-13,20/10/2024,2024-10-22,Spain,Bilbao,33.34
117226,1420,2024-10-13,10/21/2024,10/18/2024,France,Marseille,42.45
117232,74,10/13/2024,24/10/2024,,Germany,Hamburg,17.95
117237,1486,13.10.2024,2024-10-19,,France,Toulouse,14.51
117239,1314,13/10/2024,26.10.2024,2024-10-16,Netherlands,Rotterdam,13.29
117241,190,13/10/2024,2024-10-19,14/10/2024,Czech Republic,Pilsen,30.14
117242,1247,2024-10-13,23.10.2024,10/21/2024,France,Nice,25.97
117243,193,13/10/2024,2024-10-23,2024-10-22,France,Paris,26.11
117244,1435,13.10.2024,26.10.2024,"Oct 18, 2024",Sweden,Stockholm,7.85
117245,1887,2024-10-13,2024-10-23,2024-10-20,United Kingdom,Leeds,5.83
117250,2697,10/13/2024,10/16/2024,2024-10-24,Canada,Montreal,11.59
117256,2592,10/14/2024,25.10.2024,2024-10-24,Norway,Stavanger,13.12
117259,385,2024-10-14,20/10/2024,2024-10-22,Italy,Turin,26.18
117260,762,2024-10-14,2024-10-17,2024-10-19,France,Paris,10.28
117262,2372,2024-10-14,"Oct 19, 2024","Oct 22, 2024",France,Marseille,5.12
117263,638,10/14/2024,18/10/2024,"Oct 22, 2024",Italy,Rome,14.42
117264,879,10/14/2024,21.10.2024,2024-10-25,Italy,Rome,27.33
117267,188,"Oct 14, 2024",2024-10-17,2024-10-20,Czech Republic,Pilsen,33.83
117269,2392,14.10.2024,"Oct 25, 2024",20/10/2024,Germany,Hamburg,5.56
117271,183,2024-10-14,2024-10-23,2024-10-20,Italy,Milan,77.76
117275,2079,14/10/2024,2024-10-17,10/21/2024,Spain,Bilbao,18.53
117277,932,2024-10-14,2024-10-25,2024-10-16,USA,Boston,13.02
117285,661,2024-10-14,2024-10-22,15.10.2024,USA,Boston,22.52
117289,2369,14/10/2024,18/10/2024,2024-10-20,Spain,Valencia,54.88
117293,1446,2024-10-14,10/24/2024,19/10/2024,Poland,Wroclaw,9.88
117295,2617,"Oct 15, 2024",2024-10-24,,Germany,Munich,6.37
117300,2516,15/10/2024,2024-10-19,2024-10-16,Norway,Stavanger,13.63
117303,1887,2024-10-15,2024-10-20,17.10.2024,United Kingdom,Leeds,13.98
117308,1501,15/10/2024,2024-10-22,22/10/2024,France,Paris,23.25
117309,1145,2024-10-15,2024-10-27,17.10.2024,Germany,Munich,10.47
117311,2666,2024-10-15,10/18/2024,2024-10-26,Poland,Gdansk,19.61
117312,2540,2024-10-15,2024-10-25,26.10.2024,Austria,Linz,30.61
117313,889,"Oct 15, 2024",10/28/2024,"Oct 20, 2024",USA,New York,12.96
117314,1959,2024-10-15,2024-10-24,,Sweden,Gothenburg,20.66
117316,1222,10/15/2024,"Oct 21, 2024","Oct 24, 2024",Poland,Gdansk,14.43
117318,1569,2024-10-15,10/24/2024,18/10/2024,USA,Austin,12.45
117323,351,2024-10-15,26/10/2024,20/10/2024,Sweden,Stockholm,22.77
117325,787,10/15/2024,27.10.2024,2024-10-26,USA,Austin,11.51
117327,887,15.10.2024,2024-10-24,2024-10-24,France,Marseille,3.54
117330,938,"Oct 15, 2024",27/10/2024,2024-10-16,Spain,Bilbao,24.85
117332,520,2024-10-15,2024-10-24,25.10.2024,Poland,Poznan,13.46
117338,2744,"Oct 16, 2024","Oct 21, 2024",26/10/2024,Poland,Wroclaw,17.78
117339,455,16/10/2024,"Oct 20, 2024","Oct 18, 2024",USA,Boston,24.21
117349,2930,2024-10-16,25/10/2024,10/22/2024,Italy,Turin,15.53
117351,2788,16.10.2024,10/27/2024,18/10/2024,Netherlands,Amsterdam,18.8
117352,2323,"Oct 16, 2024",2024-10-28,2024-10-17,USA,Boston,28.2
117353,276,16/10/2024,2024-10-24,20/10/2024,Norway,Oslo,19.19
117354,981,2024-10-16,2024-10-23,2024-10-27,Austria,Vienna,23.01
117361,2042,16/10/2024,2024-10-26,10/18/2024,Spain,Barcelona,16.66
117362,2737,16/10/2024,10/26/2024,18/10/2024,Canada,Vancouver,5.43
117363,1344,2024-10-16,19/10/2024,"Oct 20, 2024",United Kingdom,Leeds,6.86
117364,1875,17.10.2024,"Oct 21, 2024",21.10.2024,Poland,Warsaw,10.38
117370,642,2024-10-17,10/28/2024,20/10/2024,Poland,Wroclaw,12.53
117375,1877,10/17/2024,21/10/2024,18.10.2024,Germany,Frankfurt,40.2
117376,451,17.10.2024,2024-10-21,2024-10-25,Poland,Poznan,15.27
117378,2733,2024-10-17,10/27/2024,2024-10-22,USA,Seattle,11.25
117383,2972,17.10.2024,2024-10-28,2024-10-25,United Kingdom,Liverpool,38.03
117387,1178,2024-10-17,10/30/2024,2024-10-28,Germany,Berlin,14.03
117390,2449,17.10.2024,20/10/2024,26/10/2024,Canada,Toronto,10.2
117391,1953,2024-10-17,"Oct 29, 2024",10/20/2024,Spain,Valencia,8.43
117396,2548,18.10.2024,2024-10-23,23.10.2024,Austria,Salzburg,28.52
117397,560,10/18/2024,"Oct 27, 2024","Oct 22, 2024",France,Lyon,19.4
117399,1643,"Oct 18, 2024",30/10/2024,28.10.2024,United Kingdom,Manchester,9.42
117405,1760,18/10/2024,"Oct 31, 2024",2024-10-21,Czech Republic,Prague,26.6
117407,1295,10/18/2024,2024-10-25,2024-10-26,USA,Denver,27.12
117408,578,2024-10-18,"Oct 30, 2024",,Canada,Calgary,16.71
117410,2601,18.10.2024,29/10/2024,"Oct 23, 2024",Sweden,Uppsala,5.6
117414,656,2024-10-18,2024-10-29,,Italy,Turin,13.47
117415,2066,18.10.2024,2024-10-25,10/27/2024,Spain,Valencia,11.81
117421,773,2024-10-18,10/26/2024,2024-10-26,Norway,Stavanger,14.64
117427,2994,18.10.2024,2024-10-28,24/10/2024,Czech Republic,Prague,9.71
117433,1075,10/19/2024,"Oct 28, 2024",10/23/2024,Czech Republic,Pilsen,-15.96
117441,2493,2024-10-19,2024-10-30,2024-10-30,Germany,Hamburg,27.78
117442,1694,2024-10-19,"Oct 29, 2024",,Poland,Krakow,-15.35
117443,1908,19.10.2024,2024-11-01,2024-10-24,France,Toulouse,19.92
117444,520,2024-10-19,23.10.2024,2024-10-26,Poland,Poznan,22.05
117447,2005,2024-10-19,"Oct 27, 2024",28/10/2024,Spain,Bilbao,12.0
117450,2475,19/10/2024,01.11.2024,2024-10-30,Germany,Munich,34.1
117451,2666,19/10/2024,2024-10-22,2024-10-25,Poland,Gdansk,22.65
117454,1884,2024-10-19,10/29/2024,,Spain,Barcelona,16.09
117457,137,20/10/2024,2024-11-01,,Poland,Wroclaw,12.35
117459,859,20.10.2024,"Oct 26, 2024",31/10/2024,United Kingdom,Leeds,5.27
117460,1816,2024-10-20,10/26/2024,30/10/2024,USA,Seattle,16.19
117468,1445,20.10.2024,2024-10-31,2024-10-28,France,Toulouse,10.17
117472,1394,2024-10-20,01.11.2024,23.10.2024,Netherlands,Amsterdam,8.46
117474,1469,"Oct 20, 2024",2024-11-01,24/10/2024,Netherlands,Amsterdam,11.94
117475,313,10/20/2024,31/10/2024,"Oct 29, 2024",Czech Republic,Ostrava,17.27
117478,800,2024-10-20,24.10.2024,22.10.2024,USA,Chicago,35.34
117482,2870,10/20/2024,01/11/2024,"Oct 30, 2024",Spain,Valencia,37.08
117487,206,2024-10-21,27.10.2024,2024-10-22,Sweden,Stockholm,5.13
117497,1748,2024-10-21,2024-10-27,22/10/2024,Italy,Rome,8.74
117498,2660,21.10.2024,01.11.2024,10/26/2024,Norway,Stavanger,14.34
117499,2859,2024-10-21,"Oct 30, 2024",2024-10-22,Sweden,Malmo,17.6
117506,1052,21.10.2024,2024-11-03,2024-10-22,Canada,Ottawa,16.29
117508,431,2024-10-21,"Oct 27, 2024",2024-10-23,Netherlands,Utrecht,-13.72
117511,263,"Oct 21, 2024",01.11.2024,10/22/2024,Czech Republic,Brno,23.39
117515,945,2024-10-22,2024-10-28,,USA,Boston,21.67
117518,2056,22/10/2024,27.10.2024,,Germany,Cologne,23.96
117522,824,22.10.2024,2024-11-04,2024-10-28,Poland,Lodz,18.19
117525,830,2024-10-22,2024-10-26,2024-10-29,Germany,Frankfurt,14.92
117530,1598,2024-10-22,11/02/2024,02.11.2024,USA,Seattle,16.99
117533,2883,2024-10-22,31/10/2024,01.11.2024,United Kingdom,Liverpool,15.69
117538,998,22.10.2024,2024-10-29,31/10/2024,Germany,Cologne,27.39
117541,1285,"Oct 22, 2024",03/11/2024,24/10/2024,USA,Boston,24.66
117543,1662,22/10/2024,04.11.2024,2024-10-30,USA,Denver,26.72
117544,605,2024-10-22,28/10/2024,10/29/2024,Spain,Barcelona,25.74
117547,1838,10/22/2024,2024-10-29,,United Kingdom,Liverpool,7.02
117549,2137,2024-10-22,10/25/2024,27.10.2024,United Kingdom,London,20.32
117552,2148,2024-10-23,10/30/2024,03/11/2024,France,Nice,12.61
117557,90,23.10.2024,2024-11-05,30.10.2024,United Kingdom,Leeds,6.26
117561,2828,10/23/2024,2024-10-31,10/27/2024,United Kingdom,Bristol,6.25
117562,787,2024-10-23,2024-10-27,,USA,Austin,20.74
117566,1142,"Oct 23, 2024","Oct 27, 2024","Oct 30, 2024",Germany,Cologne,22.02
117567,439,23.10.2024,29/10/2024,30/10/2024,Czech Republic,Brno,19.14
117571,1971,2024-10-23,"Oct 28, 2024",2024-10-24,Netherlands,Utrecht,50.16
117573,136,10/23/2024,2024-11-02,31.10.2024,Sweden,Uppsala,20.02
117585,1410,10/24/2024,2024-11-04,"Nov 01, 2024",France,Nice,7.55
117589,144,2024-10-24,30/10/2024,"Nov 01, 2024",United Kingdom,Leeds,5.04
117590,631,24/10/2024,2024-10-29,2024-10-29,Spain,Bilbao,17.74
117591,322,10/24/2024,"Nov 02, 2024",11/03/2024,Spain,Madrid,47.77
117594,2585,2024-10-24,"Nov 06, 2024",,Germany,Hamburg,6.69
117596,2261,"Oct 24, 2024",10/28/2024,2024-10-26,Germany,Munich,25.07
117600,2675,10/24/2024,2024-11-02,2024-11-03,Czech Republic,Prague,6.54
117604,800,24/10/2024,06/11/2024,,USA,Chicago,32.87
117608,1803,25/10/2024,"Oct 30, 2024",10/30/2024,Sweden,Gothenburg,21.42
117611,1981,10/25/2024,2024-11-02,2024-11-04,Poland,Krakow,7.44
117612,1165,2024-10-25,2024-11-06,"Oct 26, 2024",Poland,Gdansk,16.29
117614,998,25.10.2024,28/10/2024,,Germany,Cologne,3.75
117615,449,2024-10-25,2024-11-05,2024-10-29,Germany,Frankfurt,59.95
117617,2259,"Oct 25, 2024","Oct 29, 2024","Nov 01, 2024",Spain,Barcelona,16.1
117618,1079,2024-10-25,2024-10-30,28/10/2024,France,Paris,19.62
117620,2735,2024-10-25,04.11.2024,"Nov 02, 2024",USA,Chicago,19.79
117625,1488,10/25/2024,11/03/2024,2024-11-05,Spain,Valencia,17.61
117629,858,2024-10-25,"Oct 30, 2024",2024-10-30,Poland,Lodz,6.03
117635,2920,2024-10-25,2024-11-05,05/11/2024,Germany,Frankfurt,13.02
117638,1359,2024-10-25,30.10.2024,,Poland,Lodz,21.04
117640,1719,"Oct 25, 2024",2024-11-03,,Netherlands,Eindhoven,19.68
117641,172,2024-10-25,2024-11-02,,Italy,Turin,10.79
117642,665,"Oct 25, 2024",2024-11-03,,United Kingdom,Manchester,11.86
117645,1337,2024-10-26,31/10/2024,,Poland,Lodz,20.21
117659,2997,26/10/2024,10/30/2024,2024-10-27,Poland,Poznan,7.78
117665,1846,10/26/2024,2024-11-03,2024-11-03,France,Marseille,34.53
117666,2647,2024-10-26,06.11.2024,06.11.2024,Italy,Florence,13.1
117667,1013,26.10.2024,06/11/2024,2024-11-02,Czech Republic,Prague,40.55
117673,357,2024-10-26,2024-11-08,27/10/2024,Germany,Frankfurt,10.89
117677,1534,26/10/2024,04/11/2024,2024-10-31,Germany,Munich,9.44
117679,74,27/10/2024,11/04/2024,2024-11-07,Germany,Hamburg,8.69
117681,1771,2024-10-27,2024-11-03,31/10/2024,Netherlands,Eindhoven,30.28
117684,2524,27/10/2024,06/11/2024,10/29/2024,Italy,Rome,8.29
117693,2660,"Oct 27, 2024","Nov 06, 2024",,Norway,Stavanger,9.73
117694,2449,"Oct 27, 2024","Nov 01, 2024","Nov 01, 2024",Canada,Toronto,7.36
117695,1597,"Oct 27, 2024",2024-11-01,11/05/2024,Poland,Krakow,21.55
117701,165,"Oct 27, 2024",07.11.2024,2024-11-04,Germany,Hamburg,8.85
117702,2255,"Oct 27, 2024",30.10.2024,11/04/2024,Poland,Warsaw,20.97
117708,2813,"Oct 28, 2024",01.11.2024,11/06/2024,Poland,Gdansk,23.85
117712,1231,2024-10-28,2024-11-03,,Poland,Warsaw,9.63
117714,1471,2024-10-28,"Oct 31, 2024",04.11.2024,Spain,Valencia,14.97
117715,1489,2024-10-28,11/03/2024,,Germany,Berlin,18.13
117717,2676,28.10.2024,01.11.2024,2024-11-05,Austria,Vienna,15.61
117718,2768,28/10/2024,10/11/2024,01.11.2024,Germany,Hamburg,23.25
117729,2594,"Oct 28, 2024",11/02/2024,2024-11-01,United Kingdom,Bristol,12.17
117732,2729,2024-10-28,2024-11-06,2024-10-31,France,Marseille,10.57
117740,571,29.10.2024,11/07/2024,2024-11-08,Czech Republic,Brno,76.13
117743,1469,2024-10-29,2024-11-10,,Netherlands,Amsterdam,13.47
117744,572,2024-10-29,03/11/2024,,Spain,Bilbao,33.31
117747,2213,2024-10-29,01/11/2024,2024-11-02,Poland,Krakow,17.12
117748,571,2024-10-29,2024-11-01,"Oct 30, 2024",Czech Republic,Brno,52.63
117754,1113,29/10/2024,2024-11-11,2024-11-03,United Kingdom,Manchester,18.87
117763,818,29/10/2024,"Nov 06, 2024",31/10/2024,Germany,Hamburg,19.74
117764,2195,2024-10-29,2024-11-09,2024-11-04,Germany,Munich,14.23
117767,197,29.10.2024,2024-11-03,2024-11-09,United Kingdom,Liverpool,10.72
117768,1124,2024-10-29,2024-11-04,02/11/2024,Netherlands,Rotterdam,5.87
117769,1694,2024-10-29,2024-11-01,2024-10-30,Poland,Krakow,13.74
117770,1578,2024-10-30,2024-11-11,2024-11-04,Poland,Poznan,20.16
117773,2165,30.10.2024,07/11/2024,2024-11-06,Germany,Berlin,7.68
117777,783,30/10/2024,"Nov 07, 2024",06/11/2024,France,Lyon,22.44
117784,1109,2024-10-30,2024-11-04,2024-11-08,Canada,Montreal,14.79
117791,140,10/30/2024,04/11/2024,"Nov 02, 2024",Netherlands,Utrecht,24.01
117795,2626,"Oct 30, 2024",11/10/2024,2024-11-03,USA,Chicago,10.28
117800,2819,2024-10-30,2024-11-12,,Netherlands,Amsterdam,22.28
117802,2498,31.10.2024,03/11/2024,11/11/2024,United Kingdom,Manchester,27.34
117803,2271,"Oct 31, 2024",2024-11-06,2024-11-08,Poland,Wroclaw,5.99
117805,2675,"Oct 31, 2024",2024-11-08,07/11/2024,Czech Republic,Prague,24.78
117807,734,2024-10-31,2024-11-11,"Nov 06, 2024",Norway,Stavanger,13.1
117808,1722,2024-10-31,2024-11-04,11/04/2024,Czech Republic,Ostrava,19.18
117822,2490,10/31/2024,"Nov 04, 2024",10/11/2024,Poland,Warsaw,15.97
117825,1047,2024-10-31,05/11/2024,2024-11-08,Germany,Frankfurt,7.36
117826,2872,2024-10-31,"Nov 03, 2024",2024-11-06,France,Toulouse,19.63
117832,758,2024-11-01,2024-11-13,2024-11-12,France,Toulouse,10.65
117834,708,11/01/2024,2024-11-13,2024-11-06,Germany,Frankfurt,20.06
117835,890,11/01/2024,2024-11-08,10.11.2024,USA,Austin,7.8
117836,870,01/11/2024,"Nov 06, 2024","Nov 10, 2024",Spain,Bilbao,16.73
117838,1847,01.11.2024,11.11.2024,2024-11-06,Netherlands,Amsterdam,19.36
117843,315,01/11/2024,2024-11-12,10/11/2024,United Kingdom,Leeds,12.35
117845,165,2024-11-01,07/11/2024,"Nov 05, 2024",Germany,Hamburg,8.56
117846,2434,11/01/2024,"Nov 06, 2024",2024-11-12,United Kingdom,Bristol,11.91
117847,2326,01/11/2024,11/11/2024,2024-11-05,Netherlands,Utrecht,8.49
117848,983,2024-11-01,07/11/2024,11.11.2024,Spain,Valencia,11.86
117850,2872,01/11/2024,"Nov 07, 2024",2024-11-02,France,Toulouse,18.14
117851,560,"Nov 01, 2024",2024-11-14,06/11/2024,France,Lyon,7.28
117852,1452,2024-11-01,2024-11-11,2024-11-05,Netherlands,Amsterdam,7.05
117854,497,2024-11-01,2024-11-11,2024-11-10,Poland,Warsaw,16.37
117858,1486,02.11.2024,14/11/2024,2024-11-04,France,Toulouse,8.83
117859,552,02/11/2024,2024-11-06,2024-11-08,Italy,Florence,11.4
117860,490,02/11/2024,11/06/2024,2024-11-11,Italy,Milan,26.35
117862,1209,11/02/2024,12/11/2024,2024-11-10,Netherlands,Utrecht,21.73
117866,2246,2024-11-02,11/15/2024,04/11/2024,Sweden,Uppsala,29.8
117867,375,02.11.2024,11/09/2024,2024-11-09,Spain,Madrid,9.1
117869,2809,02/11/2024,2024-11-08,"Nov 03, 2024",United Kingdom,Manchester,18.01
117872,2352,11/02/2024,06.11.2024,11/05/2024,Czech Republic,Brno,19.36
117873,1406,02/11/2024,2024-11-14,,Austria,Vienna,6.77
117877,1393,02.11.2024,2024-11-08,,Italy,Turin,22.42
117881,1375,2024-11-03,"Nov 11, 2024",2024-11-06,Austria,Vienna,15.69
117883,2929,2024-11-03,"Nov 14, 2024","Nov 12, 2024",Czech Republic,Prague,26.6
117884,2275,11/03/2024,11/12/2024,2024-11-11,Germany,Berlin,26.76
117887,475,03/11/2024,2024-11-07,2024-11-09,Germany,Hamburg,-45.91
117890,1107,"Nov 03, 2024",13/11/2024,,Czech Republic,Prague,11.21
117892,1089,2024-11-03,11/11/2024,"Nov 06, 2024",Sweden,Malmo,30.73
117896,699,2024-11-03,16/11/2024,04.11.2024,France,Lyon,14.99
117898,1805,03.11.2024,2024-11-15,,Sweden,Gothenburg,31.73
117899,224,03/11/2024,12/11/2024,2024-11-09,Sweden,Gothenburg,-11.39
117901,2023,"Nov 03, 2024",06/11/2024,2024-11-11,France,Lyon,33.04
117907,222,03/11/2024,2024-11-06,2024-11-09,Italy,Naples,7.55
117908,470,03/11/2024,2024-11-15,12.11.2024,USA,Denver,24.92
117911,2851,03.11.2024,2024-11-08,"Nov 09, 2024",Spain,Seville,11.11
117917,176,04/11/2024,16.11.2024,10/11/2024,USA,Seattle,15.55
117923,2112,2024-11-04,2024-11-11,,United Kingdom,London,11.24
117931,2744,2024-11-04,11/16/2024,10/11/2024,Poland,Wroclaw,23.63
117932,1597,2024-11-04,08/11/2024,07/11/2024,Poland,Krakow,10.11
117933,1398,04/11/2024,16.11.2024,11/08/2024,France,Nice,6.49
117936,2976,2024-11-04,"Nov 10, 2024",08/11/2024,USA,Seattle,22.47
117937,2582,2024-11-04,15/11/2024,10/11/2024,Canada,Toronto,19.67
117938,701,11/04/2024,07/11/2024,2024-11-14,United Kingdom,Liverpool,43.7
117940,1581,2024-11-04,2024-11-11,11/08/2024,Spain,Valencia,35.64
117950,2536,05/11/2024,2024-11-16,"Nov 08, 2024",USA,Denver,36.02
117952,2909,"Nov 05, 2024","Nov 10, 2024",2024-11-07,USA,Denver,28.51
117959,560,05.11.2024,14.11.2024,09/11/2024,France,Lyon,25.61
117960,1195,"Nov 05, 2024",2024-11-17,12/11/2024,Poland,Warsaw,26.46
117961,1326,05.11.2024,"Nov 17, 2024",2024-11-13,Poland,Krakow,24.05
117962,1773,05.11.2024,14.11.2024,,United Kingdom,London,9.47
117964,2809,05/11/2024,2024-11-17,11/07/2024,United Kingdom,Manchester,45.46
117967,2405,05/11/2024,2024-11-16,2024-11-15,Netherlands,Rotterdam,22.13
117969,2148,11/05/2024,2024-11-18,11/08/2024,France,Nice,16.12
117970,1564,2024-11-05,11/11/2024,16/11/2024,Italy,Florence,7.57
117971,1034,"Nov 05, 2024",2024-11-10,2024-11-11,Germany,Berlin,9.04
117972,48,11/05/2024,2024-11-18,11/11/2024,Germany,Munich,8.99
117973,2127,05.11.2024,2024-11-15,2024-11-14,Canada,Toronto,30.68
117976,2324,11/05/2024,12/11/2024,,Poland,Wroclaw,13.27
117978,1164,11/05/2024,"Nov 14, 2024",2024-11-07,Spain,Barcelona,6.64
117981,2224,05/11/2024,2024-11-11,15/11/2024,Spain,Barcelona,6.42
117983,2500,06/11/2024,2024-11-17,2024-11-13,Netherlands,Rotterdam,18.08
117985,553,2024-11-06,2024-11-18,,USA,Seattle,12.48
117990,2011,2024-11-06,15/11/2024,,United Kingdom,Manchester,12.71
117996,1854,2024-11-06,11/12/2024,07/11/2024,Austria,Linz,16.47
118000,2839,"Nov 06, 2024",14/11/2024,13/11/2024,Germany,Frankfurt,12.6
118002,14,2024-11-06,12.11.2024,2024-11-09,USA,Boston,18.62
118003,1008,06.11.2024,2024-11-15,2024-11-12,USA,Boston,21.92
118005,1439,"Nov 06, 2024","Nov 10, 2024",11/08/2024,Poland,Krakow,33.94
118012,1595,07.11.2024,2024-11-19,11/14/2024,USA,Seattle,5.38
118014,93,2024-11-07,16/11/2024,2024-11-08,Spain,Madrid,18.64
118018,2532,07.11.2024,18/11/2024,,Spain,Valencia,31.24
118022,1052,2024-11-07,2024-11-17,,Canada,Ottawa,9.26
118026,303,2024-11-07,2024-11-10,12.11.2024,Netherlands,Eindhoven,7.79
118029,2191,2024-11-07,"Nov 19, 2024",18/11/2024,Germany,Frankfurt,18.47
118033,631,2024-11-07,20/11/2024,,Spain,Bilbao,25.9
118035,766,08/11/2024,18/11/2024,2024-11-19,Spain,Seville,15.7
118042,2456,2024-11-08,2024-11-21,11/13/2024,Poland,Warsaw,32.13
118044,1248,"Nov 08, 2024",2024-11-16,11/17/2024,Spain,Bilbao,40.08
118048,2965,08.11.2024,2024-11-11,"Nov 10, 2024",Italy,Turin,37.69
118049,2164,11/08/2024,2024-11-21,,Sweden,Malmo,15.09
118050,2286,11/08/2024,20/11/2024,2024-11-10,Canada,Toronto,26.52
118051,536,2024-11-08,11/21/2024,11/18/2024,Poland,Krakow,7.67
118053,1212,2024-11-08,2024-11-14,16.11.2024,Canada,Montreal,17.72
118056,1744,2024-11-08,2024-11-20,11/13/2024,USA,Chicago,17.97
118058,2332,2024-11-08,11/11/2024,2024-11-16,Sweden,Malmo,6.4
118059,390,2024-11-08,2024-11-13,2024-11-15,Czech Republic,Pilsen,32.76
118061,196,08/11/2024,"Nov 21, 2024",17/11/2024,Austria,Graz,11.99
118064,1930,08/11/2024,2024-11-17,,Austria,Vienna,21.05
118065,778,08/11/2024,21/11/2024,,Germany,Frankfurt,19.45
118072,2792,2024-11-08,11/11/2024,"Nov 09, 2024",United Kingdom,Manchester,33.99
118073,524,08/11/2024,"Nov 12, 2024",19.11.2024,France,Lyon,7.44
118074,145,2024-11-09,2024-11-20,2024-11-20,Italy,Florence,9.84
118075,1622,11/09/2024,2024-11-17,,United Kingdom,Liverpool,11.65
118077,2956,2024-11-09,"Nov 12, 2024",20/11/2024,Germany,Frankfurt,6.78
118081,1976,11/09/2024,"Nov 21, 2024",17/11/2024,Poland,Krakow,24.67
118082,1634,"Nov 09, 2024",11/13/2024,,Italy,Florence,5.29
118092,2522,2024-11-09,12/11/2024,11/14/2024,Spain,Bilbao,48.32
118097,2185,09/11/2024,2024-11-12,2024-11-13,Germany,Cologne,13.54
118100,1738,09/11/2024,2024-11-12,,Austria,Vienna,20.73
118101,2705,11/09/2024,16/11/2024,2024-11-11,Sweden,Malmo,23.93
118104,789,2024-11-10,20.11.2024,19.11.2024,USA,Denver,20.52
118105,419,10/11/2024,14/11/2024,2024-11-11,USA,Chicago,25.57
118107,2475,10/11/2024,2024-11-22,2024-11-12,Germany,Munich,15.93
118114,7,10.11.2024,14.11.2024,"Nov 18, 2024",Poland,Krakow,14.43
118115,2549,2024-11-10,17.11.2024,2024-11-21,Netherlands,Amsterdam,9.79
118122,826,2024-11-10,2024-11-15,16/11/2024,Austria,Linz,42.06
118123,2584,10/11/2024,11/13/2024,11/16/2024,United Kingdom,London,14.59
118132,391,11.11.2024,2024-11-24,19/11/2024,USA,Austin,-33.82
118143,2154,2024-11-11,11/17/2024,2024-11-14,Czech Republic,Brno,14.16
118148,125,2024-11-11,"Nov 20, 2024",2024-11-19,Austria,Vienna,15.39
118154,646,2024-11-11,2024-11-24,16/11/2024,Germany,Cologne,23.7
118156,1405,2024-11-11,2024-11-20,11/18/2024,Germany,Berlin,10.16
118157,400,11/11/2024,"Nov 14, 2024",2024-11-21,Poland,Lodz,25.59
118160,2693,11.11.2024,17.11.2024,2024-11-21,Germany,Frankfurt,34.44
118164,4,11.11.2024,14/11/2024,11/19/2024,Poland,Gdansk,9.12
118169,1199,"Nov 12, 2024",2024-11-21,2024-11-20,USA,Seattle,15.84
118171,789,11/12/2024,2024-11-17,,USA,Denver,27.94
118173,1704,12/11/2024,11/22/2024,2024-11-19,Poland,Gdansk,18.48
118175,2340,12/11/2024,19.11.2024,2024-11-14,Italy,Rome,4.14
118177,188,2024-11-12,2024-11-16,16.11.2024,Czech Republic,Pilsen,15.74
118179,196,2024-11-12,16.11.2024,2024-11-13,Austria,Graz,22.23
118184,1981,12/11/2024,25/11/2024,"Nov 22, 2024",Poland,Krakow,37.84
118186,1234,12.11.2024,2024-11-18,2024-11-14,Canada,Toronto,32.35
118191,932,13.11.2024,11/17/2024,16/11/2024,USA,Boston,9.09
118193,2504,2024-11-13,2024-11-21,2024-11-14,Austria,Linz,7.58
118197,1264,2024-11-13,2024-11-24,17/11/2024,USA,Denver,28.41
118198,945,2024-11-13,21/11/2024,23/11/2024,USA,Boston,3.74
118199,2970,2024-11-13,11/26/2024,16/11/2024,Netherlands,Amsterdam,8.87
118203,1225,13/11/2024,2024-11-25,"Nov 18, 2024",Spain,Valencia,14.62
118210,378,11/13/2024,2024-11-20,2024-11-22,United Kingdom,Manchester,28.95
118215,1906,13/11/2024,25.11.2024,2024-11-24,Poland,Krakow,9.76
118216,1852,2024-11-13,11/19/2024,2024-11-15,Netherlands,Eindhoven,42.03
118217,1319,13.11.2024,2024-11-25,16/11/2024,United Kingdom,Liverpool,23.15
118220,1715,2024-11-14,2024-11-24,,Spain,Seville,5.75
118222,2381,14.11.2024,23/11/2024,"Nov 16, 2024",United Kingdom,Bristol,7.62
118227,1900,14.11.2024,2024-11-20,20/11/2024,Germany,Berlin,11.21
118229,1782,14/11/2024,"Nov 21, 2024",2024-11-20,United Kingdom,London,6.09
118235,2828,"Nov 14, 2024",2024-11-26,2024-11-19,United Kingdom,Bristol,35.19
118237,967,2024-11-14,20.11.2024,2024-11-15,Spain,Bilbao,11.17
118250,1537,14/11/2024,2024-11-23,2024-11-16,USA,Austin,37.47
118251,2846,"Nov 14, 2024",19/11/2024,2024-11-18,USA,Seattle,12.42
118256,1323,15/11/2024,2024-11-25,2024-11-24,Sweden,Malmo,25.27
118260,954,2024-11-15,2024-11-20,"Nov 20, 2024",Czech Republic,Ostrava,21.74
118261,529,"Nov 15, 2024",26.11.2024,2024-11-24,United Kingdom,Bristol,15.25
118262,799,2024-11-15,11/18/2024,2024-11-20,Italy,Turin,8.33
118263,2036,2024-11-15,2024-11-26,,Spain,Seville,19.46
118266,2972,11/15/2024,"Nov 26, 2024",2024-11-21,United Kingdom,Liverpool,19.93
118270,2815,15/11/2024,26.11.2024,11/21/2024,Poland,Warsaw,28.25
118274,1355,"Nov 15, 2024","Nov 18, 2024",18/11/2024,Spain,Madrid,20.44
118286,1911,2024-11-15,"Nov 18, 2024",2024-11-26,Poland,Poznan,16.55
118297,1993,2024-11-16,2024-11-21,"Nov 21, 2024",Italy,Naples,51.97
118303,169,2024-11-16,"Nov 19, 2024",2024-11-17,Germany,Munich,5.22
118304,798,16/11/2024,"Nov 23, 2024",2024-11-26,Poland,Krakow,19.15
118306,315,16/11/2024,"Nov 23, 2024",2024-11-22,United Kingdom,Leeds,26.14
118307,2524,2024-11-16,"Nov 21, 2024",24.11.2024,Italy,Rome,28.32
118309,1419,2024-11-16,20.11.2024,2024-11-20,Netherlands,Eindhoven,16.51
118311,1976,2024-11-16,11/29/2024,2024-11-27,Poland,Krakow,19.55
118313,143,2024-11-16,11/24/2024,2024-11-23,USA,Austin,6.05
118316,428,16.11.2024,2024-11-29,11/21/2024,Germany,Berlin,15.8
118317,398,2024-11-16,24/11/2024,22/11/2024,Czech Republic,Ostrava,4.5
118321,1665,2024-11-16,2024-11-26,,France,Lyon,8.52
118323,426,2024-11-17,11/28/2024,,France,Nice,25.0
118324,2277,2024-11-17,"Nov 24, 2024",2024-11-24,Poland,Gdansk,25.64
118326,945,2024-11-17,2024-11-25,27/11/2024,USA,Boston,23.4
118327,2407,2024-11-17,22.11.2024,11/28/2024,Germany,Frankfurt,16.93
118328,794,2024-11-17,2024-11-20,2024-11-18,Spain,Madrid,15.85
118329,1600,2024-11-17,11/24/2024,,Poland,Poznan,5.88
118335,1413,11/17/2024,2024-11-25,18/11/2024,Germany,Berlin,30.14
118336,1364,2024-11-17,2024-11-20,"Nov 25, 2024",Canada,Vancouver,11.33
118340,972,17.11.2024,2024-11-24,25.11.2024,Poland,Krakow,19.66
118346,2492,17.11.2024,2024-11-30,"Nov 20, 2024",USA,Chicago,30.57
118350,2921,2024-11-17,2024-11-28,2024-11-26,Netherlands,Rotterdam,8.26
118352,2589,11/17/2024,29/11/2024,21.11.2024,Norway,Trondheim,22.06
118355,1816,2024-11-17,2024-11-29,2024-11-22,USA,Seattle,14.42
118356,2764,17.11.2024,2024-11-27,2024-11-24,Norway,Bergen,20.16
118360,65,11/18/2024,"Nov 24, 2024",2024-11-21,Canada,Vancouver,16.83
118362,731,11/18/2024,"Nov 24, 2024",2024-11-21,USA,Seattle,12.48
118363,226,2024-11-18,2024-11-27,11/27/2024,Poland,Krakow,25.83
118368,2105,2024-11-18,2024-11-27,24.11.2024,USA,Denver,8.07
118369,1519,18/11/2024,2024-11-22,,USA,Chicago,10.65
118370,496,2024-11-18,25/11/2024,,France,Lyon,30.55
118371,1852,2024-11-18,2024-11-23,2024-11-19,Netherlands,Eindhoven,15.59
118373,1958,2024-11-18,24.11.2024,"Nov 19, 2024",Sweden,Malmo,12.02
118381,1489,2024-11-18,2024-11-24,,Germany,Berlin,6.58
118382,642,11/18/2024,21/11/2024,2024-11-27,Poland,Wroclaw,10.18
118386,107,11/18/2024,11/24/2024,29/11/2024,France,Lyon,13.3
118388,29,2099-01-01,11/24/2024,,United Kingdom,Manchester,9.79
118392,853,19.11.2024,24/11/2024,28.11.2024,Czech Republic,Prague,11.85
118394,2858,2024-11-19,02/12/2024,,Germany,Munich,8.89
118395,1945,19/11/2024,2024-11-22,,Poland,Warsaw,15.84
118399,2416,11/19/2024,2024-11-25,"Nov 22, 2024",Sweden,Malmo,20.22
118402,33,19/11/2024,24.11.2024,,Norway,Bergen,25.01
118404,576,2024-11-19,11/23/2024,2024-11-28,Italy,Milan,27.56
118409,1950,19/11/2024,"Nov 24, 2024",2024-11-27,United Kingdom,Bristol,-9.31
118413,491,2024-11-19,22/11/2024,29.11.2024,Poland,Wroclaw,25.76
118417,1900,2024-11-20,02/12/2024,2024-11-26,Germany,Berlin,9.32
118419,308,11/20/2024,2024-12-01,2024-12-01,USA,New York,30.05
118420,1232,20.11.2024,2024-12-02,2024-11-29,France,Lyon,21.5
118433,551,20/11/2024,2024-11-28,11/28/2024,Poland,Gdansk,15.59
118434,1776,"Nov 20, 2024",2024-12-03,30/11/2024,Austria,Vienna,33.16
118435,1238,2024-11-20,"Dec 01, 2024",21/11/2024,United Kingdom,Liverpool,27.06
118441,884,11/20/2024,24/11/2024,11/21/2024,Poland,Gdansk,5.81
118446,2365,2024-11-21,2024-12-01,2024-11-25,France,Nice,5.93
118450,2798,2024-11-21,30/11/2024,2024-11-23,Norway,Oslo,25.47
118451,580,11/21/2024,2024-11-24,2024-11-24,Poland,Warsaw,33.92
118452,323,21/11/2024,2024-11-28,2024-12-02,USA,Boston,7.5
118453,1591,11/21/2024,11/28/2024,11/24/2024,Canada,Vancouver,10.72
118455,1578,2024-11-21,2024-12-04,,Poland,Poznan,7.99
118463,1283,21/11/2024,11/26/2024,11/25/2024,France,Marseille,15.51
118466,1402,2024-11-21,25.11.2024,"Nov 24, 2024",Germany,Munich,10.92
118469,1157,2024-11-21,"Nov 28, 2024",22/11/2024,USA,New York,11.55
118473,2492,21/11/2024,04/12/2024,2024-11-28,USA,Chicago,19.09
118477,1623,2024-11-21,2024-11-24,,United Kingdom,Bristol,17.14
118479,1956,22/11/2024,2024-12-01,2024-11-30,Spain,Bilbao,45.1
118485,2942,22/11/2024,2024-11-29,11/28/2024,Germany,Cologne,7.43
118490,2072,2024-11-22,11/25/2024,02/12/2024,Germany,Cologne,5.41
118493,2369,22.11.2024,27/11/2024,29/11/2024,Spain,Valencia,24.33
118494,470,11/22/2024,2024-12-01,23/11/2024,USA,Denver,22.27
118495,1151,2024-11-22,"Dec 01, 2024","Dec 03, 2024",United Kingdom,Liverpool,4.99
118496,2123,11/22/2024,01.12.2024,01.12.2024,France,Nice,6.18
118497,1548,"Nov 22, 2024",2024-12-01,2024-11-23,France,Lyon,27.65
118499,1117,11/22/2024,2024-11-27,01/12/2024,Italy,Florence,7.51
118501,1816,11/22/2024,2024-12-01,24/11/2024,USA,Seattle,14.33
118502,2194,2024-11-22,2024-11-27,26.11.2024,France,Toulouse,16.19
118506,820,2024-11-23,11/29/2024,2024-11-25,United Kingdom,Leeds,16.42
118513,1937,2024-11-23,"Dec 04, 2024",2024-12-03,Czech Republic,Ostrava,7.99
118520,198,2024-11-23,2024-12-03,2024-11-24,United Kingdom,Liverpool,12.75
118522,1177,"Nov 23, 2024",11/30/2024,01/12/2024,Germany,Berlin,14.99
118524,1872,2024-11-23,05.12.2024,"Nov 26, 2024",Czech Republic,Ostrava,20.61
118526,462,2024-11-23,05.12.2024,02/12/2024,Canada,Toronto,23.39
118528,2191,2024-11-23,2024-12-02,03.12.2024,Germany,Frankfurt,7.47
118530,619,23.11.2024,12/02/2024,28/11/2024,Spain,Valencia,11.93
118535,2400,2024-11-23,2024-12-02,,USA,New York,26.78
118537,2719,2024-11-23,2024-11-26,,France,Toulouse,9.26
118540,2648,23/11/2024,12/05/2024,24/11/2024,France,Nice,29.53
118543,2749,2024-11-23,04/12/2024,2024-11-26,Netherlands,Amsterdam,24.48
118547,1248,2024-11-24,28/11/2024,2024-12-04,Spain,Bilbao,39.16
118564,1815,2024-11-24,2024-11-29,,Germany,Berlin,25.75
118570,2942,2024-11-25,2024-12-03,2024-11-26,Germany,Cologne,10.83
118572,885,25.11.2024,07/12/2024,12/02/2024,Germany,Frankfurt,15.67
118574,963,25/11/2024,2024-12-02,2024-12-02,France,Toulouse,11.21
118576,17,2024-11-25,2024-12-06,2024-11-26,Poland,Lodz,10.36
118580,1738,11/25/2024,11/30/2024,12/04/2024,Austria,Vienna,13.14
118582,279,25/11/2024,"Dec 04, 2024",12/05/2024,USA,New York,19.59
118583,227,25.11.2024,28/11/2024,27/11/2024,Germany,Berlin,12.85
118587,821,"Nov 25, 2024",2024-11-30,"Dec 06, 2024",France,Paris,23.1
118588,1185,11/25/2024,2024-11-30,2024-11-29,USA,Austin,19.92
118589,1606,2024-11-25,01/12/2024,11/26/2024,Spain,Bilbao,15.27
118592,1848,25/11/2024,2024-12-02,2024-12-01,France,Nice,7.36
118593,1424,2024-11-25,2024-12-08,2024-11-30,United Kingdom,Manchester,-20.35
118594,2062,25/11/2024,2024-12-07,"Dec 06, 2024",Netherlands,Utrecht,7.93
118597,2672,2024-11-25,2024-12-06,2024-12-02,United Kingdom,Leeds,23.09
118601,620,"Nov 26, 2024",2024-12-03,2024-11-28,United Kingdom,Bristol,7.81
118606,2798,2024-11-26,12/04/2024,11/27/2024,Norway,Oslo,7.45
118607,393,2024-11-26,2024-12-05,,France,Marseille,25.15
118608,2676,11/26/2024,08.12.2024,04/12/2024,Austria,Vienna,21.57
118611,2707,26.11.2024,2024-12-09,12/05/2024,Italy,Turin,16.46
118612,1872,2024-11-26,2024-12-06,2024-11-27,Czech Republic,Ostrava,31.78
118615,266,26/11/2024,02/12/2024,2024-12-02,Canada,Montreal,11.12
118616,2010,2024-11-26,2024-12-01,"Dec 07, 2024",Poland,Warsaw,21.62
118619,1959,2024-11-26,"Dec 06, 2024",01/12/2024,Sweden,Gothenburg,27.66
118621,2622,26/11/2024,"Dec 02, 2024",2024-12-03,Sweden,Gothenburg,13.58
118626,915,26.11.2024,05.12.2024,02/12/2024,United Kingdom,Liverpool,26.68
118629,2904,26/11/2024,"Dec 02, 2024",11/30/2024,Austria,Graz,20.02
118632,798,"Nov 26, 2024",2024-12-07,,Poland,Krakow,7.17
118633,1244,11/26/2024,08.12.2024,30.11.2024,USA,Chicago,41.24
118635,1655,"Nov 26, 2024",2024-12-07,"Dec 04, 2024",USA,Boston,27.81
118642,655,"Nov 27, 2024",12/05/2024,2024-12-07,Sweden,Stockholm,21.69
118644,222,2024-11-27,08.12.2024,2024-11-30,Italy,Naples,16.4
118645,1780,"Nov 27, 2024",2024-12-06,12/08/2024,France,Toulouse,10.33
118646,555,2024-11-27,05/12/2024,01/12/2024,Germany,Cologne,15.59
118647,1382,27.11.2024,01/12/2024,2024-12-03,Czech Republic,Brno,7.45
118648,1744,2024-11-27,2024-12-05,2024-12-06,USA,Chicago,11.1
118650,2848,2024-11-27,05/12/2024,2024-11-30,Poland,Lodz,9.68
118652,2874,27/11/2024,"Dec 05, 2024",2024-12-04,United Kingdom,Bristol,27.25
118655,1229,2024-11-27,"Dec 07, 2024",12/07/2024,Italy,Naples,12.74
118656,1405,2024-11-27,2024-12-06,03/12/2024,Germany,Berlin,12.01
118658,156,2024-11-27,12/02/2024,2024-11-29,Czech Republic,Ostrava,17.88
118660,876,27/11/2024,04/12/2024,06/12/2024,Netherlands,Eindhoven,30.47
118661,1209,"Nov 27, 2024",2024-12-07,2024-12-06,Netherlands,Utrecht,22.48
118665,1763,11/28/2024,12/05/2024,2024-12-09,Austria,Salzburg,11.53
118667,2445,28/11/2024,2024-12-02,2024-12-04,Italy,Naples,15.13
118669,201,28.11.2024,2024-12-02,03/12/2024,Czech Republic,Pilsen,18.86
118674,329,28/11/2024,2024-12-06,29.11.2024,Canada,Vancouver,15.19
118675,722,"Nov 28, 2024",07/12/2024,2024-12-09,Spain,Bilbao,13.77
118678,1523,"Nov 28, 2024",2024-12-06,07/12/2024,Poland,Lodz,45.21
118680,2429,2024-11-28,01.12.2024,2024-12-07,Italy,Naples,14.54
118681,140,2024-11-28,10.12.2024,,Netherlands,Utrecht,24.5
118682,62,28.11.2024,2024-12-07,30/11/2024,Germany,Berlin,14.6
118685,2906,2024-11-28,2024-12-10,2024-12-03,United Kingdom,London,13.54
118687,201,11/28/2024,2024-12-04,2024-12-05,Czech Republic,Pilsen,34.8
118688,1359,2024-11-28,"Dec 11, 2024",2024-11-30,Poland,Lodz,18.74
118690,357,28.11.2024,02.12.2024,2024-12-09,Germany,Frankfurt,34.78
118692,1604,"Nov 28, 2024",2024-12-04,2024-12-05,Germany,Frankfurt,8.29
118694,370,2024-11-28,2024-12-06,2024-12-02,Germany,Cologne,16.62
118696,2051,28.11.2024,"Dec 06, 2024",2024-12-05,United Kingdom,London,8.82
118701,2479,2024-11-28,07/12/2024,"Dec 06, 2024",Italy,Rome,14.18
118705,1452,28/11/2024,2024-12-01,"Dec 02, 2024",Netherlands,Amsterdam,21.28
118706,1013,28.11.2024,2024-12-07,"Nov 30, 2024",Czech Republic,Prague,36.88
118707,1875,28/11/2024,2024-12-04,2024-12-04,Poland,Warsaw,19.01
118710,1523,2024-11-28,12/07/2024,,Poland,Lodz,37.35
118716,1596,2024-11-28,12/04/2024,,USA,Austin,12.3
118718,868,2024-11-28,2024-12-02,"Dec 03, 2024",Poland,Lodz,6.16
118728,243,29.11.2024,2024-12-08,2024-12-06,Spain,Madrid,9.06
118729,1885,2024-11-29,"Dec 05, 2024",2024-12-01,Spain,Madrid,9.36
118732,2557,29.11.2024,2024-12-07,12/04/2024,Poland,Warsaw,37.49
118733,1338,29.11.2024,05/12/2024,2024-11-30,Germany,Frankfurt,48.29
118739,2549,11/29/2024,09/12/2024,,Netherlands,Amsterdam,35.38
118741,2738,2024-11-29,05/12/2024,2024-12-01,Austria,Linz,15.65
118749,801,"Nov 29, 2024",2024-12-05,08.12.2024,Italy,Rome,23.28
118751,2601,29/11/2024,2024-12-08,02/12/2024,Sweden,Uppsala,18.43
118752,1058,"Nov 29, 2024",08/12/2024,,France,Marseille,12.35
118755,1533,2024-11-29,"Dec 06, 2024",12/07/2024,Canada,Ottawa,11.2
118761,2259,"Nov 29, 2024",12/12/2024,04/12/2024,Spain,Barcelona,31.4
118764,1935,29/11/2024,2024-12-07,12/06/2024,Spain,Seville,13.68
118767,1815,2024-11-29,02/12/2024,2024-12-01,Germany,Berlin,6.31
118769,686,"Nov 29, 2024",12/12/2024,30.11.2024,Czech Republic,Pilsen,28.27
118774,2959,11/29/2024,12/06/2024,2024-12-02,France,Marseille,41.81
118779,129,11/29/2024,2024-12-07,01.12.2024,USA,Chicago,14.78
118781,1997,2024-11-29,2024-12-10,,Austria,Salzburg,13.48
118783,263,2024-11-29,2024-12-09,2024-12-04,Czech Republic,Brno,11.93
118786,2589,2024-11-29,2024-12-06,,Norway,Trondheim,9.58
118787,1013,29.11.2024,2024-12-05,2024-11-30,Czech Republic,Prague,9.42
118791,613,29.11.2024,12/10/2024,"Dec 05, 2024",United Kingdom,Leeds,32.57
118796,854,2024-11-29,03/12/2024,2024-12-05,Spain,Madrid,13.94
118800,1979,2024-11-29,12/03/2024,12/03/2024,France,Toulouse,138.23
118802,646,29.11.2024,2024-12-08,"Dec 08, 2024",Germany,Cologne,10.87
118803,2539,2024-11-29,2024-12-07,,Czech Republic,Brno,19.52
118804,1981,2024-11-29,"Dec 07, 2024",2024-12-07,Poland,Krakow,8.82
118808,664,2024-11-29,2024-12-08,,Germany,Cologne,10.13
118813,601,11/29/2024,2024-12-08,2024-12-03,Austria,Graz,17.42
118819,1357,1900-01-01,12/12/2024,2024-12-07,United Kingdom,Bristol,6.39
118820,1159,29/11/2024,"Dec 08, 2024",,Sweden,Malmo,12.47
118823,1030,29/11/2024,07.12.2024,09/12/2024,Germany,Frankfurt,20.85
118829,1588,29/11/2024,11.12.2024,12/01/2024,Spain,Bilbao,25.86
118830,1501,"Nov 29, 2024",08/12/2024,02.12.2024,France,Paris,43.11
118832,686,29.11.2024,2024-12-12,12/09/2024,Czech Republic,Pilsen,9.45
118834,830,11/29/2024,05/12/2024,2024-12-09,Germany,Frankfurt,33.01
118835,2829,"Nov 29, 2024",12/05/2024,2024-11-30,France,Paris,11.19
118837,1410,2024-11-29,2024-12-11,2024-12-07,France,Nice,6.49
118838,2095,29/11/2024,2024-12-12,2024-12-06,Czech Republic,Ostrava,13.46
118844,431,2024-11-29,07/12/2024,12/07/2024,Netherlands,Utrecht,32.47
118847,476,2024-11-29,12/10/2024,2024-12-08,United Kingdom,Leeds,14.26
118849,1367,"Nov 29, 2024",2024-12-05,06.12.2024,United Kingdom,Manchester,8.7
118856,2070,2024-11-29,2024-12-08,2024-11-30,Austria,Vienna,26.36
118857,2423,2024-11-29,2024-12-05,,Germany,Hamburg,6.82
118863,1820,2024-11-29,2024-12-10,2024-12-07,USA,Boston,20.82
118865,1627,2024-11-29,2024-12-10,,Poland,Lodz,17.22
118867,1845,2024-11-29,12/11/2024,2024-12-08,United Kingdom,London,6.28
118871,1639,2024-11-29,12/03/2024,2024-12-06,Poland,Warsaw,51.76
118873,723,2024-11-29,10/12/2024,,Canada,Ottawa,12.58
118877,2455,2024-11-29,06.12.2024,2024-12-06,Canada,Ottawa,11.6
118880,227,"Nov 29, 2024",03/12/2024,2024-12-03,Germany,Berlin,19.16
118881,837,2024-11-29,12/08/2024,2024-12-05,Italy,Rome,7.5
118882,2419,2024-11-29,2024-12-07,"Dec 08, 2024",Austria,Salzburg,13.15
118888,472,29/11/2024,2024-12-07,12/07/2024,France,Marseille,16.68
118889,1997,29/11/2024,2024-12-02,2024-12-02,Austria,Salzburg,35.04
118892,631,11/29/2024,12/12/2024,2024-12-06,Spain,Bilbao,8.24
118893,2547,2024-11-29,12/09/2024,,Spain,Valencia,17.45
118895,1408,29/11/2024,2024-12-07,04.12.2024,Poland,Poznan,12.34
118897,1305,29.11.2024,2024-12-08,"Dec 07, 2024",Germany,Frankfurt,16.84
118898,1120,2024-11-29,04/12/2024,2024-12-03,Netherlands,Utrecht,14.47
118903,1839,2024-11-29,09/12/2024,,France,Marseille,6.49
118904,1077,11/29/2024,04/12/2024,,Spain,Bilbao,-16.34
118905,1578,2024-11-29,2024-12-09,2024-12-03,Poland,Poznan,24.25
118906,510,29.11.2024,12/12/2024,01.12.2024,Spain,Valencia,9.2
118913,1277,29.11.2024,"Dec 05, 2024",2024-12-09,United Kingdom,Manchester,12.41
118921,2441,2024-11-29,2024-12-04,"Nov 30, 2024",United Kingdom,Manchester,8.93
118926,2544,2024-11-30,"Dec 04, 2024",,France,Toulouse,15.08
118927,933,2024-11-30,2024-12-08,04.12.2024,Germany,Cologne,14.51
118928,529,2024-11-30,"Dec 06, 2024",12/08/2024,United Kingdom,Bristol,16.54
118930,146,"Nov 30, 2024",05/12/2024,2024-12-06,Netherlands,Amsterdam,17.55
118936,2622,30/11/2024,12/12/2024,,Sweden,Gothenburg,17.08
118939,2716,2024-11-30,2024-12-06,2024-12-01,Poland,Poznan,28.9
118944,396,2024-11-30,09.12.2024,"Dec 11, 2024",USA,Chicago,8.94
118946,269,2024-11-30,2024-12-04,2024-12-02,Poland,Warsaw,31.52
118953,720,30.11.2024,12/12/2024,2024-12-09,Netherlands,Eindhoven,27.94
118956,2543,2024-11-30,2024-12-04,,France,Lyon,15.35
118957,2475,11/30/2024,"Dec 06, 2024",05/12/2024,Germany,Munich,26.88
118959,946,2024-11-30,06/12/2024,"Dec 03, 2024",Czech Republic,Brno,9.06
118968,1356,2024-11-30,"Dec 09, 2024",,Netherlands,Amsterdam,7.89
118969,827,2024-11-30,11/12/2024,2024-12-06,Spain,Bilbao,17.34
118973,2452,2024-11-30,2024-12-08,10/12/2024,Sweden,Uppsala,9.33
118974,1008,11/30/2024,04/12/2024,"Dec 05, 2024",USA,Boston,15.17
118976,1407,30/11/2024,12/09/2024,2024-12-11,Netherlands,Amsterdam,14.12
118977,1113,2024-11-30,"Dec 07, 2024",12/10/2024,United Kingdom,Manchester,20.54
118979,2280,2024-12-01,05.12.2024,,Spain,Madrid,9.61
118982,1848,2024-12-01,2024-12-14,2024-12-04,France,Nice,11.15
118985,192,12/01/2024,"Dec 06, 2024",12/12/2024,France,Nice,6.49
118986,2991,01.12.2024,04/12/2024,2024-12-09,Austria,Graz,51.02
118988,1007,"Dec 01, 2024",2024-12-08,"Dec 11, 2024",USA,Chicago,6.06
118989,2003,2024-12-01,2024-12-11,2024-12-06,France,Toulouse,21.1
118990,1113,2024-12-01,2024-12-04,,United Kingdom,Manchester,16.99
118993,880,2024-12-01,2024-12-10,2024-12-11,Spain,Valencia,5.62
118997,1687,2024-12-01,04/12/2024,2024-12-05,Netherlands,Utrecht,7.38
119001,210,2024-12-01,13/12/2024,07.12.2024,France,Lyon,5.35
119002,2617,01/12/2024,14/12/2024,2024-12-04,Germany,Munich,15.94
119006,578,2024-12-01,"Dec 06, 2024",03/12/2024,Canada,Calgary,14.24
119009,46,2024-12-02,2024-12-14,05/12/2024,Canada,Calgary,36.16
119010,2557,2024-12-02,2024-12-13,13/12/2024,Poland,Warsaw,10.89
119017,1537,02/12/2024,2024-12-06,2024-12-06,USA,Austin,9.01
119018,1786,12/02/2024,2024-12-08,2024-12-06,Netherlands,Amsterdam,16.17
119021,1547,2024-12-02,11.12.2024,,France,Toulouse,22.99
119027,1238,02.12.2024,2024-12-11,03.12.2024,United Kingdom,Liverpool,8.79
119029,20,02/12/2024,2024-12-15,"Dec 10, 2024",Poland,Krakow,13.72
119030,1822,02.12.2024,2024-12-12,2024-12-13,Spain,Barcelona,41.88
119035,2188,2024-12-02,2024-12-14,"Dec 11, 2024",United Kingdom,Liverpool,14.69
119038,2651,2024-12-02,2024-12-15,2024-12-05,Italy,Rome,21.59
119040,1909,12/02/2024,12/05/2024,2024-12-13,Austria,Salzburg,17.05
119041,114,2024-12-02,"Dec 15, 2024",2024-12-11,Germany,Hamburg,11.63
119049,1501,"Dec 02, 2024","Dec 06, 2024",2024-12-04,France,Paris,18.41
119052,2013,2024-12-03,2024-12-08,2024-12-08,Canada,Montreal,29.41
119054,2444,2024-12-03,2024-12-13,2024-12-05,Italy,Florence,64.37
119059,2865,12/03/2024,2024-12-12,,Austria,Linz,6.31
119060,21,2024-12-03,07.12.2024,12/12/2024,Austria,Linz,26.32
119064,821,2024-12-03,2024-12-12,2024-12-09,France,Paris,11.01
119065,2128,2024-12-03,14/12/2024,"Dec 08, 2024",United Kingdom,London,17.42
119071,1555,2024-12-03,11.12.2024,2024-12-13,Czech Republic,Brno,23.83
119072,2893,03.12.2024,15.12.2024,09/12/2024,USA,Denver,43.6
119074,2979,2024-12-03,"Dec 13, 2024",05.12.2024,Austria,Linz,22.77
119076,498,2024-12-03,2024-12-13,2024-12-14,Spain,Valencia,21.19
119077,2993,12/03/2024,2024-12-11,04/12/2024,USA,Austin,25.2
119078,1627,2024-12-03,2024-12-13,,Poland,Lodz,5.34
119079,1608,2024-12-03,"Dec 09, 2024",2024-12-08,Netherlands,Eindhoven,7.48
119080,45,"Dec 03, 2024","Dec 08, 2024","Dec 14, 2024",Czech Republic,Brno,9.98
119082,606,03/12/2024,"Dec 06, 2024",14/12/2024,Sweden,Gothenburg,19.68
119090,1362,"Dec 04, 2024",09.12.2024,2024-12-10,Italy,Rome,14.49
119091,1913,04/12/2024,2024-12-15,,Italy,Milan,22.39
119093,1959,2024-12-04,17.12.2024,2024-12-08,Sweden,Gothenburg,12.27
119096,1174,04/12/2024,10/12/2024,,USA,Austin,23.67
119099,1434,12/04/2024,14.12.2024,12/15/2024,France,Toulouse,38.77
119100,103,2024-12-04,12/14/2024,06/12/2024,United Kingdom,Liverpool,21.31
119101,2217,2024-12-04,2024-12-07,11.12.2024,Germany,Munich,10.72
119105,2380,2024-12-04,2024-12-11,2024-12-12,United Kingdom,Leeds,26.58
119108,600,12/05/2024,"Dec 15, 2024",2024-12-16,United Kingdom,Leeds,15.95
119111,2548,2024-12-05,"Dec 13, 2024",12/13/2024,Austria,Salzburg,5.16
119115,676,05.12.2024,2024-12-12,2024-12-06,United Kingdom,Bristol,6.57
119116,1644,05.12.2024,12.12.2024,14/12/2024,Poland,Poznan,8.75
119117,72,05/12/2024,2024-12-15,"Dec 15, 2024",Germany,Cologne,7.55
119121,2145,2024-12-05,2024-12-11,12/12/2024,United Kingdom,Leeds,25.9
119122,1405,"Dec 05, 2024",2024-12-11,,Germany,Berlin,41.58
119123,376,2024-12-05,12/12/2024,2024-12-14,Poland,Poznan,7.4
119130,2270,12/05/2024,2024-12-10,2024-12-06,USA,Austin,8.9
119131,1935,05/12/2024,17/12/2024,12.12.2024,Spain,Seville,20.88
119132,768,12/05/2024,2024-12-17,2024-12-08,Poland,Poznan,26.05
119135,1489,2024-12-05,2024-12-17,2024-12-12,Germany,Berlin,26.58
119139,1429,2024-12-06,19/12/2024,,United Kingdom,Leeds,17.19
119140,1864,2024-12-06,2024-12-10,"Dec 14, 2024",Netherlands,Utrecht,10.63
119141,1627,2024-12-06,2024-12-10,"Dec 14, 2024",Poland,Lodz,42.33
119142,2571,"Dec 06, 2024",2024-12-12,2024-12-08,France,Lyon,9.61
119145,398,2024-12-06,2024-12-10,,Czech Republic,Ostrava,12.27
119148,1643,"Dec 06, 2024",14.12.2024,17.12.2024,United Kingdom,Manchester,12.45
119151,2313,2024-12-06,"Dec 19, 2024",,USA,Chicago,11.73
119152,2440,2024-12-06,"Dec 17, 2024",08/12/2024,Germany,Munich,16.74
119154,605,06/12/2024,2024-12-10,,Spain,Barcelona,13.83
119155,1177,2024-12-06,17/12/2024,,Germany,Berlin,15.79
119156,2074,12/06/2024,2024-12-16,12/09/2024,USA,Chicago,18.34
119157,2418,12/06/2024,2024-12-12,"Dec 11, 2024",Poland,Poznan,23.7
119164,1514,2024-12-06,2024-12-13,"Dec 12, 2024",France,Marseille,8.43
119167,1835,2024-12-06,2024-12-09,2024-12-09,United Kingdom,Leeds,16.76
119168,1800,2024-12-06,2024-12-16,2024-12-11,Austria,Vienna,25.69
119175,2651,2024-12-07,2024-12-18,08/12/2024,Italy,Rome,15.6
119179,1177,2024-12-07,2024-12-20,2024-12-11,Germany,Berlin,20.74
119182,2676,07.12.2024,12.12.2024,,Austria,Vienna,9.07
119183,1413,07/12/2024,"Dec 11, 2024",2024-12-18,Germany,Berlin,61.03
119184,2437,2024-12-07,20/12/2024,2024-12-09,Poland,Warsaw,28.84
119187,843,07.12.2024,2024-12-14,,Netherlands,Amsterdam,11.93
119193,2541,12/07/2024,20/12/2024,2024-12-10,Italy,Naples,17.64
119199,2099,12/07/2024,2024-12-18,,Italy,Naples,19.73
119202,2127,07/12/2024,2024-12-17,2024-12-18,Canada,Toronto,6.95
119204,1821,12/07/2024,2024-12-17,09/12/2024,Germany,Cologne,7.25
119207,1613,2024-12-08,2024-12-21,"Dec 14, 2024",France,Nice,24.89
119209,2825,2024-12-08,2024-12-11,2024-12-10,France,Nice,14.19
119210,412,2024-12-08,2024-12-15,"Dec 10, 2024",Poland,Warsaw,12.74
119211,2549,"Dec 08, 2024",14.12.2024,12/18/2024,Netherlands,Amsterdam,-24.14
119212,1742,08.12.2024,19.12.2024,,Sweden,Stockholm,14.86
119213,53,2024-12-08,12/17/2024,"Dec 12, 2024",Italy,Rome,29.4
119218,2877,2024-12-08,12/15/2024,15/12/2024,Germany,Berlin,46.1
119223,1439,12/08/2024,"Dec 13, 2024",12/18/2024,Poland,Krakow,6.59
119227,1651,2024-12-08,14/12/2024,2024-12-18,Spain,Madrid,18.8
119228,1820,2024-12-08,18.12.2024,,USA,Boston,19.41
119235,2255,08.12.2024,2024-12-21,2024-12-14,Poland,Warsaw,6.56
119236,1292,08/12/2024,2024-12-15,,France,Paris,23.76
119239,1590,08/12/2024,2024-12-14,09/12/2024,Norway,Bergen,27.45
119241,2228,2024-12-09,20/12/2024,2024-12-12,France,Toulouse,8.83
119244,2217,09/12/2024,2024-12-14,14.12.2024,Germany,Munich,7.07
119245,1536,12/09/2024,2024-12-18,20/12/2024,Netherlands,Eindhoven,12.85
119247,1623,09/12/2024,12/18/2024,,United Kingdom,Bristol,5.45
119249,938,2024-12-09,"Dec 22, 2024",17.12.2024,Spain,Bilbao,7.45
119250,1182,12/09/2024,2024-12-13,2024-12-10,Netherlands,Rotterdam,8.86
119251,972,2024-12-09,2024-12-18,,Poland,Krakow,26.53
119253,2522,2024-12-09,2024-12-17,2024-12-16,Spain,Bilbao,6.49
119255,1886,2024-12-09,13/12/2024,2024-12-16,Germany,Frankfurt,21.18
119256,1113,09/12/2024,14/12/2024,,United Kingdom,Manchester,20.78
119260,1541,2024-12-09,2024-12-17,2024-12-20,Poland,Krakow,10.38
119265,2492,2024-12-09,"Dec 19, 2024","Dec 16, 2024",USA,Chicago,21.67
119270,2676,2024-12-10,2024-12-22,2024-12-18,Austria,Vienna,14.62
119275,1413,10/12/2024,2024-12-14,12/13/2024,Germany,Berlin,8.94
119276,2673,10.12.2024,12/17/2024,12/12/2024,Sweden,Uppsala,4.19
119278,2640,10/12/2024,2024-12-14,2024-12-12,United Kingdom,Leeds,35.31
119281,2064,"Dec 10, 2024",23.12.2024,2024-12-18,France,Toulouse,29.94
119288,1614,2024-12-10,13.12.2024,2024-12-18,Germany,Munich,17.57
119291,2608,2024-12-10,2024-12-23,,Italy,Rome,20.2
119299,785,2024-12-10,21.12.2024,"Dec 12, 2024",United Kingdom,Liverpool,4.01
119304,798,12/11/2024,15/12/2024,21/12/2024,Poland,Krakow,9.4
119305,151,12/11/2024,19/12/2024,2024-12-20,France,Lyon,8.44
119307,1864,11.12.2024,"Dec 24, 2024",2024-12-15,Netherlands,Utrecht,18.27
119308,1401,2024-12-11,"Dec 20, 2024",2024-12-18,France,Paris,10.77
119311,1141,12/11/2024,2024-12-24,2024-12-18,United Kingdom,London,14.48
119313,2738,11/12/2024,2024-12-20,2024-12-19,Austria,Linz,24.35
119314,2031,11/12/2024,2024-12-20,14/12/2024,Spain,Madrid,11.71
119315,2047,12/11/2024,24/12/2024,12/21/2024,Czech Republic,Prague,23.72
119319,2486,2024-12-11,2024-12-21,17.12.2024,Poland,Gdansk,12.13
119321,1597,11/12/2024,12/17/2024,2024-12-12,Poland,Krakow,7.09
119325,1225,11.12.2024,24.12.2024,2024-12-15,Spain,Valencia,10.94
119328,2670,2024-12-11,2024-12-23,21.12.2024,Italy,Florence,5.65
119333,2426,11.12.2024,12/20/2024,,Norway,Oslo,18.26
119342,2923,12/11/2024,2024-12-20,13.12.2024,Poland,Lodz,33.76
119351,2749,2024-12-12,2024-12-23,19.12.2024,Netherlands,Amsterdam,7.81
119353,2188,"Dec 12, 2024",12/18/2024,,United Kingdom,Liverpool,24.78
119354,2389,2024-12-12,17/12/2024,2024-12-16,France,Toulouse,4.36
119359,591,2024-12-12,2024-12-23,19.12.2024,Netherlands,Amsterdam,25.51
119360,1080,2024-12-12,2024-12-24,2024-12-21,Poland,Wroclaw,39.95
119361,46,12/12/2024,2024-12-15,2024-12-15,Canada,Calgary,10.95
119365,745,12/12/2024,12/23/2024,2024-12-18,Italy,Florence,13.18
119367,2637,"Dec 12, 2024",16/12/2024,20/12/2024,USA,Chicago,28.84
119369,113,12.12.2024,2024-12-16,,Spain,Seville,16.87
119372,1564,12/12/2024,22/12/2024,23.12.2024,Italy,Florence,5.83
119376,2125,13/12/2024,12/24/2024,2024-12-20,Germany,Berlin,21.69
119381,628,2024-12-13,"Dec 25, 2024",2024-12-21,United Kingdom,London,15.73
119382,1009,13.12.2024,12/18/2024,,France,Toulouse,14.77
119383,1017,13.12.2024,2024-12-16,18/12/2024,Spain,Madrid,14.38
119388,257,13/12/2024,12/23/2024,18/12/2024,France,Lyon,34.41
119389,1288,2024-12-13,12/24/2024,,Canada,Ottawa,36.09
119391,1394,"Dec 13, 2024",19.12.2024,2024-12-16,Netherlands,Amsterdam,11.51
119392,2174,2024-12-13,2024-12-16,12/16/2024,Spain,Seville,21.82
119393,2429,13.12.2024,"Dec 18, 2024",15.12.2024,Italy,Naples,23.98
119394,1489,13/12/2024,22.12.2024,2024-12-15,Germany,Berlin,10.82
119401,217,13/12/2024,12/23/2024,2024-12-15,Czech Republic,Pilsen,15.85
119402,35,2024-12-13,"Dec 22, 2024",23/12/2024,Netherlands,Utrecht,8.48
119403,2480,13/12/2024,2024-12-24,2024-12-17,Norway,Stavanger,36.83
119405,1382,2024-12-13,12/19/2024,18/12/2024,Czech Republic,Brno,16.71
119408,607,12/13/2024,2024-12-25,16/12/2024,France,Lyon,12.3
119409,1273,2024-12-13,23.12.2024,16.12.2024,Sweden,Malmo,37.11
119422,2056,2024-12-14,2024-12-21,2024-12-20,Germany,Cologne,17.81
119426,2254,14/12/2024,22/12/2024,2024-12-16,Spain,Valencia,29.17
119427,750,14/12/2024,"Dec 25, 2024","Dec 21, 2024",USA,Chicago,20.08
119430,1831,"Dec 14, 2024","Dec 19, 2024","Dec 24, 2024",Spain,Seville,13.03
119436,932,14.12.2024,12/19/2024,2024-12-15,USA,Boston,34.08
119437,164,2024-12-14,26/12/2024,2024-12-18,Italy,Milan,28.31
119438,709,12/14/2024,2024-12-22,"Dec 20, 2024",France,Marseille,39.99
119441,1895,2024-12-14,26/12/2024,12/20/2024,Austria,Salzburg,23.25
119445,1264,"Dec 14, 2024",12/22/2024,19/12/2024,USA,Denver,6.67
119448,1337,2024-12-14,12/20/2024,2024-12-15,Poland,Lodz,30.42
119451,1448,2024-12-15,2024-12-19,2024-12-26,Sweden,Uppsala,10.96
119454,2990,2024-12-15,2024-12-28,,USA,Boston,16.72
119459,1290,12/15/2024,"Dec 18, 2024",2024-12-23,USA,Chicago,14.6
119464,188,15/12/2024,2024-12-25,12/18/2024,Czech Republic,Pilsen,25.21
119468,689,15/12/2024,24/12/2024,2024-12-21,Czech Republic,Ostrava,22.65
119472,519,12/15/2024,20/12/2024,12/25/2024,Italy,Naples,22.36
119473,1234,2024-12-15,2024-12-26,2024-12-20,Canada,Toronto,20.25
119477,340,15/12/2024,2024-12-23,24/12/2024,United Kingdom,Liverpool,19.5
119478,886,2024-12-15,12/19/2024,,Italy,Milan,8.45
119481,1012,15.12.2024,2024-12-21,"Dec 17, 2024",Germany,Munich,6.05
119482,2458,15/12/2024,2024-12-25,2024-12-16,United Kingdom,Manchester,25.61
119483,2738,2024-12-15,2024-12-23,12/16/2024,Austria,Linz,10.53
119485,1778,2024-12-16,28.12.2024,,USA,Austin,42.75
119486,401,2024-12-16,2024-12-23,,France,Nice,29.56
119493,1969,2024-12-16,2024-12-19,22/12/2024,Germany,Hamburg,8.48
119495,1173,2024-12-16,28.12.2024,17.12.2024,Austria,Graz,20.59
119505,1145,"Dec 16, 2024",2024-12-20,2024-12-20,Germany,Munich,6.28
119507,2629,2024-12-16,2024-12-26,2024-12-21,United Kingdom,London,9.17
119508,273,2024-12-16,29.12.2024,18/12/2024,USA,Chicago,10.17
119510,739,2024-12-16,2024-12-27,2024-12-23,Norway,Trondheim,18.86
119511,103,2024-12-16,2024-12-27,2024-12-26,United Kingdom,Liverpool,29.13
119515,2325,16.12.2024,20/12/2024,27/12/2024,Canada,Ottawa,10.12
119524,2056,2024-12-16,20/12/2024,2024-12-26,Germany,Cologne,7.28
119525,1168,17/12/2024,2024-12-21,25/12/2024,USA,Chicago,18.36
119526,1192,17/12/2024,25.12.2024,20/12/2024,Spain,Bilbao,7.59
119529,2573,"Dec 17, 2024",2024-12-27,12/22/2024,USA,Boston,5.82
119531,1424,"Dec 17, 2024",2024-12-21,26/12/2024,United Kingdom,Manchester,31.08
119538,593,12/17/2024,12/29/2024,2024-12-28,USA,New York,14.25
119540,246,"Dec 17, 2024",2024-12-28,2024-12-24,Italy,Turin,9.16
119541,969,2024-12-17,28/12/2024,2024-12-19,Netherlands,Utrecht,38.78
119543,2874,2024-12-17,2024-12-21,2024-12-24,United Kingdom,Bristol,16.57
119545,2672,2024-12-17,28.12.2024,2024-12-26,United Kingdom,Leeds,44.91
119546,37,17.12.2024,"Dec 20, 2024",2024-12-25,USA,Denver,17.4
119547,731,12/17/2024,2024-12-22,,USA,Seattle,23.68
119548,2045,2024-12-17,30.12.2024,,Germany,Frankfurt,20.37
119550,954,2024-12-17,2024-12-22,19.12.2024,Czech Republic,Ostrava,6.82
119551,1374,2024-12-17,2024-12-20,,France,Lyon,10.3
119552,2588,2024-12-17,12/29/2024,,Germany,Frankfurt,28.03
119554,209,2024-12-17,"Dec 27, 2024",2024-12-25,Norway,Oslo,18.88
119557,956,2024-12-17,"Dec 24, 2024",2024-12-21,Italy,Florence,16.81
119559,1169,17/12/2024,25.12.2024,27/12/2024,USA,Boston,17.47
119560,685,17.12.2024,29/12/2024,12/27/2024,Spain,Valencia,21.86
119561,395,2024-12-18,"Dec 29, 2024",2024-12-24,Italy,Rome,10.4
119563,1688,2024-12-18,2024-12-26,,Canada,Montreal,4.68
119564,2295,12/18/2024,2024-12-30,12/19/2024,United Kingdom,Bristol,20.53
119565,1814,2024-12-18,2024-12-31,2024-12-20,Germany,Munich,16.68
119572,1114,18.12.2024,28/12/2024,12/24/2024,France,Nice,18.82
119575,2032,18.12.2024,2024-12-31,"Dec 29, 2024",United Kingdom,Liverpool,10.33
119577,1466,18.12.2024,"Dec 24, 2024",2024-12-21,USA,Chicago,28.64
119584,307,12/18/2024,2024-12-21,2024-12-23,Czech Republic,Prague,14.23
119587,1775,12/18/2024,"Dec 28, 2024",2024-12-29,France,Toulouse,19.11
119591,2212,18.12.2024,2024-12-22,19.12.2024,Austria,Linz,12.78
119593,2881,19/12/2024,12/30/2024,2024-12-27,Czech Republic,Prague,20.4
119595,2480,19/12/2024,12/22/2024,30/12/2024,Norway,Stavanger,18.57
119598,2244,2024-12-19,31/12/2024,2024-12-26,Netherlands,Utrecht,28.25
119604,1319,2024-12-19,2024-12-27,25/12/2024,United Kingdom,Liverpool,37.07
119606,858,2024-12-19,"Dec 25, 2024",30/12/2024,Poland,Lodz,18.36
119607,2877,19/12/2024,2024-12-27,29.12.2024,Germany,Berlin,13.83
119609,1600,19.12.2024,31.12.2024,2024-12-30,Poland,Poznan,5.2
119613,34,2024-12-19,12/26/2024,2024-12-24,Poland,Gdansk,12.81
119614,1349,2024-12-19,12/26/2024,12/30/2024,Germany,Cologne,21.67
119617,2660,2024-12-19,29.12.2024,,Norway,Stavanger,26.67
119621,556,"Dec 20, 2024","Dec 30, 2024",12/30/2024,Sweden,Uppsala,12.12
119627,260,20/12/2024,"Dec 24, 2024",2024-12-24,Germany,Frankfurt,28.54
119628,2185,20/12/2024,2024-12-25,28.12.2024,Germany,Cologne,25.55
119629,1377,20/12/2024,02.01.2025,28/12/2024,Italy,Rome,15.92
119635,936,2024-12-20,12/24/2024,22/12/2024,Netherlands,Eindhoven,-19.69
119642,642,20/12/2024,27/12/2024,12/22/2024,Poland,Wroclaw,41.55
119647,956,2024-12-20,23.12.2024,,Italy,Florence,24.83
119649,816,20.12.2024,12/24/2024,22/12/2024,Spain,Seville,20.15
119659,1777,20/12/2024,2024-12-23,2024-12-26,USA,Chicago,54.23
119661,1568,2024-12-20,"Jan 02, 2025",2024-12-23,Poland,Warsaw,16.88
119662,1839,21.12.2024,2024-12-30,"Dec 22, 2024",France,Marseille,31.23
119663,499,2024-12-21,25/12/2024,2024-12-28,Italy,Rome,16.91
119664,1942,21.12.2024,2024-12-30,29/12/2024,United Kingdom,London,33.75
119665,169,12/21/2024,27/12/2024,2024-12-25,Germany,Munich,25.39
119671,319,2024-12-21,12/25/2024,"Dec 30, 2024",United Kingdom,London,29.17
119674,605,2024-12-21,"Jan 02, 2025",23/12/2024,Spain,Barcelona,31.13
119675,1854,21.12.2024,"Jan 03, 2025",2024-12-31,Austria,Linz,10.35
119677,2443,21.12.2024,30.12.2024,28/12/2024,Spain,Seville,26.79
119679,864,21/12/2024,2024-12-24,2024-12-23,France,Paris,8.01
119683,801,21/12/2024,24.12.2024,2024-12-26,Italy,Rome,12.15
119685,309,2024-12-21,2024-12-24,01/01/2025,Italy,Turin,9.4
119687,1089,2024-12-21,24.12.2024,2024-12-27,Sweden,Malmo,13.96
119688,641,21/12/2024,2025-01-01,2024-12-28,United Kingdom,Liverpool,8.24
119696,2470,21/12/2024,2024-12-31,"Dec 26, 2024",United Kingdom,Leeds,12.1
119699,1273,22/12/2024,29/12/2024,2024-12-25,Sweden,Malmo,10.29
119705,14,"Dec 22, 2024","Dec 27, 2024",2024-12-31,USA,Boston,13.64
119706,756,22/12/2024,25/12/2024,26/12/2024,Poland,Krakow,13.74
119709,1875,2024-12-22,"Jan 01, 2025",29.12.2024,Poland,Warsaw,13.07
119710,2094,2024-12-22,2024-12-27,23.12.2024,Netherlands,Eindhoven,30.57
119714,2286,22/12/2024,2024-12-29,2024-12-25,Canada,Toronto,11.99
119718,2668,12/22/2024,2025-01-04,28.12.2024,Austria,Graz,32.63
119719,2717,2024-12-22,2025-01-02,"Dec 29, 2024",Spain,Madrid,30.53
119723,2436,2024-12-22,"Dec 31, 2024",01/02/2025,Austria,Salzburg,23.05
119727,516,2024-12-23,2025-01-05,03/01/2025,USA,Chicago,9.75
119748,2282,12/23/2024,01.01.2025,,Czech Republic,Ostrava,27.83
119750,668,23.12.2024,26.12.2024,28/12/2024,Germany,Munich,11.14
119752,491,2024-12-23,12/26/2024,2024-12-29,Poland,Wroclaw,18.46
119754,1174,2099-01-01,30.12.2024,2024-12-30,USA,Austin,18.35
119755,986,12/23/2024,2024-12-31,2024-12-27,France,Lyon,4.53
119756,2584,"Dec 23, 2024",2024-12-31,,United Kingdom,London,19.06
119757,1356,23.12.2024,28/12/2024,2024-12-25,Netherlands,Amsterdam,32.96
119759,1597,23/12/2024,2024-12-31,29/12/2024,Poland,Krakow,7.56
119763,1109,"Dec 23, 2024",2025-01-02,2024-12-29,Canada,Montreal,13.33
119765,1145,"Dec 23, 2024",01.01.2025,,Germany,Munich,10.67
119768,2601,23.12.2024,03/01/2025,25/12/2024,Sweden,Uppsala,41.38
119771,1872,2024-12-24,01/02/2025,2024-12-27,Czech Republic,Ostrava,15.05
119774,1195,12/24/2024,2025-01-05,29/12/2024,Poland,Warsaw,5.79
119775,293,12/24/2024,2024-12-28,27.12.2024,Poland,Warsaw,8.37
119778,901,2024-12-24,2024-12-30,28/12/2024,France,Toulouse,36.43
119780,2500,2024-12-24,01/06/2025,,Netherlands,Rotterdam,21.72
119782,2828,2024-12-24,01/01/2025,2025-01-04,United Kingdom,Bristol,17.91
119785,1651,24/12/2024,2025-01-04,2024-12-25,Spain,Madrid,20.91
119786,744,24.12.2024,01/05/2025,,Germany,Cologne,6.88
119788,1255,"Dec 24, 2024",2025-01-01,,France,Toulouse,20.32
119794,1996,"Dec 24, 2024",2024-12-28,04.01.2025,France,Nice,9.82
119796,2638,2024-12-24,12/30/2024,2024-12-27,France,Marseille,14.53
119798,686,25/12/2024,"Dec 31, 2024","Jan 03, 2025",Czech Republic,Pilsen,14.41
119807,587,12/25/2024,"Jan 03, 2025",2024-12-27,USA,Chicago,31.92
119808,1958,12/25/2024,2025-01-07,01.01.2025,Sweden,Malmo,14.06
119809,2651,2024-12-25,2025-01-01,01/03/2025,Italy,Rome,22.52
119810,1311,12/25/2024,01/04/2025,12/27/2024,United Kingdom,Leeds,5.99
119811,1367,12/25/2024,"Jan 04, 2025",,United Kingdom,Manchester,13.07
119812,1981,2024-12-25,2024-12-29,2024-12-26,Poland,Krakow,8.88
119814,1864,25.12.2024,03/01/2025,"Dec 27, 2024",Netherlands,Utrecht,30.4
119822,887,2024-12-25,2025-01-04,26.12.2024,France,Marseille,28.4
119825,901,"Dec 25, 2024",2025-01-04,03.01.2025,France,Toulouse,21.09
119827,145,2024-12-25,04/01/2025,"Dec 26, 2024",Italy,Florence,29.61
119831,701,2024-12-25,"Jan 05, 2025",2024-12-26,United Kingdom,Liverpool,26.51
119837,2169,2024-12-26,2025-01-02,05.01.2025,Norway,Trondheim,9.36
119838,694,2024-12-26,30/12/2024,12/31/2024,Germany,Frankfurt,25.48
119839,535,2024-12-26,"Dec 29, 2024",31/12/2024,Poland,Warsaw,8.0
119855,731,26.12.2024,2025-01-07,2025-01-03,USA,Seattle,7.18
119858,1914,2024-12-26,2025-01-01,,USA,Austin,6.93
119861,740,12/26/2024,2025-01-03,,Netherlands,Utrecht,6.5
119863,1962,2024-12-26,2025-01-05,"Dec 27, 2024",Italy,Milan,12.27
119864,2832,12/26/2024,2025-01-06,12/30/2024,Norway,Stavanger,8.78
119865,96,2024-12-26,2024-12-30,"Jan 03, 2025",France,Paris,44.64
119875,2340,27/12/2024,01/04/2025,01/03/2025,Italy,Rome,22.06
119877,1981,2024-12-27,01/05/2025,01.01.2025,Poland,Krakow,11.35
119880,2832,2024-12-27,08/01/2025,2024-12-29,Norway,Stavanger,21.74
119882,2335,2024-12-27,2024-12-31,12/29/2024,Germany,Berlin,14.59
119883,943,12/27/2024,2025-01-04,"Dec 30, 2024",Spain,Seville,23.75
119884,922,27.12.2024,31.12.2024,2025-01-03,Germany,Berlin,45.84
119888,500,2024-12-27,2025-01-05,"Jan 06, 2025",Poland,Lodz,5.29
119889,1037,2024-12-27,2025-01-08,2025-01-03,Canada,Montreal,20.51
119890,2390,27/12/2024,2024-12-30,2024-12-29,Spain,Barcelona,-30.0
119892,2751,12/27/2024,2025-01-02,03.01.2025,France,Paris,6.0
119896,2909,2024-12-27,"Jan 04, 2025","Jan 04, 2025",USA,Denver,6.43
119900,1935,12/27/2024,2025-01-05,"Jan 04, 2025",Spain,Seville,7.62
119908,1314,27.12.2024,2025-01-02,,Netherlands,Rotterdam,24.14
119909,890,2024-12-27,01/08/2025,,USA,Austin,12.02
119910,13,2024-12-28,10/01/2025,12/31/2024,Italy,Rome,18.91
119911,2056,28.12.2024,10/01/2025,2025-01-02,Germany,Cologne,27.79
119913,1380,2024-12-28,06/01/2025,29/12/2024,Norway,Oslo,7.92
119914,2712,2024-12-28,2025-01-05,2025-01-06,France,Toulouse,15.85
119915,1942,28.12.2024,2025-01-08,31.12.2024,United Kingdom,London,17.24
119919,2434,28.12.2024,01/07/2025,2025-01-01,United Kingdom,Bristol,19.38
119921,2030,2024-12-28,2025-01-01,02.01.2025,Poland,Lodz,6.23
119925,1364,28/12/2024,08.01.2025,2025-01-07,Canada,Vancouver,8.35
119928,718,28/12/2024,2025-01-06,"Jan 01, 2025",Poland,Warsaw,24.83
119933,2492,12/28/2024,2025-01-10,01/01/2025,USA,Chicago,12.63
119937,2881,28/12/2024,"Jan 02, 2025",01/06/2025,Czech Republic,Prague,12.81
119941,2448,2024-12-29,07/01/2025,2025-01-03,Germany,Frankfurt,41.61
119946,2281,2024-12-29,2025-01-04,31/12/2024,USA,Seattle,7.55
119947,839,2024-12-29,06.01.2025,2024-12-31,USA,Boston,28.03
119953,813,29/12/2024,2025-01-04,,United Kingdom,London,14.03
119954,2818,2024-12-29,2025-01-04,01/01/2025,France,Toulouse,20.96
119957,366,29/12/2024,03/01/2025,,United Kingdom,Bristol,17.21
119958,2991,2024-12-29,01/09/2025,31/12/2024,Austria,Graz,15.04
119959,2680,2024-12-29,01/05/2025,2025-01-03,Netherlands,Amsterdam,-23.47
119962,2093,29.12.2024,"Jan 08, 2025",2025-01-06,Spain,Madrid,14.86
119963,2029,12/29/2024,2025-01-03,2025-01-09,USA,Denver,18.82
119967,1320,"Dec 29, 2024",2025-01-08,,France,Marseille,43.25
119975,387,12/30/2024,01/05/2025,,France,Paris,18.03
119976,2870,12/30/2024,07.01.2025,06/01/2025,Spain,Valencia,29.62
119977,2486,"Dec 30, 2024",05/01/2025,2025-01-05,Poland,Gdansk,21.38
119978,1627,30/12/2024,11.01.2025,2025-01-07,Poland,Lodz,10.88
119979,2865,"Dec 30, 2024","Jan 04, 2025",03.01.2025,Austria,Linz,20.7
119980,701,2024-12-30,2025-01-08,01/03/2025,United Kingdom,Liverpool,13.55
119983,1264,"Dec 30, 2024","Jan 06, 2025",2025-01-08,USA,Denver,11.34
119985,1714,"Dec 30, 2024","Jan 11, 2025",05/01/2025,Poland,Wroclaw,9.95
119986,2590,30.12.2024,2025-01-02,2025-01-07,United Kingdom,London,12.71
119991,2555,2024-12-30,10/01/2025,,USA,Chicago,11.43
119994,2974,30.12.2024,12.01.2025,2025-01-09,Germany,Frankfurt,24.49
120001,692,2024-12-30,12/01/2025,01/04/2025,Austria,Graz,46.48
120005,794,31.12.2024,2025-01-06,2025-01-03,Spain,Madrid,7.36
120007,785,31.12.2024,01/03/2025,10.01.2025,United Kingdom,Liverpool,11.45
120009,2717,"Dec 31, 2024",01/12/2025,,Spain,Madrid,10.18
120011,1884,2024-12-31,10/01/2025,01/07/2025,Spain,Barcelona,22.05
120016,613,12/31/2024,"Jan 12, 2025",2025-01-07,United Kingdom,Leeds,10.25
120020,273,31/12/2024,"Jan 08, 2025",2025-01-04,USA,Chicago,42.94
120021,1323,2024-12-31,2025-01-08,08/01/2025,Sweden,Malmo,21.88
120023,2647,31/12/2024,"Jan 11, 2025",01.01.2025,Italy,Florence,18.63
120024,2314,12/31/2024,01/10/2025,2025-01-06,Austria,Graz,30.94
120028,2941,2025-01-01,07/01/2025,2025-01-11,USA,Seattle,20.06
120029,2798,"Jan 01, 2025",09/01/2025,01/11/2025,Norway,Oslo,12.73
120036,887,2025-01-01,2025-01-13,,France,Marseille,15.32
120037,1838,2025-01-01,"Jan 10, 2025",2025-01-08,United Kingdom,Liverpool,8.01
120040,2443,01/01/2025,12/01/2025,04.01.2025,Spain,Seville,11.77
120041,2947,2025-01-01,12.01.2025,2025-01-05,Poland,Gdansk,13.0
120043,274,2025-01-01,2025-01-13,06.01.2025,Italy,Florence,6.51
120050,2798,01/01/2025,07/01/2025,09.01.2025,Norway,Oslo,17.04
120051,2506,"Jan 01, 2025",2025-01-04,2025-01-09,Poland,Lodz,5.75
120053,1048,2025-01-02,07/01/2025,2025-01-06,Italy,Florence,6.74
120054,1342,02/01/2025,2025-01-12,01/10/2025,USA,Seattle,24.72
120056,2146,2025-01-02,"Jan 07, 2025","Jan 03, 2025",Germany,Hamburg,35.55
120057,1956,2025-01-02,12/01/2025,11/01/2025,Spain,Bilbao,13.33
120058,1665,02/01/2025,11.01.2025,2025-01-05,France,Lyon,30.54
120061,829,02/01/2025,01/11/2025,"Jan 04, 2025",Sweden,Gothenburg,22.91
120062,2256,02.01.2025,2025-01-07,,Poland,Gdansk,7.48
120063,2307,01/02/2025,08/01/2025,01/10/2025,Poland,Warsaw,22.75
120065,1209,01/02/2025,2025-01-12,01/10/2025,Netherlands,Utrecht,16.5
120070,2212,2025-01-02,2025-01-13,2025-01-11,Austria,Linz,17.31
120074,2542,2025-01-02,2025-01-08,01/08/2025,Poland,Poznan,5.76
120079,2695,01/02/2025,2025-01-10,"Jan 04, 2025",Spain,Seville,21.69
120080,2420,2025-01-02,15/01/2025,2025-01-12,Netherlands,Rotterdam,21.77
120081,1975,2025-01-02,2025-01-08,,Germany,Cologne,28.27
120082,772,2025-01-03,"Jan 16, 2025",2025-01-08,Spain,Bilbao,7.84
120083,353,2025-01-03,16.01.2025,2025-01-09,France,Paris,8.15
120088,2294,2025-01-03,"Jan 09, 2025",09.01.2025,Austria,Vienna,19.03
120094,1585,01/03/2025,15/01/2025,06/01/2025,Czech Republic,Prague,8.95
120100,1211,01/03/2025,2025-01-16,2025-01-04,Germany,Frankfurt,16.42
120101,674,2025-01-03,16/01/2025,04.01.2025,France,Toulouse,5.93
120103,1382,2025-01-03,11/01/2025,2025-01-11,Czech Republic,Brno,6.41
120104,2195,03.01.2025,08/01/2025,10.01.2025,Germany,Munich,26.93
120106,2549,04.01.2025,2025-01-17,15/01/2025,Netherlands,Amsterdam,6.0
120107,2970,04/01/2025,"Jan 07, 2025",01/15/2025,Netherlands,Amsterdam,8.43
120109,1538,01/04/2025,12/01/2025,,Netherlands,Utrecht,19.6
120117,2188,04.01.2025,01/16/2025,,United Kingdom,Liverpool,42.5
120119,1225,01/04/2025,"Jan 07, 2025",,Spain,Valencia,14.73
120122,1853,2025-01-04,2025-01-16,01/06/2025,Germany,Hamburg,11.27
120123,2325,01/04/2025,2025-01-10,"Jan 13, 2025",Canada,Ottawa,18.56
120128,836,2025-01-05,09/01/2025,2025-01-11,Spain,Madrid,11.73
120130,1231,2025-01-05,01/18/2025,,Poland,Warsaw,9.45
120131,1800,2025-01-05,13.01.2025,"Jan 06, 2025",Austria,Vienna,16.82
120134,2192,05.01.2025,17.01.2025,16/01/2025,United Kingdom,Bristol,33.03
120135,1865,05/01/2025,01/16/2025,,France,Toulouse,14.62
120137,1750,01/05/2025,2025-01-12,2025-01-08,France,Lyon,17.82
120145,1959,2025-01-05,16/01/2025,,Sweden,Gothenburg,15.03
120150,1785,2025-01-05,10/01/2025,2025-01-15,Spain,Madrid,28.65
120151,94,05/01/2025,16.01.2025,07.01.2025,United Kingdom,Leeds,14.83
120156,346,06/01/2025,2025-01-17,2025-01-13,Germany,Berlin,11.19
120162,2352,06.01.2025,"Jan 10, 2025","Jan 12, 2025",Czech Republic,Brno,12.08
120163,1044,"Jan 06, 2025",18.01.2025,01/11/2025,Sweden,Uppsala,5.3
120165,1955,2025-01-06,01/12/2025,2025-01-17,USA,Boston,23.23
120166,1127,06.01.2025,2025-01-16,2025-01-15,USA,Seattle,6.37
120167,1028,"Jan 06, 2025",2025-01-15,,Poland,Poznan,17.35
120169,1445,06/01/2025,2025-01-17,08.01.2025,France,Toulouse,17.52
120172,2959,2025-01-06,09.01.2025,,France,Marseille,17.89
120177,586,07/01/2025,2025-01-19,2025-01-16,France,Paris,14.96
120181,880,01/07/2025,2025-01-10,09/01/2025,Spain,Valencia,4.5
120188,2560,07/01/2025,"Jan 16, 2025","Jan 08, 2025",Sweden,Gothenburg,15.97
120194,2102,01/07/2025,2025-01-17,2025-01-16,USA,Chicago,21.12
120200,1185,01/07/2025,2025-01-12,2025-01-14,USA,Austin,8.09
120201,555,2025-01-07,16.01.2025,2025-01-15,Germany,Cologne,15.8
120204,668,08.01.2025,2025-01-16,10.01.2025,Germany,Munich,5.97
120209,2056,2025-01-08,13/01/2025,2025-01-19,Germany,Cologne,12.88
120213,539,08.01.2025,2025-01-11,2025-01-10,Austria,Graz,20.99
120214,764,2025-01-08,2025-01-20,01/09/2025,Sweden,Gothenburg,10.26
120217,540,08/01/2025,21/01/2025,2025-01-15,USA,Boston,27.8
120219,587,2025-01-08,"Jan 21, 2025",2025-01-15,USA,Chicago,15.33
120221,1854,08/01/2025,01/11/2025,10.01.2025,Austria,Linz,12.72
120223,685,01/09/2025,2025-01-15,20/01/2025,Spain,Valencia,15.14
120226,1703,"Jan 09, 2025",13/01/2025,20.01.2025,Sweden,Gothenburg,7.59
120227,2849,09/01/2025,18/01/2025,01/20/2025,Poland,Gdansk,13.8
120231,1502,2025-01-09,01/20/2025,2025-01-14,USA,Seattle,26.91
120235,1643,2025-01-09,2025-01-15,2025-01-16,United Kingdom,Manchester,10.09
120240,1391,09/01/2025,"Jan 21, 2025",16.01.2025,Norway,Trondheim,15.71
120247,2838,09/01/2025,22/01/2025,2025-01-11,USA,Denver,4.57
120253,318,2025-01-10,2025-01-19,2025-01-14,USA,Chicago,7.56
120254,1074,2025-01-10,"Jan 19, 2025",13/01/2025,France,Marseille,20.3
120256,2940,2025-01-10,2025-01-23,2025-01-19,Norway,Trondheim,22.14
120257,2961,01/10/2025,2025-01-13,2025-01-16,Italy,Rome,24.86
120258,591,2025-01-10,23/01/2025,2025-01-11,Netherlands,Amsterdam,18.91
120259,50,10.01.2025,2025-01-23,12.01.2025,Canada,Vancouver,7.32
120267,213,01/10/2025,13/01/2025,13/01/2025,USA,New York,8.15
120269,1195,"Jan 10, 2025",21/01/2025,2025-01-18,Poland,Warsaw,31.5
120270,1725,10/01/2025,22/01/2025,,United Kingdom,Manchester,6.76
120271,143,01/10/2025,2025-01-14,15/01/2025,USA,Austin,35.89
120276,597,10/01/2025,2025-01-17,16/01/2025,United Kingdom,Liverpool,26.74
120279,867,2025-01-11,15/01/2025,,France,Nice,17.58
120288,2235,2025-01-11,01/16/2025,16.01.2025,Czech Republic,Ostrava,36.75
120292,1134,11.01.2025,2025-01-18,13/01/2025,Spain,Bilbao,9.22
120294,1659,2025-01-11,2025-01-23,01/14/2025,USA,Chicago,13.7
120304,2054,2025-01-12,2025-01-15,22/01/2025,Netherlands,Utrecht,12.92
120305,2107,2025-01-12,"Jan 22, 2025",,Czech Republic,Pilsen,26.32
120306,2588,01/12/2025,"Jan 16, 2025",2025-01-17,Germany,Frankfurt,11.94
120309,798,2025-01-12,2025-01-15,17.01.2025,Poland,Krakow,33.04
120316,1644,2025-01-12,"Jan 21, 2025",2025-01-21,Poland,Poznan,24.18
120317,2288,01/12/2025,2025-01-23,14/01/2025,United Kingdom,Leeds,15.07
120318,401,12/01/2025,2025-01-24,2025-01-16,France,Nice,18.06
120325,1853,2025-01-13,2025-01-19,15/01/2025,Germany,Hamburg,21.03
120326,1296,2025-01-13,2025-01-20,2025-01-22,France,Nice,26.6
120330,2357,13/01/2025,2025-01-16,2025-01-18,France,Marseille,23.87
120331,1064,"Jan 13, 2025",2025-01-17,2025-01-18,Poland,Poznan,14.43
120336,1715,2025-01-13,2025-01-18,,Spain,Seville,5.5
120338,2721,2025-01-13,2025-01-22,2025-01-19,Poland,Krakow,12.83
120342,587,01/13/2025,2025-01-18,16/01/2025,USA,Chicago,27.01
120343,681,2025-01-13,16/01/2025,01/14/2025,USA,Boston,9.36
120345,2962,13.01.2025,2025-01-22,01/16/2025,Sweden,Gothenburg,33.76
120347,14,13/01/2025,2025-01-16,"Jan 22, 2025",USA,Boston,11.24
120348,583,13.01.2025,"Jan 21, 2025",,Germany,Hamburg,14.32
120352,95,14.01.2025,01/24/2025,"Jan 16, 2025",Spain,Madrid,5.54
120357,2057,2025-01-14,2025-01-27,,Netherlands,Amsterdam,20.55
120359,271,2025-01-14,2025-01-17,2025-01-20,Italy,Naples,15.33
120360,533,2025-01-14,22.01.2025,01/20/2025,Germany,Hamburg,19.42
120366,789,01/14/2025,2025-01-18,,USA,Denver,19.12
120370,2351,2025-01-14,01/22/2025,2025-01-18,Sweden,Gothenburg,15.7
120373,731,2025-01-14,01/22/2025,2025-01-19,USA,Seattle,5.95
120375,211,2099-01-01,20/01/2025,21/01/2025,USA,Denver,20.45
120376,736,"Jan 15, 2025",2025-01-20,18/01/2025,USA,Boston,26.9
120377,745,2025-01-15,19/01/2025,2025-01-24,Italy,Florence,31.25
120379,1326,"Jan 15, 2025",2025-01-26,19/01/2025,Poland,Krakow,33.12
120384,1985,2025-01-15,2025-01-26,2025-01-20,Germany,Hamburg,5.35
120387,342,2025-01-15,2025-01-24,,Sweden,Uppsala,5.8
120390,2248,2025-01-15,2025-01-18,01/19/2025,United Kingdom,London,25.67
120391,2577,2025-01-15,2025-01-27,19/01/2025,Poland,Krakow,18.25
120393,2893,15.01.2025,01/24/2025,26.01.2025,USA,Denver,46.28
120399,1840,2025-01-16,19/01/2025,2025-01-26,Poland,Wroclaw,20.63
120402,468,16/01/2025,2025-01-19,,France,Marseille,8.32
120403,2072,2025-01-16,23/01/2025,01/21/2025,Germany,Cologne,16.25
120404,1550,16/01/2025,2025-01-29,24/01/2025,France,Paris,8.35
120408,162,2025-01-16,2025-01-28,2025-01-27,USA,Chicago,5.97
120414,1872,01/16/2025,01/21/2025,2025-01-20,Czech Republic,Ostrava,13.95
120419,1564,2025-01-17,2025-01-24,19/01/2025,Italy,Florence,8.93
120422,933,17.01.2025,2025-01-28,,Germany,Cologne,19.84
120423,1480,2025-01-17,2025-01-20,2025-01-21,United Kingdom,Bristol,10.67
120425,2262,2025-01-17,01/26/2025,2025-01-27,France,Paris,11.49
120429,2318,"Jan 17, 2025",2025-01-23,21/01/2025,Italy,Rome,18.88
120430,2717,2025-01-17,22.01.2025,,Spain,Madrid,9.55
120431,2719,"Jan 17, 2025",2025-01-21,2025-01-22,France,Toulouse,13.74
120432,1989,"Jan 17, 2025",29.01.2025,"Jan 24, 2025",Canada,Toronto,17.67
120435,2994,17/01/2025,01/21/2025,25.01.2025,Czech Republic,Prague,23.25
120438,2128,18.01.2025,"Jan 23, 2025",,United Kingdom,London,5.54
120441,1501,"Jan 18, 2025",01/26/2025,01/25/2025,France,Paris,16.06
120443,1707,2025-01-18,01/23/2025,28.01.2025,Austria,Linz,23.56
120444,1607,2025-01-18,2025-01-24,2025-01-24,United Kingdom,Leeds,9.27
120449,733,"Jan 18, 2025",24/01/2025,2025-01-22,Italy,Florence,37.93
120453,2607,2025-01-18,2025-01-31,2025-01-21,Spain,Madrid,44.01
120461,2332,2025-01-19,2025-01-31,2025-01-27,Sweden,Malmo,4.52
120462,1124,19/01/2025,2025-01-23,01/21/2025,Netherlands,Rotterdam,30.79
120463,198,"Jan 19, 2025",2025-01-23,2025-01-25,United Kingdom,Liverpool,11.63
120464,2660,19/01/2025,2025-01-31,2025-01-20,Norway,Stavanger,18.0
120470,1821,01/19/2025,29/01/2025,01/28/2025,Germany,Cologne,24.67
120473,2350,2025-01-19,30/01/2025,2025-01-29,Austria,Salzburg,36.94
120475,989,2025-01-19,"Jan 29, 2025",27/01/2025,Germany,Hamburg,28.22
120477,939,19/01/2025,2025-01-28,2025-01-25,Poland,Gdansk,46.28
120479,868,2025-01-20,27.01.2025,2025-01-24,Poland,Lodz,26.97
120485,1044,20.01.2025,2025-02-01,,Sweden,Uppsala,15.51
120487,411,2025-01-20,2025-01-27,,Poland,Lodz,9.18
120490,488,2025-01-20,2025-01-25,2025-01-25,United Kingdom,Liverpool,8.11
120496,1643,01/20/2025,01.02.2025,"Jan 30, 2025",United Kingdom,Manchester,37.5
120497,1212,2025-01-20,2025-01-26,01/29/2025,Canada,Montreal,35.88
120499,985,2025-01-20,"Feb 02, 2025",2025-01-30,Poland,Wroclaw,17.32
120500,309,20/01/2025,"Jan 30, 2025",2025-01-30,Italy,Turin,15.75
120502,1538,2025-01-20,"Jan 29, 2025",,Netherlands,Utrecht,15.98
120503,1854,2025-01-20,2025-02-01,2025-01-24,Austria,Linz,53.28
120508,1225,01/21/2025,01/02/2025,2025-01-27,Spain,Valencia,20.81
120509,1703,21/01/2025,2025-01-28,2025-01-22,Sweden,Gothenburg,35.92
120510,2197,21/01/2025,02/02/2025,01/23/2025,Italy,Florence,18.92
120511,206,2025-01-21,02/01/2025,01/02/2025,Sweden,Stockholm,30.8
120512,1485,"Jan 21, 2025",2025-01-31,,Spain,Bilbao,14.48
120513,140,21/01/2025,2025-02-03,2025-01-26,Netherlands,Utrecht,14.17
120521,1643,2025-01-21,2025-01-27,,United Kingdom,Manchester,16.95
120522,2459,"Jan 21, 2025",29.01.2025,25.01.2025,USA,Chicago,14.69
120530,631,22/01/2025,28.01.2025,,Spain,Bilbao,6.96
120533,861,"Jan 22, 2025",02/02/2025,,Czech Republic,Prague,26.68
120544,281,2025-01-22,01/02/2025,28.01.2025,Canada,Montreal,59.06
120546,1225,"Jan 22, 2025","Feb 03, 2025",,Spain,Valencia,19.59
120547,2455,2025-01-22,2025-01-25,2025-02-01,Canada,Ottawa,23.5
120551,2114,01/23/2025,2025-02-03,,Czech Republic,Brno,8.21
120555,307,2025-01-23,03.02.2025,,Czech Republic,Prague,22.24
120559,701,2025-01-23,2025-01-29,01/29/2025,United Kingdom,Liverpool,15.03
120560,946,2025-01-23,2025-02-02,31.01.2025,Czech Republic,Brno,45.1
120564,943,01/23/2025,"Feb 01, 2025",,Spain,Seville,15.48
120567,734,01/23/2025,2025-02-01,02/01/2025,Norway,Stavanger,20.72
120568,217,23.01.2025,04.02.2025,29/01/2025,Czech Republic,Pilsen,16.06
120571,993,24/01/2025,02/01/2025,2025-02-03,USA,Denver,22.3
120573,1884,"Jan 24, 2025",02/01/2025,"Jan 26, 2025",Spain,Barcelona,11.24
120579,1885,24.01.2025,2025-02-01,2025-01-28,Spain,Madrid,13.29
120581,2386,24.01.2025,2025-02-06,"Feb 03, 2025",Netherlands,Utrecht,6.49
120584,925,2025-01-24,02.02.2025,01/02/2025,France,Toulouse,6.66
120585,470,2025-01-24,"Feb 05, 2025",2025-01-27,USA,Denver,35.95
120586,1394,2025-01-24,02.02.2025,2025-02-04,Netherlands,Amsterdam,16.29
120587,1238,01/24/2025,03/02/2025,01.02.2025,United Kingdom,Liverpool,12.19
120588,522,2025-01-24,30/01/2025,31/01/2025,France,Lyon,17.47
120593,2315,2025-01-24,2025-01-28,,Italy,Florence,8.7
120596,2374,01/24/2025,2025-02-03,02/04/2025,Spain,Bilbao,16.39
120598,2870,01/24/2025,30/01/2025,31/01/2025,Spain,Valencia,29.22
120599,775,"Jan 24, 2025",2025-02-05,2025-01-25,Spain,Madrid,16.21
120600,125,2025-01-24,30.01.2025,27/01/2025,Austria,Vienna,9.3
120602,480,24/01/2025,06.02.2025,2025-01-27,Sweden,Gothenburg,8.02
120603,2903,2025-01-25,31/01/2025,,Germany,Berlin,20.34
120604,1550,"Jan 25, 2025",2025-02-04,31/01/2025,France,Paris,19.32
120605,1338,2025-01-25,2025-01-31,04/02/2025,Germany,Frankfurt,12.28
120606,1688,25/01/2025,2025-02-01,30/01/2025,Canada,Montreal,13.95
120609,2384,25.01.2025,02/02/2025,2025-01-26,USA,New York,13.28
120611,1666,2025-01-25,2025-02-04,,France,Nice,26.97
120617,731,2025-01-25,02/02/2025,02/04/2025,USA,Seattle,7.84
120620,241,25/01/2025,2025-02-07,2025-02-01,Poland,Wroclaw,11.54
120624,905,25/01/2025,2025-01-31,2025-02-01,Spain,Bilbao,12.17
120628,317,25/01/2025,02/02/2025,"Feb 01, 2025",United Kingdom,Leeds,12.55
120630,2195,2025-01-25,07/02/2025,2025-02-02,Germany,Munich,6.46
120634,1750,2025-01-26,2025-02-01,2025-01-29,France,Lyon,26.32
120636,885,2025-01-26,2025-02-01,01/27/2025,Germany,Frankfurt,23.42
120640,2285,26.01.2025,2025-01-29,2025-02-06,Germany,Hamburg,28.66
120642,946,2025-01-26,05/02/2025,03/02/2025,Czech Republic,Brno,15.8
120644,854,01/26/2025,"Feb 05, 2025",29/01/2025,Spain,Madrid,15.72
120645,470,2025-01-26,29.01.2025,01/30/2025,USA,Denver,22.01
120646,2535,2025-01-26,02/03/2025,2025-01-30,Germany,Cologne,6.92
120648,688,2025-01-26,03/02/2025,,Netherlands,Utrecht,16.9
120660,2992,2025-01-27,2025-02-04,2025-02-05,United Kingdom,Manchester,8.13
120663,1329,2025-01-27,"Feb 09, 2025",2025-02-05,France,Lyon,17.96
120666,1794,2025-01-27,"Feb 09, 2025",2025-02-06,Sweden,Gothenburg,25.09
120669,2881,27/01/2025,02/07/2025,30/01/2025,Czech Republic,Prague,21.59
120670,1920,27/01/2025,2025-02-05,04.02.2025,France,Paris,11.74
120672,440,01/27/2025,31.01.2025,2025-01-29,Italy,Milan,8.17
120674,2205,"Jan 27, 2025",07.02.2025,,Spain,Madrid,11.84
120675,2365,"Jan 27, 2025",02/08/2025,2025-01-29,France,Nice,25.39
120676,209,2025-01-27,2025-02-07,06/02/2025,Norway,Oslo,15.97
120677,641,01/28/2025,2025-02-07,2025-02-07,United Kingdom,Liverpool,13.98
120680,634,28/01/2025,02/08/2025,2025-02-08,USA,Austin,13.26
120682,75,"Jan 28, 2025",02.02.2025,,United Kingdom,Liverpool,14.61
120684,2486,2025-01-28,2025-02-01,01.02.2025,Poland,Gdansk,35.7
120686,57,28.01.2025,02/05/2025,02.02.2025,USA,Austin,21.27
120689,1864,2025-01-28,"Jan 31, 2025",01.02.2025,Netherlands,Utrecht,32.67
120690,247,28.01.2025,2025-02-04,2025-02-01,Germany,Cologne,13.18
120691,1987,28.01.2025,07/02/2025,,Poland,Krakow,5.6
120692,2748,28.01.2025,10/02/2025,"Feb 01, 2025",USA,Boston,10.91
120695,1020,"Jan 29, 2025",02/07/2025,,Germany,Frankfurt,14.77
120696,1524,1900-01-01,2025-02-09,04/02/2025,Netherlands,Amsterdam,4.17
120698,78,2025-01-29,07.02.2025,"Feb 02, 2025",Italy,Rome,7.43
120700,2582,"Jan 29, 2025",10.02.2025,,Canada,Toronto,7.6
120702,1663,"Jan 29, 2025",07.02.2025,01/02/2025,Sweden,Stockholm,13.01
120709,202,2025-01-29,08/02/2025,"Feb 01, 2025",Germany,Berlin,14.59
120710,711,29/01/2025,02/03/2025,01/30/2025,Canada,Montreal,5.92
120712,1004,01/29/2025,02/04/2025,2025-02-06,Norway,Oslo,8.83
120716,2589,2025-01-30,2025-02-04,2025-02-06,Norway,Trondheim,49.72
120718,1356,2025-01-30,06/02/2025,2025-02-05,Netherlands,Amsterdam,9.12
120727,2369,2025-01-30,08/02/2025,02/10/2025,Spain,Valencia,12.37
120734,34,30/01/2025,2025-02-02,,Poland,Gdansk,17.1
120741,1952,31/01/2025,2025-02-13,02/08/2025,Netherlands,Eindhoven,35.49
120742,2686,2025-01-31,05/02/2025,"Feb 05, 2025",Czech Republic,Prague,17.0
120746,1888,01/31/2025,02/12/2025,06/02/2025,Canada,Toronto,26.78
120747,2544,31/01/2025,12/02/2025,2025-02-05,France,Toulouse,9.84
120750,1729,31.01.2025,2025-02-12,"Feb 04, 2025",Sweden,Uppsala,19.84
120751,1977,01/31/2025,2025-02-04,2025-02-03,United Kingdom,Bristol,19.35
120752,821,2025-01-31,2025-02-07,2025-02-01,France,Paris,8.47
120769,211,01.02.2025,2025-02-09,2025-02-05,USA,Denver,15.66
120772,96,2025-02-02,"Feb 12, 2025",02/11/2025,France,Paris,7.47
120773,2314,2025-02-02,07/02/2025,2025-02-07,Austria,Graz,25.19
120774,2564,2025-02-02,2025-02-08,03/02/2025,France,Nice,20.45
120780,1853,02/02/2025,2025-02-15,02/06/2025,Germany,Hamburg,12.37
120786,1573,2025-02-02,13/02/2025,2025-02-12,Canada,Vancouver,25.15
120787,281,2025-02-02,08/02/2025,02/03/2025,Canada,Montreal,24.38
120788,1634,2025-02-02,2025-02-14,2025-02-07,Italy,Florence,17.32
120790,1486,2025-02-02,06/02/2025,2025-02-03,France,Toulouse,16.91
120791,2215,2025-02-02,"Feb 09, 2025",,Czech Republic,Prague,16.21
120796,1900,2025-02-03,08/02/2025,02/14/2025,Germany,Berlin,9.57
120799,2697,"Feb 03, 2025",2025-02-06,05/02/2025,Canada,Montreal,28.53
120802,1511,2025-02-03,2025-02-10,02/07/2025,Czech Republic,Pilsen,22.42
120804,2220,03/02/2025,02/09/2025,2025-02-11,Spain,Seville,11.56
120810,145,03.02.2025,02/14/2025,02/09/2025,Italy,Florence,18.23
120811,1531,2025-02-03,2025-02-10,2025-02-13,Germany,Hamburg,24.98
120820,2331,2025-02-03,2025-02-10,2025-02-13,USA,Austin,15.66
120821,2467,03/02/2025,02/11/2025,2025-02-13,USA,Chicago,20.75
120822,517,02/03/2025,"Feb 07, 2025",09.02.2025,Spain,Valencia,6.41
120824,1321,02/03/2025,2025-02-08,,USA,Seattle,25.52
120831,1296,"Feb 04, 2025",09/02/2025,2025-02-11,France,Nice,16.37
120834,1886,02/04/2025,08.02.2025,"Feb 15, 2025",Germany,Frankfurt,8.44
120836,2446,02/04/2025,2025-02-14,,Netherlands,Amsterdam,28.64
120837,254,2025-02-04,2025-02-08,02/05/2025,Spain,Seville,9.23
120838,417,02/04/2025,"Feb 09, 2025",02/11/2025,Spain,Bilbao,37.61
120839,2971,2025-02-04,07.02.2025,2025-02-06,Spain,Barcelona,21.48
120846,734,04/02/2025,2025-02-15,2025-02-07,Norway,Stavanger,15.26
120849,401,2025-02-05,2025-02-17,"Feb 11, 2025",France,Nice,5.5
120855,2958,2025-02-05,2025-02-13,02/07/2025,Canada,Vancouver,13.71
120859,710,05.02.2025,2025-02-12,2025-02-07,Germany,Hamburg,9.61
120866,2327,2025-02-05,02/16/2025,11.02.2025,USA,Seattle,19.27
120868,2684,2025-02-05,2025-02-18,10.02.2025,Spain,Barcelona,5.63
120874,1941,2025-02-06,2025-02-17,,Poland,Gdansk,6.82
120879,113,2025-02-06,09.02.2025,02/14/2025,Spain,Seville,13.33
120880,2231,06.02.2025,2025-02-13,12.02.2025,Germany,Hamburg,19.41
120881,2872,06/02/2025,2025-02-19,12/02/2025,France,Toulouse,26.9
120882,450,2025-02-06,19/02/2025,2025-02-09,France,Nice,25.73
120886,427,"Feb 06, 2025","Feb 10, 2025",02/08/2025,Spain,Valencia,13.2
120891,2525,06/02/2025,17.02.2025,17/02/2025,Netherlands,Rotterdam,12.64
120893,2382,02/07/2025,02/14/2025,2025-02-15,Sweden,Gothenburg,35.48
120894,2830,2025-02-07,14/02/2025,13/02/2025,Spain,Madrid,8.12
120896,141,07/02/2025,"Feb 18, 2025","Feb 15, 2025",France,Paris,64.17
120900,755,2025-02-07,2025-02-11,"Feb 16, 2025",Poland,Gdansk,10.37
120901,1107,2025-02-07,2025-02-12,02/12/2025,Czech Republic,Prague,13.62
120903,1491,02/07/2025,2025-02-16,,France,Paris,46.27
120904,1752,2025-02-07,18/02/2025,2025-02-10,Poland,Warsaw,5.57
120905,1320,2025-02-07,2025-02-20,2025-02-18,France,Marseille,13.82
120907,1968,2025-02-07,19/02/2025,2025-02-11,Czech Republic,Prague,33.97
120912,767,2025-02-07,16/02/2025,16/02/2025,United Kingdom,London,46.58
120921,352,08.02.2025,02/16/2025,2025-02-10,USA,Chicago,11.11
120922,2858,08/02/2025,2025-02-15,15/02/2025,Germany,Munich,37.47
120924,1937,2025-02-08,2025-02-20,,Czech Republic,Ostrava,19.41
120928,2369,08.02.2025,02/11/2025,2025-02-14,Spain,Valencia,17.73
120933,2232,"Feb 08, 2025",2025-02-18,2025-02-12,Czech Republic,Brno,6.07
120937,1835,2025-02-08,"Feb 13, 2025",16.02.2025,United Kingdom,Leeds,22.87
120938,1280,2025-02-08,21.02.2025,14.02.2025,Netherlands,Rotterdam,13.11
120943,282,2025-02-09,2025-02-12,,Poland,Warsaw,9.16
120945,360,2025-02-09,17/02/2025,"Feb 10, 2025",United Kingdom,Manchester,7.11
120946,2732,2025-02-09,15.02.2025,2025-02-18,Czech Republic,Ostrava,12.44
120948,1440,09/02/2025,18/02/2025,12.02.2025,United Kingdom,Leeds,5.99
120952,2138,2025-02-09,17.02.2025,2025-02-17,Czech Republic,Prague,11.39
120954,1732,2025-02-09,19/02/2025,17/02/2025,Czech Republic,Brno,30.36
120963,2094,2025-02-10,2025-02-21,"Feb 19, 2025",Netherlands,Eindhoven,11.79
120966,2489,02/10/2025,16/02/2025,15.02.2025,United Kingdom,Bristol,7.61
120967,2083,10.02.2025,14/02/2025,2025-02-14,Spain,Madrid,20.63
120973,1117,2025-02-10,2025-02-18,,Italy,Florence,15.96
120975,126,10.02.2025,14/02/2025,02/14/2025,Canada,Toronto,12.67
120977,637,"Feb 10, 2025",18.02.2025,2025-02-21,USA,Boston,11.68
120987,830,"Feb 10, 2025",15/02/2025,17/02/2025,Germany,Frankfurt,37.35
120988,488,2025-02-10,2025-02-22,"Feb 13, 2025",United Kingdom,Liverpool,20.71
120989,2589,10/02/2025,"Feb 16, 2025","Feb 11, 2025",Norway,Trondheim,8.29
120994,891,"Feb 11, 2025","Feb 17, 2025",2025-02-20,Czech Republic,Prague,19.95
121000,1231,2025-02-11,23/02/2025,,Poland,Warsaw,18.94
121001,1635,11/02/2025,2025-02-21,2025-02-16,Poland,Poznan,28.37
121004,1719,11/02/2025,15.02.2025,2025-02-14,Netherlands,Eindhoven,30.79
121013,2034,02/12/2025,18.02.2025,,Germany,Hamburg,17.28
121014,1577,2025-02-12,16/02/2025,16.02.2025,Germany,Cologne,9.54
121019,1419,2025-02-12,18/02/2025,2025-02-15,Netherlands,Eindhoven,17.16
121021,2646,2025-02-12,2025-02-19,2025-02-20,United Kingdom,Bristol,11.6
121024,757,02/13/2025,2025-02-24,19/02/2025,France,Lyon,34.74
121025,975,2025-02-13,2025-02-26,,Germany,Hamburg,19.55
121028,2212,2025-02-13,2025-02-19,,Austria,Linz,4.46
121034,476,13/02/2025,"Feb 17, 2025",2025-02-22,United Kingdom,Leeds,14.72
121037,233,2025-02-13,02/18/2025,14/02/2025,Spain,Madrid,18.65
121041,800,13/02/2025,02/16/2025,2025-02-20,USA,Chicago,14.41
121042,2231,02/13/2025,18.02.2025,02/14/2025,Germany,Hamburg,8.36
121043,631,14/02/2025,17.02.2025,,Spain,Bilbao,17.51
121047,2475,"Feb 14, 2025",2025-02-18,23/02/2025,Germany,Munich,24.3
121048,982,2025-02-14,02/24/2025,2025-02-17,USA,Austin,31.44
121054,29,14/02/2025,20.02.2025,2025-02-24,United Kingdom,Manchester,20.8
121060,1690,2025-02-14,2025-02-19,,Canada,Calgary,36.33
121066,2441,14.02.2025,2025-02-19,,United Kingdom,Manchester,19.61
121075,1166,2025-02-15,"Feb 18, 2025",2025-02-18,Sweden,Uppsala,27.25
121077,867,15/02/2025,"Feb 19, 2025","Feb 25, 2025",France,Nice,11.7
121084,867,15.02.2025,02/21/2025,2025-02-25,France,Nice,4.15
121086,1861,2025-02-15,18/02/2025,2025-02-18,Sweden,Gothenburg,4.48
121093,2111,02/16/2025,2025-02-27,02/20/2025,Austria,Vienna,38.25
121098,1598,2025-02-16,2025-02-20,2025-02-17,USA,Seattle,7.58
121102,1542,2025-02-16,23.02.2025,"Feb 23, 2025",Poland,Poznan,11.06
121103,1209,02/16/2025,26.02.2025,,Netherlands,Utrecht,17.43
121104,825,"Feb 16, 2025",28/02/2025,,Germany,Frankfurt,27.45
121106,2712,02/16/2025,2025-02-25,,France,Toulouse,18.61
121108,2255,2025-02-16,20/02/2025,23.02.2025,Poland,Warsaw,48.05
121111,1864,"Feb 16, 2025",2025-02-24,21/02/2025,Netherlands,Utrecht,10.11
121114,1564,2025-02-17,2025-02-20,2025-02-20,Italy,Florence,16.1
121115,2057,02/17/2025,2025-03-01,22/02/2025,Netherlands,Amsterdam,13.64
121117,2923,2025-02-17,2025-02-27,02/24/2025,Poland,Lodz,19.78
121121,1689,17/02/2025,"Feb 22, 2025",2025-02-21,Germany,Hamburg,19.24
121127,2896,2025-02-17,2025-03-01,,USA,Denver,4.91
121129,2521,17/02/2025,28/02/2025,2025-02-21,Spain,Valencia,7.29
121131,800,2025-02-17,2025-02-21,02/25/2025,USA,Chicago,30.2
121132,2844,2025-02-18,2025-02-22,2025-02-21,Sweden,Malmo,15.67
121133,1314,2025-02-18,"Feb 27, 2025",25/02/2025,Netherlands,Rotterdam,17.93
121134,411,"Feb 18, 2025",2025-02-27,2025-02-22,Poland,Lodz,21.25
121137,304,18/02/2025,"Feb 22, 2025",2025-02-19,Czech Republic,Prague,5.8
121139,1804,02/18/2025,2025-02-22,2025-02-25,USA,Chicago,31.94
121143,2394,"Feb 18, 2025",2025-03-03,19.02.2025,Spain,Bilbao,18.69
121145,1489,02/18/2025,2025-02-27,"Feb 25, 2025",Germany,Berlin,21.28
121150,1169,2025-02-18,2025-03-02,03/01/2025,USA,Boston,18.64
121152,37,2025-02-18,2025-02-22,2025-02-26,USA,Denver,17.31
121154,2557,02/18/2025,2025-02-25,,Poland,Warsaw,12.4
121155,1770,2025-02-18,28/02/2025,24.02.2025,Norway,Stavanger,21.36
121157,1421,2025-02-19,02/26/2025,20/02/2025,Netherlands,Eindhoven,9.08
121158,367,19/02/2025,22/02/2025,,Spain,Madrid,17.48
121161,1319,19.02.2025,"Feb 28, 2025",,United Kingdom,Liverpool,12.94
121162,1839,02/19/2025,03/03/2025,25/02/2025,France,Marseille,4.64
121171,161,02/19/2025,"Feb 27, 2025",2025-02-20,USA,Seattle,10.17
121175,2418,19/02/2025,"Mar 02, 2025",2025-02-25,Poland,Poznan,11.15
121183,942,02/20/2025,27/02/2025,03/01/2025,Italy,Turin,8.93
121187,1554,02/20/2025,2025-02-25,03/03/2025,Poland,Lodz,13.49
121190,2149,"Feb 20, 2025",03/04/2025,03.03.2025,Poland,Poznan,84.6
121196,2343,2025-02-20,24/02/2025,2025-02-24,Germany,Munich,8.92
121202,1857,"Feb 20, 2025",2025-02-24,,Italy,Naples,13.63
121206,2217,20/02/2025,2025-02-23,26/02/2025,Germany,Munich,7.11
121207,2120,20.02.2025,03.03.2025,2025-02-21,Italy,Florence,23.39
121210,1421,21/02/2025,2025-03-06,2025-03-01,Netherlands,Eindhoven,18.7
121212,2324,2025-02-21,2025-02-24,2025-02-22,Poland,Wroclaw,11.7
121214,2351,2025-02-21,03/06/2025,2025-02-27,Sweden,Gothenburg,32.64
121216,2902,2025-02-21,2025-02-25,24.02.2025,Spain,Madrid,26.3
121221,1916,2025-02-21,2025-02-26,2025-02-28,USA,Denver,10.51
121226,1843,2025-02-21,05/03/2025,03/03/2025,Austria,Vienna,7.32
121228,1889,21/02/2025,25.02.2025,22/02/2025,Poland,Gdansk,13.49
121229,1771,21/02/2025,2025-03-06,,Netherlands,Eindhoven,6.19
121233,2533,2025-02-22,2025-03-02,03/03/2025,Czech Republic,Pilsen,16.85
121236,2051,2025-02-22,25/02/2025,2025-03-05,United Kingdom,London,26.84
121238,1585,22/02/2025,2025-02-28,,Czech Republic,Prague,15.4
121241,1885,02/22/2025,"Feb 26, 2025",2025-03-02,Spain,Madrid,5.79
121242,2858,02/22/2025,03/01/2025,"Feb 28, 2025",Germany,Munich,48.84
121243,887,2025-02-22,04/03/2025,2025-03-02,France,Marseille,17.06
121244,121,"Feb 22, 2025","Feb 28, 2025",2025-02-25,Germany,Frankfurt,21.57
121246,338,22.02.2025,27.02.2025,2025-02-23,Germany,Frankfurt,18.93
121252,1975,02/22/2025,06/03/2025,2025-02-24,Germany,Cologne,23.33
121253,946,2025-02-22,2025-03-02,2025-03-01,Czech Republic,Brno,3.86
121258,775,22/02/2025,"Mar 01, 2025","Feb 23, 2025",Spain,Madrid,26.73
121259,1109,2025-02-23,28/02/2025,02/27/2025,Canada,Montreal,20.23
121260,2281,"Feb 23, 2025",03/05/2025,,USA,Seattle,12.42
121264,2526,23/02/2025,06/03/2025,02/28/2025,Germany,Berlin,8.77
121274,383,"Feb 23, 2025",03/01/2025,2025-03-01,Italy,Florence,19.86
121276,2005,2025-02-23,02.03.2025,02/25/2025,Spain,Bilbao,23.7
121277,1952,23.02.2025,03/02/2025,06/03/2025,Netherlands,Eindhoven,11.47
121279,2708,2025-02-23,06.03.2025,2025-02-25,USA,Chicago,46.7
121284,1364,2025-02-24,04/03/2025,,Canada,Vancouver,30.08
121285,798,2025-02-24,09.03.2025,03.03.2025,Poland,Krakow,19.37
121288,935,24.02.2025,2025-03-01,2025-02-28,Sweden,Gothenburg,12.78
121291,380,24/02/2025,03/09/2025,2025-03-07,Germany,Munich,4.31
121294,2688,24/02/2025,2025-03-04,2025-03-01,United Kingdom,London,-14.86
121296,440,2025-02-24,03/07/2025,03/02/2025,Italy,Milan,26.34
121302,2884,02/24/2025,02/03/2025,03/01/2025,United Kingdom,London,28.96
121305,560,02/24/2025,"Mar 01, 2025",26/02/2025,France,Lyon,7.74
121314,1897,02/25/2025,03/09/2025,,USA,Boston,14.64
121316,2172,2025-02-25,03/06/2025,2025-02-27,Germany,Munich,21.48
121319,2818,2025-02-25,03/02/2025,02/26/2025,France,Toulouse,11.69
121320,1953,2025-02-25,03/03/2025,,Spain,Valencia,21.95
121321,1521,2025-02-25,2025-03-06,2025-03-02,USA,Chicago,10.8
121324,1070,2025-02-25,07/03/2025,,Poland,Lodz,30.11
121327,1976,2025-02-25,2025-02-28,06/03/2025,Poland,Krakow,41.94
121332,378,"Feb 26, 2025",08.03.2025,"Mar 02, 2025",United Kingdom,Manchester,34.12
121333,1798,26/02/2025,2025-03-04,"Feb 27, 2025",Germany,Frankfurt,36.92
121334,2247,2025-02-26,2025-03-09,2025-02-27,Poland,Gdansk,21.72
121335,2548,26/02/2025,2025-03-07,2025-03-04,Austria,Salzburg,43.28
121336,428,"Feb 26, 2025",02/03/2025,"Mar 06, 2025",Germany,Berlin,22.76
121342,2123,2025-02-26,2025-03-02,2025-02-27,France,Nice,13.59
121350,2995,2025-02-26,2025-03-03,2025-03-08,Czech Republic,Pilsen,18.41
121358,1472,02/27/2025,2025-03-02,"Mar 06, 2025",Italy,Rome,17.01
121361,686,2025-02-27,2025-03-08,2025-03-01,Czech Republic,Pilsen,13.6
121365,2987,"Feb 27, 2025",03/02/2025,2025-02-28,Poland,Krakow,28.96
121366,1902,2025-02-27,2025-03-04,2025-03-05,Sweden,Uppsala,12.35
121367,185,27/02/2025,05/03/2025,02/03/2025,Poland,Gdansk,13.08
121371,2669,02/27/2025,03/07/2025,"Feb 28, 2025",Norway,Stavanger,16.33
121372,686,27/02/2025,07/03/2025,2025-03-02,Czech Republic,Pilsen,12.52
121375,893,2025-02-27,2025-03-08,03/09/2025,Spain,Valencia,21.79
121376,650,2025-02-28,2025-03-09,2025-03-07,Germany,Cologne,14.54
121377,2734,2025-02-28,2025-03-03,,Italy,Turin,8.37
121378,855,2025-02-28,"Mar 08, 2025",05/03/2025,Spain,Madrid,16.34
121383,1976,2025-02-28,03/13/2025,2025-03-05,Poland,Krakow,25.34
121384,308,28/02/2025,10/03/2025,,USA,New York,19.78
121385,2728,2025-02-28,06/03/2025,2025-03-01,Poland,Gdansk,17.07
121386,641,02/28/2025,2025-03-11,,United Kingdom,Liverpool,7.98
121387,2219,28/02/2025,10.03.2025,2025-03-10,Italy,Rome,32.43
121389,905,2025-02-28,2025-03-11,07.03.2025,Spain,Bilbao,-29.08
121390,44,28.02.2025,06/03/2025,2025-03-09,Poland,Wroclaw,12.32
121393,20,02/28/2025,09/03/2025,11/03/2025,Poland,Krakow,13.99
121396,1814,2025-02-28,2025-03-07,,Germany,Munich,17.68
121397,936,2025-02-28,12/03/2025,,Netherlands,Eindhoven,8.78
121398,426,2025-02-28,"Mar 07, 2025","Mar 10, 2025",France,Nice,9.21
121403,1780,"Mar 01, 2025","Mar 05, 2025","Mar 05, 2025",France,Toulouse,19.86
121411,1652,01/03/2025,2025-03-14,10/03/2025,Germany,Munich,15.98
121415,2849,"Mar 01, 2025",03/14/2025,2025-03-10,Poland,Gdansk,28.46
121416,1392,2025-03-01,12/03/2025,08.03.2025,USA,New York,8.55
121419,1445,2025-03-01,2025-03-06,03/02/2025,France,Toulouse,17.44
121420,2044,2025-03-01,08/03/2025,,Germany,Berlin,8.52
121432,629,02/03/2025,06/03/2025,08/03/2025,Italy,Milan,14.51
121433,2544,1900-01-01,2025-03-14,,France,Toulouse,9.92
121435,1815,02/03/2025,2025-03-08,2025-03-06,Germany,Berlin,22.91
121439,2801,2025-03-02,07/03/2025,,Poland,Poznan,43.35
121440,798,"Mar 02, 2025","Mar 11, 2025",2025-03-03,Poland,Krakow,14.83
121442,412,"Mar 02, 2025",2025-03-08,08.03.2025,Poland,Warsaw,11.31
121446,922,03/02/2025,2025-03-05,2025-03-08,Germany,Berlin,19.71
121452,1424,2025-03-03,03/16/2025,2025-03-08,United Kingdom,Manchester,12.19
121461,2148,03/03/2025,2025-03-11,2025-03-06,France,Nice,14.59
121462,2771,03/03/2025,03/09/2025,2025-03-12,USA,New York,11.18
121465,2590,"Mar 03, 2025","Mar 07, 2025",2025-03-05,United Kingdom,London,9.99
121466,2828,2025-03-03,10.03.2025,12/03/2025,United Kingdom,Bristol,18.24
121471,1037,"Mar 03, 2025",03/12/2025,2025-03-06,Canada,Montreal,17.76
121472,2096,2025-03-03,15/03/2025,06.03.2025,USA,New York,19.47
121474,271,"Mar 03, 2025",2025-03-09,11/03/2025,Italy,Naples,30.27
121475,2202,03/03/2025,09.03.2025,"Mar 04, 2025",Poland,Krakow,9.83
121480,2532,03/03/2025,03/12/2025,,Spain,Valencia,23.74
121483,345,"Mar 04, 2025",09/03/2025,2025-03-11,France,Paris,21.46
121486,1013,04/03/2025,12/03/2025,,Czech Republic,Prague,11.37
121487,2831,2025-03-04,2025-03-16,2025-03-09,Germany,Berlin,24.97
121494,269,2025-03-04,2025-03-16,2025-03-13,Poland,Warsaw,9.78
121495,717,04.03.2025,12.03.2025,07/03/2025,Norway,Bergen,10.88
121497,190,2025-03-04,"Mar 16, 2025",09.03.2025,Czech Republic,Pilsen,18.24
121499,1450,04/03/2025,17/03/2025,"Mar 12, 2025",France,Nice,11.66
121502,2485,2025-03-04,2025-03-09,2025-03-05,USA,Chicago,23.84
121510,1110,2025-03-04,12.03.2025,03/08/2025,USA,New York,86.82
121513,990,2025-03-05,2025-03-16,2025-03-16,Austria,Linz,32.36
121518,650,2025-03-05,"Mar 10, 2025",2025-03-11,Germany,Cologne,6.3
121519,2143,05.03.2025,2025-03-17,03/16/2025,Germany,Munich,11.12
121520,308,2025-03-05,10/03/2025,2025-03-14,USA,New York,18.66
121522,2474,05/03/2025,03/10/2025,09/03/2025,Netherlands,Rotterdam,6.69
121524,1600,05.03.2025,2025-03-10,2025-03-08,Poland,Poznan,29.38
121532,2331,2025-03-06,"Mar 12, 2025",2025-03-14,USA,Austin,48.42
121537,2402,2025-03-06,2025-03-13,2025-03-16,Germany,Munich,9.37
121538,1368,03/06/2025,2025-03-13,03/11/2025,France,Nice,8.63
121539,2862,2025-03-06,13/03/2025,07.03.2025,Italy,Rome,15.99
121540,1168,2025-03-06,12/03/2025,12/03/2025,USA,Chicago,34.9
121542,69,06/03/2025,"Mar 12, 2025",2025-03-07,France,Toulouse,28.09
121545,1303,2025-03-06,09/03/2025,,Germany,Cologne,12.14
121549,1319,06/03/2025,18.03.2025,03/08/2025,United Kingdom,Liverpool,11.71
121554,2798,07.03.2025,2025-03-20,,Norway,Oslo,14.43
121558,2925,07/03/2025,2025-03-12,2025-03-10,Poland,Warsaw,9.82
121562,1139,03/07/2025,2025-03-14,"Mar 14, 2025",USA,Seattle,26.11
121563,2715,2025-03-07,2025-03-16,13/03/2025,Sweden,Gothenburg,14.43
121569,946,2099-01-01,2025-03-15,18/03/2025,Czech Republic,Brno,19.36
121570,1520,"Mar 07, 2025",2025-03-17,10/03/2025,Czech Republic,Prague,28.39
121571,1694,2025-03-07,11/03/2025,13/03/2025,Poland,Krakow,15.98
121574,766,"Mar 08, 2025",2025-03-13,03/17/2025,Spain,Seville,16.92
121575,2593,2025-03-08,"Mar 16, 2025","Mar 09, 2025",Italy,Naples,11.21
121577,2690,2025-03-08,"Mar 18, 2025",2025-03-10,France,Nice,20.77
121580,1107,08.03.2025,21/03/2025,18/03/2025,Czech Republic,Prague,13.2
121581,1930,2025-03-08,2025-03-19,2025-03-10,Austria,Vienna,6.42
121582,984,2025-03-08,12/03/2025,03/19/2025,France,Lyon,9.01
121587,1884,2025-03-08,2025-03-19,19/03/2025,Spain,Barcelona,13.42
121588,1224,08.03.2025,"Mar 11, 2025",03/14/2025,Netherlands,Eindhoven,32.62
121590,2987,09.03.2025,2025-03-12,19.03.2025,Poland,Krakow,13.03
121595,103,09.03.2025,14/03/2025,03/20/2025,United Kingdom,Liverpool,23.25
121600,1265,2025-03-09,2025-03-21,2025-03-10,USA,New York,32.42
121602,1894,09/03/2025,2025-03-21,2025-03-11,Italy,Turin,24.42
121605,1908,2025-03-09,2025-03-20,2025-03-11,France,Toulouse,5.4
121606,603,09.03.2025,2025-03-21,2025-03-13,United Kingdom,Manchester,18.61
121609,1550,"Mar 09, 2025",03/21/2025,2025-03-13,France,Paris,24.14
121610,1884,09/03/2025,2025-03-14,,Spain,Barcelona,16.22
121612,1207,"Mar 09, 2025",03/17/2025,17/03/2025,Poland,Poznan,6.01
121617,201,09.03.2025,20/03/2025,"Mar 17, 2025",Czech Republic,Pilsen,8.93
121624,1014,2025-03-10,2025-03-19,"Mar 21, 2025",Italy,Turin,24.75
121632,2585,03/10/2025,03/16/2025,2025-03-11,Germany,Hamburg,18.85
121633,1684,2025-03-10,2025-03-13,03/12/2025,Germany,Hamburg,16.35
121634,1350,10.03.2025,"Mar 20, 2025",2025-03-14,Norway,Trondheim,14.26
121636,253,10.03.2025,2025-03-17,2025-03-20,Germany,Hamburg,16.16
121638,1936,2025-03-10,21/03/2025,,USA,Denver,18.2
121639,508,2025-03-10,23.03.2025,03/11/2025,Canada,Ottawa,21.26
121640,2884,2025-03-10,17.03.2025,2025-03-13,United Kingdom,London,11.03
121642,787,2025-03-10,22.03.2025,12.03.2025,USA,Austin,9.8
121643,916,10/03/2025,2025-03-13,,USA,Seattle,15.73
121644,1945,2025-03-10,14.03.2025,2025-03-16,Poland,Warsaw,34.37
121647,2951,10.03.2025,2025-03-19,2025-03-16,France,Nice,9.68
121651,850,2025-03-11,2025-03-22,18.03.2025,Germany,Frankfurt,18.17
121653,2571,03/11/2025,21.03.2025,2025-03-15,France,Lyon,6.68
121656,1756,2025-03-11,16/03/2025,20.03.2025,Austria,Linz,25.32
121657,2094,2025-03-11,03/24/2025,14/03/2025,Netherlands,Eindhoven,8.47
121659,686,2025-03-11,2025-03-15,,Czech Republic,Pilsen,22.79
121660,2749,"Mar 11, 2025",23.03.2025,2025-03-21,Netherlands,Amsterdam,21.77
121662,787,11.03.2025,2025-03-23,,USA,Austin,20.8
121664,1466,11.03.2025,"Mar 18, 2025",2025-03-13,USA,Chicago,22.92
121665,2001,"Mar 11, 2025",2025-03-22,14/03/2025,Germany,Frankfurt,20.89
121666,1910,2025-03-12,03/23/2025,"Mar 16, 2025",France,Lyon,5.78
121667,862,"Mar 12, 2025",2025-03-20,17/03/2025,Germany,Munich,12.72
121670,916,03/12/2025,2025-03-22,03/19/2025,USA,Seattle,18.35
121671,363,2025-03-12,2025-03-16,2025-03-13,France,Marseille,22.45
121672,417,2025-03-12,2025-03-18,"Mar 23, 2025",Spain,Bilbao,21.92
121674,1577,12/03/2025,03/17/2025,03/14/2025,Germany,Cologne,11.99
121675,2875,2025-03-12,2025-03-16,2025-03-18,Italy,Naples,14.54
121681,938,13/03/2025,20/03/2025,,Spain,Bilbao,-24.86
121682,2321,2025-03-13,03/20/2025,2025-03-17,Germany,Hamburg,25.62
121683,1824,2025-03-13,2025-03-17,03/15/2025,Germany,Berlin,20.16
121692,282,2025-03-13,2025-03-18,2025-03-14,Poland,Warsaw,19.7
121693,1404,2025-03-13,20.03.2025,2025-03-17,United Kingdom,London,34.82
121697,1148,2025-03-13,20/03/2025,2025-03-23,Sweden,Malmo,10.09
121698,694,2025-03-13,2025-03-16,2025-03-18,Germany,Frankfurt,9.4
121699,2419,2025-03-13,2025-03-22,2025-03-17,Austria,Salzburg,8.73
121700,2013,2025-03-13,03/19/2025,,Canada,Montreal,38.15
121702,610,2025-03-13,17/03/2025,2025-03-20,Canada,Calgary,18.99
121703,568,2025-03-13,25/03/2025,24/03/2025,Canada,Toronto,21.72
121705,310,2025-03-13,"Mar 20, 2025",2025-03-22,Canada,Vancouver,4.67
121707,250,03/13/2025,25.03.2025,14/03/2025,Austria,Linz,26.0
121708,603,14/03/2025,20.03.2025,,United Kingdom,Manchester,37.19
121718,995,2025-03-14,2025-03-19,03/23/2025,Sweden,Stockholm,19.43
121720,2658,2025-03-14,03/25/2025,2025-03-22,Sweden,Gothenburg,-21.74
121735,1007,03/15/2025,2025-03-26,26.03.2025,USA,Chicago,36.5
121739,2952,2025-03-15,2025-03-18,2025-03-23,Sweden,Uppsala,12.71
121742,1669,2025-03-15,2025-03-28,22.03.2025,Italy,Rome,27.89
121745,2629,15.03.2025,03/21/2025,18.03.2025,United Kingdom,London,12.57
121746,2959,15.03.2025,2025-03-21,24/03/2025,France,Marseille,23.31
121750,1773,2025-03-15,03/26/2025,2025-03-26,United Kingdom,London,50.5
121753,1238,2025-03-15,2025-03-27,,United Kingdom,Liverpool,23.57
121756,683,03/16/2025,22/03/2025,20/03/2025,Germany,Berlin,16.63
121759,324,"Mar 16, 2025",03/25/2025,23/03/2025,France,Paris,8.71
121760,591,03/16/2025,2025-03-19,2025-03-20,Netherlands,Amsterdam,30.6
121761,1636,16.03.2025,2025-03-20,2025-03-25,France,Paris,37.98
121762,2214,"Mar 16, 2025",24/03/2025,21.03.2025,Germany,Frankfurt,12.7
121765,2985,2025-03-16,03/25/2025,,Canada,Toronto,7.24
121766,87,2025-03-16,2025-03-19,03/22/2025,Czech Republic,Ostrava,9.43
121774,1555,03/16/2025,22/03/2025,25/03/2025,Czech Republic,Brno,23.72
121775,2995,2025-03-16,2025-03-26,24/03/2025,Czech Republic,Pilsen,24.84
121777,2957,2025-03-16,25/03/2025,18/03/2025,United Kingdom,Leeds,13.29
121779,2267,2025-03-17,03/24/2025,2025-03-25,United Kingdom,London,24.42
121782,419,2025-03-17,2025-03-21,03/20/2025,USA,Chicago,25.15
121783,398,17/03/2025,2025-03-24,,Czech Republic,Ostrava,19.06
121790,2332,03/17/2025,03/28/2025,2025-03-19,Sweden,Malmo,32.05
121792,745,2025-03-17,25.03.2025,2025-03-27,Italy,Florence,30.32
121794,1733,17/03/2025,28/03/2025,"Mar 23, 2025",USA,Seattle,26.15
121796,2777,2025-03-17,2025-03-23,"Mar 26, 2025",USA,Denver,13.22
121799,1581,"Mar 17, 2025","Mar 27, 2025",2025-03-19,Spain,Valencia,30.32
121802,2094,18/03/2025,"Mar 21, 2025",2025-03-21,Netherlands,Eindhoven,16.01
121805,2107,2025-03-18,25/03/2025,2025-03-20,Czech Republic,Pilsen,14.02
121807,1550,2025-03-18,24/03/2025,2025-03-20,France,Paris,11.78
121812,2767,2025-03-18,03/23/2025,25.03.2025,Canada,Calgary,14.53
121813,427,2025-03-19,24.03.2025,,Spain,Valencia,7.55
121816,2979,19.03.2025,28/03/2025,2025-03-25,Austria,Linz,44.01
121817,1395,"Mar 19, 2025","Mar 24, 2025",20.03.2025,Italy,Naples,14.39
121821,1237,03/19/2025,2025-03-22,2025-03-21,USA,Boston,3.84
121822,1163,19/03/2025,2025-03-25,"Mar 29, 2025",Austria,Vienna,19.47
121823,1534,2025-03-19,2025-03-22,,Germany,Munich,16.58
121827,2031,2025-03-19,2025-03-30,2025-03-21,Spain,Madrid,18.71
121829,86,2025-03-19,27.03.2025,2025-03-28,Austria,Salzburg,40.64
121830,914,2025-03-19,2025-03-22,24/03/2025,Spain,Barcelona,13.79
121831,1580,2025-03-19,27/03/2025,2025-03-29,Poland,Warsaw,51.42
121835,1558,"Mar 19, 2025",03/30/2025,,United Kingdom,Liverpool,20.93
121837,2268,19.03.2025,03/31/2025,25/03/2025,United Kingdom,Leeds,12.75
121839,408,2025-03-20,2025-03-27,"Mar 24, 2025",Poland,Lodz,8.85
121847,2474,2025-03-20,2025-03-25,"Mar 23, 2025",Netherlands,Rotterdam,22.23
121855,2670,20/03/2025,"Mar 30, 2025",,Italy,Florence,22.79
121857,2811,20/03/2025,2025-04-02,2025-03-29,Italy,Florence,16.9
121860,314,2025-03-21,2025-03-24,2025-04-01,Poland,Gdansk,14.36
121863,2780,2025-03-21,04/03/2025,2025-03-31,Netherlands,Utrecht,13.88
121864,2188,21.03.2025,2025-03-27,,United Kingdom,Liverpool,22.92
121865,2118,2025-03-21,2025-03-24,2025-03-30,France,Lyon,9.76
121868,2326,"Mar 21, 2025",24/03/2025,24.03.2025,Netherlands,Utrecht,26.39
121870,1961,21/03/2025,03/28/2025,01.04.2025,Netherlands,Utrecht,33.1
121872,2330,21/03/2025,24.03.2025,22/03/2025,France,Paris,8.73
121874,962,2025-03-21,2025-04-01,23.03.2025,Poland,Wroclaw,9.31
121878,2557,"Mar 21, 2025",2025-03-26,2025-03-31,Poland,Warsaw,20.98
121881,535,"Mar 21, 2025",02/04/2025,03/23/2025,Poland,Warsaw,6.8
121882,1736,2025-03-21,2025-03-31,2025-03-30,Netherlands,Utrecht,45.11
121887,797,2025-03-22,03/27/2025,"Mar 30, 2025",United Kingdom,London,27.89
121888,3000,22/03/2025,03/29/2025,26/03/2025,USA,Denver,7.44
121895,641,2025-03-22,"Mar 28, 2025",26/03/2025,United Kingdom,Liverpool,19.56
121896,829,22.03.2025,04/03/2025,2025-03-30,Sweden,Gothenburg,15.34
121900,2351,22/03/2025,2025-03-26,2025-03-26,Sweden,Gothenburg,10.1
121902,1442,2025-03-22,2025-03-30,,United Kingdom,Leeds,7.67
121905,1423,2025-03-22,2025-03-29,24/03/2025,Germany,Cologne,33.83
121906,1419,2025-03-22,2025-03-28,2025-03-31,Netherlands,Eindhoven,6.64
121909,422,22/03/2025,03/28/2025,2025-03-27,Germany,Cologne,16.44
121910,2292,2025-03-22,31/03/2025,,United Kingdom,London,9.85
121914,1594,2025-03-22,2025-03-29,23/03/2025,France,Lyon,17.97
121917,2913,2025-03-23,"Apr 05, 2025",2025-04-02,United Kingdom,Manchester,31.39
121919,503,03/23/2025,29/03/2025,02/04/2025,Spain,Seville,7.88
121921,1711,"Mar 23, 2025","Mar 29, 2025",2025-03-30,Poland,Lodz,8.08
121922,449,2025-03-23,04/03/2025,2025-03-24,Germany,Frankfurt,13.67
121925,2155,23/03/2025,"Mar 28, 2025",2025-03-24,Czech Republic,Pilsen,25.54
121927,2223,2025-03-23,03/29/2025,,Germany,Hamburg,13.56
121933,500,2025-03-23,"Apr 01, 2025",24/03/2025,Poland,Lodz,30.62
121948,2859,2025-03-24,30/03/2025,2025-04-01,Sweden,Malmo,12.48
121949,824,"Mar 24, 2025",04/02/2025,2025-03-25,Poland,Lodz,33.47
121951,2832,24/03/2025,2025-04-05,04/02/2025,Norway,Stavanger,48.4
121953,2314,2025-03-24,2025-04-05,01.04.2025,Austria,Graz,9.32
121956,2815,24.03.2025,2025-04-03,"Mar 29, 2025",Poland,Warsaw,14.38
121960,2426,2025-03-24,03/31/2025,28/03/2025,Norway,Oslo,26.62
121962,2187,2025-03-24,"Apr 06, 2025",,Italy,Rome,18.64
121964,701,2025-03-24,30.03.2025,31.03.2025,United Kingdom,Liverpool,13.89
121965,2647,03/24/2025,03/04/2025,2025-03-31,Italy,Florence,15.23
121966,512,03/24/2025,2025-03-29,2025-04-04,Italy,Rome,15.19
121967,2557,03/24/2025,03/28/2025,2025-03-25,Poland,Warsaw,-17.33
121969,1786,03/25/2025,04/06/2025,2025-04-04,Netherlands,Amsterdam,11.99
121971,2995,"Mar 25, 2025",2025-04-05,2025-03-30,Czech Republic,Pilsen,12.57
121974,279,"Mar 25, 2025",2025-04-07,2025-03-27,USA,New York,9.36
121975,1445,2025-03-25,04/01/2025,,France,Toulouse,11.39
121978,682,2025-03-25,04/04/2025,03/04/2025,Germany,Munich,10.1
121979,1580,2025-03-25,2025-04-06,2025-04-04,Poland,Warsaw,14.05
121981,1989,25.03.2025,30.03.2025,04/05/2025,Canada,Toronto,9.6
121982,448,25.03.2025,2025-04-03,2025-04-05,Czech Republic,Brno,11.71
121990,762,"Mar 25, 2025",2025-03-29,,France,Paris,-33.74
121991,1868,2025-03-25,2025-04-05,30.03.2025,USA,Chicago,5.06
121992,1715,2025-03-25,30.03.2025,2025-03-28,Spain,Seville,31.94
121995,472,2025-03-25,"Apr 01, 2025",28.03.2025,France,Marseille,12.96
121998,2885,2025-03-26,2025-03-30,2025-04-03,Germany,Frankfurt,29.07
122000,772,26/03/2025,2025-03-29,04/06/2025,Spain,Bilbao,7.82
122008,169,2025-03-26,03.04.2025,"Apr 05, 2025",Germany,Munich,17.53
122011,1148,03/26/2025,2025-04-06,"Mar 29, 2025",Sweden,Malmo,8.25
122013,1012,2025-03-26,30.03.2025,2025-04-05,Germany,Munich,4.73
122014,1020,27.03.2025,03.04.2025,2025-03-29,Germany,Frankfurt,24.71
122015,1827,"Mar 27, 2025","Mar 31, 2025","Mar 28, 2025",Sweden,Gothenburg,14.85
122027,1471,2025-03-27,2025-04-03,2025-04-03,Spain,Valencia,12.93
122038,913,28/03/2025,2025-04-02,2025-04-05,Norway,Oslo,18.95
122039,308,2025-03-28,03.04.2025,,USA,New York,16.23
122041,1391,28/03/2025,2025-03-31,2025-03-31,Norway,Trondheim,28.95
122042,2021,28/03/2025,04/05/2025,2025-03-30,Canada,Toronto,9.76
122044,1927,03/28/2025,08.04.2025,,Germany,Hamburg,11.54
122045,1650,2025-03-28,2025-04-06,2025-04-07,Poland,Lodz,34.15
122049,786,03/28/2025,2025-04-05,2025-03-30,Poland,Poznan,13.09
122051,946,"Mar 28, 2025",02/04/2025,07/04/2025,Czech Republic,Brno,6.72
122052,1651,03/28/2025,04/06/2025,,Spain,Madrid,7.91
122057,1083,28/03/2025,2025-04-01,29.03.2025,United Kingdom,London,23.81
122058,2396,28.03.2025,2025-04-03,"Apr 03, 2025",USA,Seattle,10.28
122060,586,2025-03-28,04/01/2025,04/04/2025,France,Paris,6.83
122061,846,29.03.2025,04/04/2025,,Poland,Poznan,7.29
122067,2454,29.03.2025,04/02/2025,02/04/2025,Poland,Gdansk,35.75
122068,586,2025-03-29,2025-04-05,2025-03-31,France,Paris,25.5
122071,2684,03/29/2025,06.04.2025,"Apr 05, 2025",Spain,Barcelona,7.74
122073,1156,29/03/2025,2025-04-07,"Apr 05, 2025",Czech Republic,Prague,8.16
122078,224,29.03.2025,04/10/2025,,Sweden,Gothenburg,34.25
122080,2849,29.03.2025,03.04.2025,"Apr 08, 2025",Poland,Gdansk,14.39
122084,2052,2025-03-30,2025-04-06,05.04.2025,Czech Republic,Prague,29.84
122085,833,2025-03-30,"Apr 04, 2025","Apr 03, 2025",Austria,Vienna,31.78
122086,2271,30/03/2025,"Apr 05, 2025",08.04.2025,Poland,Wroclaw,20.01
122093,323,2025-03-30,04/07/2025,2025-03-31,USA,Boston,7.44
122097,656,03/30/2025,2025-04-06,,Italy,Turin,11.41
122100,17,2025-03-30,"Apr 09, 2025",2025-04-05,Poland,Lodz,11.81
122102,145,2025-03-30,2025-04-10,,Italy,Florence,23.63
122103,2860,30.03.2025,04/02/2025,2025-04-01,Poland,Warsaw,5.68
122104,2813,03/30/2025,2025-04-10,2025-03-31,Poland,Gdansk,18.44
122107,2312,03/31/2025,2025-04-13,,Austria,Vienna,12.01
122108,2885,2025-03-31,04.04.2025,2025-04-10,Germany,Frankfurt,21.38
122110,919,2025-03-31,10.04.2025,2025-04-03,Czech Republic,Prague,16.95
122120,2324,31.03.2025,2025-04-04,04/04/2025,Poland,Wroclaw,16.9
122126,2361,2025-04-01,2025-04-14,"Apr 05, 2025",France,Paris,4.23
122130,2259,01/04/2025,2025-04-14,2025-04-07,Spain,Barcelona,19.61
122132,1088,"Apr 01, 2025","Apr 05, 2025",06/04/2025,Germany,Berlin,7.76
122142,1816,2025-04-02,2025-04-07,2025-04-04,USA,Seattle,7.92
122144,1822,02/04/2025,2025-04-13,2025-04-09,Spain,Barcelona,6.44
122145,2331,2025-04-02,"Apr 07, 2025",2025-04-11,USA,Austin,23.46
122146,1636,02.04.2025,2025-04-07,07.04.2025,France,Paris,19.8
122147,1064,"Apr 02, 2025","Apr 07, 2025",12/04/2025,Poland,Poznan,8.13
122148,1026,02.04.2025,09/04/2025,"Apr 08, 2025",Italy,Milan,49.06
122157,334,02.04.2025,"Apr 05, 2025",2025-04-05,United Kingdom,London,41.03
122160,893,"Apr 02, 2025",2025-04-12,,Spain,Valencia,5.86
122163,610,02.04.2025,09/04/2025,04/05/2025,Canada,Calgary,18.73
122165,1204,"Apr 02, 2025","Apr 07, 2025",04/10/2025,Poland,Poznan,19.45
122168,2490,"Apr 02, 2025","Apr 11, 2025",,Poland,Warsaw,8.72
122174,2739,03.04.2025,15/04/2025,04/11/2025,Norway,Oslo,20.69
122181,2471,2025-04-03,"Apr 13, 2025",,USA,Seattle,14.8
122182,2870,2025-04-03,2025-04-12,11/04/2025,Spain,Valencia,9.51
122184,785,2025-04-03,"Apr 08, 2025",09/04/2025,United Kingdom,Liverpool,26.6
122190,309,2025-04-03,2025-04-16,12.04.2025,Italy,Turin,7.83
122195,1643,2025-04-03,2025-04-15,"Apr 10, 2025",United Kingdom,Manchester,7.1
122198,2557,2025-04-04,10/04/2025,2025-04-12,Poland,Warsaw,25.91
122200,2325,04/04/2025,04/08/2025,2025-04-08,Canada,Ottawa,12.55
122201,2951,2025-04-04,09/04/2025,2025-04-12,France,Nice,25.41
122204,31,04.04.2025,13/04/2025,2025-04-13,Netherlands,Rotterdam,-9.39
122211,355,04/04/2025,04/11/2025,"Apr 09, 2025",Poland,Warsaw,23.45
122214,2660,1900-01-01,2025-04-17,11/04/2025,Norway,Stavanger,9.8
122215,1362,2025-04-04,"Apr 14, 2025",2025-04-06,Italy,Rome,21.9
122223,1589,2025-04-05,04/16/2025,10/04/2025,United Kingdom,Bristol,16.74
122229,2327,2025-04-05,2025-04-11,2025-04-10,USA,Seattle,3.9
122231,2521,2025-04-05,10.04.2025,"Apr 12, 2025",Spain,Valencia,16.0
122237,2105,2025-04-05,09/04/2025,"Apr 07, 2025",USA,Denver,7.92
122240,2114,2025-04-05,2025-04-09,2025-04-14,Czech Republic,Brno,37.87
122250,2251,06/04/2025,09.04.2025,2025-04-13,Poland,Krakow,8.07
122255,853,06/04/2025,11.04.2025,09.04.2025,Czech Republic,Prague,16.36
122261,1009,04/06/2025,2025-04-12,2025-04-13,France,Toulouse,10.28
122262,1697,"Apr 06, 2025",14.04.2025,2025-04-09,USA,Chicago,14.93
122265,631,07/04/2025,2025-04-11,04/14/2025,Spain,Bilbao,16.84
122266,2835,2025-04-07,2025-04-14,04/13/2025,Germany,Berlin,11.53
122272,937,2025-04-07,2025-04-19,18/04/2025,Sweden,Uppsala,7.8
122276,1199,2025-04-07,19.04.2025,2025-04-16,USA,Seattle,53.05
122277,2367,"Apr 07, 2025","Apr 17, 2025",2025-04-08,Germany,Berlin,9.88
122279,1052,2025-04-08,2025-04-11,2025-04-19,Canada,Ottawa,11.35
122280,243,2025-04-08,20/04/2025,2025-04-15,Spain,Madrid,10.98
122281,2350,2025-04-08,2025-04-20,2025-04-11,Austria,Salzburg,9.33
122282,910,08/04/2025,12.04.2025,18/04/2025,Germany,Cologne,25.65
122286,291,04/08/2025,2025-04-11,2025-04-09,Italy,Naples,8.08
122293,1644,2025-04-08,2025-04-20,2025-04-16,Poland,Poznan,7.5
122295,1663,2025-04-08,15/04/2025,04/13/2025,Sweden,Stockholm,10.0
122298,560,2025-04-08,2025-04-18,17/04/2025,France,Lyon,39.55
122299,2553,2025-04-08,16.04.2025,,Spain,Madrid,22.96
122300,734,08.04.2025,2025-04-18,2025-04-11,Norway,Stavanger,7.26
122302,2200,2025-04-08,2025-04-15,16/04/2025,USA,Austin,35.34
122303,862,2025-04-08,2025-04-11,2025-04-19,Germany,Munich,8.6
122304,2082,"Apr 08, 2025","Apr 11, 2025","Apr 10, 2025",Poland,Lodz,11.92
122314,2558,2025-04-09,2025-04-15,2025-04-20,Austria,Linz,8.14
122316,406,2025-04-09,21/04/2025,13/04/2025,Spain,Bilbao,19.18
122317,219,"Apr 09, 2025",21/04/2025,2025-04-11,Norway,Stavanger,19.91
122320,1989,09/04/2025,2025-04-22,11.04.2025,Canada,Toronto,32.41
122321,1998,"Apr 09, 2025",22/04/2025,2025-04-11,Spain,Bilbao,4.62
122324,1397,09/04/2025,16.04.2025,17/04/2025,Germany,Hamburg,20.56
122328,2699,04/10/2025,04/20/2025,04/19/2025,France,Paris,45.93
122330,1126,"Apr 10, 2025","Apr 19, 2025",04/13/2025,United Kingdom,Leeds,15.3
122332,339,2025-04-10,2025-04-15,2025-04-17,United Kingdom,London,8.13
122334,418,04/10/2025,2025-04-18,,Austria,Linz,15.52
122337,1835,2099-01-01,2025-04-19,,United Kingdom,Leeds,10.28
122340,1636,04/10/2025,23/04/2025,2025-04-17,France,Paris,10.6
122343,549,10/04/2025,18/04/2025,2025-04-11,Poland,Warsaw,8.28
122345,222,10.04.2025,04/18/2025,2025-04-14,Italy,Naples,26.21
122347,1466,04/10/2025,2025-04-22,"Apr 17, 2025",USA,Chicago,34.53
122352,2940,"Apr 10, 2025",04/15/2025,20.04.2025,Norway,Trondheim,18.54
122355,612,04/10/2025,16/04/2025,2025-04-14,Netherlands,Amsterdam,35.26
122360,63,2025-04-11,04/21/2025,04/18/2025,Canada,Montreal,27.89
122361,48,11/04/2025,04/14/2025,2025-04-20,Germany,Munich,15.21
122364,1231,2025-04-11,2025-04-14,2025-04-12,Poland,Warsaw,6.45
122365,1735,2025-04-11,"Apr 22, 2025",14.04.2025,Netherlands,Rotterdam,9.29
122366,933,2025-04-11,24/04/2025,2025-04-18,Germany,Cologne,8.86
122368,2601,2025-04-11,2025-04-22,,Sweden,Uppsala,22.56
122371,655,04/11/2025,04/22/2025,15/04/2025,Sweden,Stockholm,23.2
122372,2899,11/04/2025,20/04/2025,"Apr 15, 2025",Netherlands,Amsterdam,12.37
122375,1990,2025-04-11,2025-04-20,"Apr 17, 2025",France,Paris,7.27
122383,1624,04/12/2025,"Apr 19, 2025",20.04.2025,Spain,Bilbao,16.36
122385,2245,04/12/2025,22.04.2025,2025-04-18,Spain,Madrid,17.17
122387,345,2025-04-12,04/19/2025,2025-04-22,France,Paris,14.83
122390,2880,12.04.2025,2025-04-24,,France,Nice,11.59
122391,178,2025-04-12,2025-04-24,14.04.2025,Norway,Stavanger,16.8
122392,2612,12/04/2025,"Apr 23, 2025",04/20/2025,Netherlands,Eindhoven,20.57
122397,1695,2025-04-12,2025-04-24,13/04/2025,Netherlands,Rotterdam,11.03
122398,2590,04/12/2025,2025-04-16,2025-04-18,United Kingdom,London,43.39
122401,2010,"Apr 12, 2025",16/04/2025,2025-04-21,Poland,Warsaw,16.81
122410,656,13.04.2025,2025-04-18,,Italy,Turin,12.61
122415,666,"Apr 13, 2025",18.04.2025,"Apr 20, 2025",Czech Republic,Ostrava,12.33
122418,2864,13.04.2025,26.04.2025,20/04/2025,Poland,Gdansk,17.47
122421,491,13/04/2025,"Apr 26, 2025",,Poland,Wroclaw,5.54
122423,208,13.04.2025,2025-04-26,2025-04-22,Poland,Warsaw,18.62
122429,1643,"Apr 14, 2025",24.04.2025,2025-04-20,United Kingdom,Manchester,6.8
122430,1109,2025-04-14,2025-04-26,,Canada,Montreal,21.88
122432,227,2025-04-14,21.04.2025,,Germany,Berlin,13.87
122440,474,04/14/2025,24.04.2025,,Canada,Calgary,38.02
122442,1028,14.04.2025,"Apr 26, 2025",2025-04-20,Poland,Poznan,28.16
122444,2332,2025-04-14,2025-04-23,"Apr 25, 2025",Sweden,Malmo,13.39
122445,1760,04/14/2025,04/22/2025,23/04/2025,Czech Republic,Prague,19.11
122448,476,15.04.2025,2025-04-22,"Apr 23, 2025",United Kingdom,Leeds,26.68
122451,1630,2025-04-15,"Apr 24, 2025",,Canada,Vancouver,8.79
122455,939,"Apr 15, 2025",2025-04-18,"Apr 16, 2025",Poland,Gdansk,4.76
122460,1217,2025-04-15,04/18/2025,,United Kingdom,Bristol,19.38
122461,2390,15.04.2025,2025-04-18,2025-04-25,Spain,Barcelona,21.43
122465,186,04/15/2025,28/04/2025,2025-04-24,Germany,Berlin,24.24
122481,2021,16/04/2025,"Apr 24, 2025",,Canada,Toronto,10.14
122483,1804,"Apr 16, 2025",29/04/2025,27.04.2025,USA,Chicago,15.35
122484,1129,04/16/2025,21/04/2025,18.04.2025,United Kingdom,Leeds,33.05
122486,1881,2025-04-16,04/19/2025,2025-04-19,Germany,Munich,8.45
122488,1538,2025-04-16,2025-04-20,18.04.2025,Netherlands,Utrecht,7.64
122489,2498,2025-04-16,2025-04-28,2025-04-23,United Kingdom,Manchester,7.5
122496,1564,2025-04-17,2025-04-24,2025-04-20,Italy,Florence,27.95
122502,392,04/17/2025,27.04.2025,2025-04-18,Poland,Gdansk,6.76
122510,416,2025-04-18,2025-05-01,26/04/2025,United Kingdom,Bristol,9.78
122511,1225,2025-04-18,"Apr 30, 2025",2025-04-24,Spain,Valencia,4.93
122523,1771,2025-04-18,2025-04-21,2025-04-24,Netherlands,Eindhoven,21.12
122524,2649,18/04/2025,"Apr 22, 2025",25/04/2025,Germany,Berlin,9.53
122525,658,"Apr 18, 2025",2025-04-27,20.04.2025,Poland,Wroclaw,11.85
122533,222,"Apr 18, 2025",2025-04-27,"Apr 29, 2025",Italy,Naples,7.02
122534,1008,2025-04-18,2025-05-01,2025-04-25,USA,Boston,30.87
122536,422,2025-04-18,2025-04-22,29/04/2025,Germany,Cologne,17.96
122537,1443,18/04/2025,2025-05-01,23/04/2025,USA,Seattle,10.75
122539,1120,04/19/2025,2025-04-25,,Netherlands,Utrecht,15.39
122540,2397,2025-04-19,"Apr 30, 2025",2025-04-20,Poland,Poznan,8.02
122541,402,19/04/2025,2025-04-22,,Poland,Warsaw,7.83
122543,1107,19/04/2025,"Apr 29, 2025",2025-04-22,Czech Republic,Prague,15.89
122550,538,19/04/2025,02.05.2025,2025-04-28,Germany,Hamburg,8.76
122552,2496,"Apr 19, 2025",2025-04-25,2025-04-29,Austria,Graz,12.64
122554,1487,04/19/2025,2025-04-28,04/23/2025,Netherlands,Eindhoven,9.65
122557,811,2025-04-19,26/04/2025,"Apr 30, 2025",Czech Republic,Prague,37.55
122561,1521,2025-04-20,"Apr 27, 2025",2025-04-22,USA,Chicago,13.9
122563,1290,2099-01-01,2025-05-02,04/23/2025,USA,Chicago,27.34
122564,1521,20/04/2025,2025-04-23,,USA,Chicago,13.8
122567,2397,2025-04-20,"Apr 25, 2025",23.04.2025,Poland,Poznan,7.02
122570,2640,2025-04-20,04/30/2025,21/04/2025,United Kingdom,Leeds,21.65
122575,1714,"Apr 20, 2025","Apr 26, 2025",,Poland,Wroclaw,10.31
122576,794,20/04/2025,26/04/2025,,Spain,Madrid,13.6
122586,1046,21/04/2025,2025-04-29,29.04.2025,Canada,Vancouver,17.09
122587,1295,21/04/2025,"May 01, 2025",2025-04-30,USA,Denver,10.09
122589,1356,04/21/2025,2025-04-25,,Netherlands,Amsterdam,17.84
122598,1673,"Apr 21, 2025",02/05/2025,2025-04-25,United Kingdom,London,16.3
122600,1597,21.04.2025,04/05/2025,,Poland,Krakow,24.18
122601,2758,21/04/2025,03/05/2025,,Netherlands,Rotterdam,14.57
122608,334,22.04.2025,2025-04-28,2025-05-03,United Kingdom,London,12.02
122610,2185,22/04/2025,2025-04-26,2025-05-02,Germany,Cologne,8.1
122618,597,2025-04-22,2025-05-05,"May 01, 2025",United Kingdom,Liverpool,5.21
122622,1397,04/22/2025,28/04/2025,2025-04-28,Germany,Hamburg,19.98
122623,1168,2025-04-22,2025-04-28,05/01/2025,USA,Chicago,16.59
122627,692,22/04/2025,02/05/2025,24.04.2025,Austria,Graz,10.24
122629,1743,22.04.2025,27/04/2025,,USA,Boston,22.62
122630,2296,2025-04-22,2025-04-26,03/05/2025,United Kingdom,London,10.37
122640,1624,2025-04-23,05/06/2025,30/04/2025,Spain,Bilbao,28.2
122642,499,2025-04-23,28.04.2025,,Italy,Rome,33.47
122647,2970,23/04/2025,2025-04-27,2025-05-04,Netherlands,Amsterdam,14.27
122649,2424,"Apr 23, 2025",04/05/2025,2025-04-25,Germany,Berlin,28.95
122650,1374,23/04/2025,2025-05-05,2025-05-02,France,Lyon,14.08
122653,1308,04/24/2025,04/28/2025,04.05.2025,Canada,Montreal,8.98
122657,1107,24/04/2025,02.05.2025,2025-04-25,Czech Republic,Prague,9.72
122660,1025,2025-04-24,2025-05-01,2025-04-25,Poland,Gdansk,34.57
122661,867,24/04/2025,04/05/2025,,France,Nice,29.37
122663,99,24.04.2025,2025-05-02,,France,Paris,6.65
122669,408,2025-04-24,30/04/2025,2025-04-29,Poland,Lodz,17.24
122671,1733,2025-04-24,"Apr 30, 2025",,USA,Seattle,-13.25
122672,887,2025-04-24,04/05/2025,04/30/2025,France,Marseille,12.84
122673,309,04/24/2025,2025-04-27,29.04.2025,Italy,Turin,21.02
122681,401,2025-04-25,01.05.2025,03.05.2025,France,Nice,25.27
122684,692,25/04/2025,06.05.2025,04/05/2025,Austria,Graz,16.5
122688,1154,04/25/2025,05/05/2025,2025-05-05,Norway,Trondheim,22.47
122690,1199,25.04.2025,2025-05-02,04.05.2025,USA,Seattle,-7.63
122694,1356,2025-04-25,2025-05-02,27.04.2025,Netherlands,Amsterdam,11.39
122696,720,2025-04-25,30/04/2025,2025-04-30,Netherlands,Eindhoven,24.04
122702,930,2025-04-26,29/04/2025,05.05.2025,USA,Austin,25.1
122706,766,2025-04-26,2025-04-29,2025-05-04,Spain,Seville,13.27
122710,1044,"Apr 26, 2025",2025-05-07,2025-04-28,Sweden,Uppsala,5.66
122718,2436,26/04/2025,2025-04-30,05/03/2025,Austria,Salzburg,16.88
122719,238,04/26/2025,2025-04-29,29.04.2025,Austria,Vienna,21.47
122720,500,26/04/2025,2025-05-02,01.05.2025,Poland,Lodz,37.79
122722,208,04/26/2025,2025-04-30,05/05/2025,Poland,Warsaw,8.83
122724,55,2025-04-26,"May 08, 2025",2025-04-29,Netherlands,Amsterdam,17.3
122725,1501,2025-04-26,2025-04-30,2025-05-04,France,Paris,25.78
122727,1518,04/27/2025,05/02/2025,05/05/2025,Sweden,Malmo,21.72
122732,1041,04/27/2025,2025-05-04,2025-04-28,Spain,Seville,12.43
122734,588,27/04/2025,05/09/2025,07/05/2025,Spain,Madrid,12.12
122736,2881,2025-04-27,03/05/2025,2025-05-08,Czech Republic,Prague,23.74
122737,2456,27.04.2025,06.05.2025,05/07/2025,Poland,Warsaw,31.29
122738,2909,2025-04-27,2025-05-03,05/02/2025,USA,Denver,6.81
122740,1130,04/27/2025,06/05/2025,08.05.2025,France,Nice,35.96
122745,2549,2025-04-27,2025-05-07,"May 07, 2025",Netherlands,Amsterdam,42.89
122746,884,"Apr 27, 2025",03.05.2025,"May 04, 2025",Poland,Gdansk,5.8
122750,983,28/04/2025,2025-05-01,01/05/2025,Spain,Valencia,15.7
122751,697,2025-04-28,"May 07, 2025",05/09/2025,Poland,Krakow,23.52
122754,1075,2025-04-28,"May 02, 2025","May 06, 2025",Czech Republic,Pilsen,4.84
122755,2108,28/04/2025,06.05.2025,"May 04, 2025",Sweden,Uppsala,9.84
122756,608,04/28/2025,2025-05-03,2025-05-02,USA,New York,24.33
122759,759,"Apr 28, 2025",05/11/2025,05/02/2025,Germany,Cologne,16.9
122761,2365,04/28/2025,06.05.2025,04/30/2025,France,Nice,11.82
122763,1199,2025-04-28,"May 09, 2025",,USA,Seattle,4.53
122766,1690,"Apr 28, 2025",2025-05-05,05.05.2025,Canada,Calgary,13.47
122768,2676,2025-04-28,2025-05-01,2025-05-05,Austria,Vienna,12.85
122769,50,04/28/2025,2025-05-11,2025-05-01,Canada,Vancouver,7.03
122770,2274,04/28/2025,05/07/2025,"May 08, 2025",Poland,Gdansk,9.42
122779,818,2025-04-29,08/05/2025,2025-05-02,Germany,Hamburg,8.33
122780,2550,2025-04-29,2025-05-10,09/05/2025,Poland,Warsaw,41.5
122784,1510,04/29/2025,02/05/2025,2025-05-06,Poland,Warsaw,19.31
122785,2516,2025-04-29,"May 11, 2025",09.05.2025,Norway,Stavanger,11.61
122786,2463,2025-04-29,2025-05-11,2025-05-01,Poland,Krakow,12.36
122787,1635,29/04/2025,2025-05-03,05/02/2025,Poland,Poznan,14.56
122789,2610,29/04/2025,"May 11, 2025",06.05.2025,USA,Denver,21.5
122793,2180,29/04/2025,2025-05-04,2025-05-09,Netherlands,Amsterdam,9.12
122795,685,2025-04-29,06/05/2025,"May 08, 2025",Spain,Valencia,19.93
122796,2342,"Apr 29, 2025",2025-05-06,,Canada,Vancouver,11.8
122801,2270,2025-04-29,05/12/2025,2025-05-10,USA,Austin,19.96
122802,2587,2025-04-29,05/11/2025,,France,Marseille,27.54
122809,1288,2025-04-30,05/07/2025,,Canada,Ottawa,7.88
122814,2693,30/04/2025,2025-05-10,,Germany,Frankfurt,11.37
122820,469,2025-04-30,2025-05-04,"May 06, 2025",France,Marseille,15.28
122821,896,"Apr 30, 2025",05/03/2025,2025-05-10,United Kingdom,Liverpool,21.31
122825,2587,30.04.2025,2025-05-06,05/07/2025,France,Marseille,8.85
122827,2395,2025-04-30,12.05.2025,2025-05-06,Netherlands,Eindhoven,22.18
122828,2171,2025-04-30,13.05.2025,10/05/2025,United Kingdom,Liverpool,20.6
122829,2327,30.04.2025,05.05.2025,2025-05-03,USA,Seattle,6.59
122832,1681,2025-05-01,13.05.2025,2025-05-09,Canada,Vancouver,8.89
122833,1130,2025-05-01,"May 04, 2025",2025-05-06,France,Nice,12.76
122834,1887,2025-05-01,09.05.2025,05/04/2025,United Kingdom,Leeds,18.54
122847,53,"May 01, 2025",2025-05-14,12/05/2025,Italy,Rome,20.0
122848,2625,2025-05-01,"May 10, 2025",,Poland,Poznan,33.53
122855,2394,02/05/2025,2025-05-11,2025-05-06,Spain,Bilbao,14.27
122859,1682,2025-05-02,2025-05-15,,Italy,Rome,7.03
122862,2749,02/05/2025,2025-05-14,"May 11, 2025",Netherlands,Amsterdam,9.03
122863,1364,"May 02, 2025","May 15, 2025",2025-05-05,Canada,Vancouver,39.56
122864,997,2025-05-02,05/08/2025,2025-05-12,Germany,Berlin,39.59
122865,2449,"May 02, 2025",11.05.2025,2025-05-03,Canada,Toronto,12.78
122866,2923,02/05/2025,2025-05-09,05/09/2025,Poland,Lodz,21.12
122867,2245,05/02/2025,15/05/2025,11/05/2025,Spain,Madrid,13.07
122873,1145,02/05/2025,"May 07, 2025",12/05/2025,Germany,Munich,14.65
122874,975,"May 02, 2025",05/12/2025,2025-05-11,Germany,Hamburg,21.71
122881,1906,03/05/2025,05/08/2025,2025-05-12,Poland,Krakow,19.56
122887,1088,05/03/2025,2025-05-06,"May 10, 2025",Germany,Berlin,28.5
122888,2647,2025-05-03,2025-05-08,05/04/2025,Italy,Florence,8.96
122890,642,03.05.2025,2025-05-12,05/06/2025,Poland,Wroclaw,18.85
122891,520,2025-05-03,"May 13, 2025",,Poland,Poznan,13.87
122897,2191,03/05/2025,2025-05-14,05/13/2025,Germany,Frankfurt,5.23
122898,1154,05/03/2025,2025-05-08,,Norway,Trondheim,17.41
122899,2263,2025-05-03,2025-05-10,12.05.2025,USA,New York,12.43
122900,822,03/05/2025,2025-05-11,2025-05-04,Czech Republic,Brno,17.02
122901,2373,"May 03, 2025",05/09/2025,"May 08, 2025",United Kingdom,Leeds,22.25
122904,778,04.05.2025,12/05/2025,14/05/2025,Germany,Frankfurt,10.74
122906,2617,2025-05-04,2025-05-15,05/08/2025,Germany,Munich,25.72
122907,2029,2025-05-04,2025-05-14,2025-05-11,USA,Denver,7.59
122914,133,04/05/2025,09.05.2025,2025-05-13,United Kingdom,Liverpool,16.96
122916,2625,05/04/2025,2025-05-16,06.05.2025,Poland,Poznan,28.96
122923,1805,04/05/2025,2025-05-08,2025-05-09,Sweden,Gothenburg,26.16
122924,124,04.05.2025,2025-05-11,,Germany,Cologne,13.28
122940,718,05/05/2025,05/16/2025,05/16/2025,Poland,Warsaw,27.18
122943,219,05/05/2025,12/05/2025,2025-05-14,Norway,Stavanger,12.52
122944,2057,2025-05-05,2025-05-16,2025-05-08,Netherlands,Amsterdam,29.31
122945,2445,06/05/2025,2025-05-14,"May 10, 2025",Italy,Naples,7.13
122953,2169,"May 06, 2025",05/17/2025,05/15/2025,Norway,Trondheim,7.72
122955,1130,2025-05-06,2025-05-14,,France,Nice,16.29
122956,650,2025-05-06,2025-05-19,2025-05-14,Germany,Cologne,20.49
122959,568,2025-05-06,2025-05-17,07.05.2025,Canada,Toronto,12.01
122963,470,06/05/2025,2025-05-11,05/16/2025,USA,Denver,11.21
122968,854,2025-05-07,2025-05-13,10/05/2025,Spain,Madrid,23.96
122975,1901,07/05/2025,11/05/2025,2025-05-09,Sweden,Gothenburg,7.95
122977,1593,05/07/2025,2025-05-12,"May 17, 2025",Poland,Wroclaw,20.29
122978,1448,"May 07, 2025",16/05/2025,,Sweden,Uppsala,37.32
122983,1968,2025-05-07,05/16/2025,,Czech Republic,Prague,29.13
122984,901,07.05.2025,19/05/2025,05/15/2025,France,Toulouse,26.95
122985,2626,07.05.2025,"May 19, 2025",2025-05-11,USA,Chicago,12.3
122986,787,2025-05-08,05/15/2025,2025-05-11,USA,Austin,24.91
122988,2327,05/08/2025,05/13/2025,,USA,Seattle,20.23
122992,2603,08.05.2025,2025-05-18,2025-05-14,Canada,Vancouver,9.27
122995,685,2025-05-08,15/05/2025,16/05/2025,Spain,Valencia,36.07
122996,787,2025-05-08,05/13/2025,,USA,Austin,18.59
123005,2682,"May 09, 2025","May 20, 2025",14.05.2025,Germany,Frankfurt,16.05
123007,1292,"May 09, 2025",2025-05-18,05/16/2025,France,Paris,11.22
123009,2957,2025-05-09,2025-05-16,2025-05-20,United Kingdom,Leeds,12.41
123013,2913,2025-05-09,20.05.2025,2025-05-18,United Kingdom,Manchester,19.73
123014,573,"May 09, 2025",2025-05-19,2025-05-16,Poland,Gdansk,23.0
123019,195,05/09/2025,19/05/2025,2025-05-14,Sweden,Gothenburg,9.73
123021,2351,2025-05-09,05/20/2025,2025-05-14,Sweden,Gothenburg,5.71
123024,1775,2025-05-09,2025-05-17,16.05.2025,France,Toulouse,14.19
123027,392,"May 09, 2025",2025-05-16,2025-05-16,Poland,Gdansk,14.94
123030,2155,05/09/2025,22.05.2025,19.05.2025,Czech Republic,Pilsen,12.95
123032,46,09/05/2025,21/05/2025,,Canada,Calgary,9.6
123039,2202,2025-05-10,22/05/2025,"May 19, 2025",Poland,Krakow,20.41
123040,2431,2025-05-10,2025-05-14,2025-05-11,Poland,Krakow,42.19
123046,2839,05/10/2025,16.05.2025,,Germany,Frankfurt,7.98
123050,2813,2025-05-10,2025-05-22,2025-05-14,Poland,Gdansk,26.48
123052,1950,"May 10, 2025",05/23/2025,21/05/2025,United Kingdom,Bristol,28.29
123056,1480,2025-05-10,14.05.2025,,United Kingdom,Bristol,11.51
123059,2081,05/11/2025,2025-05-22,22/05/2025,Sweden,Uppsala,48.34
123060,813,05/11/2025,20.05.2025,2025-05-15,United Kingdom,London,10.78
123063,690,2025-05-11,2025-05-23,19.05.2025,Sweden,Uppsala,8.81
123064,2386,2025-05-11,"May 19, 2025",2025-05-16,Netherlands,Utrecht,36.08
123065,1971,11/05/2025,2025-05-17,2025-05-13,Netherlands,Utrecht,8.79
123066,2849,11/05/2025,21/05/2025,,Poland,Gdansk,17.64
123067,2093,2099-01-01,05/17/2025,2025-05-17,Spain,Madrid,13.45
123068,1933,11.05.2025,2025-05-24,17/05/2025,USA,Chicago,4.3
123076,2091,"May 11, 2025",2025-05-15,2025-05-13,Canada,Vancouver,22.72
123077,2651,2025-05-11,2025-05-15,2025-05-14,Italy,Rome,21.06
123079,2209,11/05/2025,24/05/2025,22.05.2025,Italy,Florence,22.98
123083,1515,2025-05-12,05/18/2025,,Italy,Rome,27.2
123084,1437,2025-05-12,15.05.2025,2025-05-17,Czech Republic,Pilsen,13.1
123090,43,12.05.2025,2025-05-24,2025-05-22,France,Toulouse,11.77
123097,2619,05/13/2025,2025-05-25,2025-05-24,Sweden,Stockholm,12.1
123099,2067,2025-05-13,2025-05-22,,USA,Seattle,15.63
123102,965,2025-05-13,18/05/2025,22.05.2025,Czech Republic,Pilsen,22.18
123104,1187,2025-05-13,24.05.2025,2025-05-14,France,Paris,23.37
123112,1576,"May 13, 2025",2025-05-21,2025-05-16,France,Lyon,25.5
123113,539,2025-05-13,05/23/2025,2025-05-15,Austria,Graz,10.26
123116,619,05/13/2025,25.05.2025,"May 19, 2025",Spain,Valencia,4.53
123117,2204,2025-05-13,2025-05-21,2025-05-21,Spain,Valencia,8.74
123118,1101,2025-05-13,2025-05-24,,Poland,Krakow,22.67
123120,169,05/13/2025,"May 25, 2025",17/05/2025,Germany,Munich,12.87
123121,1875,2025-05-13,24/05/2025,"May 19, 2025",Poland,Warsaw,18.13
123123,87,2025-05-13,2025-05-22,2025-05-16,Czech Republic,Ostrava,5.61
123126,2959,2025-05-14,05/27/2025,2025-05-21,France,Marseille,16.62
123135,395,14/05/2025,"May 22, 2025",05/17/2025,Italy,Rome,11.69
123138,2390,05/14/2025,2025-05-21,2025-05-24,Spain,Barcelona,11.38
123143,1663,2025-05-14,2025-05-20,,Sweden,Stockholm,25.21
123149,2261,15/05/2025,25.05.2025,05/26/2025,Germany,Munich,38.63
123150,1738,15/05/2025,05/22/2025,21.05.2025,Austria,Vienna,34.57
123151,1670,2025-05-15,05/25/2025,,Poland,Warsaw,13.8
123152,2069,2025-05-15,2025-05-19,2025-05-25,Poland,Poznan,22.8
123154,1000,2025-05-15,2025-05-27,2025-05-21,France,Paris,9.64
123159,1651,2025-05-15,26/05/2025,,Spain,Madrid,12.58
123163,2959,2025-05-15,2025-05-25,21/05/2025,France,Marseille,20.06
123166,2133,2025-05-15,"May 26, 2025",24/05/2025,United Kingdom,London,36.17
123169,910,2025-05-15,22.05.2025,2025-05-18,Germany,Cologne,23.33
123170,1286,15/05/2025,2025-05-23,05/18/2025,Poland,Krakow,7.01
123174,121,16/05/2025,26.05.2025,19/05/2025,Germany,Frankfurt,12.19
123177,1136,2025-05-16,2025-05-26,05/27/2025,Poland,Wroclaw,32.01
123180,2216,16/05/2025,2025-05-24,05/18/2025,United Kingdom,London,23.18
123182,1707,16/05/2025,27.05.2025,26/05/2025,Austria,Linz,10.81
123183,1553,05/16/2025,22.05.2025,23.05.2025,Netherlands,Amsterdam,11.87
123186,2603,2025-05-16,2025-05-27,26/05/2025,Canada,Vancouver,6.14
123187,601,"May 16, 2025",28/05/2025,2025-05-21,Austria,Graz,4.49
123189,358,2025-05-17,2025-05-23,"May 28, 2025",Poland,Warsaw,13.26
123191,1588,"May 17, 2025",05/25/2025,2025-05-24,Spain,Bilbao,23.04
123192,2475,2025-05-17,2025-05-22,2025-05-27,Germany,Munich,20.98
123193,905,2025-05-17,30.05.2025,05/26/2025,Spain,Bilbao,-44.11
123194,2967,2025-05-17,2025-05-25,"May 28, 2025",Austria,Salzburg,10.7
123198,21,17/05/2025,30/05/2025,05/18/2025,Austria,Linz,5.04
123200,368,2025-05-17,05/28/2025,19/05/2025,USA,Austin,14.17
123201,2102,2025-05-17,29/05/2025,"May 23, 2025",USA,Chicago,27.26
123207,1499,2025-05-17,05/26/2025,28.05.2025,France,Paris,29.08
123208,1965,"May 17, 2025",22/05/2025,27.05.2025,Italy,Florence,4.84
123214,2938,2025-05-17,2025-05-26,05/25/2025,Canada,Montreal,37.16
123216,796,05/17/2025,2025-05-28,26/05/2025,Netherlands,Amsterdam,13.41
123217,755,2025-05-18,27/05/2025,2025-05-19,Poland,Gdansk,41.19
123220,2369,18.05.2025,2025-05-27,05/27/2025,Spain,Valencia,21.14
123226,457,"May 18, 2025","May 22, 2025",22/05/2025,Poland,Poznan,12.81
123227,954,2025-05-18,05/22/2025,19/05/2025,Czech Republic,Ostrava,3.89
123230,1030,2025-05-18,"May 30, 2025",19.05.2025,Germany,Frankfurt,11.67
123233,1889,18.05.2025,05/25/2025,2025-05-25,Poland,Gdansk,11.07
123234,2567,05/18/2025,2025-05-24,2025-05-19,Poland,Krakow,12.32
123242,2654,2025-05-18,2025-05-22,05/28/2025,Italy,Florence,4.76
123244,392,2025-05-19,2025-05-28,28/05/2025,Poland,Gdansk,47.49
123247,1252,2025-05-19,2025-05-30,2025-05-20,Sweden,Stockholm,47.79
123251,2546,19.05.2025,2025-05-22,26.05.2025,Austria,Salzburg,16.67
123258,1139,19/05/2025,"May 29, 2025",2025-05-20,USA,Seattle,23.05
123259,2436,2025-05-19,22/05/2025,2025-05-26,Austria,Salzburg,20.83
123260,828,19/05/2025,"May 29, 2025",22/05/2025,United Kingdom,Manchester,19.12
123261,4,2025-05-19,2025-06-01,,Poland,Gdansk,7.24
123263,2432,2025-05-19,2025-05-22,"May 27, 2025",Poland,Wroclaw,29.9
123265,1280,1900-01-01,2025-05-23,2025-05-21,Netherlands,Rotterdam,21.87
123267,634,20/05/2025,2025-05-30,2025-05-30,USA,Austin,12.86
123269,1084,20/05/2025,05/27/2025,,Austria,Salzburg,26.47
123277,716,20/05/2025,06/01/2025,2025-05-29,Poland,Poznan,10.12
123278,2127,20.05.2025,2025-05-26,26/05/2025,Canada,Toronto,11.55
123279,2218,2025-05-20,2025-05-27,2025-05-30,United Kingdom,London,17.92
123284,2916,2025-05-20,2025-05-29,2025-05-29,Spain,Valencia,25.98
123286,2467,20.05.2025,23/05/2025,"May 22, 2025",USA,Chicago,11.45
123292,932,2025-05-21,2025-05-26,2025-05-28,USA,Boston,29.51
123293,972,2025-05-21,2025-05-30,01/06/2025,Poland,Krakow,27.14
123294,599,21/05/2025,2025-05-30,25.05.2025,Germany,Munich,11.5
123295,642,21/05/2025,2025-05-27,2025-05-24,Poland,Wroclaw,8.13
123296,1698,2025-05-21,03.06.2025,2025-05-30,Poland,Gdansk,7.22
123297,1532,05/21/2025,30/05/2025,05/24/2025,Canada,Toronto,5.87
123298,2175,21.05.2025,02.06.2025,2025-05-30,Italy,Rome,12.93
123299,1822,2025-05-21,"May 28, 2025",,Spain,Barcelona,16.66
123301,1485,2025-05-21,2025-05-31,,Spain,Bilbao,26.95
123306,1303,05/21/2025,28.05.2025,"May 31, 2025",Germany,Cologne,13.77
123307,1578,"May 21, 2025","May 30, 2025",2025-06-01,Poland,Poznan,27.76
123310,2583,05/21/2025,2025-06-03,05/23/2025,Netherlands,Eindhoven,14.62
123312,1577,05/22/2025,29.05.2025,2025-06-01,Germany,Cologne,17.94
123313,2306,2099-01-01,05/28/2025,2025-05-24,Canada,Montreal,34.37
123315,2577,2025-05-22,26/05/2025,2025-05-25,Poland,Krakow,4.84
123316,2080,2025-05-22,"May 25, 2025",06/02/2025,Norway,Bergen,26.64
123318,1443,"May 22, 2025",06/02/2025,25/05/2025,USA,Seattle,26.4
123319,1953,22.05.2025,2025-06-02,2025-05-25,Spain,Valencia,34.5
123321,1164,"May 22, 2025",26/05/2025,05/25/2025,Spain,Barcelona,9.69
123324,1729,2025-05-22,2025-05-26,2025-06-01,Sweden,Uppsala,31.24
123327,2357,05/22/2025,2025-05-31,25.05.2025,France,Marseille,18.09
123332,1631,05/23/2025,02.06.2025,2025-05-31,Norway,Trondheim,25.34
123333,2327,2025-05-23,05/27/2025,,USA,Seattle,8.84
123335,2294,2025-05-23,"May 29, 2025",01.06.2025,Austria,Vienna,25.67
123336,766,"May 23, 2025",2025-06-04,"May 27, 2025",Spain,Seville,16.64
123341,2993,23.05.2025,30/05/2025,2025-05-31,USA,Austin,11.02
123343,2471,2025-05-23,06/04/2025,2025-06-02,USA,Seattle,17.26
123348,1334,2025-05-23,2025-06-01,2025-06-02,Spain,Madrid,16.2
123353,2867,2025-05-23,29/05/2025,,USA,Austin,12.61
123356,2197,05/24/2025,30/05/2025,06/02/2025,Italy,Florence,28.78
123357,2072,2025-05-24,2025-06-05,,Germany,Cologne,11.3
123360,1906,2025-05-24,2025-06-01,2025-05-29,Poland,Krakow,23.43
123363,2067,2025-05-24,2025-06-01,2025-05-26,USA,Seattle,9.25
123367,2051,05/24/2025,06/01/2025,27/05/2025,United Kingdom,London,42.97
123369,1241,"May 24, 2025",2025-05-27,29/05/2025,Czech Republic,Pilsen,26.26
123371,553,"May 24, 2025",2025-05-31,27.05.2025,USA,Seattle,15.68
123372,1763,25.05.2025,05/06/2025,2025-06-05,Austria,Salzburg,19.57
123373,2970,2025-05-25,2025-06-07,27/05/2025,Netherlands,Amsterdam,22.09
123380,39,2025-05-25,04/06/2025,29/05/2025,Poland,Lodz,16.81
123382,2557,25.05.2025,2025-05-29,2025-05-27,Poland,Warsaw,10.59
123385,1568,2025-05-25,06.06.2025,2025-06-05,Poland,Warsaw,4.14
123391,2048,"May 25, 2025",02/06/2025,06/05/2025,Czech Republic,Ostrava,11.64
123394,1644,2025-05-25,2025-06-03,2025-06-02,Poland,Poznan,13.42
123396,1954,26/05/2025,2025-06-03,06/04/2025,Poland,Warsaw,24.04
123397,218,26/05/2025,06/06/2025,2025-06-06,Norway,Oslo,25.57
123398,145,26/05/2025,30/05/2025,2025-05-31,Italy,Florence,25.66
123400,1518,26.05.2025,06/06/2025,2025-06-01,Sweden,Malmo,15.57
123401,1514,2025-05-26,30/05/2025,,France,Marseille,12.04
123403,2422,26/05/2025,2025-06-02,,Poland,Poznan,8.05
123407,826,26/05/2025,2025-06-06,06/03/2025,Austria,Linz,16.09
123409,1439,2025-05-26,2025-05-30,2025-06-02,Poland,Krakow,24.05
123414,612,05/26/2025,03/06/2025,2025-06-04,Netherlands,Amsterdam,28.73
123416,1037,"May 26, 2025",31.05.2025,05.06.2025,Canada,Montreal,17.74
123424,119,2025-05-26,2025-06-04,06/02/2025,Austria,Vienna,11.49
123426,1273,2025-05-27,09/06/2025,02.06.2025,Sweden,Malmo,23.22
123427,443,27.05.2025,2025-06-04,"Jun 01, 2025",Spain,Madrid,23.98
123432,1488,27/05/2025,2025-06-05,,Spain,Valencia,10.04
123436,1663,27.05.2025,2025-05-31,2025-06-05,Sweden,Stockholm,26.03
123441,1227,05/27/2025,2025-06-05,30.05.2025,Germany,Munich,25.24
123448,2274,2025-05-28,"Jun 07, 2025",2025-06-06,Poland,Gdansk,8.45
123452,1928,28/05/2025,10.06.2025,04/06/2025,Italy,Turin,13.3
123456,766,2025-05-28,2025-06-02,02/06/2025,Spain,Seville,8.58
123459,2828,2025-05-28,08.06.2025,2025-06-02,United Kingdom,Bristol,10.76
123460,136,2025-05-28,05/06/2025,2025-06-08,Sweden,Uppsala,19.99
123463,1803,28/05/2025,"Jun 01, 2025",06/08/2025,Sweden,Gothenburg,9.23
123464,2350,05/28/2025,07.06.2025,2025-05-29,Austria,Salzburg,28.92
123468,2593,28/05/2025,31/05/2025,"Jun 07, 2025",Italy,Naples,16.09
123470,2870,2025-05-29,"Jun 01, 2025",2025-06-05,Spain,Valencia,14.51
123471,1580,2025-05-29,2025-06-09,,Poland,Warsaw,15.74
123472,1403,2025-05-29,03/06/2025,,Sweden,Malmo,39.38
123478,2033,29.05.2025,2025-06-06,2025-06-09,France,Marseille,35.08
123481,697,2025-05-29,2025-06-06,2025-06-01,Poland,Krakow,35.03
123482,564,05/29/2025,2025-06-11,2025-06-08,Italy,Milan,13.83
123483,91,2025-05-29,"Jun 08, 2025",31/05/2025,Germany,Cologne,32.32
123484,2683,29/05/2025,2025-06-03,06/02/2025,United Kingdom,Liverpool,11.46
123487,1623,29.05.2025,01/06/2025,2025-06-01,United Kingdom,Bristol,23.88
123488,1623,2025-05-30,09.06.2025,2025-06-06,United Kingdom,Bristol,10.73
123489,2590,30/05/2025,2025-06-06,10/06/2025,United Kingdom,London,41.06
123491,1863,30/05/2025,2025-06-07,03/06/2025,USA,Austin,6.43
123496,2574,"May 30, 2025",11.06.2025,03.06.2025,USA,Boston,10.24
123497,1632,30/05/2025,2025-06-08,2025-06-10,Austria,Linz,12.68
123499,1035,1900-01-01,11/06/2025,2025-06-01,Netherlands,Utrecht,31.87
123500,1612,2025-05-30,2025-06-09,05.06.2025,Italy,Rome,10.74
123501,490,30/05/2025,06/02/2025,2025-06-10,Italy,Milan,40.91
123503,1900,2025-05-30,"Jun 08, 2025",2025-06-10,Germany,Berlin,11.72
123505,1484,2025-05-30,04.06.2025,2025-06-08,France,Toulouse,5.84
123512,2756,2025-05-30,06/10/2025,2025-06-08,Canada,Toronto,9.24
123513,884,2025-05-30,2025-06-11,2025-06-02,Poland,Gdansk,19.86
123514,1377,"May 30, 2025",03.06.2025,2025-06-02,Italy,Rome,30.8
123518,2846,2025-05-31,2025-06-04,2025-06-07,USA,Seattle,27.4
123523,1356,31.05.2025,06/11/2025,2025-06-09,Netherlands,Amsterdam,30.16
123525,1693,31/05/2025,06.06.2025,,France,Paris,15.21
123527,2920,31/05/2025,2025-06-03,"Jun 03, 2025",Germany,Frankfurt,16.4
123528,29,2025-05-31,05.06.2025,2025-06-07,United Kingdom,Manchester,11.79
123529,956,2025-05-31,2025-06-04,2025-06-02,Italy,Florence,7.28
123533,1220,31/05/2025,"Jun 06, 2025",2025-06-06,Czech Republic,Ostrava,17.56
123534,2426,2025-05-31,06/12/2025,2025-06-05,Norway,Oslo,12.0
123537,668,"May 31, 2025","Jun 09, 2025",06/10/2025,Germany,Munich,22.53
123540,1955,31/05/2025,2025-06-06,04/06/2025,USA,Boston,26.12
123545,1107,06/01/2025,2025-06-04,10/06/2025,Czech Republic,Prague,15.88
123561,419,01.06.2025,2025-06-13,2025-06-03,USA,Chicago,7.32
123562,1259,2025-06-01,"Jun 12, 2025",2025-06-12,USA,Denver,10.35
123567,368,2025-06-01,2025-06-07,12/06/2025,USA,Austin,14.99
123568,2948,2025-06-01,12.06.2025,07.06.2025,France,Marseille,15.26
123572,2872,"Jun 01, 2025",2025-06-05,2025-06-03,France,Toulouse,13.71
123575,996,"Jun 01, 2025",11.06.2025,2025-06-03,Czech Republic,Ostrava,29.0
123581,1222,"Jun 01, 2025",11/06/2025,2025-06-02,Poland,Gdansk,22.85
123584,1819,2025-06-01,2025-06-04,06.06.2025,Germany,Cologne,15.67
123585,2381,2025-06-01,06/04/2025,07/06/2025,United Kingdom,Bristol,21.88
123595,67,"Jun 02, 2025",2025-06-07,2025-06-09,Spain,Barcelona,9.21
123597,1782,2025-06-02,2025-06-08,"Jun 06, 2025",United Kingdom,London,18.57
123600,1996,2025-06-02,06/08/2025,2025-06-08,France,Nice,7.89
123601,2548,02/06/2025,06/14/2025,2025-06-09,Austria,Salzburg,26.82
123606,796,2025-06-02,06/14/2025,2025-06-13,Netherlands,Amsterdam,12.6
123608,862,02.06.2025,2025-06-09,2025-06-07,Germany,Munich,24.57
123613,1597,2025-06-02,13/06/2025,06/13/2025,Poland,Krakow,11.25
123620,661,2025-06-02,07/06/2025,06/08/2025,USA,Boston,-37.54
123621,754,06/02/2025,"Jun 07, 2025","Jun 04, 2025",USA,Chicago,14.78
123622,1564,06/02/2025,14.06.2025,2025-06-11,Italy,Florence,14.29
123623,609,"Jun 02, 2025",2025-06-07,2025-06-08,Spain,Madrid,6.13
123629,1665,2025-06-02,2025-06-07,05.06.2025,France,Lyon,47.37
123631,568,2025-06-02,2025-06-07,09.06.2025,Canada,Toronto,21.9
123633,2497,02/06/2025,"Jun 15, 2025",2025-06-06,Poland,Gdansk,25.37
123635,1538,"Jun 02, 2025",14/06/2025,2025-06-13,Netherlands,Utrecht,18.97
123636,2177,2025-06-02,"Jun 13, 2025",06/11/2025,Germany,Berlin,34.48
123637,2332,2025-06-02,2025-06-11,,Sweden,Malmo,5.12
123651,2036,2025-06-02,14/06/2025,"Jun 13, 2025",Spain,Seville,46.21
123653,2032,2025-06-02,2025-06-06,2025-06-08,United Kingdom,Liverpool,19.42
123654,1319,06/02/2025,2025-06-08,08/06/2025,United Kingdom,Liverpool,25.16
123660,854,06/02/2025,12/06/2025,2025-06-11,Spain,Madrid,9.98
123663,984,02.06.2025,2025-06-08,,France,Lyon,8.41
123669,1294,02.06.2025,10/06/2025,11/06/2025,Italy,Milan,6.46
123687,2261,06/02/2025,06/08/2025,09/06/2025,Germany,Munich,15.16
123688,1323,02/06/2025,2025-06-12,10.06.2025,Sweden,Malmo,25.7
123690,1025,2025-06-02,08/06/2025,03/06/2025,Poland,Gdansk,30.19
123693,44,02/06/2025,06/07/2025,2025-06-11,Poland,Wroclaw,28.14
123694,2577,02/06/2025,2025-06-10,,Poland,Krakow,22.98
123695,2825,06/02/2025,09/06/2025,,France,Nice,8.41
123697,2436,2025-06-02,06/06/2025,2025-06-13,Austria,Salzburg,7.88
123710,262,2025-06-02,2025-06-11,,Poland,Gdansk,15.43
123715,308,"Jun 02, 2025","Jun 09, 2025",11/06/2025,USA,New York,20.96
123718,1476,02/06/2025,11.06.2025,,Poland,Krakow,46.89
123721,2113,2025-06-02,"Jun 05, 2025",06/07/2025,Italy,Florence,19.46
123724,2672,02.06.2025,2025-06-14,"Jun 03, 2025",United Kingdom,Leeds,12.45
123731,1905,2025-06-02,2025-06-06,10.06.2025,Sweden,Gothenburg,21.96
123739,2944,06/03/2025,10/06/2025,10/06/2025,Poland,Warsaw,24.82
123740,335,"Jun 03, 2025",10/06/2025,2025-06-09,Austria,Salzburg,18.89
123741,434,2025-06-03,"Jun 07, 2025",2025-06-05,USA,Seattle,19.35
123743,503,03.06.2025,08.06.2025,14.06.2025,Spain,Seville,37.92
123753,3,2025-06-03,06/13/2025,"Jun 14, 2025",Austria,Linz,25.36
123759,2524,2025-06-03,06/06/2025,"Jun 06, 2025",Italy,Rome,30.73
123760,2997,2025-06-03,2025-06-12,13/06/2025,Poland,Poznan,17.76
123763,922,2025-06-03,2025-06-07,14.06.2025,Germany,Berlin,9.85
123766,442,03/06/2025,08/06/2025,,Canada,Calgary,17.2
123770,2846,"Jun 03, 2025","Jun 09, 2025",2025-06-08,USA,Seattle,15.29
123771,318,2025-06-03,2025-06-07,2025-06-06,USA,Chicago,13.05
123781,627,03/06/2025,15.06.2025,06/06/2025,Poland,Gdansk,10.94
123782,1380,06/03/2025,13/06/2025,08/06/2025,Norway,Oslo,14.31
123784,1052,03/06/2025,2025-06-15,,Canada,Ottawa,8.15
123792,1942,04/06/2025,2025-06-15,05.06.2025,United Kingdom,London,20.56
123793,119,06/04/2025,2025-06-16,15.06.2025,Austria,Vienna,11.94
123798,141,"Jun 04, 2025",2025-06-12,14/06/2025,France,Paris,49.87
123802,1650,2025-06-04,2025-06-12,2025-06-14,Poland,Lodz,23.14
123805,469,2025-06-04,2025-06-12,15/06/2025,France,Marseille,20.18
123807,634,04.06.2025,06/16/2025,2025-06-08,USA,Austin,8.06
123808,800,04.06.2025,2025-06-12,2025-06-12,USA,Chicago,10.28
123810,1105,04/06/2025,2025-06-10,2025-06-15,USA,Chicago,33.0
123811,1793,2025-06-04,"Jun 15, 2025",10.06.2025,USA,Boston,21.57
123812,918,04.06.2025,"Jun 10, 2025","Jun 09, 2025",USA,Chicago,15.66
123813,1838,2025-06-04,2025-06-14,2025-06-13,United Kingdom,Liverpool,21.76
123816,428,2025-06-04,13/06/2025,2025-06-05,Germany,Berlin,27.51
123820,1872,"Jun 05, 2025",2025-06-13,07/06/2025,Czech Republic,Ostrava,5.96
123821,2531,2025-06-05,06/09/2025,06/07/2025,Italy,Milan,9.43
123824,1555,06/05/2025,2025-06-15,"Jun 08, 2025",Czech Republic,Brno,53.62
123828,2442,06/05/2025,2025-06-08,06/13/2025,Poland,Warsaw,9.96
123831,2521,"Jun 05, 2025","Jun 10, 2025",06/09/2025,Spain,Valencia,13.42
123833,1237,2025-06-05,06/12/2025,07/06/2025,USA,Boston,8.79
123834,1803,2025-06-05,06/09/2025,06/08/2025,Sweden,Gothenburg,18.65
123837,2218,2025-06-05,13/06/2025,06/13/2025,United Kingdom,London,13.18
123843,710,06.06.2025,06/15/2025,2025-06-10,Germany,Hamburg,10.18
123852,1860,06/06/2025,2025-06-14,12/06/2025,Germany,Frankfurt,35.15
123853,2335,2025-06-06,2025-06-12,"Jun 12, 2025",Germany,Berlin,13.82
123856,1357,"Jun 06, 2025",18/06/2025,2025-06-08,United Kingdom,Bristol,23.59
123862,998,"Jun 06, 2025","Jun 18, 2025",06/16/2025,Germany,Cologne,21.58
123864,839,06/06/2025,"Jun 16, 2025",13/06/2025,USA,Boston,19.42
123873,1237,06.06.2025,2025-06-17,,USA,Boston,47.04
123885,176,2025-06-07,20.06.2025,"Jun 18, 2025",USA,Seattle,16.31
123888,569,06/07/2025,10/06/2025,2025-06-11,United Kingdom,London,27.08
123891,1137,07/06/2025,2025-06-12,2025-06-08,United Kingdom,Leeds,11.16
123894,1621,2025-06-07,19/06/2025,2025-06-15,Italy,Florence,14.36
123895,500,2025-06-07,2025-06-11,2025-06-15,Poland,Lodz,23.04
123899,1815,2025-06-07,2025-06-13,,Germany,Berlin,13.64
123901,2938,"Jun 07, 2025","Jun 11, 2025","Jun 14, 2025",Canada,Montreal,13.33
123903,2354,2025-06-07,2025-06-12,2025-06-10,France,Paris,17.94
123908,2102,06/08/2025,2025-06-20,10/06/2025,USA,Chicago,28.45
123910,661,08/06/2025,06/18/2025,06/12/2025,USA,Boston,15.4
123912,819,"Jun 08, 2025",19/06/2025,"Jun 13, 2025",Sweden,Malmo,30.51
123913,1621,08/06/2025,19/06/2025,"Jun 14, 2025",Italy,Florence,28.33
123915,2310,06/08/2025,11/06/2025,,Spain,Bilbao,16.82
123918,250,06/08/2025,12.06.2025,2025-06-15,Austria,Linz,29.77
123921,463,2025-06-08,2025-06-17,,Germany,Frankfurt,31.66
123922,627,08/06/2025,2025-06-11,2025-06-12,Poland,Gdansk,16.81
123925,1185,08/06/2025,12/06/2025,17.06.2025,USA,Austin,13.6
123926,1076,08.06.2025,2025-06-18,2025-06-10,Czech Republic,Pilsen,10.91
123931,2057,08/06/2025,2025-06-18,,Netherlands,Amsterdam,17.67
123932,368,2025-06-08,06/14/2025,13.06.2025,USA,Austin,24.87
123934,771,2025-06-08,06/13/2025,,USA,Boston,9.82
123941,387,2025-06-08,2025-06-20,2025-06-13,France,Paris,36.65
123943,2044,2025-06-08,11/06/2025,13.06.2025,Germany,Berlin,36.39
123949,2314,"Jun 09, 2025",06/18/2025,2025-06-16,Austria,Graz,7.87
123952,2624,"Jun 09, 2025",2025-06-22,17/06/2025,Italy,Rome,35.86
123956,2775,2025-06-09,2025-06-16,12.06.2025,Germany,Frankfurt,10.73
123962,2110,2025-06-09,2025-06-15,,France,Lyon,14.31
123963,2133,2025-06-09,"Jun 14, 2025",10.06.2025,United Kingdom,London,19.47
123966,121,09.06.2025,2025-06-18,,Germany,Frankfurt,20.26
123972,1827,2025-06-10,2025-06-19,"Jun 19, 2025",Sweden,Gothenburg,7.93
123982,1868,2025-06-10,06/19/2025,,USA,Chicago,14.74
123983,2286,06/10/2025,14.06.2025,2025-06-16,Canada,Toronto,11.73
123986,310,10/06/2025,06/18/2025,18.06.2025,Canada,Vancouver,39.73
123988,2665,"Jun 10, 2025",17/06/2025,2025-06-20,United Kingdom,Leeds,14.47
123990,2731,10/06/2025,17/06/2025,2025-06-17,Poland,Wroclaw,6.33
123991,2472,2025-06-10,22.06.2025,06/18/2025,Poland,Poznan,31.09
123994,1052,"Jun 10, 2025",2025-06-16,,Canada,Ottawa,21.47
123997,339,2025-06-11,"Jun 17, 2025",20/06/2025,United Kingdom,London,5.75
123999,2188,"Jun 11, 2025",2025-06-21,"Jun 16, 2025",United Kingdom,Liverpool,31.49
124004,2871,11/06/2025,"Jun 20, 2025",2025-06-20,Austria,Vienna,13.84
124006,464,11/06/2025,06/18/2025,06/12/2025,France,Paris,14.32
124022,1892,2025-06-11,2025-06-23,2025-06-13,Germany,Hamburg,34.13
124025,454,2025-06-12,24/06/2025,2025-06-21,Italy,Milan,19.39
124027,2557,"Jun 12, 2025",06/25/2025,2025-06-22,Poland,Warsaw,19.26
124040,2877,"Jun 12, 2025",2025-06-21,2025-06-23,Germany,Berlin,20.72
124042,2185,2025-06-12,06/25/2025,06/20/2025,Germany,Cologne,11.01
124043,2672,12/06/2025,"Jun 24, 2025",13/06/2025,United Kingdom,Leeds,19.96
124044,2694,2025-06-12,2025-06-18,06/20/2025,United Kingdom,Manchester,16.5
124045,2350,2025-06-12,2025-06-16,2025-06-14,Austria,Salzburg,17.61
124047,1997,2025-06-12,22.06.2025,2025-06-14,Austria,Salzburg,24.75
124048,2338,12/06/2025,2025-06-19,,Poland,Poznan,14.66
124051,1899,06/12/2025,2025-06-19,22.06.2025,USA,New York,5.13
124053,1707,12.06.2025,"Jun 18, 2025",22/06/2025,Austria,Linz,26.16
124054,1273,12/06/2025,20/06/2025,16.06.2025,Sweden,Malmo,34.31
124055,1663,2025-06-13,2025-06-21,2025-06-15,Sweden,Stockholm,10.85
124057,102,2025-06-13,2025-06-24,,Germany,Munich,14.55
124060,1405,13.06.2025,"Jun 26, 2025",06/19/2025,Germany,Berlin,16.4
124061,2265,2025-06-13,21.06.2025,2025-06-24,Germany,Frankfurt,20.51
124062,2188,13.06.2025,2025-06-21,2025-06-20,United Kingdom,Liverpool,16.58
124064,2997,2025-06-13,25/06/2025,2025-06-14,Poland,Poznan,35.66
124071,2092,"Jun 13, 2025",2025-06-18,,Austria,Linz,9.25
124072,250,13.06.2025,20.06.2025,2025-06-18,Austria,Linz,20.01
124073,516,13/06/2025,21.06.2025,2025-06-17,USA,Chicago,15.82
124076,1711,2025-06-13,06/23/2025,2025-06-15,Poland,Lodz,7.17
124077,2287,06/13/2025,2025-06-18,2025-06-15,USA,Denver,21.24
124081,313,"Jun 13, 2025",06/23/2025,2025-06-21,Czech Republic,Ostrava,9.55
124084,903,13/06/2025,2025-06-16,2025-06-18,United Kingdom,Manchester,8.97
124086,2351,2025-06-13,06/23/2025,2025-06-15,Sweden,Gothenburg,27.7
124088,435,2025-06-13,22/06/2025,17/06/2025,Italy,Milan,27.65
124089,1993,13/06/2025,2025-06-16,2025-06-21,Italy,Naples,12.04
124090,498,14.06.2025,06/20/2025,24/06/2025,Spain,Valencia,8.31
124091,307,"Jun 14, 2025",22.06.2025,22.06.2025,Czech Republic,Prague,17.11
124095,2557,1900-01-01,26.06.2025,2025-06-24,Poland,Warsaw,7.93
124100,700,2025-06-14,2025-06-21,,Spain,Barcelona,24.64
124101,2148,2025-06-14,"Jun 22, 2025",2025-06-15,France,Nice,14.96
124102,206,2025-06-14,06/17/2025,22.06.2025,Sweden,Stockholm,13.53
124104,1110,14.06.2025,25.06.2025,2025-06-16,USA,New York,16.65
124106,2392,06/14/2025,"Jun 24, 2025","Jun 20, 2025",Germany,Hamburg,12.69
124107,539,"Jun 14, 2025",26/06/2025,2025-06-21,Austria,Graz,13.78
124115,400,14.06.2025,2025-06-26,,Poland,Lodz,10.91
124117,2809,06/15/2025,2025-06-24,"Jun 25, 2025",United Kingdom,Manchester,39.57
124118,2086,2025-06-15,23/06/2025,20/06/2025,Germany,Hamburg,14.7
124121,657,2025-06-15,24.06.2025,2025-06-22,Poland,Lodz,8.2
124125,2092,2025-06-15,2025-06-25,18/06/2025,Austria,Linz,16.35
124129,1403,2025-06-15,2025-06-27,2025-06-19,Sweden,Malmo,16.22
124136,227,2025-06-15,2025-06-23,17/06/2025,Germany,Berlin,26.58
124140,2557,"Jun 15, 2025",18/06/2025,26.06.2025,Poland,Warsaw,26.94
124142,144,2025-06-15,2025-06-22,2025-06-19,United Kingdom,Leeds,24.09
124143,688,2025-06-15,2025-06-27,2025-06-24,Netherlands,Utrecht,12.78
124146,1989,"Jun 15, 2025",26/06/2025,2025-06-25,Canada,Toronto,6.6
124147,2857,15/06/2025,2025-06-27,26/06/2025,United Kingdom,Liverpool,22.01
124150,2184,"Jun 15, 2025",18/06/2025,2025-06-21,Canada,Calgary,41.45
124152,401,2025-06-15,2025-06-24,06/18/2025,France,Nice,13.64
124155,380,2025-06-16,22/06/2025,2025-06-21,Germany,Munich,17.07
124157,1749,16.06.2025,2025-06-21,06/22/2025,United Kingdom,Leeds,21.86
124158,2478,16/06/2025,21/06/2025,2025-06-22,Norway,Bergen,9.89
124159,2298,2025-06-16,2025-06-21,"Jun 27, 2025",Poland,Poznan,30.26
124160,1526,16/06/2025,19.06.2025,2025-06-26,USA,Chicago,30.27
124163,1986,2025-06-16,19/06/2025,"Jun 23, 2025",France,Marseille,5.72
124166,1510,2025-06-16,2025-06-29,2025-06-24,Poland,Warsaw,28.83
124173,2369,06/16/2025,2025-06-20,19/06/2025,Spain,Valencia,19.2
124174,2813,2025-06-16,2025-06-27,2025-06-25,Poland,Gdansk,17.23
124175,1995,16/06/2025,29/06/2025,2025-06-24,USA,Chicago,11.37
124177,1703,16/06/2025,26.06.2025,,Sweden,Gothenburg,23.44
124179,2157,2025-06-16,2025-06-23,2025-06-17,USA,New York,8.91
124180,2449,2025-06-17,27/06/2025,26/06/2025,Canada,Toronto,29.77
124182,1488,2025-06-17,2025-06-21,,Spain,Valencia,8.43
124184,583,2025-06-17,2025-06-25,06/27/2025,Germany,Hamburg,23.4
124194,134,17/06/2025,2025-06-27,2025-06-28,France,Marseille,14.69
124195,1573,"Jun 17, 2025",2025-06-22,,Canada,Vancouver,28.31
124202,1329,18.06.2025,2025-06-21,2025-06-19,France,Lyon,13.59
124204,718,2025-06-18,2025-06-22,2025-06-25,Poland,Warsaw,6.9
124206,1595,"Jun 18, 2025",27/06/2025,2025-06-22,USA,Seattle,8.34
124213,1415,18/06/2025,25/06/2025,2025-06-29,Netherlands,Amsterdam,22.47
124215,1265,18.06.2025,06/23/2025,"Jun 25, 2025",USA,New York,19.59
124218,1109,"Jun 18, 2025",06/30/2025,,Canada,Montreal,20.47
124222,981,2025-06-18,2025-06-27,19.06.2025,Austria,Vienna,13.32
124230,2189,19.06.2025,24/06/2025,,Germany,Berlin,-10.94
124231,433,2025-06-19,02.07.2025,06/27/2025,Poland,Lodz,15.67
124233,277,2025-06-19,25/06/2025,,Poland,Warsaw,7.15
124234,318,2025-06-19,22.06.2025,2025-06-28,USA,Chicago,32.31
124240,1707,19.06.2025,28/06/2025,22/06/2025,Austria,Linz,43.47
124241,2300,19/06/2025,2025-06-29,"Jun 24, 2025",France,Marseille,17.42
124242,2195,19.06.2025,06/24/2025,23/06/2025,Germany,Munich,14.73
124246,2030,06/19/2025,06/23/2025,2025-06-28,Poland,Lodz,19.44
124248,2651,19/06/2025,06/23/2025,2025-06-27,Italy,Rome,29.74
124250,2960,2025-06-19,23/06/2025,2025-06-30,France,Nice,28.46
124252,2448,"Jun 19, 2025",06/29/2025,06/22/2025,Germany,Frankfurt,12.92
124253,305,2025-06-20,06/28/2025,2025-06-22,United Kingdom,London,15.34
124260,2127,06/20/2025,"Jun 25, 2025",2025-06-27,Canada,Toronto,16.37
124261,1941,20/06/2025,28/06/2025,26/06/2025,Poland,Gdansk,10.55
124262,2851,"Jun 20, 2025",06/23/2025,29/06/2025,Spain,Seville,31.58
124263,1752,06/20/2025,2025-06-30,06/28/2025,Poland,Warsaw,15.13
124268,1315,2025-06-20,25.06.2025,,Czech Republic,Ostrava,42.59
124273,2970,20/06/2025,2025-06-24,06/23/2025,Netherlands,Amsterdam,26.78
124274,325,06/20/2025,2025-06-24,2025-06-23,Netherlands,Eindhoven,5.93
124281,692,21/06/2025,"Jul 04, 2025",,Austria,Graz,14.59
124283,1735,"Jun 21, 2025",2025-07-03,2025-06-28,Netherlands,Rotterdam,17.63
124284,1632,21/06/2025,2025-06-28,2025-06-26,Austria,Linz,39.04
124286,2259,2025-06-21,"Jul 04, 2025","Jun 26, 2025",Spain,Barcelona,11.47
124287,2137,21.06.2025,2025-06-24,2025-06-22,United Kingdom,London,12.68
124291,2369,06/21/2025,28.06.2025,"Jun 25, 2025",Spain,Valencia,17.79
124293,1644,"Jun 21, 2025",2025-06-30,26.06.2025,Poland,Poznan,11.17
124294,1421,2025-06-21,2025-06-27,"Jun 24, 2025",Netherlands,Eindhoven,3.45
124299,2972,2025-06-21,2025-06-27,2025-06-27,United Kingdom,Liverpool,12.33
124300,1913,21.06.2025,2025-06-27,30/06/2025,Italy,Milan,7.25
124301,1962,06/21/2025,07/01/2025,2025-06-28,Italy,Milan,27.62
124302,2662,"Jun 21, 2025","Jun 26, 2025",24.06.2025,USA,Boston,35.21
124303,266,21/06/2025,2025-06-27,26.06.2025,Canada,Montreal,13.99
124304,2577,2025-06-21,2025-06-30,23.06.2025,Poland,Krakow,20.01
124313,980,"Jun 22, 2025",01.07.2025,2025-06-25,Austria,Salzburg,11.76
124320,267,06/22/2025,2025-07-01,2025-06-29,Poland,Lodz,25.43
124323,2930,06/22/2025,26.06.2025,27/06/2025,Italy,Turin,20.11
124328,1659,2025-06-22,"Jun 28, 2025",26/06/2025,USA,Chicago,14.22
124331,800,22.06.2025,06/29/2025,30.06.2025,USA,Chicago,11.76
124334,1699,22.06.2025,01.07.2025,03/07/2025,Austria,Vienna,8.43
124335,1296,2025-06-23,2025-07-03,"Jun 24, 2025",France,Nice,19.28
124337,2930,2099-01-01,"Jun 30, 2025",2025-07-02,Italy,Turin,12.69
124340,641,06/23/2025,2025-07-02,,United Kingdom,Liverpool,18.7
124342,764,"Jun 23, 2025",2025-07-02,27/06/2025,Sweden,Gothenburg,40.76
124344,922,2025-06-23,2025-06-28,,Germany,Berlin,15.58
124353,1054,06/23/2025,07/05/2025,2025-07-02,Netherlands,Amsterdam,30.03
124356,1829,2025-06-23,28.06.2025,,Netherlands,Eindhoven,5.32
124366,684,"Jun 24, 2025",06/07/2025,"Jul 01, 2025",Poland,Krakow,12.46
124368,1088,"Jun 24, 2025",06/27/2025,"Jun 28, 2025",Germany,Berlin,61.54
124370,2675,2025-06-24,2025-07-04,04/07/2025,Czech Republic,Prague,16.88
124373,2696,06/24/2025,"Jun 30, 2025",2025-06-30,Norway,Bergen,18.93
124374,377,2025-06-24,07/03/2025,,Spain,Seville,15.32
124375,1491,2025-06-24,2025-06-29,,France,Paris,15.64
124377,2051,06/24/2025,2025-07-07,07/05/2025,United Kingdom,London,24.73
124383,484,2025-06-24,2025-07-03,07/03/2025,Germany,Cologne,16.19
124385,625,24/06/2025,07/06/2025,,United Kingdom,Liverpool,27.51
124386,599,2025-06-24,07/06/2025,26/06/2025,Germany,Munich,17.94
124389,2699,2025-06-25,05/07/2025,04.07.2025,France,Paris,5.33
124392,1667,25/06/2025,07/04/2025,2025-07-04,USA,New York,21.58
124394,375,06/25/2025,01/07/2025,2025-07-03,Spain,Madrid,11.9
124395,1675,"Jun 25, 2025",2025-07-06,"Jul 01, 2025",USA,New York,25.16
124396,818,2025-06-25,28/06/2025,06.07.2025,Germany,Hamburg,35.0
124397,2244,2025-06-25,2025-06-28,2025-07-03,Netherlands,Utrecht,19.14
124401,2803,2025-06-25,03/07/2025,2025-07-06,Germany,Cologne,4.73
124407,1617,25/06/2025,01.07.2025,2025-06-29,Netherlands,Amsterdam,10.01
124415,2434,25.06.2025,06/29/2025,2025-06-29,United Kingdom,Bristol,19.86
124418,2866,2025-06-26,2025-07-07,2025-06-27,USA,New York,20.66
124419,1727,2025-06-26,2025-07-06,,Czech Republic,Prague,17.59
124421,1052,2025-06-26,2025-07-07,2025-07-04,Canada,Ottawa,16.07
124424,932,26.06.2025,2025-07-09,2025-07-03,USA,Boston,27.91
124427,1588,06/26/2025,2025-06-30,30.06.2025,Spain,Bilbao,7.67
124429,2932,2025-06-26,2025-07-09,2025-07-06,Germany,Hamburg,24.78
124430,1646,"Jun 26, 2025",2025-07-08,,France,Lyon,23.85
124432,2582,2025-06-26,2025-07-08,27/06/2025,Canada,Toronto,7.38
124433,2463,"Jun 26, 2025",30/06/2025,07/01/2025,Poland,Krakow,40.65
124435,215,26.06.2025,04/07/2025,2025-06-30,Germany,Berlin,12.94
124439,1686,2025-06-27,10/07/2025,07.07.2025,Norway,Bergen,11.27
124440,1404,27/06/2025,06/30/2025,2025-07-07,United Kingdom,London,18.21
124442,1497,2025-06-27,01.07.2025,2025-07-04,Spain,Seville,21.45
124446,935,2025-06-27,30.06.2025,2025-07-01,Sweden,Gothenburg,7.53
124447,2492,2025-06-27,2025-07-10,07/07/2025,USA,Chicago,48.55
124452,1235,2025-06-27,2025-06-30,04.07.2025,Sweden,Gothenburg,20.39
124454,2244,2025-06-27,"Jul 08, 2025",06/30/2025,Netherlands,Utrecht,10.98
124455,591,"Jun 27, 2025",2025-07-05,"Jun 28, 2025",Netherlands,Amsterdam,15.85
124467,981,2025-06-28,"Jul 07, 2025",07/09/2025,Austria,Vienna,34.43
124472,887,2025-06-28,"Jul 02, 2025",2025-07-05,France,Marseille,12.4
124489,922,"Jun 29, 2025",2025-07-06,30/06/2025,Germany,Berlin,30.64
124491,2883,06/29/2025,2025-07-03,2025-07-09,United Kingdom,Liverpool,7.49
124496,975,06/29/2025,08.07.2025,"Jun 30, 2025",Germany,Hamburg,14.71
124498,2547,"Jun 29, 2025",07/06/2025,10/07/2025,Spain,Valencia,18.34
124499,1086,29/06/2025,07/04/2025,30.06.2025,Poland,Gdansk,11.97
124505,341,"Jun 30, 2025",2025-07-04,07/07/2025,Spain,Bilbao,18.34
124506,114,30/06/2025,2025-07-04,2025-07-02,Germany,Hamburg,20.65
124508,1208,2025-06-30,2025-07-12,03/07/2025,United Kingdom,London,27.18
124509,2687,06/30/2025,07/10/2025,2025-07-07,USA,New York,9.59
124517,819,30.06.2025,07/06/2025,,Sweden,Malmo,8.03
124521,2786,2025-06-30,"Jul 10, 2025",2025-07-10,Poland,Lodz,11.94
124522,1568,2025-06-30,2025-07-03,06.07.2025,Poland,Warsaw,26.24
124523,1101,2025-06-30,07/08/2025,07/03/2025,Poland,Krakow,20.56
124528,2895,30.06.2025,13/07/2025,01.07.2025,Germany,Hamburg,6.65
124530,2688,01.07.2025,2025-07-12,,United Kingdom,London,12.38
124531,800,2025-07-01,2025-07-11,"Jul 03, 2025",USA,Chicago,35.61
124537,748,2025-07-01,2025-07-14,2025-07-10,Germany,Berlin,23.59
124539,2246,2025-07-01,14.07.2025,07/04/2025,Sweden,Uppsala,52.91
124543,2168,2025-07-01,2025-07-08,2025-07-10,United Kingdom,Manchester,20.29
124550,42,01.07.2025,2025-07-07,05/07/2025,Italy,Naples,19.88
124552,500,02.07.2025,"Jul 13, 2025",07/12/2025,Poland,Lodz,14.01
124557,2967,02.07.2025,2025-07-07,,Austria,Salzburg,47.2
124560,368,"Jul 02, 2025","Jul 05, 2025",2025-07-12,USA,Austin,16.32
124562,1627,2025-07-02,07/13/2025,"Jul 04, 2025",Poland,Lodz,28.22
124566,2244,2025-07-02,06/07/2025,"Jul 11, 2025",Netherlands,Utrecht,11.73
124568,1857,02.07.2025,2025-07-05,2025-07-11,Italy,Naples,24.79
124574,2521,"Jul 03, 2025",07.07.2025,2025-07-04,Spain,Valencia,29.94
124575,2823,03.07.2025,2025-07-12,07/05/2025,Netherlands,Rotterdam,15.5
124577,2282,"Jul 03, 2025",15/07/2025,05.07.2025,Czech Republic,Ostrava,20.55
124578,2720,2025-07-03,07/11/2025,"Jul 09, 2025",Germany,Munich,16.98
124579,2125,2025-07-03,14/07/2025,"Jul 07, 2025",Germany,Berlin,29.68
124581,1639,2025-07-03,2025-07-09,07/05/2025,Poland,Warsaw,14.38
124582,1185,03.07.2025,2025-07-08,"Jul 14, 2025",USA,Austin,6.53
124583,1563,03.07.2025,2025-07-10,2025-07-04,Netherlands,Amsterdam,10.47
124588,2555,07/03/2025,2025-07-12,2025-07-13,USA,Chicago,45.35
124590,1262,04/07/2025,"Jul 11, 2025",2025-07-07,France,Paris,17.4
124591,2531,"Jul 04, 2025",17/07/2025,15.07.2025,Italy,Milan,9.79
124597,1890,04/07/2025,07/17/2025,15/07/2025,France,Toulouse,36.54
124598,190,2025-07-04,2025-07-15,"Jul 11, 2025",Czech Republic,Pilsen,23.35
124601,981,2025-07-04,"Jul 14, 2025",15/07/2025,Austria,Vienna,8.64
124602,5,04.07.2025,2025-07-13,07/07/2025,France,Lyon,9.26
124613,1850,2025-07-05,17.07.2025,2025-07-07,Poland,Gdansk,26.54
124627,2260,05/07/2025,15.07.2025,15/07/2025,United Kingdom,Bristol,14.16
124628,1290,05/07/2025,2025-07-18,2025-07-13,USA,Chicago,8.19
124631,1588,2025-07-05,2025-07-10,07/09/2025,Spain,Bilbao,18.27
124636,2979,2025-07-06,2025-07-11,"Jul 14, 2025",Austria,Linz,7.72
124648,2328,2025-07-06,2025-07-10,2025-07-13,United Kingdom,Liverpool,12.34
124650,1531,06/07/2025,2025-07-15,2025-07-12,Germany,Hamburg,25.2
124666,2662,07/07/2025,2025-07-17,14.07.2025,USA,Boston,31.61
124668,943,"Jul 07, 2025",19/07/2025,09.07.2025,Spain,Seville,11.57
124669,2788,2025-07-07,2025-07-20,"Jul 15, 2025",Netherlands,Amsterdam,40.18
124673,143,2025-07-07,2025-07-13,09/07/2025,USA,Austin,21.38
124674,591,07.07.2025,2025-07-11,2025-07-10,Netherlands,Amsterdam,13.83
124679,918,2025-07-07,13/07/2025,2025-07-14,USA,Chicago,8.46
124681,2475,07/07/2025,2025-07-12,"Jul 11, 2025",Germany,Munich,7.21
124683,2369,07/07/2025,"Jul 19, 2025",07/14/2025,Spain,Valencia,22.28
124688,2717,08.07.2025,2025-07-13,"Jul 15, 2025",Spain,Madrid,7.45
124689,220,"Jul 08, 2025",2025-07-13,2025-07-18,Poland,Warsaw,13.92
124692,583,2025-07-08,15.07.2025,10.07.2025,Germany,Hamburg,9.84
124696,1559,08/07/2025,13.07.2025,07/10/2025,Germany,Cologne,10.15
124701,1533,07/08/2025,16/07/2025,,Canada,Ottawa,17.53
124708,2332,08.07.2025,07/15/2025,2025-07-11,Sweden,Malmo,35.6
124710,852,2025-07-08,20.07.2025,,Sweden,Uppsala,37.35
124711,557,2025-07-08,17/07/2025,07/10/2025,Spain,Valencia,19.96
124712,2180,07/09/2025,"Jul 21, 2025",18.07.2025,Netherlands,Amsterdam,19.81
124714,1777,09.07.2025,07/14/2025,11/07/2025,USA,Chicago,17.24
124718,2615,2025-07-09,20.07.2025,2025-07-10,Germany,Hamburg,12.36
124719,2908,2025-07-09,2025-07-14,15.07.2025,Germany,Munich,23.09
124723,2498,09/07/2025,2025-07-19,2025-07-12,United Kingdom,Manchester,12.67
124737,2141,2025-07-10,2025-07-22,19.07.2025,Germany,Frankfurt,17.35
124744,2233,2025-07-10,16/07/2025,2025-07-19,Italy,Florence,8.94
124745,1489,07/10/2025,"Jul 13, 2025",17/07/2025,Germany,Berlin,19.13
124751,2707,10/07/2025,17/07/2025,07/19/2025,Italy,Turin,12.37
124752,1028,2025-07-10,2025-07-17,2025-07-12,Poland,Poznan,33.98
124757,2064,10.07.2025,07/14/2025,17/07/2025,France,Toulouse,18.22
124761,1480,11/07/2025,2025-07-20,13.07.2025,United Kingdom,Bristol,7.1
124768,111,2025-07-11,07/17/2025,22/07/2025,Canada,Ottawa,11.89
124769,1437,2025-07-11,"Jul 19, 2025",,Czech Republic,Pilsen,7.13
124770,1055,2025-07-11,"Jul 19, 2025",,Austria,Vienna,69.01
124771,1637,2025-07-11,"Jul 20, 2025",07/12/2025,Czech Republic,Ostrava,20.55
124772,1583,2025-07-11,2025-07-24,07/15/2025,France,Marseille,24.85
124774,2577,2025-07-11,2025-07-15,,Poland,Krakow,11.35
124775,2492,11.07.2025,2025-07-23,2025-07-21,USA,Chicago,15.47
124780,1128,11.07.2025,2025-07-23,,Germany,Frankfurt,12.03
124781,1841,2025-07-11,07/19/2025,16.07.2025,Spain,Valencia,13.02
124782,1627,2025-07-11,24/07/2025,,Poland,Lodz,12.81
124783,2057,2025-07-11,2025-07-19,,Netherlands,Amsterdam,25.55
124784,2021,11/07/2025,15.07.2025,"Jul 22, 2025",Canada,Toronto,31.97
124788,2896,11.07.2025,15.07.2025,07/18/2025,USA,Denver,5.28
124789,212,2025-07-11,2025-07-18,2025-07-18,USA,Boston,6.87
124790,1146,07/11/2025,16/07/2025,2025-07-15,Austria,Linz,33.68
124793,2439,2025-07-11,2025-07-15,21/07/2025,Netherlands,Amsterdam,18.59
124795,1395,11.07.2025,"Jul 23, 2025",2025-07-19,Italy,Naples,34.52
124797,1875,2025-07-11,21/07/2025,22/07/2025,Poland,Warsaw,16.97
124798,469,2025-07-11,20/07/2025,12.07.2025,France,Marseille,27.44
124801,764,2025-07-12,07/21/2025,,Sweden,Gothenburg,-31.42
124803,2917,2025-07-12,07/21/2025,"Jul 14, 2025",Czech Republic,Brno,24.92
124804,1637,12/07/2025,18/07/2025,2025-07-18,Czech Republic,Ostrava,16.05
124806,1993,"Jul 12, 2025","Jul 20, 2025",,Italy,Naples,20.0
124808,1613,07/12/2025,"Jul 18, 2025",07/20/2025,France,Nice,13.72
124820,2361,2025-07-12,"Jul 25, 2025",,France,Paris,44.14
124822,1060,2025-07-13,07/25/2025,15.07.2025,United Kingdom,Leeds,15.47
124823,1864,13/07/2025,2025-07-23,2025-07-21,Netherlands,Utrecht,15.93
124828,998,07/13/2025,16/07/2025,2025-07-20,Germany,Cologne,8.52
124835,1688,13/07/2025,20.07.2025,15/07/2025,Canada,Montreal,16.75
124841,2546,13/07/2025,26.07.2025,2025-07-14,Austria,Salzburg,10.51
124843,1482,13.07.2025,25/07/2025,2025-07-18,Germany,Munich,34.83
124846,2486,2025-07-13,"Jul 21, 2025",,Poland,Gdansk,28.46
124848,2066,2025-07-14,2025-07-22,2025-07-24,Spain,Valencia,17.32
124853,233,"Jul 14, 2025",07/25/2025,18.07.2025,Spain,Madrid,12.66
124857,512,2025-07-14,2025-07-21,2025-07-16,Italy,Rome,14.21
124858,1508,2025-07-14,2025-07-20,,Sweden,Malmo,20.78
124859,1401,"Jul 14, 2025",22/07/2025,25.07.2025,France,Paris,8.75
124860,1817,2025-07-14,07/24/2025,"Jul 25, 2025",Poland,Warsaw,12.53
124863,2696,14/07/2025,2025-07-23,"Jul 23, 2025",Norway,Bergen,10.91
124870,854,"Jul 14, 2025",2025-07-20,2025-07-18,Spain,Madrid,17.64
124871,487,14.07.2025,2025-07-17,"Jul 18, 2025",Spain,Madrid,9.91
124876,1728,2025-07-14,23/07/2025,"Jul 16, 2025",Netherlands,Utrecht,46.05
124877,2307,2025-07-15,2025-07-27,25.07.2025,Poland,Warsaw,22.93
124881,379,07/15/2025,07/26/2025,,Netherlands,Eindhoven,10.0
124882,1906,07/15/2025,2025-07-28,,Poland,Krakow,8.44
124884,1639,2025-07-15,2025-07-24,25.07.2025,Poland,Warsaw,9.53
124889,1195,15.07.2025,22/07/2025,07/17/2025,Poland,Warsaw,29.73
124892,475,07/15/2025,2025-07-19,2025-07-22,Germany,Hamburg,27.54
124894,1516,2025-07-15,2025-07-27,07/24/2025,Netherlands,Amsterdam,12.24
124895,1918,15.07.2025,2025-07-23,"Jul 16, 2025",USA,New York,11.83
124896,1985,2025-07-15,07/21/2025,2025-07-24,Germany,Hamburg,11.02
124897,353,15.07.2025,26/07/2025,07/20/2025,France,Paris,19.85
124898,325,2025-07-15,22.07.2025,07/25/2025,Netherlands,Eindhoven,13.23
124907,1400,2025-07-16,22/07/2025,07/19/2025,Poland,Gdansk,32.94
124908,352,2025-07-16,26/07/2025,24/07/2025,USA,Chicago,6.84
124910,701,16/07/2025,26/07/2025,"Jul 27, 2025",United Kingdom,Liverpool,24.48
124915,965,2025-07-16,20/07/2025,2025-07-22,Czech Republic,Pilsen,27.59
124916,2174,2025-07-16,2025-07-26,24/07/2025,Spain,Seville,6.56
124918,516,2025-07-16,28/07/2025,2025-07-26,USA,Chicago,38.39
124920,1808,16.07.2025,2025-07-23,07/24/2025,Poland,Warsaw,23.98
124923,958,2025-07-16,2025-07-29,2025-07-24,Poland,Poznan,13.65
124927,491,16/07/2025,21.07.2025,19.07.2025,Poland,Wroclaw,33.83
124928,2440,16.07.2025,2025-07-27,25.07.2025,Germany,Munich,6.95
124931,754,"Jul 17, 2025",2025-07-20,19.07.2025,USA,Chicago,14.36
124932,1720,"Jul 17, 2025","Jul 26, 2025",2025-07-26,Poland,Warsaw,11.79
124937,6,17.07.2025,07/21/2025,2025-07-25,Netherlands,Utrecht,6.06
124938,1565,2025-07-17,07/21/2025,07/19/2025,USA,New York,18.15
124939,1973,17.07.2025,2025-07-23,19.07.2025,Germany,Frankfurt,15.25
124943,2329,17/07/2025,2025-07-27,2025-07-20,Italy,Milan,3.89
124945,54,2025-07-17,"Jul 24, 2025",2025-07-27,Germany,Frankfurt,14.25
124947,1021,18/07/2025,07/27/2025,2025-07-26,Netherlands,Eindhoven,30.32
124953,613,2025-07-18,23/07/2025,22.07.2025,United Kingdom,Leeds,29.12
124956,2709,2025-07-18,2025-07-31,20/07/2025,USA,New York,12.21
124957,2400,18/07/2025,31/07/2025,"Jul 26, 2025",USA,New York,6.75
124961,766,2025-07-18,21/07/2025,"Jul 20, 2025",Spain,Seville,10.73
124964,1578,2025-07-18,27/07/2025,2025-07-19,Poland,Poznan,10.21
124965,2143,07/18/2025,2025-07-30,22.07.2025,Germany,Munich,35.03
124968,2938,2025-07-18,25.07.2025,07/23/2025,Canada,Montreal,14.9
124969,390,19/07/2025,22.07.2025,2025-07-26,Czech Republic,Pilsen,10.26
124970,692,"Jul 19, 2025",2025-07-31,,Austria,Graz,11.65
124971,376,2025-07-19,2025-07-24,07/20/2025,Poland,Poznan,7.72
124973,1070,2025-07-19,2025-07-23,2025-07-29,Poland,Lodz,35.37
124975,1222,19/07/2025,25.07.2025,29/07/2025,Poland,Gdansk,15.66
124983,1766,19/07/2025,22.07.2025,"Jul 27, 2025",Sweden,Malmo,11.61
124988,2056,19/07/2025,24/07/2025,"Jul 23, 2025",Germany,Cologne,35.95
124994,429,07/19/2025,2025-07-24,27.07.2025,Germany,Frankfurt,45.82
124995,1397,2025-07-19,07/29/2025,2025-07-24,Germany,Hamburg,11.63
124996,318,2099-01-01,2025-07-31,25/07/2025,USA,Chicago,15.49
124997,658,20.07.2025,2025-07-29,2025-07-25,Poland,Wroclaw,10.38
125001,2885,"Jul 20, 2025","Jul 28, 2025",,Germany,Frankfurt,27.06
125003,887,2025-07-20,07/29/2025,23.07.2025,France,Marseille,8.0
125013,1954,2025-07-20,2025-07-28,2025-07-28,Poland,Warsaw,23.25
125018,1708,2025-07-20,2025-07-30,,Germany,Frankfurt,7.22
125019,2082,2025-07-20,2025-08-01,2025-07-24,Poland,Lodz,13.16
125024,318,"Jul 20, 2025",07/23/2025,,USA,Chicago,24.21
125025,668,"Jul 20, 2025","Jul 31, 2025","Jul 29, 2025",Germany,Munich,34.59
125026,2874,2025-07-20,2025-07-30,"Jul 27, 2025",United Kingdom,Bristol,19.29
125027,286,2025-07-20,24/07/2025,07/28/2025,Canada,Ottawa,5.19
125029,1015,2025-07-21,29/07/2025,24/07/2025,Poland,Poznan,6.29
125031,2555,"Jul 21, 2025",2025-07-31,,USA,Chicago,20.06
125032,575,21/07/2025,07/25/2025,31/07/2025,Netherlands,Utrecht,41.16
125034,2256,21/07/2025,02/08/2025,01/08/2025,Poland,Gdansk,11.71
125036,1439,21/07/2025,01/08/2025,,Poland,Krakow,17.78
125037,1804,21.07.2025,24/07/2025,,USA,Chicago,19.93
125041,2298,2025-07-21,2025-07-26,"Jul 22, 2025",Poland,Poznan,6.84
125046,910,07/21/2025,2025-07-28,2025-07-22,Germany,Cologne,22.75
125052,2457,21.07.2025,2025-07-29,2025-07-22,USA,Boston,21.56
125054,1209,2025-07-21,24/07/2025,29.07.2025,Netherlands,Utrecht,20.07
125057,1597,2025-07-21,"Jul 29, 2025",2025-07-31,Poland,Krakow,21.3
125058,2781,2025-07-21,"Jul 27, 2025",22.07.2025,United Kingdom,Liverpool,18.05
125059,401,2025-07-21,26/07/2025,2025-07-28,France,Nice,14.45
125066,1852,21/07/2025,"Jul 29, 2025",31/07/2025,Netherlands,Eindhoven,9.22
125067,1320,2025-07-21,07/24/2025,,France,Marseille,15.41
125071,404,22.07.2025,2025-07-29,2025-08-01,France,Nice,18.66
125080,1887,07/22/2025,07/27/2025,2025-07-31,United Kingdom,Leeds,18.57
125081,1780,2025-07-22,2025-07-25,"Aug 02, 2025",France,Toulouse,15.33
125083,1052,2025-07-22,25.07.2025,2025-07-26,Canada,Ottawa,26.3
125092,2335,07/22/2025,"Aug 01, 2025",,Germany,Berlin,36.45
125093,722,22.07.2025,2025-07-27,"Jul 24, 2025",Spain,Bilbao,4.6
125105,1070,2025-07-23,"Jul 28, 2025",08/03/2025,Poland,Lodz,19.89
125109,1887,2025-07-23,2025-07-27,2025-07-28,United Kingdom,Leeds,14.96
125112,2791,23.07.2025,2025-08-05,"Jul 27, 2025",Poland,Gdansk,37.91
125114,1756,2025-07-23,2025-08-02,"Jul 30, 2025",Austria,Linz,22.16
125118,1326,23/07/2025,2025-08-01,2025-07-27,Poland,Krakow,9.23
125119,2936,23.07.2025,2025-07-27,"Jul 26, 2025",Czech Republic,Brno,-8.96
125120,1181,07/23/2025,2025-07-28,2025-07-31,USA,Chicago,22.11
125127,2501,07/24/2025,03.08.2025,01/08/2025,Germany,Berlin,6.61
125130,2540,24/07/2025,02/08/2025,,Austria,Linz,17.14
125134,2511,2025-07-24,02.08.2025,2025-08-03,Germany,Cologne,15.04
125135,1325,07/24/2025,"Aug 01, 2025",2025-08-04,Poland,Krakow,22.95
125143,469,24.07.2025,07/29/2025,2025-07-29,France,Marseille,10.25
125146,397,2025-07-24,05/08/2025,30/07/2025,USA,Seattle,25.9
125148,2480,2025-07-24,27.07.2025,01.08.2025,Norway,Stavanger,18.43
125154,986,2025-07-25,03.08.2025,08/04/2025,France,Lyon,25.88
125159,2350,07/25/2025,2025-08-06,04.08.2025,Austria,Salzburg,7.97
125163,374,2025-07-25,2025-08-05,08/05/2025,USA,New York,5.33
125170,942,25.07.2025,01/08/2025,2025-08-01,Italy,Turin,9.14
125171,2655,2025-07-25,2025-08-03,07/26/2025,Poland,Lodz,17.96
125173,1995,2025-07-25,29.07.2025,27.07.2025,USA,Chicago,13.28
125177,2114,07/25/2025,08/03/2025,"Jul 29, 2025",Czech Republic,Brno,6.88
125178,2517,07/26/2025,03.08.2025,2025-08-02,United Kingdom,Bristol,31.82
125182,2704,2025-07-26,2025-07-30,,Czech Republic,Prague,34.91
125184,2281,2025-07-26,"Aug 06, 2025",,USA,Seattle,24.21
125186,2605,26.07.2025,"Aug 06, 2025",05/08/2025,USA,Denver,42.34
125189,2044,07/26/2025,2025-08-05,2025-08-04,Germany,Berlin,35.12
125191,2781,26/07/2025,"Aug 03, 2025","Aug 06, 2025",United Kingdom,Liverpool,32.44
125194,2625,26/07/2025,2025-08-05,2025-07-31,Poland,Poznan,4.94
125197,1294,2025-07-26,2025-08-03,01/08/2025,Italy,Milan,24.45
125199,1124,07/26/2025,29/07/2025,2025-07-28,Netherlands,Rotterdam,32.08
125207,1827,2025-07-26,2025-08-06,2025-07-27,Sweden,Gothenburg,26.66
125210,1820,07/27/2025,"Aug 09, 2025",07/31/2025,USA,Boston,14.11
125211,1875,27/07/2025,30/07/2025,,Poland,Warsaw,12.88
125214,2397,2025-07-27,08/04/2025,04.08.2025,Poland,Poznan,9.55
125216,1605,27/07/2025,2025-08-02,2025-08-02,Italy,Naples,34.87
125219,2058,27/07/2025,"Aug 08, 2025",05/08/2025,USA,New York,13.78
125223,1209,27/07/2025,2025-08-06,2025-07-28,Netherlands,Utrecht,11.42
125224,1054,2025-07-27,07/31/2025,2025-08-03,Netherlands,Amsterdam,40.45
125226,620,2025-07-27,08/05/2025,2025-08-07,United Kingdom,Bristol,47.59
125229,2369,27.07.2025,2025-08-01,07/08/2025,Spain,Valencia,21.98
125230,2923,2025-07-27,2025-08-02,04/08/2025,Poland,Lodz,7.99
125231,1771,07/27/2025,2025-08-05,2025-08-07,Netherlands,Eindhoven,5.58
125234,1862,07/27/2025,2025-08-03,08/05/2025,Czech Republic,Ostrava,23.33
125241,2272,28/07/2025,2025-08-08,08/06/2025,Austria,Salzburg,14.11
125242,1380,28.07.2025,2025-08-07,2025-08-04,Norway,Oslo,32.56
125243,768,2025-07-28,2025-07-31,08/01/2025,Poland,Poznan,10.34
125247,2436,2025-07-28,08/07/2025,"Aug 04, 2025",Austria,Salzburg,15.14
125256,1201,2025-07-28,07.08.2025,30/07/2025,Poland,Warsaw,8.62
125260,2846,2025-07-28,"Aug 07, 2025","Aug 05, 2025",USA,Seattle,18.98
125262,901,2025-07-28,2025-08-02,2025-08-05,France,Toulouse,34.22
125264,854,2025-07-28,01/08/2025,07/30/2025,Spain,Madrid,12.71
125265,1652,2025-07-28,08/06/2025,03/08/2025,Germany,Munich,6.74
125266,1845,2025-07-29,10.08.2025,08/09/2025,United Kingdom,London,21.88
125268,2352,07/29/2025,04/08/2025,"Aug 05, 2025",Czech Republic,Brno,7.69
125270,2492,2025-07-29,2025-08-05,2025-08-06,USA,Chicago,25.01
125274,2812,07/29/2025,2025-08-11,07/31/2025,Austria,Linz,15.94
125276,2316,2025-07-29,2025-08-04,08/02/2025,Sweden,Uppsala,26.59
125282,2672,2025-07-29,2025-08-10,07/31/2025,United Kingdom,Leeds,12.67
125290,999,2025-07-29,"Aug 03, 2025",,Canada,Montreal,17.27
125291,916,29/07/2025,2025-08-11,2025-07-30,USA,Seattle,26.12
125294,1489,2025-07-29,08/08/2025,08/08/2025,Germany,Berlin,47.27
125298,968,"Jul 30, 2025",2025-08-10,02.08.2025,Germany,Munich,13.38
125307,2547,30.07.2025,2025-08-05,07/08/2025,Spain,Valencia,13.41
125317,885,30/07/2025,2025-08-03,2025-08-01,Germany,Frankfurt,20.85
125320,2256,2025-07-31,2025-08-11,"Aug 02, 2025",Poland,Gdansk,21.75
125321,2859,31.07.2025,2025-08-04,07.08.2025,Sweden,Malmo,7.11
125323,1463,2025-07-31,2025-08-13,2025-08-11,France,Nice,13.93
125331,169,2025-07-31,13.08.2025,,Germany,Munich,6.16
125332,1884,31/07/2025,2025-08-05,2025-08-01,Spain,Barcelona,17.19
125343,2925,31/07/2025,05.08.2025,2025-08-08,Poland,Warsaw,10.52
125344,2036,2025-07-31,2025-08-09,05/08/2025,Spain,Seville,16.47
125352,2052,2025-08-01,2025-08-12,2025-08-08,Czech Republic,Prague,23.01
125355,621,08/01/2025,"Aug 07, 2025",,United Kingdom,Leeds,29.23
125361,720,2025-08-01,2025-08-09,,Netherlands,Eindhoven,20.84
125367,2007,08/01/2025,"Aug 11, 2025",2025-08-04,Norway,Trondheim,14.81
125371,656,2025-08-01,08.08.2025,08/05/2025,Italy,Turin,9.5
125378,2521,"Aug 01, 2025","Aug 06, 2025",2025-08-09,Spain,Valencia,42.68
125379,600,2025-08-01,11.08.2025,2025-08-11,United Kingdom,Leeds,15.6
125380,1292,2025-08-02,08/06/2025,2025-08-04,France,Paris,31.06
125383,1036,02.08.2025,08/08/2025,2025-08-13,USA,Boston,24.22
125385,1952,08/02/2025,07/08/2025,,Netherlands,Eindhoven,10.0
125387,1808,2025-08-02,08/08/2025,2025-08-05,Poland,Warsaw,21.76
125390,318,2025-08-02,08/12/2025,06.08.2025,USA,Chicago,14.96
125392,2333,"Aug 02, 2025",2025-08-09,10.08.2025,Czech Republic,Prague,28.72
125393,518,08/02/2025,2025-08-11,10.08.2025,Germany,Hamburg,17.23
125396,411,02/08/2025,2025-08-10,06/08/2025,Poland,Lodz,7.36
125397,2056,08/02/2025,07/08/2025,12.08.2025,Germany,Cologne,5.12
125400,1374,02/08/2025,08/13/2025,2025-08-10,France,Lyon,12.88
125408,1665,2025-08-03,11/08/2025,2025-08-14,France,Lyon,19.09
125410,2225,"Aug 03, 2025",2025-08-06,2025-08-08,France,Lyon,17.01
125411,2555,08/03/2025,"Aug 12, 2025",2025-08-11,USA,Chicago,9.12
125413,1577,"Aug 03, 2025",08/14/2025,2025-08-05,Germany,Cologne,15.54
125421,48,03/08/2025,"Aug 10, 2025",14/08/2025,Germany,Munich,6.33
125422,1537,04.08.2025,2025-08-13,2025-08-06,USA,Austin,8.16
125426,2704,2025-08-04,13.08.2025,11.08.2025,Czech Republic,Prague,34.59
125430,1996,2025-08-04,2025-08-12,13.08.2025,France,Nice,7.92
125431,1853,2025-08-04,2025-08-10,2025-08-15,Germany,Hamburg,18.01
125433,2699,08/04/2025,16/08/2025,2025-08-09,France,Paris,8.23
125437,1924,2025-08-04,2025-08-07,2025-08-05,France,Lyon,19.85
125440,2061,08/04/2025,09/08/2025,"Aug 05, 2025",USA,New York,-20.06
125441,735,2025-08-04,08/12/2025,11.08.2025,Spain,Madrid,14.95
125446,84,08/05/2025,08/14/2025,2025-08-06,Spain,Seville,12.04
125447,2139,05/08/2025,2025-08-17,2025-08-16,Poland,Lodz,3.6
125452,1020,05.08.2025,08/12/2025,10/08/2025,Germany,Frankfurt,22.41
125459,2306,05.08.2025,15/08/2025,15.08.2025,Canada,Montreal,27.29
125461,1928,2025-08-05,15/08/2025,2025-08-16,Italy,Turin,15.67
125462,2564,2025-08-05,2025-08-12,"Aug 07, 2025",France,Nice,13.07
125470,6,2025-08-05,08/16/2025,09.08.2025,Netherlands,Utrecht,16.48
125479,185,2025-08-06,2025-08-13,08/17/2025,Poland,Gdansk,6.4
125480,412,2025-08-06,2025-08-09,08/11/2025,Poland,Warsaw,11.81
125482,368,2025-08-06,19.08.2025,2025-08-14,USA,Austin,28.91
125489,188,2025-08-07,2025-08-13,"Aug 08, 2025",Czech Republic,Pilsen,21.75
125491,1472,07/08/2025,08/15/2025,08/18/2025,Italy,Rome,13.88
125493,634,2025-08-07,17.08.2025,08/16/2025,USA,Austin,17.79
125497,2530,2025-08-07,19/08/2025,2025-08-15,Sweden,Malmo,21.99
125499,1786,2025-08-07,16/08/2025,08/15/2025,Netherlands,Amsterdam,21.7
125500,920,"Aug 07, 2025",15.08.2025,2025-08-12,France,Paris,23.56
125501,1981,2025-08-07,2025-08-18,13.08.2025,Poland,Krakow,7.44
125502,850,07/08/2025,11.08.2025,,Germany,Frankfurt,15.61
125506,2492,2025-08-07,2025-08-12,10/08/2025,USA,Chicago,15.66
125510,1145,08/08/2025,18/08/2025,2025-08-16,Germany,Munich,5.4
125529,2693,08/08/2025,2025-08-16,16/08/2025,Germany,Frankfurt,30.86
125532,2235,2025-08-09,2025-08-14,14/08/2025,Czech Republic,Ostrava,23.17
125533,2400,2025-08-09,2025-08-18,11.08.2025,USA,New York,6.05
125536,1480,09/08/2025,13.08.2025,,United Kingdom,Bristol,21.01
125547,656,08/09/2025,2025-08-14,08/15/2025,Italy,Turin,25.16
125549,2118,08/09/2025,"Aug 12, 2025",2025-08-15,France,Lyon,13.58
125553,1881,"Aug 10, 2025",2025-08-21,,Germany,Munich,5.62
125555,201,2025-08-10,08/19/2025,08/20/2025,Czech Republic,Pilsen,29.02
125562,1860,10/08/2025,17.08.2025,"Aug 18, 2025",Germany,Frankfurt,7.48
125564,412,"Aug 10, 2025",2025-08-15,2025-08-14,Poland,Warsaw,6.62
125566,412,2025-08-10,2025-08-19,2025-08-16,Poland,Warsaw,4.07
125569,2936,2025-08-10,2025-08-21,2025-08-17,Czech Republic,Brno,15.85
125578,631,2025-08-11,2025-08-23,2025-08-22,Spain,Bilbao,26.55
125579,1326,2025-08-11,"Aug 23, 2025",2025-08-17,Poland,Krakow,17.01
125583,2354,11/08/2025,18.08.2025,08/15/2025,France,Paris,20.04
125584,392,08/11/2025,16.08.2025,"Aug 13, 2025",Poland,Gdansk,19.24
125585,878,11.08.2025,2025-08-24,2025-08-14,Italy,Florence,15.53
125586,2748,2025-08-11,19/08/2025,2025-08-17,USA,Boston,22.08
125587,688,11/08/2025,"Aug 18, 2025","Aug 18, 2025",Netherlands,Utrecht,22.21
125588,1382,"Aug 11, 2025",2025-08-14,15.08.2025,Czech Republic,Brno,26.42
125591,1868,11.08.2025,"Aug 14, 2025",13.08.2025,USA,Chicago,5.73
125593,950,2025-08-11,2025-08-18,,USA,Boston,28.9
125607,1193,12/08/2025,2025-08-20,,France,Paris,8.5
125611,1399,2025-08-12,"Aug 20, 2025",2025-08-23,Spain,Valencia,22.69
125613,134,12/08/2025,2025-08-20,20/08/2025,France,Marseille,23.97
125614,2555,"Aug 12, 2025",08/15/2025,2025-08-21,USA,Chicago,19.0
125615,867,13.08.2025,2025-08-22,2025-08-14,France,Nice,26.9
125618,2865,13/08/2025,26/08/2025,2025-08-21,Austria,Linz,9.2
125624,2060,13.08.2025,23/08/2025,"Aug 15, 2025",Germany,Cologne,42.2
125628,2365,2025-08-13,2025-08-20,,France,Nice,15.52
125629,2128,13/08/2025,2025-08-24,2025-08-20,United Kingdom,London,15.82
125634,1720,13/08/2025,21.08.2025,08/18/2025,Poland,Warsaw,17.26
125635,2844,2025-08-13,23.08.2025,08/24/2025,Sweden,Malmo,4.34
125636,284,14/08/2025,2025-08-17,"Aug 20, 2025",Czech Republic,Pilsen,22.05
125638,2168,14/08/2025,"Aug 17, 2025",,United Kingdom,Manchester,14.45
125641,2095,14/08/2025,27/08/2025,2025-08-19,Czech Republic,Ostrava,27.77
125642,2848,08/14/2025,26/08/2025,2025-08-24,Poland,Lodz,22.05
125646,2317,2025-08-14,2025-08-17,08/21/2025,Germany,Hamburg,40.07
125647,1403,"Aug 14, 2025",2025-08-22,08/21/2025,Sweden,Malmo,26.54
125648,1777,08/14/2025,23.08.2025,24/08/2025,USA,Chicago,7.99
125650,2286,2025-08-14,"Aug 27, 2025",,Canada,Toronto,13.58
125652,1486,"Aug 14, 2025",2025-08-22,2025-08-16,France,Toulouse,6.85
125653,1615,08/14/2025,18.08.2025,2025-08-15,Czech Republic,Brno,-12.34
125654,801,2025-08-14,2025-08-27,,Italy,Rome,24.9
125655,656,"Aug 14, 2025",18/08/2025,24.08.2025,Italy,Turin,15.28
125657,1622,08/14/2025,2025-08-22,08/23/2025,United Kingdom,Liverpool,13.57
125662,2847,2025-08-14,2025-08-17,23.08.2025,Netherlands,Amsterdam,20.4
125663,2263,2025-08-14,08/25/2025,2025-08-18,USA,New York,14.95
125665,2331,"Aug 14, 2025","Aug 25, 2025",2025-08-22,USA,Austin,9.62
125666,1779,14/08/2025,2025-08-20,"Aug 20, 2025",USA,New York,24.3
125667,1639,14/08/2025,26.08.2025,08/16/2025,Poland,Warsaw,31.49
125677,1970,2025-08-15,2025-08-28,2025-08-19,Germany,Cologne,14.84
125679,1675,2025-08-15,2025-08-21,2025-08-24,USA,New York,11.34
125680,2122,15.08.2025,18/08/2025,19.08.2025,Germany,Frankfurt,22.89
125681,2379,"Aug 15, 2025",28/08/2025,2025-08-22,Czech Republic,Brno,19.62
125684,917,15/08/2025,"Aug 23, 2025",,Spain,Valencia,29.3
125690,1420,2025-08-15,08/21/2025,08/22/2025,France,Marseille,19.11
125692,1459,15/08/2025,2025-08-23,08/26/2025,Norway,Trondheim,3.23
125704,2111,16/08/2025,27/08/2025,2025-08-19,Austria,Vienna,24.4
125707,429,16/08/2025,2025-08-23,2025-08-18,Germany,Frankfurt,16.22
125709,2430,16/08/2025,24/08/2025,,Czech Republic,Brno,5.91
125710,538,2025-08-16,08/21/2025,2025-08-24,Germany,Hamburg,23.14
125712,2171,16/08/2025,2025-08-28,2025-08-24,United Kingdom,Liverpool,19.97
125714,1438,2025-08-16,2025-08-20,08/27/2025,Germany,Berlin,8.12
125717,741,2025-08-16,2025-08-28,08/26/2025,Sweden,Malmo,29.79
125726,285,08/17/2025,2025-08-22,2025-08-20,Spain,Barcelona,30.34
125736,886,2025-08-17,08/25/2025,2025-08-18,Italy,Milan,6.0
125745,2628,2025-08-17,"Aug 22, 2025",2025-08-26,Germany,Munich,4.89
125746,2730,17/08/2025,26/08/2025,2025-08-18,Poland,Lodz,21.64
125750,2048,2025-08-17,2025-08-21,24.08.2025,Czech Republic,Ostrava,14.05
125752,1461,17/08/2025,27/08/2025,,USA,Denver,17.66
125754,2325,08/17/2025,"Aug 24, 2025",2025-08-22,Canada,Ottawa,9.32
125755,39,08/17/2025,2025-08-20,2025-08-25,Poland,Lodz,25.65
125759,613,17/08/2025,"Aug 23, 2025",08/18/2025,United Kingdom,Leeds,31.66
125760,272,2025-08-18,30.08.2025,2025-08-27,Italy,Florence,13.56
125762,2485,18/08/2025,29/08/2025,2025-08-23,USA,Chicago,15.68
125769,650,18.08.2025,21/08/2025,2025-08-24,Germany,Cologne,25.29
125772,1875,2025-08-18,28/08/2025,27.08.2025,Poland,Warsaw,46.71
125773,2387,18/08/2025,08/27/2025,27/08/2025,Germany,Frankfurt,13.93
125774,2499,18.08.2025,24/08/2025,2025-08-21,Spain,Barcelona,20.3
125776,820,2025-08-18,2025-08-31,2025-08-21,United Kingdom,Leeds,19.58
125780,2601,18/08/2025,08/28/2025,28.08.2025,Sweden,Uppsala,35.49
125784,1153,2025-08-19,2025-08-22,,USA,Austin,21.49
125786,2771,2025-08-19,27/08/2025,26/08/2025,USA,New York,29.57
125789,94,19.08.2025,25.08.2025,2025-08-20,United Kingdom,Leeds,14.81
125795,1785,19.08.2025,29/08/2025,08/24/2025,Spain,Madrid,6.2
125799,2609,2025-08-19,2025-08-25,"Aug 22, 2025",France,Nice,14.54
125804,2961,2025-08-20,29/08/2025,2025-08-26,Italy,Rome,14.88
125809,1229,20/08/2025,28.08.2025,08/26/2025,Italy,Naples,13.87
125811,916,2025-08-20,2025-08-25,23.08.2025,USA,Seattle,20.38
125818,1405,"Aug 20, 2025","Aug 29, 2025",2025-08-25,Germany,Berlin,15.2
125820,1060,2025-08-20,24/08/2025,,United Kingdom,Leeds,37.41
125826,1951,21/08/2025,2025-08-31,28/08/2025,United Kingdom,Bristol,5.6
125828,2558,21/08/2025,2025-09-02,,Austria,Linz,15.99
125833,2167,21.08.2025,2025-08-24,08/22/2025,Canada,Toronto,14.8
125835,1813,2025-08-21,2025-08-28,2025-08-24,Netherlands,Eindhoven,13.44
125836,1113,2025-08-21,2025-09-02,23/08/2025,United Kingdom,Manchester,10.45
125842,1759,21.08.2025,"Aug 30, 2025",29/08/2025,Germany,Munich,38.3
125845,1786,2025-08-22,28.08.2025,"Sep 02, 2025",Netherlands,Amsterdam,13.37
125848,791,2025-08-22,28.08.2025,"Aug 24, 2025",USA,Chicago,11.26
125852,2461,22.08.2025,2025-08-28,08/23/2025,USA,New York,19.69
125853,1167,22.08.2025,2025-08-25,2025-08-24,France,Lyon,28.23
125858,390,22.08.2025,2025-09-02,29/08/2025,Czech Republic,Pilsen,14.81
125865,2828,"Aug 22, 2025",2025-08-30,,United Kingdom,Bristol,21.53
125868,1469,22/08/2025,08/28/2025,2025-08-25,Netherlands,Amsterdam,5.12
125869,1410,2025-08-22,"Aug 26, 2025",31/08/2025,France,Nice,26.22
125871,1489,2025-08-22,"Aug 26, 2025",,Germany,Berlin,33.31
125872,2906,2025-08-22,08/29/2025,27/08/2025,United Kingdom,London,14.08
125875,1119,08/22/2025,2025-08-25,2025-08-28,Germany,Cologne,22.23
125879,464,23.08.2025,05.09.2025,,France,Paris,10.39
125880,818,"Aug 23, 2025",2025-08-30,24.08.2025,Germany,Hamburg,5.64
125887,1122,23.08.2025,27/08/2025,2025-08-26,France,Toulouse,12.84
125894,461,2025-08-23,2025-09-05,27.08.2025,Spain,Valencia,24.36
125895,2486,2025-08-23,2025-09-03,,Poland,Gdansk,10.48
125897,1771,24.08.2025,28/08/2025,29.08.2025,Netherlands,Eindhoven,13.58
125898,2280,24.08.2025,08/30/2025,2025-08-30,Spain,Madrid,19.44
125900,591,24.08.2025,2025-08-30,"Sep 01, 2025",Netherlands,Amsterdam,5.03
125903,45,"Aug 24, 2025",09/06/2025,2025-08-31,Czech Republic,Brno,16.57
125904,1260,24.08.2025,28.08.2025,,USA,Denver,24.06
125905,830,2025-08-24,08/31/2025,08/29/2025,Germany,Frankfurt,21.49
125907,183,24/08/2025,2025-08-29,01.09.2025,Italy,Milan,26.61
125908,994,"Aug 24, 2025",31.08.2025,"Aug 27, 2025",Netherlands,Amsterdam,-11.58
125910,2695,2025-08-24,2025-09-04,,Spain,Seville,45.57
125912,2851,2025-08-24,30/08/2025,2025-08-30,Spain,Seville,15.71
125913,1235,24/08/2025,2025-08-27,,Sweden,Gothenburg,22.33
125914,2480,2025-08-24,28/08/2025,,Norway,Stavanger,15.25
125915,1627,"Aug 24, 2025","Sep 05, 2025","Aug 29, 2025",Poland,Lodz,7.95
125918,1614,2025-08-24,2025-09-04,,Germany,Munich,5.93
125923,2407,2025-08-25,2025-09-01,2025-08-28,Germany,Frankfurt,21.62
125928,359,2025-08-25,2025-09-04,"Aug 28, 2025",Germany,Munich,29.02
125935,1389,2025-08-25,09/02/2025,2025-09-02,United Kingdom,Bristol,29.36
125936,1993,25.08.2025,04/09/2025,2025-09-01,Italy,Naples,18.34
125937,2587,08/25/2025,30/08/2025,05.09.2025,France,Marseille,17.48
125939,1684,2025-08-25,2025-09-07,2025-09-02,Germany,Hamburg,28.84
125942,2325,2025-08-25,2025-09-03,01.09.2025,Canada,Ottawa,10.84
125944,270,2025-08-25,2025-09-07,31/08/2025,USA,Denver,12.27
125947,2379,2025-08-25,"Sep 05, 2025",03.09.2025,Czech Republic,Brno,14.13
125955,2479,2025-08-26,2025-09-07,,Italy,Rome,68.31
125960,2624,2025-08-26,2025-09-02,29.08.2025,Italy,Rome,22.86
125963,1743,26.08.2025,2025-09-06,2025-08-27,USA,Boston,3.96
125966,2114,08/26/2025,2025-09-07,2025-08-28,Czech Republic,Brno,7.56
125967,113,2025-08-26,05/09/2025,"Aug 30, 2025",Spain,Seville,11.04
125968,14,26/08/2025,08/29/2025,01.09.2025,USA,Boston,8.03
125972,2556,2025-08-27,2025-09-03,2025-09-04,Spain,Seville,21.6
125974,1836,27/08/2025,2025-08-31,08/31/2025,Netherlands,Rotterdam,22.93
125977,317,08/27/2025,09/07/2025,03/09/2025,United Kingdom,Leeds,25.29
125980,2697,2025-08-27,02.09.2025,02/09/2025,Canada,Montreal,30.9
125988,1405,27/08/2025,08/31/2025,04/09/2025,Germany,Berlin,15.49
125993,2327,"Aug 28, 2025",08.09.2025,2025-08-31,USA,Seattle,21.07
125994,542,2025-08-28,31.08.2025,09/07/2025,Germany,Frankfurt,18.75
125996,283,2025-08-28,2025-09-07,09/07/2025,United Kingdom,London,26.52
125998,2273,2025-08-28,09/10/2025,,Canada,Ottawa,27.04
125999,2712,2025-08-28,"Sep 05, 2025",2025-08-30,France,Toulouse,15.91
126002,1447,28.08.2025,08.09.2025,30/08/2025,United Kingdom,Manchester,13.54
126003,2788,08/28/2025,2025-09-06,07/09/2025,Netherlands,Amsterdam,16.23
126011,1390,08/28/2025,2025-09-05,2025-09-07,Germany,Frankfurt,15.28
126012,1195,28/08/2025,2025-09-05,29/08/2025,Poland,Warsaw,7.53
126014,808,08/28/2025,"Sep 02, 2025","Aug 29, 2025",Spain,Barcelona,25.7
126016,101,2025-08-28,"Sep 08, 2025",2025-08-29,Norway,Stavanger,21.85
126018,2095,29.08.2025,01/09/2025,05.09.2025,Czech Republic,Ostrava,11.63
126020,1870,2025-08-29,2025-09-07,31.08.2025,Czech Republic,Prague,27.34
126025,345,2025-08-29,08.09.2025,"Sep 02, 2025",France,Paris,20.28
126026,2286,2025-08-29,09/03/2025,09/08/2025,Canada,Toronto,17.18
126029,880,08/29/2025,2025-09-06,03/09/2025,Spain,Valencia,10.82
126031,764,29/08/2025,2025-09-03,"Sep 04, 2025",Sweden,Gothenburg,8.17
126035,285,08/29/2025,10/09/2025,08/30/2025,Spain,Barcelona,12.55
126040,866,2025-08-29,06/09/2025,2025-08-31,Poland,Krakow,7.3
126042,2442,29/08/2025,01.09.2025,03/09/2025,Poland,Warsaw,13.3
126043,1358,30/08/2025,05.09.2025,10/09/2025,USA,New York,29.84
126046,572,30.08.2025,2025-09-07,09/08/2025,Spain,Bilbao,17.56
126049,2120,2025-08-30,2025-09-02,"Sep 08, 2025",Italy,Florence,27.68
126050,1932,2025-08-30,06/09/2025,,Germany,Berlin,29.67
126054,551,2025-08-30,"Sep 10, 2025",,Poland,Gdansk,30.41
126056,2675,2025-08-30,09/05/2025,,Czech Republic,Prague,26.9
126061,2847,2025-08-30,"Sep 05, 2025","Sep 06, 2025",Netherlands,Amsterdam,10.39
126062,1690,30/08/2025,"Sep 04, 2025",2025-09-04,Canada,Calgary,6.63
126067,1797,30/08/2025,09/06/2025,,USA,Austin,21.24
126069,449,2025-08-30,2025-09-04,,Germany,Frankfurt,11.24
126070,2971,2025-08-31,2025-09-10,2025-09-03,Spain,Barcelona,8.06
126074,1929,"Aug 31, 2025",06/09/2025,,United Kingdom,Manchester,12.16
126078,853,2025-08-31,09.09.2025,,Czech Republic,Prague,11.45
126080,358,2025-08-31,2025-09-13,07.09.2025,Poland,Warsaw,15.5
126086,1632,09/01/2025,2025-09-08,2025-09-09,Austria,Linz,4.99
126089,2582,01.09.2025,2025-09-05,05.09.2025,Canada,Toronto,20.97
126093,50,01/09/2025,2025-09-12,,Canada,Vancouver,10.66
126094,1082,2025-09-01,14/09/2025,2025-09-08,United Kingdom,Manchester,17.09
126098,895,01.09.2025,2025-09-04,06/09/2025,Netherlands,Rotterdam,10.53
126101,1956,2025-09-01,2025-09-13,2025-09-05,Spain,Bilbao,11.71
126103,372,2025-09-01,2025-09-11,09/07/2025,Canada,Toronto,11.38
126105,2987,"Sep 01, 2025",2025-09-10,06/09/2025,Poland,Krakow,17.06
126111,2272,2025-09-02,"Sep 11, 2025",06/09/2025,Austria,Salzburg,14.26
126112,887,"Sep 02, 2025",2025-09-15,,France,Marseille,21.58
126114,809,"Sep 02, 2025",05/09/2025,06/09/2025,Germany,Cologne,18.26
126118,273,"Sep 02, 2025",11.09.2025,2025-09-05,USA,Chicago,15.96
126119,317,2025-09-02,"Sep 13, 2025",,United Kingdom,Leeds,14.69
126124,2006,09/02/2025,09/07/2025,06.09.2025,Germany,Munich,26.3
126128,2449,02.09.2025,07.09.2025,2025-09-03,Canada,Toronto,8.64
126132,1238,2025-09-03,07/09/2025,09/13/2025,United Kingdom,Liverpool,22.93
126136,310,2025-09-03,2025-09-06,12.09.2025,Canada,Vancouver,7.93
126142,1928,2025-09-03,2025-09-07,2025-09-11,Italy,Turin,10.82
126149,1808,2025-09-03,2025-09-13,12/09/2025,Poland,Warsaw,21.09
126150,2733,03.09.2025,2025-09-06,2025-09-05,USA,Seattle,11.25
126151,2768,09/04/2025,09/15/2025,09/13/2025,Germany,Hamburg,24.82
126152,1360,2025-09-04,2025-09-09,2025-09-12,Sweden,Gothenburg,30.74
126154,2475,09/04/2025,2025-09-09,2025-09-10,Germany,Munich,12.06
126155,966,2025-09-04,"Sep 11, 2025",11/09/2025,Netherlands,Eindhoven,16.04
126157,1768,04.09.2025,09/13/2025,09.09.2025,Italy,Rome,6.72
126158,2330,04.09.2025,11/09/2025,2025-09-05,France,Paris,22.09
126159,1338,2025-09-04,2025-09-16,12/09/2025,Germany,Frankfurt,7.73
126160,2703,2025-09-04,2025-09-16,2025-09-06,Austria,Graz,10.39
126166,2404,04/09/2025,17.09.2025,05.09.2025,Austria,Salzburg,14.35
126170,481,2025-09-04,2025-09-15,"Sep 13, 2025",Canada,Ottawa,21.44
126180,1499,05/09/2025,17/09/2025,09/13/2025,France,Paris,8.72
126182,2699,2025-09-05,"Sep 10, 2025",2025-09-14,France,Paris,39.43
126187,1707,"Sep 05, 2025",2025-09-15,2025-09-09,Austria,Linz,23.63
126189,1344,05/09/2025,"Sep 16, 2025",2025-09-09,United Kingdom,Leeds,14.26
126193,2095,06/09/2025,2025-09-14,2025-09-15,Czech Republic,Ostrava,9.9
126195,778,06/09/2025,2025-09-19,2025-09-13,Germany,Frankfurt,28.99
126196,2965,2025-09-06,2025-09-16,"Sep 07, 2025",Italy,Turin,51.92
126197,660,06/09/2025,09/09/2025,2025-09-17,Poland,Gdansk,10.33
126198,500,"Sep 06, 2025",2025-09-16,2025-09-13,Poland,Lodz,19.63
126200,735,06/09/2025,2025-09-17,,Spain,Madrid,7.04
126201,1627,"Sep 06, 2025",10/09/2025,2025-09-08,Poland,Lodz,25.01
126202,882,2025-09-06,09/16/2025,11/09/2025,France,Lyon,15.93
126206,2475,2025-09-06,19/09/2025,2025-09-12,Germany,Munich,12.49
126210,1052,2025-09-06,11.09.2025,12/09/2025,Canada,Ottawa,19.43
126211,726,06/09/2025,2025-09-09,2025-09-11,Spain,Bilbao,17.55
126217,754,07/09/2025,11.09.2025,11.09.2025,USA,Chicago,8.67
126218,1810,2025-09-07,09/11/2025,2025-09-11,France,Lyon,31.64
126219,460,2025-09-07,11.09.2025,2025-09-18,Norway,Trondheim,6.44
126220,2256,2025-09-07,"Sep 13, 2025",2025-09-08,Poland,Gdansk,-12.91
126225,666,2025-09-07,"Sep 10, 2025",2025-09-18,Czech Republic,Ostrava,5.0
126228,2142,"Sep 07, 2025",2025-09-13,2025-09-16,Italy,Florence,23.38
126231,53,07.09.2025,"Sep 13, 2025",2025-09-15,Italy,Rome,9.29
126233,2622,07.09.2025,"Sep 17, 2025",2025-09-14,Sweden,Gothenburg,8.44
126234,905,2025-09-07,2025-09-13,12/09/2025,Spain,Bilbao,17.08
126240,983,08/09/2025,"Sep 19, 2025",2025-09-16,Spain,Valencia,30.01
126241,180,2025-09-08,2025-09-12,"Sep 16, 2025",Netherlands,Utrecht,43.58
126250,1222,"Sep 08, 2025",2025-09-21,2025-09-15,Poland,Gdansk,17.31
126251,1079,08.09.2025,2025-09-14,2025-09-09,France,Paris,53.13
126252,1732,08/09/2025,"Sep 21, 2025",09.09.2025,Czech Republic,Brno,24.51
126258,1027,09/08/2025,09/12/2025,,Poland,Gdansk,23.81
126263,1124,08/09/2025,11.09.2025,16.09.2025,Netherlands,Rotterdam,47.75
126265,498,2025-09-09,2025-09-13,14/09/2025,Spain,Valencia,17.18
126268,2558,2025-09-09,14/09/2025,,Austria,Linz,24.49
126269,1962,2025-09-09,2025-09-18,"Sep 16, 2025",Italy,Milan,21.53
126273,225,2025-09-09,"Sep 21, 2025",2025-09-13,France,Paris,16.96
126275,516,2025-09-09,"Sep 21, 2025",2025-09-15,USA,Chicago,11.31
126283,2366,09/09/2025,2025-09-15,2025-09-20,Norway,Trondheim,13.37
126286,1475,2025-09-09,"Sep 12, 2025",2025-09-15,Spain,Bilbao,27.23
126291,21,09/10/2025,2025-09-15,09/21/2025,Austria,Linz,5.31
126299,2375,10/09/2025,2025-09-13,2025-09-13,Netherlands,Rotterdam,23.87
126302,2885,10.09.2025,2025-09-15,2025-09-15,Germany,Frankfurt,35.59
126303,1941,2025-09-10,17.09.2025,2025-09-11,Poland,Gdansk,42.72
126304,2399,10.09.2025,2025-09-13,11/09/2025,Italy,Naples,20.32
126307,2592,2025-09-11,09/22/2025,21.09.2025,Norway,Stavanger,15.45
126309,2697,11/09/2025,19.09.2025,2025-09-22,Canada,Montreal,12.43
126311,1247,11.09.2025,2025-09-14,,France,Nice,27.93
126312,340,11/09/2025,2025-09-15,09/15/2025,United Kingdom,Liverpool,11.48
126315,2144,2025-09-11,"Sep 16, 2025",2025-09-17,Sweden,Malmo,21.14
126316,1763,"Sep 11, 2025",09/18/2025,09/14/2025,Austria,Salzburg,17.59
126322,188,2025-09-12,2025-09-19,09/23/2025,Czech Republic,Pilsen,9.17
126325,923,12/09/2025,17/09/2025,09/15/2025,USA,Chicago,17.68
126329,2632,12.09.2025,20/09/2025,17.09.2025,Italy,Milan,11.73
126331,1544,2025-09-12,2025-09-18,09/21/2025,Germany,Cologne,22.26
126332,1248,2025-09-12,2025-09-24,,Spain,Bilbao,11.33
126335,1663,2025-09-12,2025-09-18,21.09.2025,Sweden,Stockholm,8.6
126336,766,12.09.2025,2025-09-17,09/15/2025,Spain,Seville,28.59
126337,933,2025-09-12,21.09.2025,2025-09-17,Germany,Cologne,24.19
126342,2844,09/12/2025,09/22/2025,09/21/2025,Sweden,Malmo,11.0
126345,2499,12/09/2025,09/18/2025,,Spain,Barcelona,34.6
126348,787,2025-09-12,2025-09-16,2025-09-18,USA,Austin,5.48
126349,178,2025-09-13,09/22/2025,14/09/2025,Norway,Stavanger,13.99
126350,121,13/09/2025,2025-09-21,2025-09-18,Germany,Frankfurt,22.23
126354,1433,2025-09-13,2025-09-24,24/09/2025,Germany,Munich,16.42
126360,534,09/13/2025,"Sep 19, 2025",22/09/2025,Germany,Hamburg,8.43
126361,222,13.09.2025,2025-09-22,"Sep 20, 2025",Italy,Naples,19.44
126372,176,14/09/2025,09/20/2025,"Sep 16, 2025",USA,Seattle,43.35
126373,1975,2025-09-14,09/26/2025,2025-09-19,Germany,Cologne,41.2
126374,2797,"Sep 14, 2025",22/09/2025,,Poland,Poznan,17.99
126376,2094,"Sep 14, 2025",17.09.2025,2025-09-20,Netherlands,Eindhoven,10.06
126378,1226,2025-09-14,23/09/2025,2025-09-17,Poland,Lodz,11.39
126384,2369,09/14/2025,2025-09-25,2025-09-17,Spain,Valencia,4.88
126385,1978,2025-09-14,20.09.2025,2025-09-19,Netherlands,Eindhoven,6.39
126388,1370,14/09/2025,2025-09-24,,Spain,Seville,30.29
126389,2582,09/14/2025,2025-09-26,2025-09-22,Canada,Toronto,-24.24
126393,371,"Sep 15, 2025",2025-09-21,24/09/2025,Germany,Cologne,28.64
126394,2962,09/15/2025,19/09/2025,09/18/2025,Sweden,Gothenburg,13.55
126396,2907,09/15/2025,21/09/2025,"Sep 19, 2025",Sweden,Stockholm,12.3
126397,808,2025-09-15,24.09.2025,"Sep 20, 2025",Spain,Barcelona,30.78
126407,799,15/09/2025,09/24/2025,09/16/2025,Italy,Turin,27.03
126408,448,15/09/2025,2025-09-21,23/09/2025,Czech Republic,Brno,25.42
126410,1510,15.09.2025,09/21/2025,2025-09-22,Poland,Warsaw,33.24
126413,1192,2025-09-15,2025-09-28,,Spain,Bilbao,25.45
126415,1786,2025-09-15,2025-09-25,,Netherlands,Amsterdam,9.59
126416,201,2025-09-15,2025-09-22,2025-09-26,Czech Republic,Pilsen,19.03
126418,2798,"Sep 15, 2025",18/09/2025,09/22/2025,Norway,Oslo,57.34
126421,2195,2025-09-15,2025-09-28,16/09/2025,Germany,Munich,40.47
126422,1471,16.09.2025,2025-09-21,09/19/2025,Spain,Valencia,7.32
126423,2214,09/16/2025,"Sep 22, 2025",2025-09-25,Germany,Frankfurt,13.95
126430,1445,2025-09-16,"Sep 29, 2025",,France,Toulouse,10.26
126432,2435,09/16/2025,2025-09-26,2025-09-20,USA,Seattle,61.92
126438,480,16.09.2025,22.09.2025,"Sep 19, 2025",Sweden,Gothenburg,8.23
126441,1405,2025-09-17,"Sep 28, 2025",2025-09-23,Germany,Berlin,22.44
126449,2858,2025-09-17,20.09.2025,2025-09-28,Germany,Munich,18.61
126454,1145,17/09/2025,2025-09-29,2025-09-26,Germany,Munich,13.82
126455,238,2025-09-17,20/09/2025,2025-09-19,Austria,Vienna,14.52
126458,796,17/09/2025,23/09/2025,2025-09-21,Netherlands,Amsterdam,21.08
126460,50,"Sep 18, 2025",01/10/2025,09/26/2025,Canada,Vancouver,20.14
126462,462,18/09/2025,2025-09-21,2025-09-27,Canada,Toronto,20.4
126463,1936,2025-09-18,2025-10-01,09/19/2025,USA,Denver,-43.33
126471,543,2025-09-18,2025-09-27,20/09/2025,United Kingdom,Bristol,21.51
126472,1027,2025-09-18,2025-09-23,2025-09-29,Poland,Gdansk,11.41
126475,697,18.09.2025,09/30/2025,"Sep 19, 2025",Poland,Krakow,13.21
126476,2958,2025-09-18,2025-09-28,,Canada,Vancouver,7.55
126477,500,2025-09-18,"Sep 30, 2025",09/19/2025,Poland,Lodz,22.0
126478,2742,18/09/2025,2025-09-22,2025-09-23,Italy,Florence,19.44
126486,2985,19/09/2025,09/25/2025,20/09/2025,Canada,Toronto,8.23
126498,2457,19.09.2025,"Sep 26, 2025",2025-09-23,USA,Boston,10.73
126503,1644,19/09/2025,29/09/2025,25/09/2025,Poland,Poznan,13.39
126513,1408,2025-09-20,03.10.2025,2025-09-21,Poland,Poznan,33.3
126518,882,"Sep 20, 2025",01/10/2025,,France,Lyon,13.43
126525,1623,2025-09-21,2025-09-28,2025-10-01,United Kingdom,Bristol,27.88
126529,2857,"Sep 21, 2025",2025-10-03,02/10/2025,United Kingdom,Liverpool,34.21
126531,2220,"Sep 21, 2025",04/10/2025,25/09/2025,Spain,Seville,21.28
126532,2489,"Sep 21, 2025",02.10.2025,,United Kingdom,Bristol,17.21
126533,2922,2025-09-21,29.09.2025,26.09.2025,Poland,Warsaw,10.17
126537,882,2025-09-21,2025-09-28,"Sep 24, 2025",France,Lyon,9.35
126541,986,21/09/2025,"Sep 30, 2025",2025-09-29,France,Lyon,22.25
126542,538,2025-09-21,2025-10-01,2025-09-22,Germany,Hamburg,5.86
126543,1979,21.09.2025,2025-10-01,2025-09-30,France,Toulouse,5.11
126544,17,2025-09-21,10/04/2025,25.09.2025,Poland,Lodz,29.3
126548,711,09/22/2025,2025-09-27,"Sep 26, 2025",Canada,Montreal,41.62
126549,998,2025-09-22,2025-09-29,09/29/2025,Germany,Cologne,12.32
126552,2098,2025-09-22,2025-10-04,,Spain,Barcelona,13.91
126555,2233,09/22/2025,2025-10-02,2025-09-30,Italy,Florence,21.75
126556,1527,22/09/2025,2025-09-26,,Germany,Munich,33.79
126558,1884,2025-09-22,2025-10-05,09/30/2025,Spain,Barcelona,25.03
126559,383,2025-09-22,29/09/2025,2025-09-30,Italy,Florence,35.94
126568,813,2025-09-22,2025-09-26,27/09/2025,United Kingdom,London,12.53
126573,2286,2025-09-23,10/02/2025,"Oct 04, 2025",Canada,Toronto,13.88
126574,1858,23.09.2025,2025-10-01,29.09.2025,Germany,Hamburg,22.64
126575,2459,23/09/2025,28.09.2025,"Oct 04, 2025",USA,Chicago,27.05
126576,763,2025-09-23,09/28/2025,2025-10-01,Netherlands,Utrecht,10.91
126577,208,2025-09-23,2025-09-30,28/09/2025,Poland,Warsaw,30.86
126583,2432,2025-09-23,09/26/2025,2025-10-02,Poland,Wroclaw,17.37
126585,87,"Sep 23, 2025",2025-09-27,09/26/2025,Czech Republic,Ostrava,3.45
126588,563,23/09/2025,29.09.2025,,Norway,Trondheim,8.66
126589,201,23.09.2025,10/04/2025,2025-09-24,Czech Republic,Pilsen,27.29
126591,1329,24.09.2025,10/06/2025,10/05/2025,France,Lyon,36.55
126597,103,24/09/2025,30.09.2025,"Sep 26, 2025",United Kingdom,Liverpool,10.72
126600,184,24/09/2025,"Sep 27, 2025",27.09.2025,United Kingdom,Manchester,15.04
126602,2622,09/24/2025,2025-10-06,30.09.2025,Sweden,Gothenburg,15.27
126603,1249,24/09/2025,10/02/2025,2025-10-05,United Kingdom,London,9.88
126604,402,"Sep 24, 2025",2025-10-01,"Sep 26, 2025",Poland,Warsaw,32.15
126609,1195,"Sep 24, 2025",10/01/2025,2025-10-02,Poland,Warsaw,8.27
126619,2675,2025-09-24,2025-10-05,"Oct 03, 2025",Czech Republic,Prague,16.91
126621,2729,24/09/2025,2025-09-27,2025-09-26,France,Marseille,10.34
126622,2706,09/24/2025,07/10/2025,2025-09-29,USA,Denver,21.12
126624,2598,25.09.2025,2025-09-30,26/09/2025,United Kingdom,Liverpool,27.97
126626,1694,25.09.2025,2025-10-06,2025-10-01,Poland,Krakow,18.62
126628,198,2025-09-25,"Sep 29, 2025",2025-09-30,United Kingdom,Liverpool,22.61
126630,2951,2025-09-25,"Oct 06, 2025","Oct 05, 2025",France,Nice,16.33
126633,54,2025-09-25,2025-09-28,2025-09-30,Germany,Frankfurt,27.75
126634,310,09/25/2025,09/28/2025,2025-10-03,Canada,Vancouver,24.46
126635,2400,2025-09-25,30/09/2025,,USA,New York,23.93
126645,809,26/09/2025,"Oct 07, 2025","Oct 06, 2025",Germany,Cologne,13.03
126646,2907,"Sep 26, 2025",10/06/2025,2025-09-28,Sweden,Stockholm,18.24
126648,965,2025-09-26,2025-10-04,01/10/2025,Czech Republic,Pilsen,21.05
126650,378,26/09/2025,04.10.2025,2025-09-30,United Kingdom,Manchester,31.64
126653,2148,26/09/2025,09/29/2025,"Oct 07, 2025",France,Nice,19.93
126662,2593,09/27/2025,01/10/2025,10/05/2025,Italy,Naples,36.55
126664,2285,27.09.2025,04/10/2025,30/09/2025,Germany,Hamburg,9.09
126665,2552,2025-09-27,10/07/2025,"Sep 30, 2025",Spain,Madrid,-13.43
126668,838,"Sep 27, 2025",2025-10-09,,Germany,Berlin,13.97
126670,889,2025-09-27,2025-10-06,"Sep 30, 2025",USA,New York,42.5
126674,16,27/09/2025,2025-10-05,,Norway,Bergen,5.17
126675,1203,2025-09-27,2025-10-03,2025-10-07,USA,Boston,34.71
126682,2798,2025-09-27,10/05/2025,2025-09-28,Norway,Oslo,26.07
126685,1966,2025-09-28,"Oct 07, 2025",2025-10-01,Canada,Ottawa,16.14
126686,1192,28/09/2025,10/01/2025,10/02/2025,Spain,Bilbao,17.58
126687,416,2025-09-28,03/10/2025,09/10/2025,United Kingdom,Bristol,13.89
126691,2409,2025-09-28,2025-10-02,03.10.2025,Poland,Gdansk,9.0
126700,1555,"Sep 28, 2025",2025-10-03,10/08/2025,Czech Republic,Brno,18.94
126701,6,09/28/2025,2025-10-09,01/10/2025,Netherlands,Utrecht,25.77
126706,308,2025-09-28,"Oct 05, 2025",2025-10-04,USA,New York,26.13
126707,887,2025-09-28,2025-10-03,"Oct 05, 2025",France,Marseille,15.35
126709,2950,28/09/2025,08.10.2025,07/10/2025,Netherlands,Utrecht,20.95
126711,2666,2025-09-29,"Oct 09, 2025",2025-10-02,Poland,Gdansk,25.18
126718,2971,29.09.2025,2025-10-08,2025-10-01,Spain,Barcelona,12.55
126719,227,2025-09-29,"Oct 11, 2025",08/10/2025,Germany,Berlin,15.64
126721,99,2025-09-29,10/08/2025,2025-10-03,France,Paris,35.47
126722,496,29/09/2025,2025-10-05,2025-10-09,France,Lyon,-29.54
126723,296,29/09/2025,04/10/2025,05.10.2025,USA,Boston,14.64
126725,406,29/09/2025,12.10.2025,01.10.2025,Spain,Bilbao,11.15
126729,1185,2025-09-29,"Oct 08, 2025","Oct 07, 2025",USA,Austin,50.72
126730,1897,2025-09-29,2025-10-11,,USA,Boston,12.91
126736,555,"Sep 29, 2025",2025-10-04,2025-09-30,Germany,Cologne,6.31
126738,1124,2025-09-29,"Oct 07, 2025",10/10/2025,Netherlands,Rotterdam,9.84
126741,2405,2025-09-30,"Oct 08, 2025","Oct 01, 2025",Netherlands,Rotterdam,9.83
126747,1390,30/09/2025,2025-10-09,2025-10-05,Germany,Frankfurt,16.02
126749,1828,30.09.2025,04/10/2025,07/10/2025,Austria,Vienna,10.83
126750,2200,2025-09-30,12/10/2025,,USA,Austin,8.32
126752,1646,30/09/2025,2025-10-11,2025-10-08,France,Lyon,10.0
126756,2485,30.09.2025,09.10.2025,"Oct 03, 2025",USA,Chicago,34.58
126763,1975,2025-10-01,2025-10-13,2025-10-02,Germany,Cologne,14.86
126766,1374,10/01/2025,12/10/2025,10/03/2025,France,Lyon,50.13
126767,1637,01/10/2025,2025-10-07,2025-10-10,Czech Republic,Ostrava,15.09
126771,1778,01.10.2025,"Oct 04, 2025","Oct 05, 2025",USA,Austin,16.39
126772,389,2025-10-01,2025-10-07,2025-10-07,Poland,Wroclaw,14.28
126774,1747,2025-10-01,12/10/2025,,Poland,Lodz,29.35
126776,2240,2025-10-01,"Oct 11, 2025",10/04/2025,USA,New York,13.26
126779,1374,01.10.2025,04/10/2025,12/10/2025,France,Lyon,8.3
126780,2217,01.10.2025,10/10/2025,,Germany,Munich,8.4
126783,2367,02/10/2025,2025-10-07,10/11/2025,Germany,Berlin,17.85
126789,1840,2025-10-02,15/10/2025,04/10/2025,Poland,Wroclaw,21.58
126798,832,02.10.2025,2025-10-09,2025-10-11,United Kingdom,London,24.13
126803,2746,10/02/2025,"Oct 14, 2025",2025-10-09,USA,Austin,28.28
126804,2880,2025-10-02,09/10/2025,2025-10-12,France,Nice,15.37
126807,1869,10/02/2025,2025-10-12,04/10/2025,Sweden,Gothenburg,6.46
126808,1478,02/10/2025,"Oct 14, 2025",2025-10-04,United Kingdom,Leeds,-14.72
126810,2151,03/10/2025,14/10/2025,2025-10-08,Italy,Florence,20.55
126811,486,"Oct 03, 2025",10/16/2025,09.10.2025,Spain,Valencia,24.21
126823,45,03.10.2025,"Oct 12, 2025","Oct 04, 2025",Czech Republic,Brno,16.16
126824,2539,10/03/2025,"Oct 14, 2025",14.10.2025,Czech Republic,Brno,21.59
126828,1054,2025-10-03,10/09/2025,14/10/2025,Netherlands,Amsterdam,13.15
126831,2626,03/10/2025,13.10.2025,2025-10-11,USA,Chicago,10.59
126832,1505,2025-10-03,11.10.2025,10/08/2025,Norway,Bergen,12.64
126834,2966,2025-10-03,2025-10-12,2025-10-11,Poland,Warsaw,7.49
126836,1077,2025-10-03,2025-10-12,10/09/2025,Spain,Bilbao,17.78
126837,1421,03.10.2025,"Oct 16, 2025",10/10/2025,Netherlands,Eindhoven,8.47
126839,1979,2025-10-03,2025-10-07,10/08/2025,France,Toulouse,15.78
126844,790,2025-10-03,"Oct 10, 2025",2025-10-12,Netherlands,Amsterdam,10.84
126845,162,10/03/2025,07/10/2025,2025-10-14,USA,Chicago,10.22
126851,2835,2025-10-04,2025-10-13,10/08/2025,Germany,Berlin,11.7
126852,1397,2025-10-04,07/10/2025,2025-10-06,Germany,Hamburg,35.71
126857,1405,2025-10-04,2025-10-15,2025-10-11,Germany,Berlin,12.09
126858,1693,"Oct 04, 2025","Oct 15, 2025","Oct 05, 2025",France,Paris,12.56
126859,1875,04/10/2025,2025-10-14,2025-10-15,Poland,Warsaw,19.67
126862,2536,04/10/2025,"Oct 11, 2025",2025-10-06,USA,Denver,37.63
126863,2105,"Oct 04, 2025",15.10.2025,08/10/2025,USA,Denver,7.3
126868,2365,04/10/2025,17/10/2025,"Oct 08, 2025",France,Nice,12.76
126871,79,"Oct 04, 2025",09/10/2025,2025-10-07,Canada,Vancouver,4.43
126872,1281,"Oct 04, 2025","Oct 08, 2025","Oct 10, 2025",France,Nice,22.82
126873,1211,2025-10-04,14/10/2025,10/11/2025,Germany,Frankfurt,9.08
126876,357,04/10/2025,2025-10-15,,Germany,Frankfurt,48.44
126878,2377,04.10.2025,"Oct 10, 2025",2025-10-12,Spain,Madrid,18.7
126880,811,04.10.2025,2025-10-07,"Oct 13, 2025",Czech Republic,Prague,23.21
126881,1511,04/10/2025,11.10.2025,2025-10-10,Czech Republic,Pilsen,17.11
126884,536,2025-10-05,10/10/2025,11.10.2025,Poland,Krakow,11.26
126886,2708,2025-10-05,10/11/2025,10/10/2025,USA,Chicago,18.83
126889,1237,05.10.2025,2025-10-18,2025-10-11,USA,Boston,9.17
126890,1667,05.10.2025,"Oct 14, 2025",2025-10-12,USA,New York,10.2
126893,2137,10/05/2025,13/10/2025,13/10/2025,United Kingdom,London,26.26
126897,2730,2025-10-05,2025-10-16,2025-10-12,Poland,Lodz,19.8
126898,412,2025-10-05,10/11/2025,2025-10-11,Poland,Warsaw,11.08
126905,1799,2025-10-05,2025-10-14,10/10/2025,Germany,Munich,3.8
126906,613,2025-10-05,2025-10-08,"Oct 16, 2025",United Kingdom,Leeds,11.62
126910,1277,2025-10-05,10/14/2025,13/10/2025,United Kingdom,Manchester,11.76
126911,13,05/10/2025,2025-10-16,09.10.2025,Italy,Rome,19.61
126913,1332,05/10/2025,15.10.2025,,Austria,Graz,18.27
126918,2930,2025-10-06,"Oct 12, 2025",2025-10-17,Italy,Turin,34.21
126919,1889,2025-10-06,19/10/2025,08.10.2025,Poland,Gdansk,17.28
126921,1527,2025-10-06,2025-10-17,2025-10-16,Germany,Munich,32.93
126928,794,10/06/2025,17/10/2025,2025-10-09,Spain,Madrid,21.08
126929,2203,06/10/2025,2025-10-15,10/11/2025,France,Nice,8.47
126932,2464,"Oct 06, 2025",2025-10-14,2025-10-11,Sweden,Malmo,33.59
126933,1856,2025-10-06,2025-10-16,"Oct 15, 2025",USA,Denver,10.48
126936,2342,2025-10-06,2025-10-13,14/10/2025,Canada,Vancouver,14.22
126937,64,06/10/2025,2025-10-09,2025-10-17,Germany,Cologne,19.65
126938,2641,2025-10-06,18.10.2025,07/10/2025,France,Lyon,21.6
126939,1778,2025-10-06,18/10/2025,17/10/2025,USA,Austin,13.63
126940,830,10/06/2025,2025-10-15,16/10/2025,Germany,Frankfurt,14.68
126944,2742,10/06/2025,"Oct 13, 2025",10/07/2025,Italy,Florence,11.61
126946,639,10/06/2025,17/10/2025,10/14/2025,France,Paris,15.81
126948,2300,"Oct 06, 2025",2025-10-12,,France,Marseille,55.93
126953,2464,2025-10-06,"Oct 14, 2025",,Sweden,Malmo,4.18
126954,848,"Oct 06, 2025",2025-10-14,09/10/2025,Spain,Madrid,17.14
126956,2615,06/10/2025,2025-10-12,11/10/2025,Germany,Hamburg,38.28
126964,598,"Oct 07, 2025",2025-10-10,11/10/2025,France,Paris,22.32
126968,2971,2025-10-07,19/10/2025,2025-10-11,Spain,Barcelona,19.08
126970,1786,07.10.2025,2025-10-18,,Netherlands,Amsterdam,16.37
126972,2656,"Oct 07, 2025",14/10/2025,18.10.2025,Czech Republic,Brno,35.16
126974,933,2025-10-07,10/18/2025,2025-10-15,Germany,Cologne,18.92
126975,1622,2025-10-07,2025-10-13,2025-10-18,United Kingdom,Liverpool,26.16
126979,2879,"Oct 07, 2025",10/11/2025,2025-10-10,Spain,Valencia,15.63
126980,2590,10/07/2025,2025-10-16,10/18/2025,United Kingdom,London,4.49
126981,613,07.10.2025,19.10.2025,2025-10-11,United Kingdom,Leeds,34.0
126989,894,08/10/2025,2025-10-13,12/10/2025,Sweden,Gothenburg,9.66
126996,2598,10/08/2025,"Oct 14, 2025",2025-10-09,United Kingdom,Liverpool,31.36
126997,891,08/10/2025,2025-10-17,10/09/2025,Czech Republic,Prague,23.45
126998,1405,08/10/2025,14/10/2025,2025-10-14,Germany,Berlin,30.58
127005,876,08.10.2025,10/11/2025,2025-10-11,Netherlands,Eindhoven,36.5
127006,504,08.10.2025,10/21/2025,2025-10-15,Germany,Cologne,43.15
127011,885,10/09/2025,2025-10-21,10/15/2025,Germany,Frankfurt,5.46
127012,597,"Oct 09, 2025",2025-10-14,18/10/2025,United Kingdom,Liverpool,8.73
127016,2548,09/10/2025,2025-10-13,2025-10-13,Austria,Salzburg,13.76
127017,1625,2025-10-09,10/18/2025,2025-10-18,Norway,Trondheim,5.25
127019,1109,2025-10-09,2025-10-18,14.10.2025,Canada,Montreal,6.07
127026,1218,09/10/2025,22.10.2025,2025-10-13,Germany,Munich,33.72
127034,1130,09/10/2025,"Oct 21, 2025","Oct 17, 2025",France,Nice,25.74
127044,151,"Oct 09, 2025",2025-10-16,,France,Lyon,9.43
127046,1337,09.10.2025,10/18/2025,20/10/2025,Poland,Lodz,18.14
127050,2502,09/10/2025,2025-10-13,2025-10-18,France,Lyon,15.97
127051,603,2025-10-09,2025-10-16,18.10.2025,United Kingdom,Manchester,16.52
127052,1211,09.10.2025,12/10/2025,2025-10-10,Germany,Frankfurt,15.66
127053,692,09/10/2025,"Oct 14, 2025",2025-10-18,Austria,Graz,7.59
127055,208,2025-10-10,2025-10-14,"Oct 16, 2025",Poland,Warsaw,19.66
127056,1951,2025-10-10,2025-10-19,2025-10-13,United Kingdom,Bristol,48.29
127057,2964,10/10/2025,10/16/2025,2025-10-21,Netherlands,Rotterdam,11.81
127059,1777,10.10.2025,2025-10-14,20/10/2025,USA,Chicago,14.5
127063,301,10.10.2025,10/15/2025,2025-10-17,Netherlands,Amsterdam,11.52
127069,963,2025-10-10,"Oct 16, 2025",2025-10-20,France,Toulouse,45.62
127071,2521,10/10/2025,10/20/2025,10/18/2025,Spain,Valencia,16.98
127083,2456,10.10.2025,"Oct 22, 2025",19/10/2025,Poland,Warsaw,30.67
127085,2006,10/10/2025,19.10.2025,,Germany,Munich,22.41
127086,1783,2025-10-10,"Oct 22, 2025",15.10.2025,United Kingdom,Bristol,27.35
127087,560,10.10.2025,2025-10-21,16.10.2025,France,Lyon,13.72
127088,2043,10/10/2025,2025-10-20,2025-10-15,France,Marseille,17.41
127090,1123,2025-10-10,2025-10-17,10/21/2025,United Kingdom,Leeds,28.05
127093,1884,10/10/2025,2025-10-18,10/11/2025,Spain,Barcelona,7.72
127096,44,10/10/2025,10/13/2025,10/17/2025,Poland,Wroclaw,19.74
127099,1993,"Oct 11, 2025","Oct 18, 2025",2025-10-13,Italy,Naples,23.02
127105,1195,"Oct 11, 2025",2025-10-20,10/13/2025,Poland,Warsaw,7.31
127108,197,2025-10-11,2025-10-18,2025-10-14,United Kingdom,Liverpool,14.58
127112,1300,"Oct 11, 2025",18/10/2025,2025-10-13,Spain,Seville,11.7
127114,2247,10/11/2025,14/10/2025,2025-10-14,Poland,Gdansk,45.59
127116,1937,11.10.2025,2025-10-22,2025-10-13,Czech Republic,Ostrava,21.07
127124,890,11.10.2025,2025-10-14,,USA,Austin,6.52
127132,1445,2025-10-12,2025-10-16,10/16/2025,France,Toulouse,29.88
127133,2652,2025-10-12,2025-10-18,2025-10-21,Germany,Frankfurt,10.37
127137,1445,12.10.2025,19.10.2025,2025-10-14,France,Toulouse,12.8
127138,2838,12.10.2025,2025-10-19,2025-10-19,USA,Denver,8.14
127150,2329,2025-10-12,16.10.2025,,Italy,Milan,17.18
127154,1364,2025-10-12,2025-10-21,2025-10-16,Canada,Vancouver,11.22
127155,615,"Oct 12, 2025","Oct 21, 2025","Oct 13, 2025",Spain,Madrid,38.29
127157,412,12/10/2025,2025-10-23,"Oct 14, 2025",Poland,Warsaw,23.74
127158,1226,2025-10-12,2025-10-21,2025-10-16,Poland,Lodz,14.62
127160,2350,12/10/2025,2025-10-22,2025-10-14,Austria,Salzburg,13.54
127165,787,"Oct 13, 2025",10/17/2025,22/10/2025,USA,Austin,7.82
127169,1835,1900-01-01,10/21/2025,17/10/2025,United Kingdom,Leeds,9.27
127171,2236,2025-10-13,2025-10-19,,Poland,Warsaw,16.1
127172,2557,10/13/2025,2025-10-22,,Poland,Warsaw,58.11
127173,2555,2025-10-13,2025-10-18,2025-10-24,USA,Chicago,16.13
127174,1288,"Oct 13, 2025",2025-10-18,10/18/2025,Canada,Ottawa,22.28
127175,952,13/10/2025,17.10.2025,2025-10-21,United Kingdom,Manchester,5.54
127176,698,2025-10-13,"Oct 22, 2025",10/21/2025,Germany,Frankfurt,16.58
127177,1237,2025-10-13,22.10.2025,18.10.2025,USA,Boston,24.55
127186,933,13.10.2025,10/25/2025,2025-10-20,Germany,Cologne,-31.09
127189,1502,2025-10-13,"Oct 23, 2025",,USA,Seattle,20.42
127191,2641,"Oct 13, 2025",2025-10-16,2025-10-23,France,Lyon,11.4
127192,2810,2025-10-13,2025-10-18,14/10/2025,USA,Chicago,35.74
127194,277,2025-10-13,2025-10-23,2025-10-21,Poland,Warsaw,25.02
127197,2050,"Oct 14, 2025","Oct 24, 2025",2025-10-21,Sweden,Malmo,-9.33
127198,196,10/14/2025,27/10/2025,,Austria,Graz,20.46
127199,1765,14.10.2025,2025-10-20,2025-10-18,Norway,Stavanger,14.22
127201,1937,1900-01-01,"Oct 20, 2025",2025-10-18,Czech Republic,Ostrava,15.53
127202,390,2025-10-14,23.10.2025,20/10/2025,Czech Republic,Pilsen,18.37
127207,500,10/14/2025,2025-10-20,,Poland,Lodz,5.14
127208,879,10/14/2025,22/10/2025,"Oct 22, 2025",Italy,Rome,9.94
127210,208,2025-10-14,10/25/2025,2025-10-17,Poland,Warsaw,7.44
127211,1041,2025-10-14,27.10.2025,25.10.2025,Spain,Seville,19.06
127216,1478,14/10/2025,"Oct 21, 2025",2025-10-25,United Kingdom,Leeds,28.98
127217,2483,"Oct 14, 2025","Oct 26, 2025",2025-10-19,United Kingdom,London,10.23
127219,504,2025-10-14,"Oct 19, 2025",15.10.2025,Germany,Cologne,12.15
127220,916,2025-10-14,"Oct 22, 2025",10/17/2025,USA,Seattle,24.83
127224,2956,"Oct 14, 2025",10/23/2025,16.10.2025,Germany,Frankfurt,26.63
127225,5,2025-10-14,24/10/2025,,France,Lyon,41.14
127230,2330,10/14/2025,2025-10-19,2025-10-19,France,Paris,21.99
127231,1783,15/10/2025,2025-10-20,10/24/2025,United Kingdom,Bristol,31.01
127235,696,2025-10-15,2025-10-22,17/10/2025,United Kingdom,Liverpool,6.05
127239,556,2025-10-15,"Oct 19, 2025",2025-10-18,Sweden,Uppsala,8.72
127244,1729,15.10.2025,"Oct 19, 2025",25/10/2025,Sweden,Uppsala,7.94
127245,1008,"Oct 15, 2025",10/25/2025,,USA,Boston,8.54
127249,1765,15/10/2025,19/10/2025,"Oct 26, 2025",Norway,Stavanger,48.27
127250,1735,2025-10-15,2025-10-19,10/23/2025,Netherlands,Rotterdam,18.87
127254,1643,15/10/2025,"Oct 26, 2025","Oct 26, 2025",United Kingdom,Manchester,10.17
127256,2249,2025-10-15,25/10/2025,19.10.2025,Poland,Wroclaw,20.92
127258,368,15/10/2025,2025-10-22,26.10.2025,USA,Austin,20.91
127260,1445,10/15/2025,22.10.2025,24/10/2025,France,Toulouse,20.71
127261,2766,10/15/2025,22/10/2025,2025-10-24,Spain,Barcelona,25.83
127263,2177,15/10/2025,2025-10-25,2025-10-24,Germany,Berlin,43.33
127264,520,15.10.2025,10/28/2025,"Oct 17, 2025",Poland,Poznan,16.53
127276,1897,2025-10-16,19.10.2025,,USA,Boston,9.12
127285,2122,2025-10-16,2025-10-19,2025-10-21,Germany,Frankfurt,14.91
127287,2557,"Oct 17, 2025","Oct 23, 2025","Oct 20, 2025",Poland,Warsaw,11.74
127289,552,17/10/2025,20.10.2025,20.10.2025,Italy,Florence,5.27
127290,910,2025-10-17,25/10/2025,2025-10-27,Germany,Cologne,25.46
127297,3,17.10.2025,"Oct 22, 2025",,Austria,Linz,35.1
127300,685,10/17/2025,2025-10-22,2025-10-26,Spain,Valencia,43.22
127302,484,10/17/2025,26/10/2025,22.10.2025,Germany,Cologne,13.41
127304,1455,10/17/2025,10/27/2025,2025-10-22,Austria,Graz,19.37
127305,2309,"Oct 17, 2025",2025-10-20,2025-10-24,United Kingdom,Liverpool,20.44
127306,2436,"Oct 17, 2025",2025-10-24,"Oct 19, 2025",Austria,Salzburg,9.5
127308,1531,2025-10-17,10/28/2025,10/26/2025,Germany,Hamburg,19.42
127316,1889,"Oct 17, 2025",2025-10-25,2025-10-22,Poland,Gdansk,8.03
127320,2327,17/10/2025,"Oct 23, 2025",10/22/2025,USA,Seattle,10.46
127321,1979,10/17/2025,30/10/2025,2025-10-19,France,Toulouse,19.37
127323,1911,2025-10-17,2025-10-29,2025-10-25,Poland,Poznan,16.05
127325,1501,2025-10-17,2025-10-20,,France,Paris,20.73
127327,2987,17.10.2025,2025-10-22,10/23/2025,Poland,Krakow,26.69
127331,861,10/18/2025,"Oct 31, 2025",2025-10-29,Czech Republic,Prague,8.97
127334,932,2025-10-18,26/10/2025,10/26/2025,USA,Boston,11.1
127337,2577,"Oct 18, 2025",10/31/2025,21.10.2025,Poland,Krakow,6.78
127341,2449,2025-10-18,2025-10-24,25.10.2025,Canada,Toronto,23.1
127343,1275,18/10/2025,22/10/2025,2025-10-29,France,Toulouse,21.04
127344,1474,2025-10-18,2025-10-30,2025-10-28,France,Toulouse,12.67
127345,2208,2025-10-18,"Oct 28, 2025",2025-10-29,Poland,Gdansk,20.49
127346,2885,18/10/2025,2025-10-22,,Germany,Frankfurt,13.7
127348,2752,2025-10-18,2025-10-21,27/10/2025,Netherlands,Eindhoven,60.42
127349,2590,18/10/2025,"Oct 29, 2025",19/10/2025,United Kingdom,London,14.98
127351,2790,2025-10-18,2025-10-24,2025-10-19,USA,Austin,-27.63
127353,1405,2025-10-18,29.10.2025,24/10/2025,Germany,Berlin,32.06
127354,2273,18.10.2025,2025-10-27,2025-10-20,Canada,Ottawa,11.3
127355,686,2025-10-18,2025-10-22,20/10/2025,Czech Republic,Pilsen,26.12
127358,1983,"Oct 19, 2025",24.10.2025,28/10/2025,Norway,Trondheim,25.14
127361,2288,19.10.2025,"Oct 25, 2025",2025-10-26,United Kingdom,Leeds,5.49
127364,1958,2025-10-19,10/25/2025,2025-10-27,Sweden,Malmo,13.53
127365,1787,2025-10-19,23/10/2025,2025-10-20,Italy,Florence,12.13
127367,1669,2025-10-19,2025-10-31,2025-10-29,Italy,Rome,13.75
127368,2885,10/19/2025,2025-10-27,10/28/2025,Germany,Frankfurt,7.24
127369,1538,"Oct 19, 2025",10/30/2025,,Netherlands,Utrecht,24.68
127371,666,19/10/2025,23/10/2025,2025-10-21,Czech Republic,Ostrava,10.01
127374,967,10/19/2025,01/11/2025,26.10.2025,Spain,Bilbao,17.44
127377,2685,19.10.2025,2025-10-30,23/10/2025,Sweden,Malmo,10.37
127381,1570,10/19/2025,28.10.2025,21/10/2025,Germany,Cologne,15.15
127383,1751,10/19/2025,27.10.2025,2025-10-21,Germany,Cologne,24.92
127384,1410,2025-10-19,01.11.2025,2025-10-28,France,Nice,4.84
127386,77,"Oct 19, 2025",10/27/2025,28/10/2025,United Kingdom,Bristol,35.62
127387,2449,2025-10-19,2025-10-30,26/10/2025,Canada,Toronto,16.02
127392,1735,2025-10-19,"Oct 25, 2025",,Netherlands,Rotterdam,55.91
127395,433,2025-10-19,28/10/2025,2025-10-23,Poland,Lodz,15.54
127404,1995,2025-10-20,25/10/2025,10/23/2025,USA,Chicago,27.25
127408,1643,2025-10-20,31.10.2025,2025-10-22,United Kingdom,Manchester,16.36
127409,442,"Oct 20, 2025","Oct 30, 2025",,Canada,Calgary,36.5
127411,1812,2025-10-20,2025-11-01,28/10/2025,Poland,Gdansk,9.19
127412,2396,2025-10-20,29.10.2025,2025-10-27,USA,Seattle,17.25
127415,342,"Oct 20, 2025",10/29/2025,2025-10-29,Sweden,Uppsala,7.6
127417,1008,20.10.2025,2025-10-24,"Oct 24, 2025",USA,Boston,6.28
127418,1786,2025-10-20,2025-11-02,,Netherlands,Amsterdam,25.02
127419,1321,2025-10-20,01/11/2025,2025-10-21,USA,Seattle,21.0
127421,94,2025-10-20,2025-10-25,2025-10-25,United Kingdom,Leeds,10.12
127424,1394,20/10/2025,10/31/2025,,Netherlands,Amsterdam,31.64
127425,2310,20/10/2025,2025-10-28,2025-10-24,Spain,Bilbao,28.39
127429,1668,2025-10-20,24.10.2025,2025-10-28,USA,Seattle,11.71
127430,827,2025-10-20,27/10/2025,21.10.2025,Spain,Bilbao,13.08
127434,113,20/10/2025,28/10/2025,2025-10-23,Spain,Seville,16.3
127435,1259,21.10.2025,31.10.2025,01/11/2025,USA,Denver,9.32
127436,813,21/10/2025,2025-11-02,2025-10-30,United Kingdom,London,47.88
127437,96,2025-10-21,01.11.2025,2025-10-31,France,Paris,26.08
127439,1643,21/10/2025,10/30/2025,2025-10-29,United Kingdom,Manchester,29.07
127440,1538,2025-10-21,2025-10-26,2025-10-23,Netherlands,Utrecht,7.92
127442,2306,10/21/2025,2025-10-29,2025-10-27,Canada,Montreal,9.22
127449,553,21/10/2025,30/10/2025,10/26/2025,USA,Seattle,14.76
127450,1962,2025-10-21,2025-10-30,2025-10-23,Italy,Milan,5.53
127453,2973,2025-10-21,2025-10-30,2025-10-26,France,Paris,23.69
127454,2626,21/10/2025,29/10/2025,27.10.2025,USA,Chicago,9.26
127456,818,21.10.2025,2025-10-25,2025-10-26,Germany,Hamburg,26.12
127459,2110,2025-10-21,2025-10-29,,France,Lyon,19.81
127462,1954,2025-10-21,2025-11-03,10/24/2025,Poland,Warsaw,45.97
127467,2109,21/10/2025,2025-10-27,2025-10-23,Austria,Linz,13.47
127469,2967,21.10.2025,26.10.2025,,Austria,Salzburg,15.42
127472,537,2025-10-21,2025-10-28,10/29/2025,Germany,Frankfurt,5.39
127474,641,2025-10-21,10/26/2025,2025-10-24,United Kingdom,Liverpool,27.18
127479,1220,22.10.2025,"Nov 04, 2025",29/10/2025,Czech Republic,Ostrava,23.99
127484,1732,2025-10-22,2025-10-26,01.11.2025,Czech Republic,Brno,8.47
127486,2815,22/10/2025,2025-11-03,27/10/2025,Poland,Warsaw,14.25
127488,536,22/10/2025,2025-11-04,,Poland,Krakow,8.91
127489,1141,22.10.2025,2025-11-01,2025-11-02,United Kingdom,London,29.51
127497,206,22/10/2025,2025-10-25,01/11/2025,Sweden,Stockholm,6.92
127500,932,2025-10-22,10/25/2025,29.10.2025,USA,Boston,28.57
127505,1459,2025-10-23,04/11/2025,2025-10-29,Norway,Trondheim,24.33
127506,2548,23/10/2025,26.10.2025,2025-10-28,Austria,Salzburg,10.98
127508,1694,2025-10-23,11/01/2025,2025-11-01,Poland,Krakow,40.66
127510,1109,23/10/2025,2025-11-01,10/25/2025,Canada,Montreal,8.26
127521,2577,23/10/2025,"Oct 30, 2025",,Poland,Krakow,8.43
127522,718,23/10/2025,30.10.2025,10/31/2025,Poland,Warsaw,27.38
127531,2767,2025-10-23,28.10.2025,2025-10-28,Canada,Calgary,10.8
127533,1535,"Oct 23, 2025","Oct 31, 2025",2025-10-30,Germany,Frankfurt,11.89
127538,1413,24/10/2025,2025-11-01,2025-10-31,Germany,Berlin,34.21
127541,2449,2025-10-24,11/05/2025,"Oct 28, 2025",Canada,Toronto,14.82
127542,2100,"Oct 24, 2025",2025-10-31,2025-10-30,Netherlands,Utrecht,13.84
127543,2296,2025-10-24,11/02/2025,"Oct 26, 2025",United Kingdom,London,19.51
127544,798,24.10.2025,"Oct 28, 2025",28/10/2025,Poland,Krakow,23.94
127550,346,24.10.2025,11/01/2025,2025-10-26,Germany,Berlin,16.55
127554,2677,2025-10-24,2025-10-27,2025-10-29,Netherlands,Utrecht,15.64
127556,855,2025-10-24,2025-10-27,,Spain,Madrid,7.24
127558,464,24.10.2025,29/10/2025,"Oct 28, 2025",France,Paris,15.16
127560,1290,2025-10-24,2025-11-04,02/11/2025,USA,Chicago,46.23
127563,2671,2025-10-24,05/11/2025,,Poland,Wroclaw,8.37
127564,686,2025-10-24,29.10.2025,,Czech Republic,Pilsen,8.94
127566,2094,2025-10-24,2025-10-28,10/30/2025,Netherlands,Eindhoven,22.52
127567,281,24.10.2025,10/31/2025,,Canada,Montreal,16.52
127568,1060,24/10/2025,10/27/2025,10/31/2025,United Kingdom,Leeds,13.47
127576,2702,25/10/2025,2025-11-05,,Poland,Warsaw,10.9
127577,872,2025-10-25,28/10/2025,,Netherlands,Rotterdam,28.05
127581,2325,25.10.2025,11/07/2025,2025-10-30,Canada,Ottawa,5.18
127583,2067,"Oct 25, 2025",11/07/2025,2025-11-02,USA,Seattle,6.23
127584,321,25/10/2025,29.10.2025,2025-11-05,USA,New York,17.55
127585,1117,2025-10-25,"Nov 07, 2025",,Italy,Florence,16.2
127586,2994,"Oct 25, 2025",28.10.2025,2025-11-03,Czech Republic,Prague,6.69
127587,1154,25.10.2025,2025-10-31,"Nov 05, 2025",Norway,Trondheim,14.9
127588,1231,25/10/2025,28/10/2025,2025-10-26,Poland,Warsaw,9.41
127590,268,25/10/2025,11/02/2025,05/11/2025,United Kingdom,London,8.05
127593,1958,25/10/2025,2025-11-02,27/10/2025,Sweden,Malmo,23.31
127597,2445,25/10/2025,30.10.2025,28.10.2025,Italy,Naples,38.23
127598,692,"Oct 25, 2025",30/10/2025,2025-10-28,Austria,Graz,12.28
127602,1840,"Oct 25, 2025",2025-11-02,2025-11-03,Poland,Wroclaw,23.92
127603,2702,2025-10-25,2025-11-01,11/05/2025,Poland,Warsaw,25.02
127605,282,10/25/2025,28.10.2025,10/29/2025,Poland,Warsaw,38.14
127606,2475,10/25/2025,02.11.2025,,Germany,Munich,16.23
127612,184,26.10.2025,30.10.2025,2025-11-04,United Kingdom,Manchester,11.79
127614,2130,2025-10-26,2025-11-01,"Nov 04, 2025",United Kingdom,London,33.52
127618,176,"Oct 26, 2025",2025-11-04,11/05/2025,USA,Seattle,18.67
127619,2212,26.10.2025,31/10/2025,03.11.2025,Austria,Linz,10.85
127623,2191,2025-10-26,"Nov 06, 2025",2025-11-03,Germany,Frankfurt,16.24
127628,1411,10/26/2025,"Nov 05, 2025",2025-11-02,Austria,Salzburg,9.43
127630,1167,26/10/2025,2025-10-31,01.11.2025,France,Lyon,31.12
127644,578,2025-10-26,2025-10-30,2025-11-02,Canada,Calgary,29.08
127646,2263,2025-10-26,"Nov 06, 2025",2025-11-06,USA,New York,36.9
127651,422,26/10/2025,01/11/2025,11/03/2025,Germany,Cologne,11.8
127652,1374,"Oct 27, 2025",08.11.2025,2025-10-29,France,Lyon,27.92
127654,1881,27.10.2025,2025-10-30,"Oct 30, 2025",Germany,Munich,11.11
127657,824,27/10/2025,11/05/2025,,Poland,Lodz,7.7
127662,2982,2025-10-27,07/11/2025,2025-11-06,Sweden,Gothenburg,33.51
127664,138,2025-10-27,03.11.2025,06.11.2025,Spain,Seville,8.86
127667,469,"Oct 27, 2025",2025-10-31,06/11/2025,France,Marseille,22.02
127670,2236,27/10/2025,05.11.2025,"Oct 31, 2025",Poland,Warsaw,16.62
127674,201,10/27/2025,2025-11-07,2025-11-03,Czech Republic,Pilsen,19.47
127675,1431,"Oct 27, 2025","Nov 01, 2025",2025-10-30,Poland,Warsaw,10.15
127682,196,2025-10-27,2025-10-30,01.11.2025,Austria,Graz,23.58
127683,292,2025-10-27,"Nov 07, 2025",11/06/2025,Germany,Cologne,-20.26
127691,1282,10/27/2025,"Oct 31, 2025",10/28/2025,France,Toulouse,12.41
127695,1070,2025-10-28,2025-11-10,2025-11-02,Poland,Lodz,30.22
127702,1714,10/28/2025,11/01/2025,01.11.2025,Poland,Wroclaw,17.14
127706,2682,28.10.2025,2025-11-05,2025-10-29,Germany,Frankfurt,9.91
127707,1382,2025-10-28,2025-11-03,30/10/2025,Czech Republic,Brno,18.35
127714,2666,28.10.2025,2025-11-03,11/02/2025,Poland,Gdansk,6.55
127716,1150,2025-10-28,2025-11-10,2025-11-05,USA,Chicago,19.6
127719,2499,28.10.2025,10/11/2025,11/01/2025,Spain,Barcelona,9.48
127722,1129,2025-10-28,11/09/2025,30/10/2025,United Kingdom,Leeds,14.78
127724,1911,28/10/2025,2025-11-03,02/11/2025,Poland,Poznan,28.43
127726,1224,2025-10-28,2025-11-04,"Oct 31, 2025",Netherlands,Eindhoven,5.91
127730,1986,10/29/2025,11.11.2025,2025-11-02,France,Marseille,9.01
127732,2470,29.10.2025,2025-11-01,30/10/2025,United Kingdom,Leeds,41.61
127735,1935,29.10.2025,11/10/2025,02/11/2025,Spain,Seville,18.52
127742,1868,2025-10-29,11/01/2025,"Nov 02, 2025",USA,Chicago,11.28
127744,5,29/10/2025,2025-11-09,2025-10-30,France,Lyon,26.16
127745,1286,2025-10-29,2025-11-06,2025-11-03,Poland,Krakow,9.81
127746,684,2025-10-29,01.11.2025,"Nov 03, 2025",Poland,Krakow,15.81
127748,2839,2025-10-29,04/11/2025,,Germany,Frankfurt,13.33
127751,2118,2025-10-29,2025-11-04,2025-11-09,France,Lyon,12.65
127757,2943,30/10/2025,11/11/2025,,United Kingdom,London,29.46
127769,1025,10/30/2025,02/11/2025,04.11.2025,Poland,Gdansk,18.08
127771,1343,"Oct 30, 2025",11/03/2025,,Czech Republic,Ostrava,18.98
127772,1662,2025-10-30,03/11/2025,11/01/2025,USA,Denver,29.74
127773,1987,30/10/2025,2025-11-02,,Poland,Krakow,15.06
127776,2352,2025-10-30,07/11/2025,01.11.2025,Czech Republic,Brno,16.33
127781,2403,"Oct 31, 2025",2025-11-13,,Netherlands,Eindhoven,39.01
127787,824,31.10.2025,08/11/2025,2025-11-09,Poland,Lodz,15.31
127791,1149,2025-10-31,"Nov 07, 2025",2025-11-04,Austria,Vienna,28.44
127794,2319,2025-10-31,12/11/2025,,Netherlands,Amsterdam,15.79
127795,282,2025-10-31,"Nov 07, 2025",06/11/2025,Poland,Warsaw,9.27
127796,2878,"Oct 31, 2025",2025-11-06,2025-11-05,Germany,Cologne,22.12
127797,2742,"Oct 31, 2025",2025-11-03,"Nov 08, 2025",Italy,Florence,5.26
127805,1379,"Oct 31, 2025",11/11/2025,"Nov 08, 2025",Germany,Cologne,21.07
127806,1870,2025-10-31,07/11/2025,2025-11-01,Czech Republic,Prague,44.5
127809,2568,2025-11-01,14.11.2025,07/11/2025,France,Paris,9.26
127810,2671,2025-11-01,13/11/2025,07.11.2025,Poland,Wroclaw,34.43
127811,1046,01/11/2025,2025-11-06,2025-11-02,Canada,Vancouver,12.8
127812,182,2025-11-01,"Nov 14, 2025",,Sweden,Uppsala,23.2
127814,2451,"Nov 01, 2025",2025-11-14,,Spain,Barcelona,18.86
127818,958,2025-11-01,2025-11-12,2025-11-06,Poland,Poznan,34.92
127820,682,01.11.2025,"Nov 14, 2025",10/11/2025,Germany,Munich,8.13
127821,1325,2025-11-01,2025-11-13,2025-11-05,Poland,Krakow,15.38
127823,1209,2025-11-01,"Nov 10, 2025",05/11/2025,Netherlands,Utrecht,14.72
127824,2688,2025-11-01,08/11/2025,2025-11-11,United Kingdom,London,19.95
127827,2486,2025-11-01,11/07/2025,05.11.2025,Poland,Gdansk,18.03
127831,2652,"Nov 01, 2025",2025-11-11,11/07/2025,Germany,Frankfurt,20.86
127832,2582,2025-11-01,11/14/2025,06/11/2025,Canada,Toronto,21.63
127834,642,01.11.2025,2025-11-11,08.11.2025,Poland,Wroclaw,7.26
127837,2756,"Nov 01, 2025",11/14/2025,2025-11-06,Canada,Toronto,12.26
127839,2045,2025-11-02,2025-11-14,,Germany,Frankfurt,7.38
127842,733,02/11/2025,07/11/2025,2025-11-04,Italy,Florence,9.73
127846,2128,11/02/2025,"Nov 05, 2025","Nov 12, 2025",United Kingdom,London,13.18
127847,2137,"Nov 02, 2025",11/12/2025,11.11.2025,United Kingdom,London,18.19
127849,431,02.11.2025,2025-11-08,2025-11-06,Netherlands,Utrecht,24.71
127855,1489,2025-11-02,05/11/2025,"Nov 03, 2025",Germany,Berlin,15.57
127858,2544,2025-11-02,2025-11-09,11.11.2025,France,Toulouse,19.13
127860,1675,02/11/2025,15/11/2025,,USA,New York,11.26
127861,33,02.11.2025,11/15/2025,,Norway,Bergen,13.95
127866,780,03/11/2025,08/11/2025,"Nov 09, 2025",France,Nice,9.18
127868,1323,2025-11-03,2025-11-06,12/11/2025,Sweden,Malmo,22.95
127871,2529,2025-11-03,08.11.2025,2025-11-10,Germany,Frankfurt,19.0
127873,770,03.11.2025,2025-11-12,2025-11-11,Czech Republic,Ostrava,14.29
127874,1282,03/11/2025,13/11/2025,"Nov 04, 2025",France,Toulouse,21.68
127880,5,"Nov 03, 2025",2025-11-11,"Nov 05, 2025",France,Lyon,5.19
127885,1337,2025-11-03,2025-11-16,2025-11-13,Poland,Lodz,21.54
127886,1443,03/11/2025,07/11/2025,2025-11-07,USA,Seattle,15.77
127889,2521,11/03/2025,2025-11-14,"Nov 06, 2025",Spain,Valencia,6.8
127892,1029,2025-11-03,07/11/2025,11/05/2025,Canada,Montreal,28.26
127893,1355,2025-11-03,09.11.2025,05.11.2025,Spain,Madrid,15.0
127896,2557,03/11/2025,2025-11-11,,Poland,Warsaw,21.07
127899,1999,"Nov 03, 2025",06.11.2025,,USA,New York,12.31
127910,398,2025-11-04,2025-11-08,"Nov 15, 2025",Czech Republic,Ostrava,7.19
127913,1840,2025-11-04,16/11/2025,"Nov 13, 2025",Poland,Wroclaw,14.27
127917,1337,04/11/2025,2025-11-12,2025-11-08,Poland,Lodz,9.82
127918,1366,11/04/2025,2025-11-10,2025-11-06,Germany,Cologne,27.25
127919,2742,2025-11-04,07.11.2025,2025-11-14,Italy,Florence,8.36
127921,2506,"Nov 04, 2025",10/11/2025,2025-11-11,Poland,Lodz,16.39
127922,2571,04.11.2025,2025-11-16,,France,Lyon,14.12
127926,1323,"Nov 04, 2025",15/11/2025,2025-11-06,Sweden,Malmo,18.85
127927,994,"Nov 04, 2025",2025-11-13,2025-11-15,Netherlands,Amsterdam,15.71
127928,1488,2025-11-04,2025-11-13,15.11.2025,Spain,Valencia,9.33
127932,146,04/11/2025,2025-11-10,11/15/2025,Netherlands,Amsterdam,16.93
127939,2247,11/05/2025,15/11/2025,06.11.2025,Poland,Gdansk,5.27
127940,2095,2025-11-05,14/11/2025,14/11/2025,Czech Republic,Ostrava,5.35
127942,1816,05.11.2025,2025-11-10,,USA,Seattle,7.68
127944,2973,11/05/2025,2025-11-15,2025-11-11,France,Paris,20.0
127949,2971,2025-11-05,2025-11-09,2025-11-12,Spain,Barcelona,19.85
127950,778,2025-11-05,2025-11-17,2025-11-11,Germany,Frankfurt,10.54
127951,701,2025-11-05,2025-11-11,2025-11-08,United Kingdom,Liverpool,18.88
127953,854,05/11/2025,2025-11-14,,Spain,Madrid,14.19
127958,787,2025-11-05,12.11.2025,2025-11-11,USA,Austin,14.05
127963,1902,11/05/2025,2025-11-17,2025-11-14,Sweden,Uppsala,15.44
127964,2606,11/06/2025,11.11.2025,2025-11-08,United Kingdom,Bristol,5.89
127966,890,2025-11-06,2025-11-17,2025-11-17,USA,Austin,28.72
127967,933,2025-11-06,11/12/2025,2025-11-09,Germany,Cologne,36.42
127971,1326,11/06/2025,2025-11-17,,Poland,Krakow,18.09
127972,2082,06/11/2025,09.11.2025,2025-11-08,Poland,Lodz,28.26
127975,2114,11/06/2025,2025-11-11,2025-11-12,Czech Republic,Brno,6.6
127976,2067,2025-11-06,09.11.2025,,USA,Seattle,13.88
127981,378,11/06/2025,17/11/2025,2025-11-10,United Kingdom,Manchester,12.54
127983,1810,11/06/2025,2025-11-11,,France,Lyon,4.78
127985,1026,2025-11-06,13/11/2025,11/11/2025,Italy,Milan,12.74
127987,818,2025-11-07,2025-11-15,2025-11-13,Germany,Hamburg,16.6
127988,1329,11/07/2025,13/11/2025,10/11/2025,France,Lyon,18.41
127989,72,07.11.2025,11/13/2025,18.11.2025,Germany,Cologne,27.95
127990,883,11/07/2025,2025-11-14,17.11.2025,Poland,Warsaw,18.0
127991,1288,2025-11-07,11.11.2025,2025-11-12,Canada,Ottawa,6.42
127993,2858,2025-11-07,11/20/2025,2025-11-18,Germany,Munich,18.22
127995,1070,2025-11-07,2025-11-12,13.11.2025,Poland,Lodz,12.97
127997,266,07.11.2025,2025-11-15,14.11.2025,Canada,Montreal,26.06
127999,1421,11/07/2025,17/11/2025,09.11.2025,Netherlands,Eindhoven,19.85
128001,1141,07/11/2025,2025-11-19,"Nov 16, 2025",United Kingdom,London,15.63
128006,1827,2025-11-07,11/11/2025,11/11/2025,Sweden,Gothenburg,25.34
128007,746,11/07/2025,2025-11-20,"Nov 12, 2025",France,Nice,13.97
128008,638,07.11.2025,11/12/2025,17.11.2025,Italy,Rome,10.29
128011,2269,07/11/2025,"Nov 18, 2025",11/14/2025,United Kingdom,Manchester,18.86
128012,685,2025-11-07,"Nov 12, 2025",,Spain,Valencia,14.37
128017,2342,07/11/2025,13/11/2025,"Nov 17, 2025",Canada,Vancouver,14.11
128018,2355,07/11/2025,11/14/2025,2025-11-08,Spain,Madrid,10.09
128022,830,2025-11-08,14/11/2025,14.11.2025,Germany,Frankfurt,17.01
128023,183,2025-11-08,15.11.2025,2025-11-15,Italy,Milan,11.84
128025,2492,2025-11-08,2025-11-19,2025-11-09,USA,Chicago,17.59
128029,1173,08/11/2025,2025-11-19,2025-11-18,Austria,Graz,9.65
128036,800,2025-11-08,11/11/2025,,USA,Chicago,19.3
128041,1410,08/11/2025,2025-11-16,,France,Nice,30.6
128044,1981,08.11.2025,18.11.2025,2025-11-18,Poland,Krakow,11.34
128045,869,2025-11-08,2025-11-16,17/11/2025,Germany,Frankfurt,4.38
128047,965,2025-11-08,2025-11-20,2025-11-19,Czech Republic,Pilsen,7.49
128051,2117,2025-11-08,2025-11-19,"Nov 17, 2025",Poland,Poznan,12.87
128053,2195,08.11.2025,21/11/2025,16/11/2025,Germany,Munich,14.23
128057,2671,2025-11-09,2025-11-17,,Poland,Wroclaw,17.26
128058,2699,2025-11-09,17/11/2025,2025-11-14,France,Paris,20.95
128060,308,2025-11-09,2025-11-15,2025-11-15,USA,New York,12.44
128065,599,2025-11-09,11/16/2025,15.11.2025,Germany,Munich,20.07
128069,1064,"Nov 09, 2025",2025-11-20,"Nov 20, 2025",Poland,Poznan,17.47
128070,981,"Nov 09, 2025",2025-11-13,11/16/2025,Austria,Vienna,16.21
128076,1318,2025-11-09,2025-11-14,2025-11-12,USA,Boston,23.09
128078,191,2025-11-09,2025-11-14,2025-11-18,Poland,Wroclaw,16.32
128083,2949,2025-11-09,2025-11-15,"Nov 17, 2025",Spain,Madrid,34.88
128084,2859,"Nov 09, 2025",2025-11-20,11.11.2025,Sweden,Malmo,24.98
128088,2672,11/10/2025,18/11/2025,11.11.2025,United Kingdom,Leeds,14.1
128089,1359,2025-11-10,21.11.2025,2025-11-18,Poland,Lodz,31.31
128090,488,"Nov 10, 2025","Nov 22, 2025",2025-11-18,United Kingdom,Liverpool,18.69
128091,766,10/11/2025,23.11.2025,,Spain,Seville,17.08
128092,884,"Nov 10, 2025",2025-11-18,,Poland,Gdansk,35.72
128093,286,2025-11-10,22.11.2025,2025-11-13,Canada,Ottawa,15.92
128095,639,11/10/2025,15.11.2025,20/11/2025,France,Paris,7.18
128097,641,"Nov 10, 2025","Nov 14, 2025",,United Kingdom,Liverpool,16.23
128098,145,2025-11-10,23.11.2025,2025-11-16,Italy,Florence,24.65
128100,2137,2025-11-10,20.11.2025,17.11.2025,United Kingdom,London,57.65
128105,166,11/10/2025,2025-11-23,11/18/2025,USA,Denver,6.28
128109,757,10.11.2025,11/21/2025,15/11/2025,France,Lyon,17.73
128112,2094,"Nov 10, 2025",2025-11-17,11/14/2025,Netherlands,Eindhoven,6.41
128118,1908,"Nov 10, 2025",19.11.2025,"Nov 19, 2025",France,Toulouse,7.27
128120,1382,2025-11-10,"Nov 20, 2025",,Czech Republic,Brno,35.27
128122,112,2025-11-10,14.11.2025,16/11/2025,France,Lyon,6.57
128124,2243,"Nov 11, 2025",2025-11-20,2025-11-22,Sweden,Malmo,8.05
128127,1418,2025-11-11,21.11.2025,12.11.2025,Germany,Frankfurt,12.49
128128,1101,11.11.2025,11/16/2025,14.11.2025,Poland,Krakow,30.7
128133,1487,"Nov 11, 2025",2025-11-18,2025-11-14,Netherlands,Eindhoven,9.83
128135,127,11.11.2025,2025-11-16,18/11/2025,USA,Chicago,10.49
128136,2967,11/11/2025,"Nov 15, 2025",,Austria,Salzburg,26.1
128142,715,2025-11-11,18/11/2025,11/18/2025,Poland,Krakow,22.18
128144,1568,2025-11-11,2025-11-18,2025-11-16,Poland,Warsaw,32.67
128145,249,11/11/2025,"Nov 19, 2025",11/20/2025,Austria,Vienna,21.31
128148,263,11/11/2025,15/11/2025,11/13/2025,Czech Republic,Brno,5.71
128150,344,2025-11-12,16/11/2025,2025-11-21,France,Toulouse,23.81
128158,188,2025-11-12,"Nov 19, 2025",,Czech Republic,Pilsen,5.39
128159,1669,12.11.2025,15/11/2025,2025-11-23,Italy,Rome,29.87
128162,2866,11/12/2025,20/11/2025,2025-11-21,USA,New York,11.9
128164,1522,2099-01-01,19.11.2025,2025-11-15,Czech Republic,Prague,15.1
128166,2996,"Nov 12, 2025",16.11.2025,16/11/2025,Canada,Ottawa,31.35
128167,1982,2025-11-12,"Nov 15, 2025",2025-11-13,Germany,Cologne,28.23
128169,1889,2025-11-12,2025-11-23,"Nov 15, 2025",Poland,Gdansk,25.53
128176,1803,12.11.2025,23.11.2025,,Sweden,Gothenburg,6.3
128181,1804,2025-11-12,2025-11-16,2025-11-22,USA,Chicago,7.31
128186,627,13/11/2025,"Nov 25, 2025",11/23/2025,Poland,Gdansk,9.79
128187,143,2025-11-13,2025-11-19,18/11/2025,USA,Austin,15.97
128190,707,"Nov 13, 2025","Nov 25, 2025",20/11/2025,Poland,Gdansk,22.95
128192,2241,13/11/2025,2025-11-19,21.11.2025,Netherlands,Utrecht,34.28
128195,873,13/11/2025,2025-11-26,2025-11-24,USA,Austin,11.12
128197,1650,2025-11-13,"Nov 20, 2025",11/20/2025,Poland,Lodz,18.18
128198,1681,2025-11-13,23.11.2025,"Nov 16, 2025",Canada,Vancouver,22.29
128204,2902,13/11/2025,16/11/2025,23/11/2025,Spain,Madrid,22.17
128207,1896,2025-11-13,2025-11-21,2025-11-18,USA,Denver,12.28
128214,1728,2025-11-14,11/25/2025,23/11/2025,Netherlands,Utrecht,18.7
128219,1900,14/11/2025,20/11/2025,,Germany,Berlin,13.79
128220,1723,"Nov 14, 2025",19.11.2025,2025-11-25,Germany,Munich,5.8
128234,396,2025-11-14,2025-11-20,2025-11-16,USA,Chicago,5.45
128236,1687,2025-11-14,17.11.2025,11/19/2025,Netherlands,Utrecht,6.72
128237,1189,14/11/2025,"Nov 17, 2025",2025-11-15,Canada,Ottawa,17.02
128244,2927,2025-11-14,"Nov 23, 2025",16.11.2025,France,Marseille,21.24
128245,1265,"Nov 14, 2025","Nov 27, 2025",2025-11-19,USA,New York,23.66
128246,518,14.11.2025,24/11/2025,11/23/2025,Germany,Hamburg,48.88
128247,1177,15/11/2025,23/11/2025,2025-11-25,Germany,Berlin,19.87
128248,373,2025-11-15,11/20/2025,2025-11-17,Germany,Hamburg,14.24
128249,750,15/11/2025,2025-11-22,2025-11-20,USA,Chicago,21.03
128253,308,2025-11-15,18.11.2025,2025-11-20,USA,New York,32.21
128255,1894,2025-11-15,18/11/2025,2025-11-23,Italy,Turin,10.14
128258,1723,15/11/2025,18.11.2025,2025-11-23,Germany,Munich,13.79
128260,2549,15/11/2025,23/11/2025,2025-11-16,Netherlands,Amsterdam,6.52
128262,54,2025-11-15,"Nov 19, 2025",11/22/2025,Germany,Frankfurt,18.67
128263,1828,"Nov 15, 2025",2025-11-28,26.11.2025,Austria,Vienna,17.85
128269,2240,15/11/2025,24/11/2025,26/11/2025,USA,New York,8.56
128270,2654,2025-11-15,2025-11-25,"Nov 17, 2025",Italy,Florence,16.44
128278,1555,11/16/2025,"Nov 26, 2025",27/11/2025,Czech Republic,Brno,21.92
128280,124,11/16/2025,2025-11-27,,Germany,Cologne,9.73
128282,5,2025-11-16,2025-11-24,23/11/2025,France,Lyon,25.54
128284,969,11/16/2025,"Nov 23, 2025",11/18/2025,Netherlands,Utrecht,26.19
128289,1098,2025-11-16,23/11/2025,2025-11-18,Germany,Berlin,15.85
128290,1840,16/11/2025,2025-11-28,"Nov 23, 2025",Poland,Wroclaw,14.33
128291,1188,2025-11-16,29/11/2025,18/11/2025,Netherlands,Amsterdam,31.96
128292,2418,"Nov 16, 2025",26.11.2025,21/11/2025,Poland,Poznan,12.47
128293,2474,2025-11-16,2025-11-23,2025-11-23,Netherlands,Rotterdam,16.18
128294,1648,2025-11-16,2025-11-19,22.11.2025,Germany,Hamburg,16.29
128295,2276,11/16/2025,"Nov 28, 2025",2025-11-19,Austria,Linz,28.71
128296,1791,"Nov 16, 2025",2025-11-23,21/11/2025,Poland,Gdansk,8.93
128298,1142,16.11.2025,11/27/2025,27.11.2025,Germany,Cologne,11.09
128299,145,2025-11-16,28/11/2025,11/24/2025,Italy,Florence,5.39
128302,1026,2025-11-16,26.11.2025,"Nov 22, 2025",Italy,Milan,8.93
128306,1521,"Nov 16, 2025",2025-11-19,"Nov 25, 2025",USA,Chicago,16.03
128309,1699,11/17/2025,28/11/2025,2025-11-24,Austria,Vienna,49.05
128320,1694,2025-11-17,11/30/2025,,Poland,Krakow,6.96
128324,2577,2025-11-17,11/24/2025,2025-11-26,Poland,Krakow,33.3
128328,198,17.11.2025,2025-11-28,2025-11-26,United Kingdom,Liverpool,9.13
128331,1488,2025-11-17,"Nov 26, 2025",18/11/2025,Spain,Valencia,11.5
128336,983,11/17/2025,22/11/2025,"Nov 18, 2025",Spain,Valencia,9.03
128338,1109,11/17/2025,23.11.2025,2025-11-24,Canada,Montreal,12.8
128342,1211,17/11/2025,2025-11-23,,Germany,Frankfurt,15.85
128344,2662,11/17/2025,2025-11-26,2025-11-21,USA,Boston,32.37
128346,767,2025-11-18,2025-11-26,23.11.2025,United Kingdom,London,16.35
128353,887,18/11/2025,"Nov 22, 2025",,France,Marseille,22.15
128360,1555,2025-11-18,2025-11-22,,Czech Republic,Brno,22.35
128366,1617,11/18/2025,2025-11-25,2025-11-22,Netherlands,Amsterdam,50.83
128367,1884,"Nov 18, 2025",2025-11-22,29/11/2025,Spain,Barcelona,13.5
128371,2492,18.11.2025,21.11.2025,2025-11-28,USA,Chicago,4.96
128373,247,2025-11-18,22/11/2025,"Nov 27, 2025",Germany,Cologne,-16.21
128379,2153,18/11/2025,"Nov 30, 2025",11/29/2025,Canada,Montreal,25.5
128381,2934,18/11/2025,"Nov 30, 2025",11/23/2025,Germany,Hamburg,8.03
128382,64,11/18/2025,2025-11-21,26/11/2025,Germany,Cologne,7.77
128384,858,2025-11-19,2025-11-28,2025-11-22,Poland,Lodz,21.48
128387,1782,2025-11-19,2025-11-26,25/11/2025,United Kingdom,London,44.05
128399,2338,19/11/2025,2025-11-26,11/25/2025,Poland,Poznan,22.56
128406,222,"Nov 19, 2025",28/11/2025,11/21/2025,Italy,Naples,13.49
128408,2192,2025-11-19,2025-11-27,"Nov 30, 2025",United Kingdom,Bristol,13.64
128409,394,19/11/2025,"Nov 29, 2025",2025-11-30,France,Paris,18.85
128412,2940,2025-11-19,02/12/2025,21/11/2025,Norway,Trondheim,17.35
128415,1647,19/11/2025,2025-11-29,11/30/2025,France,Toulouse,45.56
128420,411,2025-11-20,2025-11-29,27/11/2025,Poland,Lodz,24.15
128425,398,11/20/2025,2025-11-25,11/25/2025,Czech Republic,Ostrava,20.96
128426,1715,2025-11-20,26/11/2025,22/11/2025,Spain,Seville,14.58
128430,2330,2025-11-20,"Nov 23, 2025",2025-11-28,France,Paris,33.48
128435,1447,2025-11-20,2025-12-03,2025-11-22,United Kingdom,Manchester,24.24
128436,2143,2025-11-20,2025-11-23,"Nov 21, 2025",Germany,Munich,27.59
128437,600,2025-11-20,23/11/2025,25.11.2025,United Kingdom,Leeds,15.69
128439,2629,2025-11-20,11/26/2025,11/21/2025,United Kingdom,London,7.17
128447,2327,2025-11-20,2025-11-23,"Nov 22, 2025",USA,Seattle,20.84
128448,1981,2025-11-20,26/11/2025,2025-11-27,Poland,Krakow,11.87
128450,211,20.11.2025,27.11.2025,2025-11-29,USA,Denver,31.09
128452,1179,2025-11-20,29/11/2025,2025-11-25,Poland,Wroclaw,15.43
128455,2552,11/21/2025,2025-11-26,2025-11-27,Spain,Madrid,16.28
128459,2950,2025-11-21,2025-11-29,2025-11-29,Netherlands,Utrecht,13.54
128460,2057,2025-11-21,"Nov 26, 2025",11/27/2025,Netherlands,Amsterdam,29.39
128462,1650,2025-11-21,2025-12-04,11/24/2025,Poland,Lodz,15.51
128463,862,2025-11-21,27/11/2025,11/24/2025,Germany,Munich,23.02
128467,1651,21.11.2025,24/11/2025,23/11/2025,Spain,Madrid,8.37
128471,965,2025-11-21,"Nov 24, 2025",,Czech Republic,Pilsen,26.11
128475,656,2025-11-21,2025-11-29,2025-11-28,Italy,Turin,12.46
128476,585,21/11/2025,29.11.2025,,Germany,Berlin,17.99
128479,755,11/21/2025,03/12/2025,"Nov 28, 2025",Poland,Gdansk,8.57
128480,2405,11/21/2025,2025-12-04,26.11.2025,Netherlands,Rotterdam,6.58
128485,2914,21.11.2025,12/03/2025,2025-11-29,Canada,Toronto,19.93
128486,2238,2025-11-21,25.11.2025,2025-11-26,Spain,Madrid,6.67
128487,2048,21/11/2025,26/11/2025,,Czech Republic,Ostrava,22.96
128489,2540,2025-11-21,2025-11-28,"Dec 01, 2025",Austria,Linz,12.72
128494,544,2025-11-21,2025-11-29,"Nov 29, 2025",Austria,Graz,54.54
128497,206,2025-11-21,12/02/2025,2025-11-26,Sweden,Stockholm,18.59
128501,1127,21/11/2025,2025-12-03,2025-12-02,USA,Seattle,25.85
128503,1437,2025-11-21,2025-11-28,2025-11-30,Czech Republic,Pilsen,6.62
128504,563,"Nov 22, 2025",29/11/2025,,Norway,Trondheim,35.19
128506,50,22/11/2025,30.11.2025,29/11/2025,Canada,Vancouver,37.07
128509,1671,2025-11-22,25/11/2025,,USA,New York,5.89
128510,2622,2025-11-22,"Nov 25, 2025",2025-11-30,Sweden,Gothenburg,9.22
128513,551,22.11.2025,12/04/2025,03.12.2025,Poland,Gdansk,24.05
128517,269,22.11.2025,2025-12-05,03/12/2025,Poland,Warsaw,13.7
128520,1515,2025-11-22,2025-12-05,,Italy,Rome,29.2
128522,1869,11/22/2025,30.11.2025,2025-11-29,Sweden,Gothenburg,4.54
128524,1916,"Nov 22, 2025",2025-12-02,"Dec 01, 2025",USA,Denver,13.29
128525,1930,11/22/2025,2025-11-29,2025-12-03,Austria,Vienna,74.41
128526,196,2025-11-22,2025-11-28,2025-11-28,Austria,Graz,23.87
128529,2978,2025-11-22,29.11.2025,2025-11-25,Germany,Hamburg,13.64
128530,370,11/22/2025,2025-11-30,2025-11-27,Germany,Cologne,9.67
128531,2343,22.11.2025,02/12/2025,27/11/2025,Germany,Munich,20.77
128535,1675,23/11/2025,30/11/2025,,USA,New York,12.71
128538,375,2025-11-23,01.12.2025,01/12/2025,Spain,Madrid,22.14
128542,2771,"Nov 23, 2025",30/11/2025,29.11.2025,USA,New York,49.65
128543,1211,2025-11-23,"Nov 26, 2025",2025-11-27,Germany,Frankfurt,20.29
128550,2962,23/11/2025,"Nov 29, 2025",2025-11-26,Sweden,Gothenburg,18.47
128552,1583,23.11.2025,27/11/2025,2025-11-30,France,Marseille,21.79
128553,710,23.11.2025,2025-11-29,27/11/2025,Germany,Hamburg,9.54
128554,325,"Nov 23, 2025",2025-12-02,2025-11-24,Netherlands,Eindhoven,6.92
128555,944,2025-11-23,11/27/2025,,France,Paris,18.9
128560,2422,2025-11-23,2025-12-03,,Poland,Poznan,7.3
128563,773,2025-11-23,2025-12-06,2025-12-02,Norway,Stavanger,21.68
128566,2449,2025-11-23,02/12/2025,2025-12-04,Canada,Toronto,36.93
128569,1401,11/24/2025,30/11/2025,2025-11-25,France,Paris,5.33
128572,1872,11/24/2025,2025-12-04,,Czech Republic,Ostrava,40.07
128577,1571,24/11/2025,2025-11-29,2025-12-05,Sweden,Malmo,27.0
128582,2197,2025-11-24,30/11/2025,25/11/2025,Italy,Florence,14.57
128583,1282,11/24/2025,2025-11-30,,France,Toulouse,5.37
128584,9,11/24/2025,28.11.2025,"Nov 26, 2025",Austria,Salzburg,16.55
128585,1650,2025-11-24,"Dec 07, 2025",03/12/2025,Poland,Lodz,21.04
128588,764,24/11/2025,2025-12-01,29.11.2025,Sweden,Gothenburg,7.27
128590,2021,2025-11-24,28/11/2025,2025-12-02,Canada,Toronto,12.7
128595,2472,24/11/2025,2025-12-05,,Poland,Poznan,6.51
128598,2877,24.11.2025,2025-12-06,25/11/2025,Germany,Berlin,26.32
128600,322,2025-11-25,03/12/2025,05/12/2025,Spain,Madrid,22.18
128602,2815,2025-11-25,30/11/2025,28.11.2025,Poland,Warsaw,24.78
128606,1147,2025-11-25,12/02/2025,"Dec 06, 2025",United Kingdom,London,13.08
128607,2212,25/11/2025,11/29/2025,06.12.2025,Austria,Linz,3.4
128615,265,"Nov 25, 2025",12/02/2025,"Dec 03, 2025",USA,Denver,18.99
128622,1920,2025-11-25,2025-12-05,2025-12-06,France,Paris,34.52
128623,2640,2025-11-25,"Dec 08, 2025",2025-12-05,United Kingdom,Leeds,7.32
128627,2885,26/11/2025,03/12/2025,29/11/2025,Germany,Frankfurt,8.35
128631,853,26/11/2025,2025-12-07,30/11/2025,Czech Republic,Prague,10.65
128633,2051,26/11/2025,"Dec 08, 2025",2025-12-01,United Kingdom,London,6.88
128635,218,26.11.2025,2025-12-09,2025-11-29,Norway,Oslo,15.49
128640,54,2025-11-26,02/12/2025,,Germany,Frankfurt,27.68
128641,918,2025-11-26,06.12.2025,12/01/2025,USA,Chicago,46.74
128648,700,"Nov 26, 2025","Nov 29, 2025",12/06/2025,Spain,Barcelona,12.23
128651,923,2025-11-26,02.12.2025,,USA,Chicago,13.86
128652,659,26.11.2025,06/12/2025,28/11/2025,Poland,Poznan,20.04
128653,2885,26/11/2025,12/02/2025,2025-11-29,Germany,Frankfurt,19.23
128655,5,2025-11-26,"Dec 05, 2025",2025-11-27,France,Lyon,4.45
128658,677,2025-11-27,11/30/2025,04/12/2025,France,Toulouse,29.93
128659,2532,11/27/2025,2025-12-06,2025-11-30,Spain,Valencia,18.89
128663,2502,2025-11-27,2025-12-01,2025-12-04,France,Lyon,22.25
128666,1895,11/27/2025,2025-12-05,03/12/2025,Austria,Salzburg,12.0
128671,1687,"Nov 27, 2025",06/12/2025,"Nov 30, 2025",Netherlands,Utrecht,12.43
128676,1996,"Nov 27, 2025",2025-12-09,06.12.2025,France,Nice,15.41
128682,674,2025-11-27,"Dec 10, 2025",04/12/2025,France,Toulouse,47.79
128683,2811,2025-11-27,2025-12-03,2025-11-28,Italy,Florence,24.56
128684,2577,"Nov 27, 2025",12/01/2025,11/29/2025,Poland,Krakow,12.93
128688,318,27/11/2025,"Nov 30, 2025",2025-12-05,USA,Chicago,10.33
128692,1916,2025-11-27,2025-12-04,12/06/2025,USA,Denver,14.3
128695,798,"Nov 27, 2025",10.12.2025,12/01/2025,Poland,Krakow,10.83
128696,731,2025-11-27,2025-12-01,06.12.2025,USA,Seattle,12.92
128697,1399,2025-11-28,11.12.2025,2025-12-04,Spain,Valencia,11.82
128698,1308,28.11.2025,2025-12-06,,Canada,Montreal,19.76
128703,697,28.11.2025,2025-12-07,2025-12-06,Poland,Krakow,21.29
128707,1405,28/11/2025,2025-12-09,,Germany,Berlin,19.83
128708,2696,2025-11-28,12/05/2025,"Nov 29, 2025",Norway,Bergen,8.11
128710,1738,11/28/2025,2025-12-08,08/12/2025,Austria,Vienna,20.57
128713,1782,2025-11-28,2025-12-09,2025-12-05,United Kingdom,London,10.63
128717,693,11/28/2025,2025-12-01,2025-12-03,Czech Republic,Brno,13.71
128720,2074,28/11/2025,12/10/2025,2025-12-02,USA,Chicago,16.87
128722,1935,28/11/2025,12/11/2025,"Dec 03, 2025",Spain,Seville,10.15
128723,1168,28/11/2025,2025-12-02,29/11/2025,USA,Chicago,6.94
128725,405,28/11/2025,07/12/2025,2025-12-07,Poland,Poznan,-18.01
128731,2749,"Nov 28, 2025",2025-12-03,04/12/2025,Netherlands,Amsterdam,17.17
128734,901,2025-11-28,08/12/2025,2025-12-01,France,Toulouse,40.56
128735,2256,2025-11-28,"Dec 11, 2025",2025-12-08,Poland,Gdansk,24.61
128736,862,2025-11-28,2025-12-11,2025-12-06,Germany,Munich,33.57
128737,2575,2025-11-28,12/05/2025,2025-12-09,France,Lyon,22.16
128738,692,28.11.2025,02.12.2025,08/12/2025,Austria,Graz,21.75
128743,2015,"Nov 29, 2025",12/04/2025,,Germany,Munich,10.61
128746,761,11/29/2025,"Dec 06, 2025",2025-12-08,Poland,Gdansk,8.75
128749,1026,29/11/2025,09.12.2025,04/12/2025,Italy,Milan,23.47
128753,2056,29/11/2025,09.12.2025,2025-12-07,Germany,Cologne,10.42
128756,893,29.11.2025,"Dec 11, 2025",2025-11-30,Spain,Valencia,9.3
128757,2117,"Nov 29, 2025",10.12.2025,2025-12-08,Poland,Poznan,28.29
128761,2941,2025-11-29,05.12.2025,2025-12-03,USA,Seattle,19.39
128779,471,30.11.2025,04/12/2025,"Dec 07, 2025",Austria,Graz,35.59
128781,133,30.11.2025,2025-12-03,,United Kingdom,Liverpool,23.03
128785,476,2025-11-30,"Dec 11, 2025",,United Kingdom,Leeds,7.51
128789,2959,11/30/2025,06.12.2025,,France,Marseille,33.93
128790,1331,30/11/2025,13/12/2025,2025-12-05,France,Toulouse,17.87
128793,587,2025-11-30,2025-12-08,11/12/2025,USA,Chicago,15.09
128795,1919,"Nov 30, 2025",12/11/2025,11.12.2025,Sweden,Malmo,32.85
128798,2557,01/12/2025,12/07/2025,,Poland,Warsaw,4.38
128800,2529,2025-12-01,"Dec 05, 2025",2025-12-11,Germany,Frankfurt,7.84
128806,289,2025-12-01,08/12/2025,2025-12-06,Spain,Seville,10.2
128807,918,2025-12-01,12/08/2025,2025-12-06,USA,Chicago,14.05
128808,2292,2025-12-01,2025-12-13,2025-12-12,United Kingdom,London,15.55
128811,1817,2025-12-01,04/12/2025,05/12/2025,Poland,Warsaw,20.53
128819,1989,2025-12-01,2025-12-09,,Canada,Toronto,24.24
128820,1462,12/01/2025,05/12/2025,12/08/2025,Italy,Naples,13.53
128821,1054,2025-12-01,2025-12-09,,Netherlands,Amsterdam,26.39
128826,2586,12/01/2025,2025-12-12,"Dec 06, 2025",Netherlands,Rotterdam,6.31
128839,2436,2025-12-02,09/12/2025,2025-12-08,Austria,Salzburg,22.69
128843,2555,02.12.2025,2025-12-09,2025-12-07,USA,Chicago,11.14
128844,2578,12/02/2025,2025-12-05,12/04/2025,Italy,Florence,36.98
128845,686,"Dec 02, 2025",2025-12-07,"Dec 06, 2025",Czech Republic,Pilsen,18.26
128846,1314,2025-12-02,13/12/2025,2025-12-09,Netherlands,Rotterdam,12.61
128849,1485,2025-12-02,06.12.2025,10/12/2025,Spain,Bilbao,29.32
128857,2111,2025-12-02,"Dec 07, 2025",12/04/2025,Austria,Vienna,12.58
128858,2416,02.12.2025,2025-12-09,08.12.2025,Sweden,Malmo,16.99
128861,748,"Dec 02, 2025","Dec 12, 2025",08/12/2025,Germany,Berlin,21.32
128862,357,"Dec 02, 2025",2025-12-14,,Germany,Frankfurt,19.34
128866,500,2025-12-03,10.12.2025,2025-12-13,Poland,Lodz,21.0
128871,449,12/03/2025,16.12.2025,06.12.2025,Germany,Frankfurt,12.04
128876,1165,12/03/2025,2025-12-08,12/13/2025,Poland,Gdansk,15.61
128877,525,2025-12-03,2025-12-15,"Dec 04, 2025",Germany,Cologne,20.27
128882,459,2025-12-03,06.12.2025,2025-12-04,United Kingdom,Bristol,5.19
128887,905,2025-12-03,12/09/2025,2025-12-07,Spain,Bilbao,11.2
128888,401,12/03/2025,13.12.2025,12/10/2025,France,Nice,22.0
128889,1622,03/12/2025,2025-12-09,2025-12-06,United Kingdom,Liverpool,19.51
128891,302,03/12/2025,2025-12-12,10/12/2025,Sweden,Gothenburg,32.61
128892,2922,12/03/2025,14/12/2025,11/12/2025,Poland,Warsaw,23.19
128896,2396,"Dec 03, 2025",2025-12-16,2025-12-10,USA,Seattle,20.0
128900,2620,04/12/2025,2025-12-15,2025-12-06,France,Marseille,24.06
128901,1348,04.12.2025,"Dec 11, 2025",08.12.2025,France,Nice,15.39
128902,777,2025-12-04,2025-12-15,2025-12-05,United Kingdom,London,4.29
128905,2799,04.12.2025,12/12/2025,2025-12-07,Netherlands,Amsterdam,-16.86
128907,1840,2025-12-04,12.12.2025,"Dec 12, 2025",Poland,Wroclaw,6.36
128914,935,"Dec 04, 2025",2025-12-17,2025-12-08,Sweden,Gothenburg,9.0
128915,696,12/04/2025,09.12.2025,14.12.2025,United Kingdom,Liverpool,23.31
128917,1954,2025-12-04,"Dec 17, 2025",2025-12-06,Poland,Warsaw,5.5
128918,1147,2025-12-04,12/13/2025,09/12/2025,United Kingdom,London,10.74
128919,1858,"Dec 04, 2025",2025-12-14,2025-12-10,Germany,Hamburg,25.97
128920,2917,04.12.2025,11.12.2025,2025-12-14,Czech Republic,Brno,28.84
128921,412,2025-12-04,07/12/2025,13/12/2025,Poland,Warsaw,12.76
128922,2287,12/04/2025,07/12/2025,2025-12-07,USA,Denver,38.5
128923,934,"Dec 04, 2025",13/12/2025,2025-12-05,France,Marseille,12.05
128932,1472,1900-01-01,08.12.2025,11/12/2025,Italy,Rome,15.19
128933,2361,2025-12-05,12/16/2025,12/06/2025,France,Paris,27.0
128935,1577,2025-12-05,"Dec 17, 2025",12/10/2025,Germany,Cologne,5.11
128941,2404,"Dec 05, 2025",2025-12-12,14/12/2025,Austria,Salzburg,15.8
128942,647,2025-12-05,13.12.2025,2025-12-12,Italy,Turin,23.61
128949,89,"Dec 05, 2025",12/12/2025,"Dec 14, 2025",USA,Denver,11.09
128950,1665,2025-12-05,2025-12-10,2025-12-13,France,Lyon,12.57
128951,612,2025-12-05,17/12/2025,12/07/2025,Netherlands,Amsterdam,22.35
128952,2614,05.12.2025,"Dec 12, 2025",10.12.2025,Canada,Montreal,13.41
128953,2499,05.12.2025,2025-12-13,13/12/2025,Spain,Barcelona,46.13
128957,2536,12/05/2025,09/12/2025,2025-12-12,USA,Denver,13.83
128961,2677,05/12/2025,2025-12-15,2025-12-10,Netherlands,Utrecht,9.42
128966,1226,12/05/2025,12/18/2025,12/12/2025,Poland,Lodz,16.83
128978,932,"Dec 06, 2025",2025-12-14,,USA,Boston,20.68
128985,307,06/12/2025,2025-12-18,,Czech Republic,Prague,17.11
128986,2042,12/06/2025,2025-12-12,,Spain,Barcelona,13.77
128995,1154,"Dec 06, 2025",11/12/2025,,Norway,Trondheim,34.03
129000,2965,2025-12-07,12/20/2025,10.12.2025,Italy,Turin,17.81
129004,1979,12/07/2025,2025-12-12,"Dec 13, 2025",France,Toulouse,26.95
129007,884,07.12.2025,"Dec 14, 2025",,Poland,Gdansk,29.69
129008,556,2025-12-07,15/12/2025,,Sweden,Uppsala,15.96
129009,2337,2025-12-07,13/12/2025,2025-12-09,Poland,Gdansk,41.83
129010,1481,"Dec 07, 2025",2025-12-19,12/16/2025,Germany,Cologne,5.31
129012,656,2025-12-07,20.12.2025,2025-12-12,Italy,Turin,15.77
129015,942,2025-12-07,2025-12-18,"Dec 13, 2025",Italy,Turin,9.36
129017,880,2025-12-07,2025-12-12,12.12.2025,Spain,Valencia,8.62
129021,887,2025-12-07,16/12/2025,2025-12-18,France,Marseille,5.13
129028,1901,07.12.2025,2025-12-12,,Sweden,Gothenburg,29.66
129030,145,2025-12-07,2025-12-12,,Italy,Florence,9.32
129031,1810,2025-12-08,13/12/2025,2025-12-12,France,Lyon,16.15
129033,359,08.12.2025,2025-12-11,2025-12-10,Germany,Munich,16.57
129039,798,08/12/2025,17/12/2025,12/10/2025,Poland,Krakow,17.44
129040,1548,12/08/2025,14/12/2025,2025-12-18,France,Lyon,30.47
129050,461,2025-12-08,2025-12-20,,Spain,Valencia,27.79
129054,1120,"Dec 08, 2025",2025-12-19,09/12/2025,Netherlands,Utrecht,13.15
129056,1884,08/12/2025,"Dec 17, 2025",2025-12-16,Spain,Barcelona,6.58
129057,2550,08.12.2025,12/15/2025,19/12/2025,Poland,Warsaw,27.66
129061,2975,2025-12-08,11.12.2025,"Dec 15, 2025",Poland,Krakow,20.8
129065,1865,09.12.2025,2025-12-21,,France,Toulouse,25.32
129075,1894,"Dec 09, 2025",15.12.2025,2025-12-14,Italy,Turin,13.24
129084,1499,2025-12-09,2025-12-19,2025-12-13,France,Paris,34.55
129086,1189,2025-12-09,2025-12-13,14/12/2025,Canada,Ottawa,21.39
129087,1001,09/12/2025,2025-12-18,2025-12-13,Austria,Linz,9.69
129088,1157,"Dec 09, 2025",18.12.2025,2025-12-16,USA,New York,15.02
129089,2590,"Dec 09, 2025",12/15/2025,13/12/2025,United Kingdom,London,24.36
129093,2544,10.12.2025,2025-12-20,2025-12-13,France,Toulouse,9.26
129095,678,2025-12-10,2025-12-16,"Dec 20, 2025",Italy,Turin,10.13
129103,2557,2025-12-10,2025-12-16,,Poland,Warsaw,4.47
129107,2675,2025-12-10,2025-12-17,,Czech Republic,Prague,18.09
129108,2015,2025-12-10,13/12/2025,"Dec 11, 2025",Germany,Munich,9.62
129113,918,2025-12-10,16/12/2025,2025-12-21,USA,Chicago,13.49
129116,2989,2025-12-10,2025-12-18,,France,Lyon,22.28
129124,1499,10/12/2025,2025-12-18,2025-12-21,France,Paris,12.59
129127,82,2025-12-10,16/12/2025,2025-12-19,France,Lyon,4.76
129128,612,10.12.2025,16.12.2025,,Netherlands,Amsterdam,49.49
129129,426,10/12/2025,2025-12-17,2025-12-15,France,Nice,7.27
129130,159,11/12/2025,2025-12-17,"Dec 13, 2025",Norway,Trondheim,12.8
129131,2416,12/11/2025,23/12/2025,15.12.2025,Sweden,Malmo,18.02
129134,639,12/11/2025,2025-12-22,2025-12-18,France,Paris,25.78
129138,984,11.12.2025,18/12/2025,,France,Lyon,6.39
129140,1872,2025-12-11,"Dec 24, 2025",12/22/2025,Czech Republic,Ostrava,29.94
129141,1938,2025-12-11,2025-12-19,12/12/2025,Germany,Cologne,27.07
129144,1775,2025-12-11,12/22/2025,2025-12-21,France,Toulouse,25.21
129148,1973,11.12.2025,19.12.2025,,Germany,Frankfurt,5.32
129150,1690,2025-12-11,2025-12-15,"Dec 13, 2025",Canada,Calgary,5.73
129152,2677,2025-12-11,2025-12-21,,Netherlands,Utrecht,23.86
129160,1578,12/12/2025,15.12.2025,12/20/2025,Poland,Poznan,12.29
129162,2066,2025-12-12,20/12/2025,19/12/2025,Spain,Valencia,16.19
129163,1238,12/12/2025,2025-12-22,2025-12-19,United Kingdom,Liverpool,20.95
129166,2335,12/12/2025,2025-12-17,,Germany,Berlin,11.62
129168,1550,12.12.2025,2025-12-20,,France,Paris,19.89
129174,2009,12/12/2025,2025-12-16,12/21/2025,Italy,Naples,7.74
129176,2007,12/12/2025,12/25/2025,"Dec 21, 2025",Norway,Trondheim,16.66
129177,2556,2025-12-12,16/12/2025,2025-12-17,Spain,Seville,11.58
129181,1691,2025-12-12,2025-12-20,20/12/2025,Poland,Lodz,8.88
129190,1814,2025-12-13,2025-12-17,2025-12-16,Germany,Munich,18.92
129192,1966,13/12/2025,12/26/2025,2025-12-21,Canada,Ottawa,16.65
129193,2863,2025-12-13,2025-12-16,2025-12-20,France,Paris,10.44
129196,54,12/13/2025,2025-12-16,2025-12-24,Germany,Frankfurt,32.19
129198,1591,2025-12-13,2025-12-25,2025-12-17,Canada,Vancouver,18.36
129199,1728,2025-12-13,"Dec 19, 2025",21/12/2025,Netherlands,Utrecht,11.88
129200,705,13/12/2025,12/17/2025,2025-12-16,Poland,Poznan,26.54
129201,593,"Dec 13, 2025",2025-12-24,2025-12-22,USA,New York,9.23
129203,318,13/12/2025,20.12.2025,2025-12-17,USA,Chicago,11.12
129208,2553,2025-12-14,22/12/2025,18/12/2025,Spain,Madrid,18.34
129212,734,2025-12-14,20/12/2025,"Dec 17, 2025",Norway,Stavanger,28.78
129213,1966,14.12.2025,"Dec 26, 2025","Dec 22, 2025",Canada,Ottawa,23.04
129220,1555,2025-12-14,2025-12-24,"Dec 18, 2025",Czech Republic,Brno,17.2
129223,1234,2025-12-14,2025-12-20,2025-12-20,Canada,Toronto,12.91
129224,2646,14.12.2025,2025-12-20,,United Kingdom,Bristol,25.77
129234,872,2025-12-14,2025-12-25,,Netherlands,Rotterdam,16.3
129235,882,14.12.2025,2025-12-22,,France,Lyon,8.2
129236,495,14.12.2025,2025-12-27,2025-12-25,France,Paris,9.13
129238,2440,14.12.2025,12/17/2025,2025-12-17,Germany,Munich,8.05
129242,732,2025-12-14,2025-12-21,,Spain,Valencia,12.6
129244,734,2025-12-14,2025-12-18,2025-12-18,Norway,Stavanger,18.16
129246,758,2025-12-14,18.12.2025,2025-12-25,France,Toulouse,21.85
129252,2402,"Dec 14, 2025",2025-12-22,2025-12-21,Germany,Munich,11.65
129256,2236,2025-12-14,26/12/2025,,Poland,Warsaw,10.73
129259,1938,2025-12-14,17/12/2025,2025-12-17,Germany,Cologne,16.78
129261,746,12/14/2025,2025-12-23,12/21/2025,France,Nice,13.79
129265,2056,14/12/2025,2025-12-26,"Dec 24, 2025",Germany,Cologne,11.34
129268,2535,14.12.2025,2025-12-17,2025-12-23,Germany,Cologne,14.42
129270,881,12/14/2025,21.12.2025,12/18/2025,Netherlands,Eindhoven,31.24
129272,1322,2025-12-14,12/20/2025,,Spain,Barcelona,19.24
129276,2099,15.12.2025,21/12/2025,,Italy,Naples,24.3
129278,1323,15/12/2025,18/12/2025,,Sweden,Malmo,28.08
129281,2659,1900-01-01,2025-12-20,2025-12-18,France,Toulouse,51.84
129284,1606,2025-12-15,25/12/2025,22/12/2025,Spain,Bilbao,9.96
129287,2524,"Dec 15, 2025","Dec 28, 2025",22.12.2025,Italy,Rome,11.87
129289,1057,"Dec 15, 2025",2025-12-20,26/12/2025,Spain,Valencia,8.41
129297,1971,12/15/2025,27.12.2025,12/21/2025,Netherlands,Utrecht,13.58
129298,1054,"Dec 15, 2025",2025-12-19,"Dec 24, 2025",Netherlands,Amsterdam,6.77
129301,481,15/12/2025,2025-12-18,2025-12-17,Canada,Ottawa,27.66
129302,1668,"Dec 15, 2025",12/28/2025,2025-12-25,USA,Seattle,21.95
129307,1238,2025-12-15,25.12.2025,,United Kingdom,Liverpool,-24.08
129308,2312,15.12.2025,26/12/2025,2025-12-23,Austria,Vienna,11.73
129310,2379,15.12.2025,12/19/2025,17/12/2025,Czech Republic,Brno,16.39
129313,668,2025-12-15,2025-12-25,21/12/2025,Germany,Munich,16.92
129315,1277,15/12/2025,2025-12-21,2025-12-22,United Kingdom,Manchester,30.69
129317,679,"Dec 15, 2025",2025-12-27,,Czech Republic,Pilsen,21.5
129318,2931,12/15/2025,20/12/2025,,Poland,Gdansk,36.52
129319,1684,2025-12-15,2025-12-24,2025-12-25,Germany,Hamburg,20.66
129320,31,12/15/2025,12/25/2025,2025-12-18,Netherlands,Rotterdam,18.22
129321,2555,2025-12-15,2025-12-19,2025-12-25,USA,Chicago,9.4
129322,2445,"Dec 15, 2025",2025-12-22,,Italy,Naples,14.8
129324,685,12/15/2025,28/12/2025,2025-12-21,Spain,Valencia,16.62
129327,518,2025-12-15,2025-12-23,12/25/2025,Germany,Hamburg,16.88
129328,536,15/12/2025,23.12.2025,2025-12-20,Poland,Krakow,4.79
129330,2202,15/12/2025,2025-12-28,2025-12-24,Poland,Krakow,4.59
129331,165,12/15/2025,"Dec 20, 2025",2025-12-21,Germany,Hamburg,25.47
129334,1303,2025-12-15,22.12.2025,,Germany,Cologne,30.13
129336,2115,2025-12-15,"Dec 18, 2025",25/12/2025,Poland,Poznan,36.93
129342,777,2025-12-15,2025-12-20,2025-12-20,United Kingdom,London,36.45
129343,1332,2025-12-15,"Dec 27, 2025",,Austria,Graz,6.54
129344,281,2025-12-15,2025-12-18,,Canada,Montreal,17.03
129345,1952,15.12.2025,23/12/2025,2025-12-22,Netherlands,Eindhoven,13.68
129346,540,12/15/2025,"Dec 27, 2025",,USA,Boston,12.44
129349,8,2025-12-15,2025-12-24,20/12/2025,Netherlands,Utrecht,38.41
129351,710,15.12.2025,12/25/2025,"Dec 25, 2025",Germany,Hamburg,16.88
129353,50,2025-12-15,2025-12-18,2025-12-19,Canada,Vancouver,6.45
129357,1621,2025-12-15,12/19/2025,2025-12-20,Italy,Florence,28.76
129358,2922,2025-12-15,2025-12-18,12/22/2025,Poland,Warsaw,14.5
129361,121,2025-12-15,2025-12-24,16.12.2025,Germany,Frankfurt,21.52
129365,388,15.12.2025,2025-12-25,26/12/2025,Sweden,Gothenburg,12.54
129367,919,2025-12-15,"Dec 28, 2025",,Czech Republic,Prague,16.13
129368,2891,2025-12-15,2025-12-28,26/12/2025,Canada,Vancouver,7.53
129370,2651,15/12/2025,2025-12-24,"Dec 16, 2025",Italy,Rome,31.22
129376,1268,12/15/2025,2025-12-23,22.12.2025,France,Marseille,17.68
129380,2394,2025-12-15,2025-12-25,2025-12-17,Spain,Bilbao,18.46
129383,2613,"Dec 15, 2025",22.12.2025,25/12/2025,Germany,Munich,4.49
129387,1052,2025-12-15,12/27/2025,"Dec 25, 2025",Canada,Ottawa,43.93
129388,2557,15.12.2025,"Dec 24, 2025",2025-12-17,Poland,Warsaw,35.94
129389,120,2025-12-15,2025-12-19,"Dec 22, 2025",Italy,Rome,10.32
129393,1002,2025-12-15,2025-12-18,22/12/2025,USA,Chicago,38.45
129396,1295,12/15/2025,2025-12-24,18.12.2025,USA,Denver,7.73
129397,1773,2025-12-15,20/12/2025,23/12/2025,United Kingdom,London,6.15
129399,1707,2025-12-15,12/25/2025,20/12/2025,Austria,Linz,11.32
129400,1550,2025-12-15,2025-12-28,2025-12-26,France,Paris,32.25
129416,755,"Dec 15, 2025",12/20/2025,,Poland,Gdansk,12.01
129417,1415,15.12.2025,22/12/2025,2025-12-22,Netherlands,Amsterdam,21.5
129425,1044,15/12/2025,28.12.2025,12/25/2025,Sweden,Uppsala,12.12
129426,818,2025-12-15,18.12.2025,12/22/2025,Germany,Hamburg,23.17
129429,2419,2025-12-15,2025-12-21,2025-12-25,Austria,Salzburg,8.59
129443,2063,15/12/2025,20/12/2025,2025-12-24,Poland,Krakow,5.03
129447,1707,2025-12-15,"Dec 18, 2025","Dec 24, 2025",Austria,Linz,9.96
129450,1011,2025-12-15,12/18/2025,2025-12-25,Spain,Seville,10.75
129454,705,2025-12-15,2025-12-19,2025-12-17,Poland,Poznan,6.86
129458,731,2025-12-16,24.12.2025,25/12/2025,USA,Seattle,21.01
129460,572,2025-12-16,2025-12-27,2025-12-21,Spain,Bilbao,14.92
129463,2243,"Dec 16, 2025",19/12/2025,12/17/2025,Sweden,Malmo,22.89
129469,2353,2025-12-16,2025-12-24,,Italy,Turin,29.96
129472,2319,12/16/2025,"Dec 26, 2025",2025-12-19,Netherlands,Amsterdam,35.36
129473,2976,16.12.2025,25/12/2025,25.12.2025,USA,Seattle,6.34
129474,1165,2025-12-16,21/12/2025,24.12.2025,Poland,Gdansk,16.98
129476,2651,12/16/2025,2025-12-27,23.12.2025,Italy,Rome,6.9
129477,1037,"Dec 16, 2025",12/26/2025,2025-12-25,Canada,Montreal,12.65
129481,1613,2025-12-16,19.12.2025,27.12.2025,France,Nice,4.34
129488,1860,2025-12-16,2025-12-22,"Dec 24, 2025",Germany,Frankfurt,26.57
129489,1689,2025-12-16,"Dec 25, 2025",21.12.2025,Germany,Hamburg,20.05
129491,2184,16/12/2025,2025-12-24,2025-12-24,Canada,Calgary,25.76
129492,1864,16.12.2025,2025-12-24,26.12.2025,Netherlands,Utrecht,8.49
129494,1052,12/16/2025,2025-12-22,21/12/2025,Canada,Ottawa,10.54
129498,1550,2025-12-16,2025-12-27,2025-12-23,France,Paris,13.35
129504,1752,16/12/2025,"Dec 24, 2025",2025-12-24,Poland,Warsaw,13.55
129506,2618,16/12/2025,27.12.2025,2025-12-22,USA,Denver,8.75
129509,1913,2025-12-16,2025-12-29,,Italy,Milan,15.91
129511,2858,16.12.2025,12/24/2025,27/12/2025,Germany,Munich,22.05
129512,1280,2025-12-16,2025-12-19,25.12.2025,Netherlands,Rotterdam,16.7
129513,876,16/12/2025,2025-12-19,2025-12-21,Netherlands,Eindhoven,7.39
129514,389,16.12.2025,2025-12-25,2025-12-21,Poland,Wroclaw,5.57
129522,2480,17/12/2025,2025-12-27,23.12.2025,Norway,Stavanger,21.08
129524,1486,12/17/2025,2025-12-23,12/28/2025,France,Toulouse,18.86
129526,720,12/17/2025,12/25/2025,,Netherlands,Eindhoven,26.29
129527,1900,17.12.2025,"Dec 28, 2025",21/12/2025,Germany,Berlin,8.78
129529,367,2025-12-17,2025-12-21,,Spain,Madrid,6.08
129530,1195,12/17/2025,"Dec 28, 2025",2025-12-27,Poland,Warsaw,14.43
129533,983,"Dec 17, 2025",2025-12-20,2025-12-18,Spain,Valencia,6.15
129538,2493,12/17/2025,2025-12-25,26/12/2025,Germany,Hamburg,18.95
129539,1789,"Dec 17, 2025",2025-12-21,12/20/2025,Germany,Hamburg,10.8
129540,783,2025-12-17,24/12/2025,24/12/2025,France,Lyon,21.57
129542,1235,17/12/2025,"Dec 29, 2025",2025-12-19,Sweden,Gothenburg,21.79
129543,2626,2025-12-17,2025-12-30,26/12/2025,USA,Chicago,12.39
129544,2799,2025-12-17,2025-12-21,2025-12-23,Netherlands,Amsterdam,38.75
129546,1225,17.12.2025,2025-12-28,,Spain,Valencia,20.57
129547,2251,17/12/2025,2025-12-22,,Poland,Krakow,10.91
129552,1372,2025-12-18,"Dec 26, 2025",2025-12-20,United Kingdom,Manchester,21.26
129553,413,2025-12-18,2025-12-25,24.12.2025,Netherlands,Utrecht,9.69
129554,2778,"Dec 18, 2025",30.12.2025,24/12/2025,Netherlands,Eindhoven,16.43
129556,663,2025-12-18,2025-12-25,,Germany,Hamburg,11.13
129557,1782,18/12/2025,2025-12-22,"Dec 29, 2025",United Kingdom,London,9.25
129565,1670,12/18/2025,12/30/2025,2025-12-24,Poland,Warsaw,30.76
129568,830,19/12/2025,2025-12-28,2025-12-20,Germany,Frankfurt,22.17
129571,2211,2025-12-19,2025-12-22,"Dec 23, 2025",France,Paris,18.29
129574,1278,"Dec 19, 2025",30/12/2025,20.12.2025,Sweden,Gothenburg,14.07
129575,2951,19.12.2025,"Dec 28, 2025",12/25/2025,France,Nice,9.39
129578,2395,2025-12-19,31/12/2025,12/23/2025,Netherlands,Eindhoven,7.86
129580,2666,2025-12-19,12/25/2025,2025-12-21,Poland,Gdansk,19.89
129582,76,19.12.2025,2025-12-22,,Germany,Hamburg,16.03
129590,2361,2025-12-19,30/12/2025,2025-12-29,France,Paris,10.07
129595,745,20/12/2025,28.12.2025,2025-12-29,Italy,Florence,18.17
129596,462,20.12.2025,12/30/2025,22/12/2025,Canada,Toronto,37.57
129599,13,2025-12-20,"Dec 24, 2025",21.12.2025,Italy,Rome,4.04
129600,1459,20.12.2025,23/12/2025,26.12.2025,Norway,Trondheim,30.79
129603,821,20/12/2025,2026-01-01,27/12/2025,France,Paris,16.31
129611,718,2025-12-20,2025-12-25,29.12.2025,Poland,Warsaw,-9.6
129615,1750,2025-12-20,2025-12-29,22.12.2025,France,Lyon,-18.04
129617,380,20/12/2025,2025-12-27,,Germany,Munich,16.22
129619,2783,2025-12-20,2025-12-31,12/30/2025,Italy,Milan,26.44
129621,1660,2025-12-20,24.12.2025,2025-12-31,Czech Republic,Brno,14.86
129628,891,2025-12-20,2025-12-28,12/28/2025,Czech Republic,Prague,7.33
129630,220,20/12/2025,2025-12-25,2025-12-29,Poland,Warsaw,16.23
129631,1506,2025-12-21,12/25/2025,27/12/2025,Czech Republic,Ostrava,-28.84
129632,2419,"Dec 21, 2025",2026-01-03,25.12.2025,Austria,Salzburg,7.51
129634,1973,21.12.2025,"Jan 03, 2026",31/12/2025,Germany,Frankfurt,21.97
129640,2660,21/12/2025,01/01/2026,2025-12-26,Norway,Stavanger,13.92
129642,2026,2025-12-21,2025-12-28,12/24/2025,United Kingdom,Manchester,5.15
129643,2177,"Dec 21, 2025","Dec 30, 2025",2025-12-27,Germany,Berlin,11.77
129647,2470,2025-12-21,"Dec 27, 2025",2025-12-25,United Kingdom,Leeds,62.46
129648,2737,"Dec 21, 2025",2026-01-02,01.01.2026,Canada,Vancouver,41.56
129651,2475,2025-12-21,2026-01-01,12/27/2025,Germany,Munich,17.51
129658,2075,2025-12-21,2025-12-24,29/12/2025,Poland,Warsaw,10.33
129660,208,2099-01-01,28/12/2025,2025-12-28,Poland,Warsaw,15.54
129661,2872,2025-12-21,2025-12-25,2025-12-25,France,Toulouse,21.03
129663,2615,2099-01-01,01.01.2026,,Germany,Hamburg,9.82
129669,2951,2025-12-22,2026-01-03,2026-01-02,France,Nice,22.44
129671,1715,2025-12-22,2025-12-27,2025-12-29,Spain,Seville,18.08
129673,55,12/22/2025,02.01.2026,2025-12-24,Netherlands,Amsterdam,13.06
129678,2258,2025-12-22,2025-12-26,"Dec 27, 2025",Czech Republic,Brno,7.17
129680,2719,2025-12-22,26/12/2025,,France,Toulouse,21.94
129681,1094,2025-12-22,25.12.2025,31.12.2025,Poland,Wroclaw,11.73
129682,2544,2025-12-22,"Jan 02, 2026",2025-12-31,France,Toulouse,19.48
129691,1665,22/12/2025,2025-12-29,12/31/2025,France,Lyon,4.51
129695,488,2025-12-22,2025-12-30,12/28/2025,United Kingdom,Liverpool,14.32
129699,1636,22.12.2025,2025-12-31,,France,Paris,15.48
129702,2936,12/23/2025,2025-12-28,2025-12-29,Czech Republic,Brno,15.31
129705,2624,23/12/2025,31/12/2025,2026-01-01,Italy,Rome,17.51
129706,2300,"Dec 23, 2025",2025-12-28,24.12.2025,France,Marseille,20.14
129711,1884,2025-12-23,2025-12-31,,Spain,Barcelona,14.55
129713,29,23.12.2025,30/12/2025,2025-12-30,United Kingdom,Manchester,11.58
129714,2874,2025-12-23,27/12/2025,28/12/2025,United Kingdom,Bristol,14.16
129716,2771,23/12/2025,"Jan 05, 2026",2025-12-24,USA,New York,21.15
129717,2978,2025-12-23,27/12/2025,2025-12-30,Germany,Hamburg,8.09
129719,1789,2025-12-23,29/12/2025,"Dec 29, 2025",Germany,Hamburg,9.62
129724,768,2025-12-23,28/12/2025,"Dec 28, 2025",Poland,Poznan,31.57
129725,1568,2025-12-23,2025-12-30,,Poland,Warsaw,5.56
129734,2403,"Dec 24, 2025",05/01/2026,04.01.2026,Netherlands,Eindhoven,18.6
129735,2957,2025-12-24,2025-12-31,,United Kingdom,Leeds,22.81
129737,2614,2025-12-24,"Dec 30, 2025",04/01/2026,Canada,Montreal,21.43
129738,1493,24.12.2025,28/12/2025,,France,Nice,17.48
129740,1491,2025-12-24,2026-01-01,01/01/2026,France,Paris,21.85
129741,787,2025-12-24,2026-01-01,31.12.2025,USA,Austin,7.19
129745,1892,"Dec 24, 2025",05/01/2026,28.12.2025,Germany,Hamburg,6.1
129747,1814,"Dec 24, 2025",27/12/2025,01/04/2026,Germany,Munich,18.78
129749,250,2025-12-24,2025-12-29,04/01/2026,Austria,Linz,10.41
129755,228,24/12/2025,01/05/2026,2025-12-30,Germany,Frankfurt,33.53
129758,462,2025-12-24,05.01.2026,2025-12-25,Canada,Toronto,23.12
129759,2146,12/24/2025,2026-01-02,2025-12-30,Germany,Hamburg,13.44
129760,74,"Dec 24, 2025",12/27/2025,2025-12-29,Germany,Hamburg,15.83
129761,2917,"Dec 25, 2025",2026-01-05,27/12/2025,Czech Republic,Brno,14.17
129770,2323,25/12/2025,30/12/2025,"Jan 01, 2026",USA,Boston,14.33
129771,837,25/12/2025,02.01.2026,"Jan 04, 2026",Italy,Rome,6.99
129775,2478,25.12.2025,05/01/2026,2025-12-28,Norway,Bergen,23.55
129776,358,2025-12-25,2025-12-28,30.12.2025,Poland,Warsaw,18.53
129784,1926,2025-12-25,2025-12-29,2025-12-30,France,Nice,26.61
129789,1777,25.12.2025,"Jan 06, 2026",2025-12-29,USA,Chicago,18.29
129791,609,2025-12-25,31.12.2025,31/12/2025,Spain,Madrid,8.97
129800,606,"Dec 26, 2025",01/08/2026,2026-01-05,Sweden,Gothenburg,16.85
129801,972,26/12/2025,12/31/2025,31/12/2025,Poland,Krakow,6.81
129803,2454,2025-12-26,"Jan 01, 2026",28/12/2025,Poland,Gdansk,9.2
129811,2921,2025-12-26,07.01.2026,12/29/2025,Netherlands,Rotterdam,17.76
129812,1070,26/12/2025,04/01/2026,30/12/2025,Poland,Lodz,7.49
129814,2123,2025-12-26,06.01.2026,,France,Nice,35.9
129820,2072,2025-12-26,2025-12-31,01/01/2026,Germany,Cologne,15.55
129821,2436,2025-12-26,12/30/2025,2026-01-04,Austria,Salzburg,10.62
129822,773,12/26/2025,2026-01-06,02.01.2026,Norway,Stavanger,5.03
129824,974,2025-12-26,2026-01-08,2025-12-27,Germany,Frankfurt,12.55
129825,2823,26.12.2025,2026-01-04,28.12.2025,Netherlands,Rotterdam,12.94
129826,1798,26/12/2025,2025-12-30,01/02/2026,Germany,Frankfurt,15.88
129827,1997,26/12/2025,01/06/2026,"Jan 06, 2026",Austria,Salzburg,9.31
129832,26,"Dec 26, 2025",2025-12-29,2026-01-02,Czech Republic,Brno,13.7
129835,1597,27/12/2025,2026-01-08,2026-01-03,Poland,Krakow,15.25
129839,1220,27.12.2025,2026-01-07,06.01.2026,Czech Republic,Ostrava,8.05
129842,2479,27.12.2025,05/01/2026,12/29/2025,Italy,Rome,37.86
129847,1724,2025-12-27,09.01.2026,,Canada,Montreal,19.23
129848,2401,27.12.2025,12/30/2025,2025-12-29,Czech Republic,Pilsen,10.76
129851,2712,2025-12-27,12/30/2025,07.01.2026,France,Toulouse,19.07
129852,116,2025-12-27,01/05/2026,30.12.2025,United Kingdom,London,21.89
129854,601,27/12/2025,12/30/2025,01/06/2026,Austria,Graz,24.16
129860,2589,2025-12-27,09.01.2026,,Norway,Trondheim,11.6
129864,893,"Dec 27, 2025",2026-01-03,2025-12-30,Spain,Valencia,25.22
129865,771,2025-12-28,2026-01-09,2026-01-03,USA,Boston,24.95
129866,2671,"Dec 28, 2025",2025-12-31,2025-12-29,Poland,Wroclaw,13.22
129869,2139,2025-12-28,"Jan 10, 2026",30/12/2025,Poland,Lodz,6.85
129870,748,"Dec 28, 2025",2026-01-01,,Germany,Berlin,29.88
129874,731,28.12.2025,2025-12-31,2026-01-05,USA,Seattle,18.49
129876,866,2025-12-28,01/01/2026,2025-12-30,Poland,Krakow,9.13
129877,2616,2025-12-28,"Jan 05, 2026",2025-12-31,Canada,Montreal,16.32
129878,943,"Dec 28, 2025",10/01/2026,,Spain,Seville,13.8
129881,376,28/12/2025,05.01.2026,2026-01-05,Poland,Poznan,13.15
129883,1603,2025-12-28,10.01.2026,01/01/2026,Sweden,Uppsala,17.78
129884,1571,28.12.2025,08/01/2026,"Dec 30, 2025",Sweden,Malmo,7.22
129886,1098,2025-12-28,03/01/2026,2026-01-01,Germany,Berlin,4.03
129887,145,2025-12-28,2026-01-01,31/12/2025,Italy,Florence,26.32
129888,1924,2025-12-28,01/06/2026,2025-12-31,France,Lyon,30.35
129892,571,2025-12-28,01/02/2026,12/30/2025,Czech Republic,Brno,10.15
129894,1108,"Dec 28, 2025",01/01/2026,,USA,New York,4.82
129895,53,28.12.2025,31/12/2025,"Jan 05, 2026",Italy,Rome,31.97
129896,1933,28.12.2025,2026-01-09,31.12.2025,USA,Chicago,23.81
129898,2217,"Dec 29, 2025",2026-01-08,,Germany,Munich,14.17
129902,1935,29.12.2025,2026-01-08,"Jan 02, 2026",Spain,Seville,16.6
129907,1201,29.12.2025,2026-01-02,06/01/2026,Poland,Warsaw,5.12
129912,2626,12/29/2025,2026-01-05,2025-12-30,USA,Chicago,31.63
129916,2635,29/12/2025,01/06/2026,2026-01-09,Poland,Krakow,37.95
129918,2926,29/12/2025,03.01.2026,07.01.2026,Italy,Milan,23.9
129923,208,2025-12-29,2026-01-09,2026-01-03,Poland,Warsaw,19.56
129928,932,2025-12-29,04/01/2026,2026-01-01,USA,Boston,18.43
129934,249,2025-12-29,2026-01-10,30/12/2025,Austria,Vienna,18.07
129936,2987,2025-12-30,10.01.2026,2025-12-31,Poland,Krakow,12.96
129938,1928,30/12/2025,11.01.2026,06.01.2026,Italy,Turin,13.93
129939,447,2025-12-30,07/01/2026,"Jan 10, 2026",France,Marseille,15.04
129941,2449,2025-12-30,2026-01-05,03/01/2026,Canada,Toronto,4.99
129945,2767,2025-12-30,"Jan 06, 2026",08.01.2026,Canada,Calgary,11.71
129948,1815,"Dec 30, 2025",2026-01-12,2025-12-31,Germany,Berlin,5.73
129949,1005,2025-12-30,"Jan 02, 2026",2026-01-01,Poland,Warsaw,8.99
129951,480,"Dec 30, 2025",01/03/2026,2026-01-02,Sweden,Gothenburg,18.84
129955,1633,2025-12-30,10/01/2026,2026-01-10,France,Nice,25.95
129956,966,2025-12-30,"Jan 04, 2026",01/01/2026,Netherlands,Eindhoven,5.3
129961,976,30/12/2025,"Jan 10, 2026","Jan 03, 2026",USA,Austin,7.58
129962,1038,2025-12-30,2026-01-03,2026-01-08,Sweden,Stockholm,35.44
129967,255,2025-12-31,2026-01-12,09/01/2026,Norway,Stavanger,4.82
129969,2806,2025-12-31,2026-01-11,"Jan 04, 2026",USA,Denver,27.33
129970,1405,31/12/2025,2026-01-13,2026-01-03,Germany,Berlin,49.2
129974,376,12/31/2025,01/04/2026,10.01.2026,Poland,Poznan,11.74
129978,2058,2025-12-31,"Jan 03, 2026",2026-01-01,USA,New York,14.83
129981,1135,31/12/2025,01/10/2026,2026-01-09,Canada,Montreal,38.36
129982,1322,2025-12-31,08.01.2026,2026-01-01,Spain,Barcelona,37.18
129983,2517,2025-12-31,"Jan 13, 2026",2026-01-05,United Kingdom,Bristol,39.25
129989,1555,2025-12-31,"Jan 13, 2026",01/09/2026,Czech Republic,Brno,24.29
129994,1283,2025-12-31,2026-01-05,2026-01-08,France,Marseille,14.78
129995,2645,2025-12-31,01/07/2026,01/01/2026,USA,Denver,7.31
129997,648,31/12/2025,2026-01-07,"Jan 06, 2026",France,Marseille,31.42
129999,1279,31/12/2025,01/11/2026,03.01.2026,United Kingdom,Liverpool,10.16
108517,1226,2023-11-23,2023-11-26,04/12/2023,Poland,Lodz,34.33
118537,2719,2024-11-23,2024-11-26,,France,Toulouse,9.26
103773,1060,2023-06-07,10.06.2023,"Jun 18, 2023",United Kingdom,Leeds,15.8
101111,946,18/02/2023,02/03/2023,2023-03-01,Czech Republic,Brno,17.95
107696,1049,10/30/2023,11/09/2023,,Czech Republic,Ostrava,21.5
113539,1989,2024-05-30,11/06/2024,2024-06-10,Canada,Toronto,18.93
119913,1380,2024-12-28,06/01/2025,29/12/2024,Norway,Oslo,7.92
104731,2965,12/07/2023,21/07/2023,"Jul 16, 2023",Italy,Turin,31.34
101102,887,18/02/2023,2023-02-28,2023-02-21,France,Marseille,-11.58
120674,2205,"Jan 27, 2025",07.02.2025,,Spain,Madrid,11.84
116550,1491,2024-09-19,09/22/2024,,France,Paris,11.95
114906,830,2024-07-13,21.07.2024,19.07.2024,Germany,Frankfurt,9.17
123760,2997,2025-06-03,2025-06-12,13/06/2025,Poland,Poznan,17.76
122265,631,07/04/2025,2025-04-11,04/14/2025,Spain,Bilbao,16.84
118882,2419,2024-11-29,2024-12-07,"Dec 08, 2024",Austria,Salzburg,13.15
113372,1950,2024-05-23,"May 30, 2024",2024-06-01,United Kingdom,Bristol,23.4
126600,184,24/09/2025,"Sep 27, 2025",27.09.2025,United Kingdom,Manchester,15.04
126928,794,10/06/2025,17/10/2025,2025-10-09,Spain,Madrid,21.08
103142,223,12/05/2023,2023-05-21,,France,Toulouse,14.5
129192,1966,13/12/2025,12/26/2025,2025-12-21,Canada,Ottawa,16.65
108245,1665,2023-11-16,11/29/2023,,France,Lyon,17.97
101833,1405,2023-03-19,2023-03-23,,Germany,Berlin,13.99
107732,2643,2023-11-01,2023-11-09,10.11.2023,France,Paris,5.32
109187,1713,07/12/2023,2023-12-10,2023-12-16,USA,Austin,30.34
120752,821,2025-01-31,2025-02-07,2025-02-01,France,Paris,8.47
111786,2212,17/03/2024,2024-03-27,2024-03-21,Austria,Linz,13.87
101134,798,2023-02-19,2023-02-25,,Poland,Krakow,9.63
122847,53,"May 01, 2025",2025-05-14,12/05/2025,Italy,Rome,20.0
102606,1444,19/04/2023,2023-05-02,04/29/2023,France,Marseille,17.58
121510,1110,2025-03-04,12.03.2025,03/08/2025,USA,New York,86.82
126868,2365,04/10/2025,17/10/2025,"Oct 08, 2025",France,Nice,12.76
107177,1830,2023-10-15,25/10/2023,26/10/2023,Italy,Florence,14.98
109662,1675,2023-12-22,2023-12-29,01/01/2024,USA,New York,38.37
125833,2167,21.08.2025,2025-08-24,08/22/2025,Canada,Toronto,14.8
120342,587,01/13/2025,2025-01-18,16/01/2025,USA,Chicago,27.01
103393,887,"May 22, 2023",05/29/2023,27.05.2023,France,Marseille,18.62
117225,905,2024-10-13,20/10/2024,2024-10-22,Spain,Bilbao,33.34
109137,1247,2023-12-05,2023-12-10,08.12.2023,France,Nice,11.4
119986,2590,30.12.2024,2025-01-02,2025-01-07,United Kingdom,London,12.71
118049,2164,11/08/2024,2024-11-21,,Sweden,Malmo,15.09
123472,1403,2025-05-29,03/06/2025,,Sweden,Malmo,39.38
119121,2145,2024-12-05,2024-12-11,12/12/2024,United Kingdom,Leeds,25.9
125199,1124,07/26/2025,29/07/2025,2025-07-28,Netherlands,Rotterdam,32.08
115234,2577,2024-07-25,03/08/2024,2024-07-27,Poland,Krakow,23.51
120900,755,2025-02-07,2025-02-11,"Feb 16, 2025",Poland,Gdansk,10.37
121432,629,02/03/2025,06/03/2025,08/03/2025,Italy,Milan,14.51
104460,782,07/03/2023,2023-07-14,07/09/2023,Germany,Berlin,14.11
119855,731,26.12.2024,2025-01-07,2025-01-03,USA,Seattle,7.18
103080,777,05/08/2023,2023-05-16,10.05.2023,United Kingdom,London,25.4
109759,2145,2023-12-25,12/30/2023,2024-01-04,United Kingdom,Leeds,7.24
104164,938,06/22/2023,04/07/2023,24.06.2023,Spain,Bilbao,39.26
116899,2250,"Oct 03, 2024",12/10/2024,,Germany,Berlin,11.08
112959,711,"May 06, 2024",2024-05-17,2024-05-16,Canada,Montreal,14.93
119888,500,2024-12-27,2025-01-05,"Jan 06, 2025",Poland,Lodz,5.29
107302,2771,19/10/2023,28.10.2023,2023-10-23,USA,New York,8.75
129242,732,2025-12-14,2025-12-21,,Spain,Valencia,12.6
118494,470,11/22/2024,2024-12-01,23/11/2024,USA,Denver,22.27
100984,1244,2023-02-12,02/20/2023,"Feb 21, 2023",USA,Chicago,25.03
123810,1105,04/06/2025,2025-06-10,2025-06-15,USA,Chicago,33.0
113500,1156,29/05/2024,09/06/2024,2024-06-04,Czech Republic,Prague,33.25
128746,761,11/29/2025,"Dec 06, 2025",2025-12-08,Poland,Gdansk,8.75
126195,778,06/09/2025,2025-09-19,2025-09-13,Germany,Frankfurt,28.99
129321,2555,2025-12-15,2025-12-19,2025-12-25,USA,Chicago,9.4
116727,1209,2024-09-27,2024-10-05,2024-10-08,Netherlands,Utrecht,13.92
117309,1145,2024-10-15,2024-10-27,17.10.2024,Germany,Munich,10.47
112741,1041,04/26/2024,"May 05, 2024",30/04/2024,Spain,Seville,10.9
119256,1113,09/12/2024,14/12/2024,,United Kingdom,Manchester,20.78
106025,2836,09/01/2023,06.09.2023,2023-09-08,USA,Boston,31.12
109102,820,2023-12-04,07/12/2023,09/12/2023,United Kingdom,Leeds,22.37
124125,2092,2025-06-15,2025-06-25,18/06/2025,Austria,Linz,16.35
104127,2009,"Jun 20, 2023",25/06/2023,01/07/2023,Italy,Naples,12.16
127415,342,"Oct 20, 2025",10/29/2025,2025-10-29,Sweden,Uppsala,7.6
102753,646,2023-04-26,2023-05-02,30.04.2023,Germany,Cologne,7.23
100528,1800,01/22/2023,27/01/2023,"Jan 29, 2023",Austria,Vienna,18.15
126197,660,06/09/2025,09/09/2025,2025-09-17,Poland,Gdansk,10.33
116730,1981,09/27/2024,2024-10-08,,Poland,Krakow,10.26
123782,1380,06/03/2025,13/06/2025,08/06/2025,Norway,Oslo,14.31
102306,2144,2023-04-08,2023-04-13,04/16/2023,Sweden,Malmo,9.65
115654,1099,2024-08-12,2024-08-24,2024-08-15,Poland,Warsaw,15.17
117590,631,24/10/2024,2024-10-29,2024-10-29,Spain,Bilbao,17.74
125332,1884,31/07/2025,2025-08-05,2025-08-01,Spain,Barcelona,17.19
100721,692,02/01/2023,"Feb 09, 2023",08/02/2023,Austria,Graz,28.05
119071,1555,2024-12-03,11.12.2024,2024-12-13,Czech Republic,Brno,23.83
103639,1869,2023-06-02,14.06.2023,2023-06-08,Sweden,Gothenburg,26.93
100674,828,2023-01-30,"Feb 05, 2023",,United Kingdom,Manchester,22.09
114193,224,18.06.2024,2024-07-01,,Sweden,Gothenburg,7.49
105264,2613,01/08/2023,05.08.2023,2023-08-04,Germany,Munich,20.5
106596,2239,26/09/2023,03.10.2023,07/10/2023,Germany,Frankfurt,31.41
104342,712,06/29/2023,2023-07-07,08/07/2023,Norway,Oslo,13.24
114986,922,"Jul 16, 2024",2024-07-20,21.07.2024,Germany,Berlin,9.14
108556,798,"Nov 24, 2023",12/05/2023,2023-11-26,Poland,Krakow,13.19
127590,268,25/10/2025,11/02/2025,05/11/2025,United Kingdom,London,8.05
124370,2675,2025-06-24,2025-07-04,04/07/2025,Czech Republic,Prague,16.88
122552,2496,"Apr 19, 2025",2025-04-25,2025-04-29,Austria,Graz,12.64
110460,2006,"Jan 20, 2024",2024-01-30,01/27/2024,Germany,Munich,45.84
115964,980,08/26/2024,2024-08-31,,Austria,Salzburg,10.25
112981,2364,07.05.2024,2024-05-17,2024-05-10,Spain,Seville,26.48
102939,80,2023-05-02,2023-05-14,2023-05-11,Canada,Toronto,33.67
103700,2333,2023-06-04,17/06/2023,"Jun 13, 2023",Czech Republic,Prague,9.58
112776,1220,"Apr 28, 2024","May 10, 2024",2024-05-01,Czech Republic,Ostrava,30.71
